2026-03-14 11:03:05.933 [background-preinit] WARN  o.s.h.converter.json.Jackson2ObjectMapperBuilder - For Jackson Kotlin classes support please add "com.fasterxml.jackson.module:jackson-module-kotlin" to the classpath
2026-03-14 11:03:22.702 [main] WARN  c.b.mybatisplus.core.metadata.TableInfoHelper - Can not find table primary key in Class: "com.qczy.model.entity.OperLogEntity".
2026-03-14 11:03:28.138 [main] WARN  c.b.mybatisplus.core.metadata.TableInfoHelper - Can not find table primary key in Class: "com.qczy.model.entity.AlgorithmTaskResultEntity".
2026-03-14 11:03:30.177 [main] WARN  c.b.mybatisplus.core.metadata.TableInfoHelper - Can not find table primary key in Class: "com.qczy.model.entity.RoleMenuEntity".
2026-03-14 11:03:30.229 [main] WARN  c.b.mybatisplus.core.metadata.TableInfoHelper - Can not find table primary key in Class: "com.qczy.model.entity.RoleButtonEntity".
2026-03-14 11:03:35.207 [taskScheduler-1] WARN  c.q.federated.service.FederatedCoordinatorService - Node 11 marked as inactive due to heartbeat timeout
2026-03-14 11:03:35.214 [taskScheduler-1] WARN  c.q.federated.service.FederatedCoordinatorService - Node 111 marked as inactive due to heartbeat timeout
2026-03-14 11:03:40.276 [taskScheduler-1] WARN  c.q.federated.service.FederatedCoordinatorService - Node 11 marked as inactive due to heartbeat timeout
2026-03-14 11:03:40.277 [taskScheduler-1] WARN  c.q.federated.service.FederatedCoordinatorService - Node 111 marked as inactive due to heartbeat timeout
2026-03-14 11:03:45.316 [taskScheduler-2] WARN  c.q.federated.service.FederatedCoordinatorService - Node 11 marked as inactive due to heartbeat timeout
2026-03-14 11:03:45.316 [taskScheduler-2] WARN  c.q.federated.service.FederatedCoordinatorService - Node 111 marked as inactive due to heartbeat timeout
2026-03-14 11:03:50.336 [taskScheduler-3] WARN  c.q.federated.service.FederatedCoordinatorService - Node 11 marked as inactive due to heartbeat timeout
2026-03-14 11:03:50.337 [taskScheduler-3] WARN  c.q.federated.service.FederatedCoordinatorService - Node 111 marked as inactive due to heartbeat timeout
2026-03-14 11:03:55.349 [taskScheduler-5] WARN  c.q.federated.service.FederatedCoordinatorService - Node 11 marked as inactive due to heartbeat timeout
2026-03-14 11:03:55.349 [taskScheduler-5] WARN  c.q.federated.service.FederatedCoordinatorService - Node 111 marked as inactive due to heartbeat timeout
2026-03-14 11:04:00.359 [taskScheduler-2] WARN  c.q.federated.service.FederatedCoordinatorService - Node 11 marked as inactive due to heartbeat timeout
2026-03-14 11:04:00.360 [taskScheduler-2] WARN  c.q.federated.service.FederatedCoordinatorService - Node 111 marked as inactive due to heartbeat timeout
2026-03-14 11:04:05.370 [taskScheduler-1] WARN  c.q.federated.service.FederatedCoordinatorService - Node 11 marked as inactive due to heartbeat timeout
2026-03-14 11:04:05.370 [taskScheduler-1] WARN  c.q.federated.service.FederatedCoordinatorService - Node 111 marked as inactive due to heartbeat timeout
2026-03-14 11:04:10.392 [taskScheduler-7] WARN  c.q.federated.service.FederatedCoordinatorService - Node 11 marked as inactive due to heartbeat timeout
2026-03-14 11:04:10.394 [taskScheduler-7] WARN  c.q.federated.service.FederatedCoordinatorService - Node 111 marked as inactive due to heartbeat timeout
2026-03-14 11:04:15.416 [taskScheduler-7] WARN  c.q.federated.service.FederatedCoordinatorService - Node 11 marked as inactive due to heartbeat timeout
2026-03-14 11:04:15.416 [taskScheduler-7] WARN  c.q.federated.service.FederatedCoordinatorService - Node 111 marked as inactive due to heartbeat timeout
2026-03-14 11:04:20.430 [taskScheduler-6] WARN  c.q.federated.service.FederatedCoordinatorService - Node 11 marked as inactive due to heartbeat timeout
2026-03-14 11:04:20.430 [taskScheduler-6] WARN  c.q.federated.service.FederatedCoordinatorService - Node 111 marked as inactive due to heartbeat timeout
2026-03-14 11:04:25.455 [taskScheduler-6] WARN  c.q.federated.service.FederatedCoordinatorService - Node 11 marked as inactive due to heartbeat timeout
2026-03-14 11:04:25.455 [taskScheduler-6] WARN  c.q.federated.service.FederatedCoordinatorService - Node 111 marked as inactive due to heartbeat timeout
2026-03-14 11:04:30.478 [taskScheduler-6] WARN  c.q.federated.service.FederatedCoordinatorService - Node 11 marked as inactive due to heartbeat timeout
2026-03-14 11:04:30.478 [taskScheduler-6] WARN  c.q.federated.service.FederatedCoordinatorService - Node 111 marked as inactive due to heartbeat timeout
2026-03-14 11:04:35.489 [taskScheduler-6] WARN  c.q.federated.service.FederatedCoordinatorService - Node 11 marked as inactive due to heartbeat timeout
2026-03-14 11:04:35.489 [taskScheduler-6] WARN  c.q.federated.service.FederatedCoordinatorService - Node 111 marked as inactive due to heartbeat timeout
2026-03-14 11:04:40.510 [taskScheduler-6] WARN  c.q.federated.service.FederatedCoordinatorService - Node 11 marked as inactive due to heartbeat timeout
2026-03-14 11:04:40.511 [taskScheduler-6] WARN  c.q.federated.service.FederatedCoordinatorService - Node 111 marked as inactive due to heartbeat timeout
2026-03-14 11:04:45.527 [taskScheduler-6] WARN  c.q.federated.service.FederatedCoordinatorService - Node 11 marked as inactive due to heartbeat timeout
2026-03-14 11:04:45.527 [taskScheduler-6] WARN  c.q.federated.service.FederatedCoordinatorService - Node 111 marked as inactive due to heartbeat timeout
2026-03-14 11:04:50.548 [taskScheduler-6] WARN  c.q.federated.service.FederatedCoordinatorService - Node 11 marked as inactive due to heartbeat timeout
2026-03-14 11:04:50.548 [taskScheduler-6] WARN  c.q.federated.service.FederatedCoordinatorService - Node 111 marked as inactive due to heartbeat timeout
2026-03-14 11:04:55.558 [taskScheduler-6] WARN  c.q.federated.service.FederatedCoordinatorService - Node 11 marked as inactive due to heartbeat timeout
2026-03-14 11:04:55.558 [taskScheduler-6] WARN  c.q.federated.service.FederatedCoordinatorService - Node 111 marked as inactive due to heartbeat timeout
2026-03-14 11:05:00.571 [taskScheduler-6] WARN  c.q.federated.service.FederatedCoordinatorService - Node 11 marked as inactive due to heartbeat timeout
2026-03-14 11:05:00.573 [taskScheduler-6] WARN  c.q.federated.service.FederatedCoordinatorService - Node 111 marked as inactive due to heartbeat timeout
2026-03-14 11:05:05.588 [taskScheduler-6] WARN  c.q.federated.service.FederatedCoordinatorService - Node 11 marked as inactive due to heartbeat timeout
2026-03-14 11:05:05.588 [taskScheduler-6] WARN  c.q.federated.service.FederatedCoordinatorService - Node 111 marked as inactive due to heartbeat timeout
2026-03-14 11:05:10.600 [taskScheduler-6] WARN  c.q.federated.service.FederatedCoordinatorService - Node 11 marked as inactive due to heartbeat timeout
2026-03-14 11:05:10.600 [taskScheduler-6] WARN  c.q.federated.service.FederatedCoordinatorService - Node 111 marked as inactive due to heartbeat timeout
2026-03-14 11:05:15.616 [taskScheduler-6] WARN  c.q.federated.service.FederatedCoordinatorService - Node 11 marked as inactive due to heartbeat timeout
2026-03-14 11:05:15.616 [taskScheduler-6] WARN  c.q.federated.service.FederatedCoordinatorService - Node 111 marked as inactive due to heartbeat timeout
2026-03-14 11:05:20.630 [taskScheduler-6] WARN  c.q.federated.service.FederatedCoordinatorService - Node 11 marked as inactive due to heartbeat timeout
2026-03-14 11:05:20.630 [taskScheduler-6] WARN  c.q.federated.service.FederatedCoordinatorService - Node 111 marked as inactive due to heartbeat timeout
2026-03-14 11:05:25.642 [taskScheduler-6] WARN  c.q.federated.service.FederatedCoordinatorService - Node 11 marked as inactive due to heartbeat timeout
2026-03-14 11:05:25.643 [taskScheduler-6] WARN  c.q.federated.service.FederatedCoordinatorService - Node 111 marked as inactive due to heartbeat timeout
2026-03-14 11:05:30.651 [taskScheduler-6] WARN  c.q.federated.service.FederatedCoordinatorService - Node 11 marked as inactive due to heartbeat timeout
2026-03-14 11:05:30.652 [taskScheduler-6] WARN  c.q.federated.service.FederatedCoordinatorService - Node 111 marked as inactive due to heartbeat timeout
2026-03-14 11:05:35.666 [taskScheduler-6] WARN  c.q.federated.service.FederatedCoordinatorService - Node 11 marked as inactive due to heartbeat timeout
2026-03-14 11:05:35.667 [taskScheduler-6] WARN  c.q.federated.service.FederatedCoordinatorService - Node 111 marked as inactive due to heartbeat timeout
2026-03-14 11:05:40.689 [taskScheduler-6] WARN  c.q.federated.service.FederatedCoordinatorService - Node 11 marked as inactive due to heartbeat timeout
2026-03-14 11:05:40.689 [taskScheduler-6] WARN  c.q.federated.service.FederatedCoordinatorService - Node 111 marked as inactive due to heartbeat timeout
2026-03-14 11:05:45.698 [taskScheduler-6] WARN  c.q.federated.service.FederatedCoordinatorService - Node 11 marked as inactive due to heartbeat timeout
2026-03-14 11:05:45.699 [taskScheduler-6] WARN  c.q.federated.service.FederatedCoordinatorService - Node 111 marked as inactive due to heartbeat timeout
2026-03-14 11:05:50.717 [taskScheduler-6] WARN  c.q.federated.service.FederatedCoordinatorService - Node 11 marked as inactive due to heartbeat timeout
2026-03-14 11:05:50.717 [taskScheduler-6] WARN  c.q.federated.service.FederatedCoordinatorService - Node 111 marked as inactive due to heartbeat timeout
2026-03-14 11:05:55.733 [taskScheduler-6] WARN  c.q.federated.service.FederatedCoordinatorService - Node 11 marked as inactive due to heartbeat timeout
2026-03-14 11:05:55.734 [taskScheduler-6] WARN  c.q.federated.service.FederatedCoordinatorService - Node 111 marked as inactive due to heartbeat timeout
2026-03-14 11:06:00.746 [taskScheduler-6] WARN  c.q.federated.service.FederatedCoordinatorService - Node 11 marked as inactive due to heartbeat timeout
2026-03-14 11:06:00.746 [taskScheduler-6] WARN  c.q.federated.service.FederatedCoordinatorService - Node 111 marked as inactive due to heartbeat timeout
2026-03-14 11:06:05.764 [taskScheduler-6] WARN  c.q.federated.service.FederatedCoordinatorService - Node 11 marked as inactive due to heartbeat timeout
2026-03-14 11:06:05.765 [taskScheduler-6] WARN  c.q.federated.service.FederatedCoordinatorService - Node 111 marked as inactive due to heartbeat timeout
2026-03-14 11:06:10.778 [taskScheduler-6] WARN  c.q.federated.service.FederatedCoordinatorService - Node 11 marked as inactive due to heartbeat timeout
2026-03-14 11:06:10.778 [taskScheduler-6] WARN  c.q.federated.service.FederatedCoordinatorService - Node 111 marked as inactive due to heartbeat timeout
2026-03-14 11:06:15.795 [taskScheduler-6] WARN  c.q.federated.service.FederatedCoordinatorService - Node 11 marked as inactive due to heartbeat timeout
2026-03-14 11:06:15.795 [taskScheduler-6] WARN  c.q.federated.service.FederatedCoordinatorService - Node 111 marked as inactive due to heartbeat timeout
2026-03-14 11:06:20.807 [taskScheduler-6] WARN  c.q.federated.service.FederatedCoordinatorService - Node 11 marked as inactive due to heartbeat timeout
2026-03-14 11:06:20.808 [taskScheduler-6] WARN  c.q.federated.service.FederatedCoordinatorService - Node 111 marked as inactive due to heartbeat timeout
2026-03-14 11:06:25.819 [taskScheduler-6] WARN  c.q.federated.service.FederatedCoordinatorService - Node 11 marked as inactive due to heartbeat timeout
2026-03-14 11:06:25.819 [taskScheduler-6] WARN  c.q.federated.service.FederatedCoordinatorService - Node 111 marked as inactive due to heartbeat timeout
2026-03-14 11:06:30.833 [taskScheduler-6] WARN  c.q.federated.service.FederatedCoordinatorService - Node 11 marked as inactive due to heartbeat timeout
2026-03-14 11:06:30.833 [taskScheduler-6] WARN  c.q.federated.service.FederatedCoordinatorService - Node 111 marked as inactive due to heartbeat timeout
2026-03-14 11:06:35.847 [taskScheduler-6] WARN  c.q.federated.service.FederatedCoordinatorService - Node 11 marked as inactive due to heartbeat timeout
2026-03-14 11:06:35.848 [taskScheduler-6] WARN  c.q.federated.service.FederatedCoordinatorService - Node 111 marked as inactive due to heartbeat timeout
2026-03-14 11:06:40.855 [taskScheduler-6] WARN  c.q.federated.service.FederatedCoordinatorService - Node 11 marked as inactive due to heartbeat timeout
2026-03-14 11:06:40.855 [taskScheduler-6] WARN  c.q.federated.service.FederatedCoordinatorService - Node 111 marked as inactive due to heartbeat timeout
2026-03-14 11:06:45.868 [taskScheduler-6] WARN  c.q.federated.service.FederatedCoordinatorService - Node 11 marked as inactive due to heartbeat timeout
2026-03-14 11:06:45.868 [taskScheduler-6] WARN  c.q.federated.service.FederatedCoordinatorService - Node 111 marked as inactive due to heartbeat timeout
2026-03-14 11:06:50.890 [taskScheduler-6] WARN  c.q.federated.service.FederatedCoordinatorService - Node 11 marked as inactive due to heartbeat timeout
2026-03-14 11:06:50.890 [taskScheduler-6] WARN  c.q.federated.service.FederatedCoordinatorService - Node 111 marked as inactive due to heartbeat timeout
2026-03-14 11:06:55.900 [taskScheduler-6] WARN  c.q.federated.service.FederatedCoordinatorService - Node 11 marked as inactive due to heartbeat timeout
2026-03-14 11:06:55.900 [taskScheduler-6] WARN  c.q.federated.service.FederatedCoordinatorService - Node 111 marked as inactive due to heartbeat timeout
2026-03-14 11:07:00.921 [taskScheduler-6] WARN  c.q.federated.service.FederatedCoordinatorService - Node 11 marked as inactive due to heartbeat timeout
2026-03-14 11:07:00.922 [taskScheduler-6] WARN  c.q.federated.service.FederatedCoordinatorService - Node 111 marked as inactive due to heartbeat timeout
2026-03-14 11:07:05.936 [taskScheduler-6] WARN  c.q.federated.service.FederatedCoordinatorService - Node 11 marked as inactive due to heartbeat timeout
2026-03-14 11:07:05.936 [taskScheduler-6] WARN  c.q.federated.service.FederatedCoordinatorService - Node 111 marked as inactive due to heartbeat timeout
2026-03-14 11:07:10.942 [taskScheduler-6] WARN  c.q.federated.service.FederatedCoordinatorService - Node 11 marked as inactive due to heartbeat timeout
2026-03-14 11:07:10.943 [taskScheduler-6] WARN  c.q.federated.service.FederatedCoordinatorService - Node 111 marked as inactive due to heartbeat timeout
2026-03-14 11:07:15.949 [taskScheduler-6] WARN  c.q.federated.service.FederatedCoordinatorService - Node 11 marked as inactive due to heartbeat timeout
2026-03-14 11:07:15.949 [taskScheduler-6] WARN  c.q.federated.service.FederatedCoordinatorService - Node 111 marked as inactive due to heartbeat timeout
2026-03-14 11:07:20.963 [taskScheduler-6] WARN  c.q.federated.service.FederatedCoordinatorService - Node 11 marked as inactive due to heartbeat timeout
2026-03-14 11:07:20.964 [taskScheduler-6] WARN  c.q.federated.service.FederatedCoordinatorService - Node 111 marked as inactive due to heartbeat timeout
2026-03-14 11:07:25.975 [taskScheduler-6] WARN  c.q.federated.service.FederatedCoordinatorService - Node 11 marked as inactive due to heartbeat timeout
2026-03-14 11:07:25.976 [taskScheduler-6] WARN  c.q.federated.service.FederatedCoordinatorService - Node 111 marked as inactive due to heartbeat timeout
2026-03-14 11:07:30.985 [taskScheduler-6] WARN  c.q.federated.service.FederatedCoordinatorService - Node 11 marked as inactive due to heartbeat timeout
2026-03-14 11:07:30.985 [taskScheduler-6] WARN  c.q.federated.service.FederatedCoordinatorService - Node 111 marked as inactive due to heartbeat timeout
2026-03-14 11:07:35.996 [taskScheduler-6] WARN  c.q.federated.service.FederatedCoordinatorService - Node 11 marked as inactive due to heartbeat timeout
2026-03-14 11:07:35.998 [taskScheduler-6] WARN  c.q.federated.service.FederatedCoordinatorService - Node 111 marked as inactive due to heartbeat timeout
2026-03-14 11:07:41.013 [taskScheduler-6] WARN  c.q.federated.service.FederatedCoordinatorService - Node 11 marked as inactive due to heartbeat timeout
2026-03-14 11:07:41.013 [taskScheduler-6] WARN  c.q.federated.service.FederatedCoordinatorService - Node 111 marked as inactive due to heartbeat timeout
2026-03-14 11:07:46.030 [taskScheduler-6] WARN  c.q.federated.service.FederatedCoordinatorService - Node 11 marked as inactive due to heartbeat timeout
2026-03-14 11:07:46.030 [taskScheduler-6] WARN  c.q.federated.service.FederatedCoordinatorService - Node 111 marked as inactive due to heartbeat timeout
2026-03-14 11:07:51.036 [taskScheduler-6] WARN  c.q.federated.service.FederatedCoordinatorService - Node 11 marked as inactive due to heartbeat timeout
2026-03-14 11:07:51.036 [taskScheduler-6] WARN  c.q.federated.service.FederatedCoordinatorService - Node 111 marked as inactive due to heartbeat timeout
2026-03-14 11:07:56.047 [taskScheduler-6] WARN  c.q.federated.service.FederatedCoordinatorService - Node 11 marked as inactive due to heartbeat timeout
2026-03-14 11:07:56.047 [taskScheduler-6] WARN  c.q.federated.service.FederatedCoordinatorService - Node 111 marked as inactive due to heartbeat timeout
2026-03-14 11:08:01.064 [taskScheduler-6] WARN  c.q.federated.service.FederatedCoordinatorService - Node 11 marked as inactive due to heartbeat timeout
2026-03-14 11:08:01.065 [taskScheduler-6] WARN  c.q.federated.service.FederatedCoordinatorService - Node 111 marked as inactive due to heartbeat timeout
2026-03-14 11:08:06.073 [taskScheduler-6] WARN  c.q.federated.service.FederatedCoordinatorService - Node 11 marked as inactive due to heartbeat timeout
2026-03-14 11:08:06.073 [taskScheduler-6] WARN  c.q.federated.service.FederatedCoordinatorService - Node 111 marked as inactive due to heartbeat timeout
2026-03-14 11:08:11.082 [taskScheduler-6] WARN  c.q.federated.service.FederatedCoordinatorService - Node 11 marked as inactive due to heartbeat timeout
2026-03-14 11:08:11.083 [taskScheduler-6] WARN  c.q.federated.service.FederatedCoordinatorService - Node 111 marked as inactive due to heartbeat timeout
2026-03-14 11:08:16.092 [taskScheduler-6] WARN  c.q.federated.service.FederatedCoordinatorService - Node 11 marked as inactive due to heartbeat timeout
2026-03-14 11:08:16.092 [taskScheduler-6] WARN  c.q.federated.service.FederatedCoordinatorService - Node 111 marked as inactive due to heartbeat timeout
2026-03-14 11:08:21.112 [taskScheduler-6] WARN  c.q.federated.service.FederatedCoordinatorService - Node 11 marked as inactive due to heartbeat timeout
2026-03-14 11:08:21.112 [taskScheduler-6] WARN  c.q.federated.service.FederatedCoordinatorService - Node 111 marked as inactive due to heartbeat timeout
2026-03-14 11:08:26.132 [taskScheduler-6] WARN  c.q.federated.service.FederatedCoordinatorService - Node 11 marked as inactive due to heartbeat timeout
2026-03-14 11:08:26.132 [taskScheduler-6] WARN  c.q.federated.service.FederatedCoordinatorService - Node 111 marked as inactive due to heartbeat timeout
2026-03-14 11:08:31.151 [taskScheduler-6] WARN  c.q.federated.service.FederatedCoordinatorService - Node 11 marked as inactive due to heartbeat timeout
2026-03-14 11:08:31.151 [taskScheduler-6] WARN  c.q.federated.service.FederatedCoordinatorService - Node 111 marked as inactive due to heartbeat timeout
2026-03-14 11:08:36.164 [taskScheduler-6] WARN  c.q.federated.service.FederatedCoordinatorService - Node 11 marked as inactive due to heartbeat timeout
2026-03-14 11:08:36.164 [taskScheduler-6] WARN  c.q.federated.service.FederatedCoordinatorService - Node 111 marked as inactive due to heartbeat timeout
2026-03-14 11:08:41.179 [taskScheduler-6] WARN  c.q.federated.service.FederatedCoordinatorService - Node 11 marked as inactive due to heartbeat timeout
2026-03-14 11:08:41.180 [taskScheduler-6] WARN  c.q.federated.service.FederatedCoordinatorService - Node 111 marked as inactive due to heartbeat timeout
2026-03-14 11:08:46.196 [taskScheduler-6] WARN  c.q.federated.service.FederatedCoordinatorService - Node 11 marked as inactive due to heartbeat timeout
2026-03-14 11:08:46.197 [taskScheduler-6] WARN  c.q.federated.service.FederatedCoordinatorService - Node 111 marked as inactive due to heartbeat timeout
2026-03-14 11:08:51.210 [taskScheduler-6] WARN  c.q.federated.service.FederatedCoordinatorService - Node 11 marked as inactive due to heartbeat timeout
2026-03-14 11:08:51.210 [taskScheduler-6] WARN  c.q.federated.service.FederatedCoordinatorService - Node 111 marked as inactive due to heartbeat timeout
2026-03-14 11:08:56.228 [taskScheduler-6] WARN  c.q.federated.service.FederatedCoordinatorService - Node 11 marked as inactive due to heartbeat timeout
2026-03-14 11:08:56.228 [taskScheduler-6] WARN  c.q.federated.service.FederatedCoordinatorService - Node 111 marked as inactive due to heartbeat timeout
2026-03-14 11:09:01.244 [taskScheduler-6] WARN  c.q.federated.service.FederatedCoordinatorService - Node 11 marked as inactive due to heartbeat timeout
2026-03-14 11:09:01.244 [taskScheduler-6] WARN  c.q.federated.service.FederatedCoordinatorService - Node 111 marked as inactive due to heartbeat timeout
2026-03-14 11:09:06.265 [taskScheduler-6] WARN  c.q.federated.service.FederatedCoordinatorService - Node 11 marked as inactive due to heartbeat timeout
2026-03-14 11:09:06.265 [taskScheduler-6] WARN  c.q.federated.service.FederatedCoordinatorService - Node 111 marked as inactive due to heartbeat timeout
2026-03-14 11:09:11.278 [taskScheduler-6] WARN  c.q.federated.service.FederatedCoordinatorService - Node 11 marked as inactive due to heartbeat timeout
2026-03-14 11:09:11.278 [taskScheduler-6] WARN  c.q.federated.service.FederatedCoordinatorService - Node 111 marked as inactive due to heartbeat timeout
2026-03-14 11:09:16.290 [taskScheduler-6] WARN  c.q.federated.service.FederatedCoordinatorService - Node 11 marked as inactive due to heartbeat timeout
2026-03-14 11:09:16.290 [taskScheduler-6] WARN  c.q.federated.service.FederatedCoordinatorService - Node 111 marked as inactive due to heartbeat timeout
2026-03-14 11:09:21.296 [taskScheduler-6] WARN  c.q.federated.service.FederatedCoordinatorService - Node 11 marked as inactive due to heartbeat timeout
2026-03-14 11:09:21.297 [taskScheduler-6] WARN  c.q.federated.service.FederatedCoordinatorService - Node 111 marked as inactive due to heartbeat timeout
2026-03-14 11:09:26.311 [taskScheduler-6] WARN  c.q.federated.service.FederatedCoordinatorService - Node 11 marked as inactive due to heartbeat timeout
2026-03-14 11:09:26.311 [taskScheduler-6] WARN  c.q.federated.service.FederatedCoordinatorService - Node 111 marked as inactive due to heartbeat timeout
2026-03-14 11:09:31.328 [taskScheduler-6] WARN  c.q.federated.service.FederatedCoordinatorService - Node 11 marked as inactive due to heartbeat timeout
2026-03-14 11:09:31.328 [taskScheduler-6] WARN  c.q.federated.service.FederatedCoordinatorService - Node 111 marked as inactive due to heartbeat timeout
2026-03-14 11:09:36.336 [taskScheduler-6] WARN  c.q.federated.service.FederatedCoordinatorService - Node 11 marked as inactive due to heartbeat timeout
2026-03-14 11:09:36.337 [taskScheduler-6] WARN  c.q.federated.service.FederatedCoordinatorService - Node 111 marked as inactive due to heartbeat timeout
2026-03-14 11:09:41.343 [taskScheduler-6] WARN  c.q.federated.service.FederatedCoordinatorService - Node 11 marked as inactive due to heartbeat timeout
2026-03-14 11:09:41.343 [taskScheduler-6] WARN  c.q.federated.service.FederatedCoordinatorService - Node 111 marked as inactive due to heartbeat timeout
2026-03-14 11:09:46.359 [taskScheduler-6] WARN  c.q.federated.service.FederatedCoordinatorService - Node 11 marked as inactive due to heartbeat timeout
2026-03-14 11:09:46.360 [taskScheduler-6] WARN  c.q.federated.service.FederatedCoordinatorService - Node 111 marked as inactive due to heartbeat timeout
2026-03-14 11:09:51.372 [taskScheduler-6] WARN  c.q.federated.service.FederatedCoordinatorService - Node 11 marked as inactive due to heartbeat timeout
2026-03-14 11:09:51.372 [taskScheduler-6] WARN  c.q.federated.service.FederatedCoordinatorService - Node 111 marked as inactive due to heartbeat timeout
2026-03-14 11:09:56.386 [taskScheduler-6] WARN  c.q.federated.service.FederatedCoordinatorService - Node 11 marked as inactive due to heartbeat timeout
2026-03-14 11:09:56.386 [taskScheduler-6] WARN  c.q.federated.service.FederatedCoordinatorService - Node 111 marked as inactive due to heartbeat timeout
2026-03-14 11:10:01.395 [taskScheduler-6] WARN  c.q.federated.service.FederatedCoordinatorService - Node 11 marked as inactive due to heartbeat timeout
2026-03-14 11:10:01.395 [taskScheduler-6] WARN  c.q.federated.service.FederatedCoordinatorService - Node 111 marked as inactive due to heartbeat timeout
2026-03-14 11:10:06.411 [taskScheduler-6] WARN  c.q.federated.service.FederatedCoordinatorService - Node 11 marked as inactive due to heartbeat timeout
2026-03-14 11:10:06.411 [taskScheduler-6] WARN  c.q.federated.service.FederatedCoordinatorService - Node 111 marked as inactive due to heartbeat timeout
2026-03-14 11:10:11.429 [taskScheduler-6] WARN  c.q.federated.service.FederatedCoordinatorService - Node 11 marked as inactive due to heartbeat timeout
2026-03-14 11:10:11.429 [taskScheduler-6] WARN  c.q.federated.service.FederatedCoordinatorService - Node 111 marked as inactive due to heartbeat timeout
2026-03-14 11:10:16.436 [taskScheduler-6] WARN  c.q.federated.service.FederatedCoordinatorService - Node 11 marked as inactive due to heartbeat timeout
2026-03-14 11:10:16.436 [taskScheduler-6] WARN  c.q.federated.service.FederatedCoordinatorService - Node 111 marked as inactive due to heartbeat timeout
2026-03-14 11:10:21.442 [taskScheduler-6] WARN  c.q.federated.service.FederatedCoordinatorService - Node 11 marked as inactive due to heartbeat timeout
2026-03-14 11:10:21.442 [taskScheduler-6] WARN  c.q.federated.service.FederatedCoordinatorService - Node 111 marked as inactive due to heartbeat timeout
2026-03-14 11:10:26.457 [taskScheduler-6] WARN  c.q.federated.service.FederatedCoordinatorService - Node 11 marked as inactive due to heartbeat timeout
2026-03-14 11:10:26.457 [taskScheduler-6] WARN  c.q.federated.service.FederatedCoordinatorService - Node 111 marked as inactive due to heartbeat timeout
2026-03-14 11:10:31.471 [taskScheduler-6] WARN  c.q.federated.service.FederatedCoordinatorService - Node 11 marked as inactive due to heartbeat timeout
2026-03-14 11:10:31.471 [taskScheduler-6] WARN  c.q.federated.service.FederatedCoordinatorService - Node 111 marked as inactive due to heartbeat timeout
2026-03-14 11:10:36.483 [taskScheduler-6] WARN  c.q.federated.service.FederatedCoordinatorService - Node 11 marked as inactive due to heartbeat timeout
2026-03-14 11:10:36.483 [taskScheduler-6] WARN  c.q.federated.service.FederatedCoordinatorService - Node 111 marked as inactive due to heartbeat timeout
2026-03-14 11:10:41.492 [taskScheduler-6] WARN  c.q.federated.service.FederatedCoordinatorService - Node 11 marked as inactive due to heartbeat timeout
2026-03-14 11:10:41.492 [taskScheduler-6] WARN  c.q.federated.service.FederatedCoordinatorService - Node 111 marked as inactive due to heartbeat timeout
2026-03-14 11:10:46.503 [taskScheduler-6] WARN  c.q.federated.service.FederatedCoordinatorService - Node 11 marked as inactive due to heartbeat timeout
2026-03-14 11:10:46.503 [taskScheduler-6] WARN  c.q.federated.service.FederatedCoordinatorService - Node 111 marked as inactive due to heartbeat timeout
2026-03-14 11:10:51.516 [taskScheduler-6] WARN  c.q.federated.service.FederatedCoordinatorService - Node 11 marked as inactive due to heartbeat timeout
2026-03-14 11:10:51.517 [taskScheduler-6] WARN  c.q.federated.service.FederatedCoordinatorService - Node 111 marked as inactive due to heartbeat timeout
2026-03-14 11:10:56.528 [taskScheduler-6] WARN  c.q.federated.service.FederatedCoordinatorService - Node 11 marked as inactive due to heartbeat timeout
2026-03-14 11:10:56.529 [taskScheduler-6] WARN  c.q.federated.service.FederatedCoordinatorService - Node 111 marked as inactive due to heartbeat timeout
2026-03-14 11:11:01.539 [taskScheduler-6] WARN  c.q.federated.service.FederatedCoordinatorService - Node 11 marked as inactive due to heartbeat timeout
2026-03-14 11:11:01.540 [taskScheduler-6] WARN  c.q.federated.service.FederatedCoordinatorService - Node 111 marked as inactive due to heartbeat timeout
2026-03-14 11:11:06.550 [taskScheduler-6] WARN  c.q.federated.service.FederatedCoordinatorService - Node 11 marked as inactive due to heartbeat timeout
2026-03-14 11:11:06.551 [taskScheduler-6] WARN  c.q.federated.service.FederatedCoordinatorService - Node 111 marked as inactive due to heartbeat timeout
2026-03-14 11:11:11.557 [taskScheduler-6] WARN  c.q.federated.service.FederatedCoordinatorService - Node 11 marked as inactive due to heartbeat timeout
2026-03-14 11:11:11.558 [taskScheduler-6] WARN  c.q.federated.service.FederatedCoordinatorService - Node 111 marked as inactive due to heartbeat timeout
2026-03-14 11:11:16.575 [taskScheduler-6] WARN  c.q.federated.service.FederatedCoordinatorService - Node 11 marked as inactive due to heartbeat timeout
2026-03-14 11:11:16.576 [taskScheduler-6] WARN  c.q.federated.service.FederatedCoordinatorService - Node 111 marked as inactive due to heartbeat timeout
2026-03-14 11:11:21.584 [taskScheduler-6] WARN  c.q.federated.service.FederatedCoordinatorService - Node 11 marked as inactive due to heartbeat timeout
2026-03-14 11:11:21.584 [taskScheduler-6] WARN  c.q.federated.service.FederatedCoordinatorService - Node 111 marked as inactive due to heartbeat timeout
2026-03-14 11:11:26.591 [taskScheduler-6] WARN  c.q.federated.service.FederatedCoordinatorService - Node 11 marked as inactive due to heartbeat timeout
2026-03-14 11:11:26.591 [taskScheduler-6] WARN  c.q.federated.service.FederatedCoordinatorService - Node 111 marked as inactive due to heartbeat timeout
2026-03-14 11:11:31.607 [taskScheduler-6] WARN  c.q.federated.service.FederatedCoordinatorService - Node 11 marked as inactive due to heartbeat timeout
2026-03-14 11:11:31.608 [taskScheduler-6] WARN  c.q.federated.service.FederatedCoordinatorService - Node 111 marked as inactive due to heartbeat timeout
2026-03-14 11:11:36.624 [taskScheduler-6] WARN  c.q.federated.service.FederatedCoordinatorService - Node 11 marked as inactive due to heartbeat timeout
2026-03-14 11:11:36.625 [taskScheduler-6] WARN  c.q.federated.service.FederatedCoordinatorService - Node 111 marked as inactive due to heartbeat timeout
2026-03-14 11:11:41.636 [taskScheduler-6] WARN  c.q.federated.service.FederatedCoordinatorService - Node 11 marked as inactive due to heartbeat timeout
2026-03-14 11:11:41.637 [taskScheduler-6] WARN  c.q.federated.service.FederatedCoordinatorService - Node 111 marked as inactive due to heartbeat timeout
2026-03-14 11:11:46.656 [taskScheduler-6] WARN  c.q.federated.service.FederatedCoordinatorService - Node 11 marked as inactive due to heartbeat timeout
2026-03-14 11:11:46.657 [taskScheduler-6] WARN  c.q.federated.service.FederatedCoordinatorService - Node 111 marked as inactive due to heartbeat timeout
2026-03-14 11:11:51.674 [taskScheduler-6] WARN  c.q.federated.service.FederatedCoordinatorService - Node 11 marked as inactive due to heartbeat timeout
2026-03-14 11:11:51.674 [taskScheduler-6] WARN  c.q.federated.service.FederatedCoordinatorService - Node 111 marked as inactive due to heartbeat timeout
2026-03-14 11:11:56.689 [taskScheduler-6] WARN  c.q.federated.service.FederatedCoordinatorService - Node 11 marked as inactive due to heartbeat timeout
2026-03-14 11:11:56.689 [taskScheduler-6] WARN  c.q.federated.service.FederatedCoordinatorService - Node 111 marked as inactive due to heartbeat timeout
2026-03-14 11:12:01.705 [taskScheduler-6] WARN  c.q.federated.service.FederatedCoordinatorService - Node 11 marked as inactive due to heartbeat timeout
2026-03-14 11:12:01.706 [taskScheduler-6] WARN  c.q.federated.service.FederatedCoordinatorService - Node 111 marked as inactive due to heartbeat timeout
2026-03-14 11:12:06.723 [taskScheduler-6] WARN  c.q.federated.service.FederatedCoordinatorService - Node 11 marked as inactive due to heartbeat timeout
2026-03-14 11:12:06.724 [taskScheduler-6] WARN  c.q.federated.service.FederatedCoordinatorService - Node 111 marked as inactive due to heartbeat timeout
2026-03-14 11:12:11.737 [taskScheduler-6] WARN  c.q.federated.service.FederatedCoordinatorService - Node 11 marked as inactive due to heartbeat timeout
2026-03-14 11:12:11.737 [taskScheduler-6] WARN  c.q.federated.service.FederatedCoordinatorService - Node 111 marked as inactive due to heartbeat timeout
2026-03-14 11:12:16.755 [taskScheduler-6] WARN  c.q.federated.service.FederatedCoordinatorService - Node 11 marked as inactive due to heartbeat timeout
2026-03-14 11:12:16.755 [taskScheduler-6] WARN  c.q.federated.service.FederatedCoordinatorService - Node 111 marked as inactive due to heartbeat timeout
2026-03-14 11:12:21.766 [taskScheduler-6] WARN  c.q.federated.service.FederatedCoordinatorService - Node 11 marked as inactive due to heartbeat timeout
2026-03-14 11:12:21.766 [taskScheduler-6] WARN  c.q.federated.service.FederatedCoordinatorService - Node 111 marked as inactive due to heartbeat timeout
2026-03-14 11:12:26.776 [taskScheduler-6] WARN  c.q.federated.service.FederatedCoordinatorService - Node 11 marked as inactive due to heartbeat timeout
2026-03-14 11:12:26.777 [taskScheduler-6] WARN  c.q.federated.service.FederatedCoordinatorService - Node 111 marked as inactive due to heartbeat timeout
2026-03-14 11:12:31.781 [taskScheduler-6] WARN  c.q.federated.service.FederatedCoordinatorService - Node 11 marked as inactive due to heartbeat timeout
2026-03-14 11:12:31.781 [taskScheduler-6] WARN  c.q.federated.service.FederatedCoordinatorService - Node 111 marked as inactive due to heartbeat timeout
2026-03-14 11:12:36.787 [taskScheduler-6] WARN  c.q.federated.service.FederatedCoordinatorService - Node 11 marked as inactive due to heartbeat timeout
2026-03-14 11:12:36.788 [taskScheduler-6] WARN  c.q.federated.service.FederatedCoordinatorService - Node 111 marked as inactive due to heartbeat timeout
2026-03-14 11:12:41.796 [taskScheduler-6] WARN  c.q.federated.service.FederatedCoordinatorService - Node 11 marked as inactive due to heartbeat timeout
2026-03-14 11:12:41.796 [taskScheduler-6] WARN  c.q.federated.service.FederatedCoordinatorService - Node 111 marked as inactive due to heartbeat timeout
2026-03-14 11:12:46.808 [taskScheduler-6] WARN  c.q.federated.service.FederatedCoordinatorService - Node 11 marked as inactive due to heartbeat timeout
2026-03-14 11:12:46.809 [taskScheduler-6] WARN  c.q.federated.service.FederatedCoordinatorService - Node 111 marked as inactive due to heartbeat timeout
2026-03-14 11:12:51.821 [taskScheduler-6] WARN  c.q.federated.service.FederatedCoordinatorService - Node 11 marked as inactive due to heartbeat timeout
2026-03-14 11:12:51.822 [taskScheduler-6] WARN  c.q.federated.service.FederatedCoordinatorService - Node 111 marked as inactive due to heartbeat timeout
2026-03-14 11:12:56.839 [taskScheduler-6] WARN  c.q.federated.service.FederatedCoordinatorService - Node 11 marked as inactive due to heartbeat timeout
2026-03-14 11:12:56.840 [taskScheduler-6] WARN  c.q.federated.service.FederatedCoordinatorService - Node 111 marked as inactive due to heartbeat timeout
2026-03-14 11:13:01.846 [taskScheduler-6] WARN  c.q.federated.service.FederatedCoordinatorService - Node 11 marked as inactive due to heartbeat timeout
2026-03-14 11:13:01.846 [taskScheduler-6] WARN  c.q.federated.service.FederatedCoordinatorService - Node 111 marked as inactive due to heartbeat timeout
2026-03-14 11:13:06.857 [taskScheduler-6] WARN  c.q.federated.service.FederatedCoordinatorService - Node 11 marked as inactive due to heartbeat timeout
2026-03-14 11:13:06.858 [taskScheduler-6] WARN  c.q.federated.service.FederatedCoordinatorService - Node 111 marked as inactive due to heartbeat timeout
2026-03-14 11:13:11.870 [taskScheduler-6] WARN  c.q.federated.service.FederatedCoordinatorService - Node 11 marked as inactive due to heartbeat timeout
2026-03-14 11:13:11.871 [taskScheduler-6] WARN  c.q.federated.service.FederatedCoordinatorService - Node 111 marked as inactive due to heartbeat timeout
2026-03-14 11:13:16.886 [taskScheduler-6] WARN  c.q.federated.service.FederatedCoordinatorService - Node 11 marked as inactive due to heartbeat timeout
2026-03-14 11:13:16.886 [taskScheduler-6] WARN  c.q.federated.service.FederatedCoordinatorService - Node 111 marked as inactive due to heartbeat timeout
2026-03-14 11:13:21.894 [taskScheduler-6] WARN  c.q.federated.service.FederatedCoordinatorService - Node 11 marked as inactive due to heartbeat timeout
2026-03-14 11:13:21.894 [taskScheduler-6] WARN  c.q.federated.service.FederatedCoordinatorService - Node 111 marked as inactive due to heartbeat timeout
2026-03-14 11:13:26.901 [taskScheduler-6] WARN  c.q.federated.service.FederatedCoordinatorService - Node 11 marked as inactive due to heartbeat timeout
2026-03-14 11:13:26.902 [taskScheduler-6] WARN  c.q.federated.service.FederatedCoordinatorService - Node 111 marked as inactive due to heartbeat timeout
2026-03-14 11:13:31.910 [taskScheduler-6] WARN  c.q.federated.service.FederatedCoordinatorService - Node 11 marked as inactive due to heartbeat timeout
2026-03-14 11:13:31.911 [taskScheduler-6] WARN  c.q.federated.service.FederatedCoordinatorService - Node 111 marked as inactive due to heartbeat timeout
2026-03-14 11:13:36.928 [taskScheduler-6] WARN  c.q.federated.service.FederatedCoordinatorService - Node 11 marked as inactive due to heartbeat timeout
2026-03-14 11:13:36.928 [taskScheduler-6] WARN  c.q.federated.service.FederatedCoordinatorService - Node 111 marked as inactive due to heartbeat timeout
2026-03-14 11:13:41.942 [taskScheduler-6] WARN  c.q.federated.service.FederatedCoordinatorService - Node 11 marked as inactive due to heartbeat timeout
2026-03-14 11:13:41.942 [taskScheduler-6] WARN  c.q.federated.service.FederatedCoordinatorService - Node 111 marked as inactive due to heartbeat timeout
2026-03-14 11:13:46.950 [taskScheduler-6] WARN  c.q.federated.service.FederatedCoordinatorService - Node 11 marked as inactive due to heartbeat timeout
2026-03-14 11:13:46.951 [taskScheduler-6] WARN  c.q.federated.service.FederatedCoordinatorService - Node 111 marked as inactive due to heartbeat timeout
2026-03-14 11:13:51.963 [taskScheduler-6] WARN  c.q.federated.service.FederatedCoordinatorService - Node 11 marked as inactive due to heartbeat timeout
2026-03-14 11:13:51.964 [taskScheduler-6] WARN  c.q.federated.service.FederatedCoordinatorService - Node 111 marked as inactive due to heartbeat timeout
2026-03-14 11:13:56.972 [taskScheduler-6] WARN  c.q.federated.service.FederatedCoordinatorService - Node 11 marked as inactive due to heartbeat timeout
2026-03-14 11:13:56.972 [taskScheduler-6] WARN  c.q.federated.service.FederatedCoordinatorService - Node 111 marked as inactive due to heartbeat timeout
2026-03-14 11:14:01.987 [taskScheduler-6] WARN  c.q.federated.service.FederatedCoordinatorService - Node 11 marked as inactive due to heartbeat timeout
2026-03-14 11:14:01.987 [taskScheduler-6] WARN  c.q.federated.service.FederatedCoordinatorService - Node 111 marked as inactive due to heartbeat timeout
2026-03-14 11:14:07.001 [taskScheduler-6] WARN  c.q.federated.service.FederatedCoordinatorService - Node 11 marked as inactive due to heartbeat timeout
2026-03-14 11:14:07.001 [taskScheduler-6] WARN  c.q.federated.service.FederatedCoordinatorService - Node 111 marked as inactive due to heartbeat timeout
2026-03-14 11:14:12.019 [taskScheduler-6] WARN  c.q.federated.service.FederatedCoordinatorService - Node 11 marked as inactive due to heartbeat timeout
2026-03-14 11:14:12.019 [taskScheduler-6] WARN  c.q.federated.service.FederatedCoordinatorService - Node 111 marked as inactive due to heartbeat timeout
2026-03-14 11:14:17.027 [taskScheduler-6] WARN  c.q.federated.service.FederatedCoordinatorService - Node 11 marked as inactive due to heartbeat timeout
2026-03-14 11:14:17.027 [taskScheduler-6] WARN  c.q.federated.service.FederatedCoordinatorService - Node 111 marked as inactive due to heartbeat timeout
2026-03-14 11:14:22.033 [taskScheduler-6] WARN  c.q.federated.service.FederatedCoordinatorService - Node 11 marked as inactive due to heartbeat timeout
2026-03-14 11:14:22.033 [taskScheduler-6] WARN  c.q.federated.service.FederatedCoordinatorService - Node 111 marked as inactive due to heartbeat timeout
2026-03-14 11:14:27.048 [taskScheduler-6] WARN  c.q.federated.service.FederatedCoordinatorService - Node 11 marked as inactive due to heartbeat timeout
2026-03-14 11:14:27.049 [taskScheduler-6] WARN  c.q.federated.service.FederatedCoordinatorService - Node 111 marked as inactive due to heartbeat timeout
2026-03-14 11:14:32.064 [taskScheduler-6] WARN  c.q.federated.service.FederatedCoordinatorService - Node 11 marked as inactive due to heartbeat timeout
2026-03-14 11:14:32.064 [taskScheduler-6] WARN  c.q.federated.service.FederatedCoordinatorService - Node 111 marked as inactive due to heartbeat timeout
2026-03-14 11:14:37.077 [taskScheduler-6] WARN  c.q.federated.service.FederatedCoordinatorService - Node 11 marked as inactive due to heartbeat timeout
2026-03-14 11:14:37.077 [taskScheduler-6] WARN  c.q.federated.service.FederatedCoordinatorService - Node 111 marked as inactive due to heartbeat timeout
2026-03-14 11:14:42.087 [taskScheduler-6] WARN  c.q.federated.service.FederatedCoordinatorService - Node 11 marked as inactive due to heartbeat timeout
2026-03-14 11:14:42.087 [taskScheduler-6] WARN  c.q.federated.service.FederatedCoordinatorService - Node 111 marked as inactive due to heartbeat timeout
2026-03-14 11:14:47.101 [taskScheduler-6] WARN  c.q.federated.service.FederatedCoordinatorService - Node 11 marked as inactive due to heartbeat timeout
2026-03-14 11:14:47.102 [taskScheduler-6] WARN  c.q.federated.service.FederatedCoordinatorService - Node 111 marked as inactive due to heartbeat timeout
2026-03-14 11:14:52.115 [taskScheduler-6] WARN  c.q.federated.service.FederatedCoordinatorService - Node 11 marked as inactive due to heartbeat timeout
2026-03-14 11:14:52.116 [taskScheduler-6] WARN  c.q.federated.service.FederatedCoordinatorService - Node 111 marked as inactive due to heartbeat timeout
2026-03-14 11:14:57.127 [taskScheduler-6] WARN  c.q.federated.service.FederatedCoordinatorService - Node 11 marked as inactive due to heartbeat timeout
2026-03-14 11:14:57.127 [taskScheduler-6] WARN  c.q.federated.service.FederatedCoordinatorService - Node 111 marked as inactive due to heartbeat timeout
2026-03-14 11:15:02.145 [taskScheduler-6] WARN  c.q.federated.service.FederatedCoordinatorService - Node 11 marked as inactive due to heartbeat timeout
2026-03-14 11:15:02.174 [taskScheduler-6] WARN  c.q.federated.service.FederatedCoordinatorService - Node 111 marked as inactive due to heartbeat timeout
2026-03-14 11:15:07.225 [taskScheduler-6] WARN  c.q.federated.service.FederatedCoordinatorService - Node 11 marked as inactive due to heartbeat timeout
2026-03-14 11:15:07.225 [taskScheduler-6] WARN  c.q.federated.service.FederatedCoordinatorService - Node 111 marked as inactive due to heartbeat timeout
2026-03-14 11:15:12.236 [taskScheduler-6] WARN  c.q.federated.service.FederatedCoordinatorService - Node 11 marked as inactive due to heartbeat timeout
2026-03-14 11:15:12.238 [taskScheduler-6] WARN  c.q.federated.service.FederatedCoordinatorService - Node 111 marked as inactive due to heartbeat timeout
2026-03-14 11:15:17.260 [taskScheduler-6] WARN  c.q.federated.service.FederatedCoordinatorService - Node 11 marked as inactive due to heartbeat timeout
2026-03-14 11:15:17.260 [taskScheduler-6] WARN  c.q.federated.service.FederatedCoordinatorService - Node 111 marked as inactive due to heartbeat timeout
2026-03-14 11:15:22.269 [taskScheduler-6] WARN  c.q.federated.service.FederatedCoordinatorService - Node 11 marked as inactive due to heartbeat timeout
2026-03-14 11:15:22.269 [taskScheduler-6] WARN  c.q.federated.service.FederatedCoordinatorService - Node 111 marked as inactive due to heartbeat timeout
2026-03-14 11:15:27.283 [taskScheduler-6] WARN  c.q.federated.service.FederatedCoordinatorService - Node 11 marked as inactive due to heartbeat timeout
2026-03-14 11:15:27.283 [taskScheduler-6] WARN  c.q.federated.service.FederatedCoordinatorService - Node 111 marked as inactive due to heartbeat timeout
2026-03-14 11:15:32.293 [taskScheduler-6] WARN  c.q.federated.service.FederatedCoordinatorService - Node 11 marked as inactive due to heartbeat timeout
2026-03-14 11:15:32.293 [taskScheduler-6] WARN  c.q.federated.service.FederatedCoordinatorService - Node 111 marked as inactive due to heartbeat timeout
2026-03-14 11:15:37.307 [taskScheduler-6] WARN  c.q.federated.service.FederatedCoordinatorService - Node 11 marked as inactive due to heartbeat timeout
2026-03-14 11:15:37.307 [taskScheduler-6] WARN  c.q.federated.service.FederatedCoordinatorService - Node 111 marked as inactive due to heartbeat timeout
2026-03-14 11:15:42.321 [taskScheduler-6] WARN  c.q.federated.service.FederatedCoordinatorService - Node 11 marked as inactive due to heartbeat timeout
2026-03-14 11:15:42.321 [taskScheduler-6] WARN  c.q.federated.service.FederatedCoordinatorService - Node 111 marked as inactive due to heartbeat timeout
2026-03-14 11:15:47.332 [taskScheduler-6] WARN  c.q.federated.service.FederatedCoordinatorService - Node 11 marked as inactive due to heartbeat timeout
2026-03-14 11:15:47.333 [taskScheduler-6] WARN  c.q.federated.service.FederatedCoordinatorService - Node 111 marked as inactive due to heartbeat timeout
2026-03-14 11:15:52.354 [taskScheduler-6] WARN  c.q.federated.service.FederatedCoordinatorService - Node 11 marked as inactive due to heartbeat timeout
2026-03-14 11:15:52.354 [taskScheduler-6] WARN  c.q.federated.service.FederatedCoordinatorService - Node 111 marked as inactive due to heartbeat timeout
2026-03-14 11:15:57.374 [taskScheduler-6] WARN  c.q.federated.service.FederatedCoordinatorService - Node 11 marked as inactive due to heartbeat timeout
2026-03-14 11:15:57.374 [taskScheduler-6] WARN  c.q.federated.service.FederatedCoordinatorService - Node 111 marked as inactive due to heartbeat timeout
2026-03-14 11:16:02.382 [taskScheduler-6] WARN  c.q.federated.service.FederatedCoordinatorService - Node 11 marked as inactive due to heartbeat timeout
2026-03-14 11:16:02.383 [taskScheduler-6] WARN  c.q.federated.service.FederatedCoordinatorService - Node 111 marked as inactive due to heartbeat timeout
2026-03-14 11:16:07.399 [taskScheduler-6] WARN  c.q.federated.service.FederatedCoordinatorService - Node 11 marked as inactive due to heartbeat timeout
2026-03-14 11:16:07.399 [taskScheduler-6] WARN  c.q.federated.service.FederatedCoordinatorService - Node 111 marked as inactive due to heartbeat timeout
2026-03-14 11:16:12.418 [taskScheduler-6] WARN  c.q.federated.service.FederatedCoordinatorService - Node 11 marked as inactive due to heartbeat timeout
2026-03-14 11:16:12.420 [taskScheduler-6] WARN  c.q.federated.service.FederatedCoordinatorService - Node 111 marked as inactive due to heartbeat timeout
2026-03-14 11:16:17.430 [taskScheduler-6] WARN  c.q.federated.service.FederatedCoordinatorService - Node 11 marked as inactive due to heartbeat timeout
2026-03-14 11:16:17.430 [taskScheduler-6] WARN  c.q.federated.service.FederatedCoordinatorService - Node 111 marked as inactive due to heartbeat timeout
2026-03-14 11:16:22.438 [taskScheduler-6] WARN  c.q.federated.service.FederatedCoordinatorService - Node 11 marked as inactive due to heartbeat timeout
2026-03-14 11:16:22.438 [taskScheduler-6] WARN  c.q.federated.service.FederatedCoordinatorService - Node 111 marked as inactive due to heartbeat timeout
2026-03-14 11:16:27.449 [taskScheduler-6] WARN  c.q.federated.service.FederatedCoordinatorService - Node 11 marked as inactive due to heartbeat timeout
2026-03-14 11:16:27.449 [taskScheduler-6] WARN  c.q.federated.service.FederatedCoordinatorService - Node 111 marked as inactive due to heartbeat timeout
2026-03-14 11:16:32.465 [taskScheduler-6] WARN  c.q.federated.service.FederatedCoordinatorService - Node 11 marked as inactive due to heartbeat timeout
2026-03-14 11:16:32.465 [taskScheduler-6] WARN  c.q.federated.service.FederatedCoordinatorService - Node 111 marked as inactive due to heartbeat timeout
2026-03-14 11:16:37.480 [taskScheduler-6] WARN  c.q.federated.service.FederatedCoordinatorService - Node 11 marked as inactive due to heartbeat timeout
2026-03-14 11:16:37.481 [taskScheduler-6] WARN  c.q.federated.service.FederatedCoordinatorService - Node 111 marked as inactive due to heartbeat timeout
2026-03-14 11:16:42.490 [taskScheduler-6] WARN  c.q.federated.service.FederatedCoordinatorService - Node 11 marked as inactive due to heartbeat timeout
2026-03-14 11:16:42.490 [taskScheduler-6] WARN  c.q.federated.service.FederatedCoordinatorService - Node 111 marked as inactive due to heartbeat timeout
2026-03-14 11:16:47.504 [taskScheduler-6] WARN  c.q.federated.service.FederatedCoordinatorService - Node 11 marked as inactive due to heartbeat timeout
2026-03-14 11:16:47.504 [taskScheduler-6] WARN  c.q.federated.service.FederatedCoordinatorService - Node 111 marked as inactive due to heartbeat timeout
2026-03-14 11:16:52.524 [taskScheduler-6] WARN  c.q.federated.service.FederatedCoordinatorService - Node 11 marked as inactive due to heartbeat timeout
2026-03-14 11:16:52.524 [taskScheduler-6] WARN  c.q.federated.service.FederatedCoordinatorService - Node 111 marked as inactive due to heartbeat timeout
2026-03-14 11:16:57.541 [taskScheduler-6] WARN  c.q.federated.service.FederatedCoordinatorService - Node 11 marked as inactive due to heartbeat timeout
2026-03-14 11:16:57.541 [taskScheduler-6] WARN  c.q.federated.service.FederatedCoordinatorService - Node 111 marked as inactive due to heartbeat timeout
2026-03-14 11:17:02.558 [taskScheduler-6] WARN  c.q.federated.service.FederatedCoordinatorService - Node 11 marked as inactive due to heartbeat timeout
2026-03-14 11:17:02.558 [taskScheduler-6] WARN  c.q.federated.service.FederatedCoordinatorService - Node 111 marked as inactive due to heartbeat timeout
2026-03-14 11:17:07.576 [taskScheduler-6] WARN  c.q.federated.service.FederatedCoordinatorService - Node 11 marked as inactive due to heartbeat timeout
2026-03-14 11:17:07.576 [taskScheduler-6] WARN  c.q.federated.service.FederatedCoordinatorService - Node 111 marked as inactive due to heartbeat timeout
2026-03-14 11:17:12.585 [taskScheduler-6] WARN  c.q.federated.service.FederatedCoordinatorService - Node 11 marked as inactive due to heartbeat timeout
2026-03-14 11:17:12.585 [taskScheduler-6] WARN  c.q.federated.service.FederatedCoordinatorService - Node 111 marked as inactive due to heartbeat timeout
2026-03-14 11:17:17.606 [taskScheduler-6] WARN  c.q.federated.service.FederatedCoordinatorService - Node 11 marked as inactive due to heartbeat timeout
2026-03-14 11:17:17.606 [taskScheduler-6] WARN  c.q.federated.service.FederatedCoordinatorService - Node 111 marked as inactive due to heartbeat timeout
2026-03-14 11:17:22.621 [taskScheduler-6] WARN  c.q.federated.service.FederatedCoordinatorService - Node 11 marked as inactive due to heartbeat timeout
2026-03-14 11:17:22.621 [taskScheduler-6] WARN  c.q.federated.service.FederatedCoordinatorService - Node 111 marked as inactive due to heartbeat timeout
2026-03-14 11:17:27.641 [taskScheduler-6] WARN  c.q.federated.service.FederatedCoordinatorService - Node 11 marked as inactive due to heartbeat timeout
2026-03-14 11:17:27.641 [taskScheduler-6] WARN  c.q.federated.service.FederatedCoordinatorService - Node 111 marked as inactive due to heartbeat timeout
2026-03-14 11:17:32.657 [taskScheduler-6] WARN  c.q.federated.service.FederatedCoordinatorService - Node 11 marked as inactive due to heartbeat timeout
2026-03-14 11:17:32.657 [taskScheduler-6] WARN  c.q.federated.service.FederatedCoordinatorService - Node 111 marked as inactive due to heartbeat timeout
2026-03-14 11:17:37.668 [taskScheduler-6] WARN  c.q.federated.service.FederatedCoordinatorService - Node 11 marked as inactive due to heartbeat timeout
2026-03-14 11:17:37.668 [taskScheduler-6] WARN  c.q.federated.service.FederatedCoordinatorService - Node 111 marked as inactive due to heartbeat timeout
2026-03-14 11:17:42.689 [taskScheduler-6] WARN  c.q.federated.service.FederatedCoordinatorService - Node 11 marked as inactive due to heartbeat timeout
2026-03-14 11:17:42.689 [taskScheduler-6] WARN  c.q.federated.service.FederatedCoordinatorService - Node 111 marked as inactive due to heartbeat timeout
2026-03-14 11:17:47.701 [taskScheduler-6] WARN  c.q.federated.service.FederatedCoordinatorService - Node 11 marked as inactive due to heartbeat timeout
2026-03-14 11:17:47.701 [taskScheduler-6] WARN  c.q.federated.service.FederatedCoordinatorService - Node 111 marked as inactive due to heartbeat timeout
2026-03-14 11:17:52.716 [taskScheduler-6] WARN  c.q.federated.service.FederatedCoordinatorService - Node 11 marked as inactive due to heartbeat timeout
2026-03-14 11:17:52.716 [taskScheduler-6] WARN  c.q.federated.service.FederatedCoordinatorService - Node 111 marked as inactive due to heartbeat timeout
2026-03-14 11:17:57.731 [taskScheduler-6] WARN  c.q.federated.service.FederatedCoordinatorService - Node 11 marked as inactive due to heartbeat timeout
2026-03-14 11:17:57.731 [taskScheduler-6] WARN  c.q.federated.service.FederatedCoordinatorService - Node 111 marked as inactive due to heartbeat timeout
2026-03-14 11:18:02.745 [taskScheduler-6] WARN  c.q.federated.service.FederatedCoordinatorService - Node 11 marked as inactive due to heartbeat timeout
2026-03-14 11:18:02.746 [taskScheduler-6] WARN  c.q.federated.service.FederatedCoordinatorService - Node 111 marked as inactive due to heartbeat timeout
2026-03-14 11:18:07.756 [taskScheduler-6] WARN  c.q.federated.service.FederatedCoordinatorService - Node 11 marked as inactive due to heartbeat timeout
2026-03-14 11:18:07.756 [taskScheduler-6] WARN  c.q.federated.service.FederatedCoordinatorService - Node 111 marked as inactive due to heartbeat timeout
2026-03-14 11:18:12.769 [taskScheduler-6] WARN  c.q.federated.service.FederatedCoordinatorService - Node 11 marked as inactive due to heartbeat timeout
2026-03-14 11:18:12.769 [taskScheduler-6] WARN  c.q.federated.service.FederatedCoordinatorService - Node 111 marked as inactive due to heartbeat timeout
2026-03-14 11:18:17.788 [taskScheduler-6] WARN  c.q.federated.service.FederatedCoordinatorService - Node 11 marked as inactive due to heartbeat timeout
2026-03-14 11:18:17.788 [taskScheduler-6] WARN  c.q.federated.service.FederatedCoordinatorService - Node 111 marked as inactive due to heartbeat timeout
2026-03-14 11:18:22.806 [taskScheduler-6] WARN  c.q.federated.service.FederatedCoordinatorService - Node 11 marked as inactive due to heartbeat timeout
2026-03-14 11:18:22.806 [taskScheduler-6] WARN  c.q.federated.service.FederatedCoordinatorService - Node 111 marked as inactive due to heartbeat timeout
2026-03-14 11:18:27.820 [taskScheduler-6] WARN  c.q.federated.service.FederatedCoordinatorService - Node 11 marked as inactive due to heartbeat timeout
2026-03-14 11:18:27.820 [taskScheduler-6] WARN  c.q.federated.service.FederatedCoordinatorService - Node 111 marked as inactive due to heartbeat timeout
2026-03-14 11:18:32.827 [taskScheduler-6] WARN  c.q.federated.service.FederatedCoordinatorService - Node 11 marked as inactive due to heartbeat timeout
2026-03-14 11:18:32.827 [taskScheduler-6] WARN  c.q.federated.service.FederatedCoordinatorService - Node 111 marked as inactive due to heartbeat timeout
2026-03-14 11:18:37.839 [taskScheduler-6] WARN  c.q.federated.service.FederatedCoordinatorService - Node 11 marked as inactive due to heartbeat timeout
2026-03-14 11:18:37.839 [taskScheduler-6] WARN  c.q.federated.service.FederatedCoordinatorService - Node 111 marked as inactive due to heartbeat timeout
2026-03-14 11:18:42.853 [taskScheduler-6] WARN  c.q.federated.service.FederatedCoordinatorService - Node 11 marked as inactive due to heartbeat timeout
2026-03-14 11:18:42.853 [taskScheduler-6] WARN  c.q.federated.service.FederatedCoordinatorService - Node 111 marked as inactive due to heartbeat timeout
2026-03-14 11:18:47.865 [taskScheduler-6] WARN  c.q.federated.service.FederatedCoordinatorService - Node 11 marked as inactive due to heartbeat timeout
2026-03-14 11:18:47.865 [taskScheduler-6] WARN  c.q.federated.service.FederatedCoordinatorService - Node 111 marked as inactive due to heartbeat timeout
2026-03-14 11:18:52.883 [taskScheduler-6] WARN  c.q.federated.service.FederatedCoordinatorService - Node 11 marked as inactive due to heartbeat timeout
2026-03-14 11:18:52.883 [taskScheduler-6] WARN  c.q.federated.service.FederatedCoordinatorService - Node 111 marked as inactive due to heartbeat timeout
2026-03-14 11:18:57.906 [taskScheduler-6] WARN  c.q.federated.service.FederatedCoordinatorService - Node 11 marked as inactive due to heartbeat timeout
2026-03-14 11:18:57.906 [taskScheduler-6] WARN  c.q.federated.service.FederatedCoordinatorService - Node 111 marked as inactive due to heartbeat timeout
2026-03-14 11:19:02.920 [taskScheduler-6] WARN  c.q.federated.service.FederatedCoordinatorService - Node 11 marked as inactive due to heartbeat timeout
2026-03-14 11:19:02.920 [taskScheduler-6] WARN  c.q.federated.service.FederatedCoordinatorService - Node 111 marked as inactive due to heartbeat timeout
2026-03-14 11:19:07.935 [taskScheduler-6] WARN  c.q.federated.service.FederatedCoordinatorService - Node 11 marked as inactive due to heartbeat timeout
2026-03-14 11:19:07.936 [taskScheduler-6] WARN  c.q.federated.service.FederatedCoordinatorService - Node 111 marked as inactive due to heartbeat timeout
2026-03-14 11:19:12.951 [taskScheduler-6] WARN  c.q.federated.service.FederatedCoordinatorService - Node 11 marked as inactive due to heartbeat timeout
2026-03-14 11:19:12.952 [taskScheduler-6] WARN  c.q.federated.service.FederatedCoordinatorService - Node 111 marked as inactive due to heartbeat timeout
2026-03-14 11:19:17.965 [taskScheduler-6] WARN  c.q.federated.service.FederatedCoordinatorService - Node 11 marked as inactive due to heartbeat timeout
2026-03-14 11:19:17.966 [taskScheduler-6] WARN  c.q.federated.service.FederatedCoordinatorService - Node 111 marked as inactive due to heartbeat timeout
2026-03-14 11:19:22.982 [taskScheduler-6] WARN  c.q.federated.service.FederatedCoordinatorService - Node 11 marked as inactive due to heartbeat timeout
2026-03-14 11:19:22.982 [taskScheduler-6] WARN  c.q.federated.service.FederatedCoordinatorService - Node 111 marked as inactive due to heartbeat timeout
2026-03-14 11:19:27.995 [taskScheduler-6] WARN  c.q.federated.service.FederatedCoordinatorService - Node 11 marked as inactive due to heartbeat timeout
2026-03-14 11:19:27.996 [taskScheduler-6] WARN  c.q.federated.service.FederatedCoordinatorService - Node 111 marked as inactive due to heartbeat timeout
2026-03-14 11:19:33.007 [taskScheduler-6] WARN  c.q.federated.service.FederatedCoordinatorService - Node 11 marked as inactive due to heartbeat timeout
2026-03-14 11:19:33.008 [taskScheduler-6] WARN  c.q.federated.service.FederatedCoordinatorService - Node 111 marked as inactive due to heartbeat timeout
2026-03-14 11:19:38.014 [taskScheduler-6] WARN  c.q.federated.service.FederatedCoordinatorService - Node 11 marked as inactive due to heartbeat timeout
2026-03-14 11:19:38.015 [taskScheduler-6] WARN  c.q.federated.service.FederatedCoordinatorService - Node 111 marked as inactive due to heartbeat timeout
2026-03-14 11:19:43.020 [taskScheduler-6] WARN  c.q.federated.service.FederatedCoordinatorService - Node 11 marked as inactive due to heartbeat timeout
2026-03-14 11:19:43.021 [taskScheduler-6] WARN  c.q.federated.service.FederatedCoordinatorService - Node 111 marked as inactive due to heartbeat timeout
2026-03-14 11:19:48.037 [taskScheduler-6] WARN  c.q.federated.service.FederatedCoordinatorService - Node 11 marked as inactive due to heartbeat timeout
2026-03-14 11:19:48.038 [taskScheduler-6] WARN  c.q.federated.service.FederatedCoordinatorService - Node 111 marked as inactive due to heartbeat timeout
2026-03-14 11:19:53.053 [taskScheduler-6] WARN  c.q.federated.service.FederatedCoordinatorService - Node 11 marked as inactive due to heartbeat timeout
2026-03-14 11:19:53.053 [taskScheduler-6] WARN  c.q.federated.service.FederatedCoordinatorService - Node 111 marked as inactive due to heartbeat timeout
2026-03-14 11:19:58.063 [taskScheduler-6] WARN  c.q.federated.service.FederatedCoordinatorService - Node 11 marked as inactive due to heartbeat timeout
2026-03-14 11:19:58.064 [taskScheduler-6] WARN  c.q.federated.service.FederatedCoordinatorService - Node 111 marked as inactive due to heartbeat timeout
2026-03-14 11:20:03.070 [taskScheduler-6] WARN  c.q.federated.service.FederatedCoordinatorService - Node 11 marked as inactive due to heartbeat timeout
2026-03-14 11:20:03.071 [taskScheduler-6] WARN  c.q.federated.service.FederatedCoordinatorService - Node 111 marked as inactive due to heartbeat timeout
2026-03-14 11:20:08.077 [taskScheduler-6] WARN  c.q.federated.service.FederatedCoordinatorService - Node 11 marked as inactive due to heartbeat timeout
2026-03-14 11:20:08.078 [taskScheduler-6] WARN  c.q.federated.service.FederatedCoordinatorService - Node 111 marked as inactive due to heartbeat timeout
2026-03-14 11:20:13.087 [taskScheduler-6] WARN  c.q.federated.service.FederatedCoordinatorService - Node 11 marked as inactive due to heartbeat timeout
2026-03-14 11:20:13.088 [taskScheduler-6] WARN  c.q.federated.service.FederatedCoordinatorService - Node 111 marked as inactive due to heartbeat timeout
2026-03-14 11:20:18.101 [taskScheduler-6] WARN  c.q.federated.service.FederatedCoordinatorService - Node 11 marked as inactive due to heartbeat timeout
2026-03-14 11:20:18.101 [taskScheduler-6] WARN  c.q.federated.service.FederatedCoordinatorService - Node 111 marked as inactive due to heartbeat timeout
2026-03-14 11:20:23.120 [taskScheduler-6] WARN  c.q.federated.service.FederatedCoordinatorService - Node 11 marked as inactive due to heartbeat timeout
2026-03-14 11:20:23.120 [taskScheduler-6] WARN  c.q.federated.service.FederatedCoordinatorService - Node 111 marked as inactive due to heartbeat timeout
2026-03-14 11:20:28.135 [taskScheduler-6] WARN  c.q.federated.service.FederatedCoordinatorService - Node 11 marked as inactive due to heartbeat timeout
2026-03-14 11:20:28.135 [taskScheduler-6] WARN  c.q.federated.service.FederatedCoordinatorService - Node 111 marked as inactive due to heartbeat timeout
2026-03-14 11:20:33.152 [taskScheduler-6] WARN  c.q.federated.service.FederatedCoordinatorService - Node 11 marked as inactive due to heartbeat timeout
2026-03-14 11:20:33.152 [taskScheduler-6] WARN  c.q.federated.service.FederatedCoordinatorService - Node 111 marked as inactive due to heartbeat timeout
2026-03-14 11:20:38.166 [taskScheduler-6] WARN  c.q.federated.service.FederatedCoordinatorService - Node 11 marked as inactive due to heartbeat timeout
2026-03-14 11:20:38.167 [taskScheduler-6] WARN  c.q.federated.service.FederatedCoordinatorService - Node 111 marked as inactive due to heartbeat timeout
2026-03-14 11:20:43.184 [taskScheduler-6] WARN  c.q.federated.service.FederatedCoordinatorService - Node 11 marked as inactive due to heartbeat timeout
2026-03-14 11:20:43.185 [taskScheduler-6] WARN  c.q.federated.service.FederatedCoordinatorService - Node 111 marked as inactive due to heartbeat timeout
2026-03-14 11:20:48.190 [taskScheduler-6] WARN  c.q.federated.service.FederatedCoordinatorService - Node 11 marked as inactive due to heartbeat timeout
2026-03-14 11:20:48.191 [taskScheduler-6] WARN  c.q.federated.service.FederatedCoordinatorService - Node 111 marked as inactive due to heartbeat timeout
2026-03-14 11:20:53.202 [taskScheduler-6] WARN  c.q.federated.service.FederatedCoordinatorService - Node 11 marked as inactive due to heartbeat timeout
2026-03-14 11:20:53.202 [taskScheduler-6] WARN  c.q.federated.service.FederatedCoordinatorService - Node 111 marked as inactive due to heartbeat timeout
2026-03-14 11:20:58.213 [taskScheduler-6] WARN  c.q.federated.service.FederatedCoordinatorService - Node 11 marked as inactive due to heartbeat timeout
2026-03-14 11:20:58.213 [taskScheduler-6] WARN  c.q.federated.service.FederatedCoordinatorService - Node 111 marked as inactive due to heartbeat timeout
2026-03-14 11:21:03.234 [taskScheduler-6] WARN  c.q.federated.service.FederatedCoordinatorService - Node 11 marked as inactive due to heartbeat timeout
2026-03-14 11:21:03.234 [taskScheduler-6] WARN  c.q.federated.service.FederatedCoordinatorService - Node 111 marked as inactive due to heartbeat timeout
2026-03-14 11:21:08.252 [taskScheduler-6] WARN  c.q.federated.service.FederatedCoordinatorService - Node 11 marked as inactive due to heartbeat timeout
2026-03-14 11:21:08.252 [taskScheduler-6] WARN  c.q.federated.service.FederatedCoordinatorService - Node 111 marked as inactive due to heartbeat timeout
2026-03-14 11:21:13.261 [taskScheduler-6] WARN  c.q.federated.service.FederatedCoordinatorService - Node 11 marked as inactive due to heartbeat timeout
2026-03-14 11:21:13.261 [taskScheduler-6] WARN  c.q.federated.service.FederatedCoordinatorService - Node 111 marked as inactive due to heartbeat timeout
2026-03-14 11:21:18.274 [taskScheduler-6] WARN  c.q.federated.service.FederatedCoordinatorService - Node 11 marked as inactive due to heartbeat timeout
2026-03-14 11:21:18.274 [taskScheduler-6] WARN  c.q.federated.service.FederatedCoordinatorService - Node 111 marked as inactive due to heartbeat timeout
2026-03-14 11:21:23.281 [taskScheduler-6] WARN  c.q.federated.service.FederatedCoordinatorService - Node 11 marked as inactive due to heartbeat timeout
2026-03-14 11:21:23.281 [taskScheduler-6] WARN  c.q.federated.service.FederatedCoordinatorService - Node 111 marked as inactive due to heartbeat timeout
2026-03-14 11:21:28.301 [taskScheduler-6] WARN  c.q.federated.service.FederatedCoordinatorService - Node 11 marked as inactive due to heartbeat timeout
2026-03-14 11:21:28.301 [taskScheduler-6] WARN  c.q.federated.service.FederatedCoordinatorService - Node 111 marked as inactive due to heartbeat timeout
2026-03-14 11:21:33.309 [taskScheduler-6] WARN  c.q.federated.service.FederatedCoordinatorService - Node 11 marked as inactive due to heartbeat timeout
2026-03-14 11:21:33.310 [taskScheduler-6] WARN  c.q.federated.service.FederatedCoordinatorService - Node 111 marked as inactive due to heartbeat timeout
2026-03-14 11:21:38.326 [taskScheduler-6] WARN  c.q.federated.service.FederatedCoordinatorService - Node 11 marked as inactive due to heartbeat timeout
2026-03-14 11:21:38.326 [taskScheduler-6] WARN  c.q.federated.service.FederatedCoordinatorService - Node 111 marked as inactive due to heartbeat timeout
2026-03-14 11:21:43.332 [taskScheduler-6] WARN  c.q.federated.service.FederatedCoordinatorService - Node 11 marked as inactive due to heartbeat timeout
2026-03-14 11:21:43.333 [taskScheduler-6] WARN  c.q.federated.service.FederatedCoordinatorService - Node 111 marked as inactive due to heartbeat timeout
2026-03-14 11:21:48.350 [taskScheduler-6] WARN  c.q.federated.service.FederatedCoordinatorService - Node 11 marked as inactive due to heartbeat timeout
2026-03-14 11:21:48.350 [taskScheduler-6] WARN  c.q.federated.service.FederatedCoordinatorService - Node 111 marked as inactive due to heartbeat timeout
2026-03-14 11:21:53.366 [taskScheduler-6] WARN  c.q.federated.service.FederatedCoordinatorService - Node 11 marked as inactive due to heartbeat timeout
2026-03-14 11:21:53.366 [taskScheduler-6] WARN  c.q.federated.service.FederatedCoordinatorService - Node 111 marked as inactive due to heartbeat timeout
2026-03-14 11:21:58.370 [taskScheduler-6] WARN  c.q.federated.service.FederatedCoordinatorService - Node 11 marked as inactive due to heartbeat timeout
2026-03-14 11:21:58.370 [taskScheduler-6] WARN  c.q.federated.service.FederatedCoordinatorService - Node 111 marked as inactive due to heartbeat timeout
2026-03-14 11:22:03.381 [taskScheduler-6] WARN  c.q.federated.service.FederatedCoordinatorService - Node 11 marked as inactive due to heartbeat timeout
2026-03-14 11:22:03.382 [taskScheduler-6] WARN  c.q.federated.service.FederatedCoordinatorService - Node 111 marked as inactive due to heartbeat timeout
2026-03-14 11:22:08.398 [taskScheduler-6] WARN  c.q.federated.service.FederatedCoordinatorService - Node 11 marked as inactive due to heartbeat timeout
2026-03-14 11:22:08.399 [taskScheduler-6] WARN  c.q.federated.service.FederatedCoordinatorService - Node 111 marked as inactive due to heartbeat timeout
2026-03-14 11:22:13.408 [taskScheduler-6] WARN  c.q.federated.service.FederatedCoordinatorService - Node 11 marked as inactive due to heartbeat timeout
2026-03-14 11:22:13.409 [taskScheduler-6] WARN  c.q.federated.service.FederatedCoordinatorService - Node 111 marked as inactive due to heartbeat timeout
2026-03-14 11:22:18.423 [taskScheduler-6] WARN  c.q.federated.service.FederatedCoordinatorService - Node 11 marked as inactive due to heartbeat timeout
2026-03-14 11:22:18.424 [taskScheduler-6] WARN  c.q.federated.service.FederatedCoordinatorService - Node 111 marked as inactive due to heartbeat timeout
2026-03-14 11:22:23.431 [taskScheduler-6] WARN  c.q.federated.service.FederatedCoordinatorService - Node 11 marked as inactive due to heartbeat timeout
2026-03-14 11:22:23.432 [taskScheduler-6] WARN  c.q.federated.service.FederatedCoordinatorService - Node 111 marked as inactive due to heartbeat timeout
2026-03-14 11:22:28.451 [taskScheduler-6] WARN  c.q.federated.service.FederatedCoordinatorService - Node 11 marked as inactive due to heartbeat timeout
2026-03-14 11:22:28.452 [taskScheduler-6] WARN  c.q.federated.service.FederatedCoordinatorService - Node 111 marked as inactive due to heartbeat timeout
2026-03-14 11:22:33.459 [taskScheduler-6] WARN  c.q.federated.service.FederatedCoordinatorService - Node 11 marked as inactive due to heartbeat timeout
2026-03-14 11:22:33.459 [taskScheduler-6] WARN  c.q.federated.service.FederatedCoordinatorService - Node 111 marked as inactive due to heartbeat timeout
2026-03-14 11:22:38.471 [taskScheduler-6] WARN  c.q.federated.service.FederatedCoordinatorService - Node 11 marked as inactive due to heartbeat timeout
2026-03-14 11:22:38.472 [taskScheduler-6] WARN  c.q.federated.service.FederatedCoordinatorService - Node 111 marked as inactive due to heartbeat timeout
2026-03-14 11:22:43.478 [taskScheduler-6] WARN  c.q.federated.service.FederatedCoordinatorService - Node 11 marked as inactive due to heartbeat timeout
2026-03-14 11:22:43.478 [taskScheduler-6] WARN  c.q.federated.service.FederatedCoordinatorService - Node 111 marked as inactive due to heartbeat timeout
2026-03-14 11:22:48.487 [taskScheduler-6] WARN  c.q.federated.service.FederatedCoordinatorService - Node 11 marked as inactive due to heartbeat timeout
2026-03-14 11:22:48.487 [taskScheduler-6] WARN  c.q.federated.service.FederatedCoordinatorService - Node 111 marked as inactive due to heartbeat timeout
2026-03-14 11:22:53.498 [taskScheduler-6] WARN  c.q.federated.service.FederatedCoordinatorService - Node 11 marked as inactive due to heartbeat timeout
2026-03-14 11:22:53.499 [taskScheduler-6] WARN  c.q.federated.service.FederatedCoordinatorService - Node 111 marked as inactive due to heartbeat timeout
2026-03-14 11:22:58.514 [taskScheduler-6] WARN  c.q.federated.service.FederatedCoordinatorService - Node 11 marked as inactive due to heartbeat timeout
2026-03-14 11:22:58.514 [taskScheduler-6] WARN  c.q.federated.service.FederatedCoordinatorService - Node 111 marked as inactive due to heartbeat timeout
2026-03-14 11:23:03.531 [taskScheduler-6] WARN  c.q.federated.service.FederatedCoordinatorService - Node 11 marked as inactive due to heartbeat timeout
2026-03-14 11:23:03.531 [taskScheduler-6] WARN  c.q.federated.service.FederatedCoordinatorService - Node 111 marked as inactive due to heartbeat timeout
2026-03-14 11:23:08.547 [taskScheduler-6] WARN  c.q.federated.service.FederatedCoordinatorService - Node 11 marked as inactive due to heartbeat timeout
2026-03-14 11:23:08.548 [taskScheduler-6] WARN  c.q.federated.service.FederatedCoordinatorService - Node 111 marked as inactive due to heartbeat timeout
2026-03-14 11:23:13.565 [taskScheduler-6] WARN  c.q.federated.service.FederatedCoordinatorService - Node 11 marked as inactive due to heartbeat timeout
2026-03-14 11:23:13.565 [taskScheduler-6] WARN  c.q.federated.service.FederatedCoordinatorService - Node 111 marked as inactive due to heartbeat timeout
2026-03-14 11:23:18.582 [taskScheduler-6] WARN  c.q.federated.service.FederatedCoordinatorService - Node 11 marked as inactive due to heartbeat timeout
2026-03-14 11:23:18.582 [taskScheduler-6] WARN  c.q.federated.service.FederatedCoordinatorService - Node 111 marked as inactive due to heartbeat timeout
2026-03-14 11:23:23.590 [taskScheduler-6] WARN  c.q.federated.service.FederatedCoordinatorService - Node 11 marked as inactive due to heartbeat timeout
2026-03-14 11:23:23.591 [taskScheduler-6] WARN  c.q.federated.service.FederatedCoordinatorService - Node 111 marked as inactive due to heartbeat timeout
2026-03-14 11:23:28.599 [taskScheduler-6] WARN  c.q.federated.service.FederatedCoordinatorService - Node 11 marked as inactive due to heartbeat timeout
2026-03-14 11:23:28.599 [taskScheduler-6] WARN  c.q.federated.service.FederatedCoordinatorService - Node 111 marked as inactive due to heartbeat timeout
2026-03-14 11:23:33.604 [taskScheduler-6] WARN  c.q.federated.service.FederatedCoordinatorService - Node 11 marked as inactive due to heartbeat timeout
2026-03-14 11:23:33.604 [taskScheduler-6] WARN  c.q.federated.service.FederatedCoordinatorService - Node 111 marked as inactive due to heartbeat timeout
2026-03-14 11:23:38.612 [taskScheduler-6] WARN  c.q.federated.service.FederatedCoordinatorService - Node 11 marked as inactive due to heartbeat timeout
2026-03-14 11:23:38.613 [taskScheduler-6] WARN  c.q.federated.service.FederatedCoordinatorService - Node 111 marked as inactive due to heartbeat timeout
2026-03-14 11:23:43.622 [taskScheduler-6] WARN  c.q.federated.service.FederatedCoordinatorService - Node 11 marked as inactive due to heartbeat timeout
2026-03-14 11:23:43.622 [taskScheduler-6] WARN  c.q.federated.service.FederatedCoordinatorService - Node 111 marked as inactive due to heartbeat timeout
2026-03-14 11:23:48.629 [taskScheduler-6] WARN  c.q.federated.service.FederatedCoordinatorService - Node 11 marked as inactive due to heartbeat timeout
2026-03-14 11:23:48.629 [taskScheduler-6] WARN  c.q.federated.service.FederatedCoordinatorService - Node 111 marked as inactive due to heartbeat timeout
2026-03-14 11:23:53.644 [taskScheduler-6] WARN  c.q.federated.service.FederatedCoordinatorService - Node 11 marked as inactive due to heartbeat timeout
2026-03-14 11:23:53.645 [taskScheduler-6] WARN  c.q.federated.service.FederatedCoordinatorService - Node 111 marked as inactive due to heartbeat timeout
2026-03-14 11:23:58.659 [taskScheduler-6] WARN  c.q.federated.service.FederatedCoordinatorService - Node 11 marked as inactive due to heartbeat timeout
2026-03-14 11:23:58.660 [taskScheduler-6] WARN  c.q.federated.service.FederatedCoordinatorService - Node 111 marked as inactive due to heartbeat timeout
2026-03-14 11:24:03.674 [taskScheduler-6] WARN  c.q.federated.service.FederatedCoordinatorService - Node 11 marked as inactive due to heartbeat timeout
2026-03-14 11:24:03.675 [taskScheduler-6] WARN  c.q.federated.service.FederatedCoordinatorService - Node 111 marked as inactive due to heartbeat timeout
2026-03-14 11:24:08.681 [taskScheduler-6] WARN  c.q.federated.service.FederatedCoordinatorService - Node 11 marked as inactive due to heartbeat timeout
2026-03-14 11:24:08.681 [taskScheduler-6] WARN  c.q.federated.service.FederatedCoordinatorService - Node 111 marked as inactive due to heartbeat timeout
2026-03-14 11:24:13.691 [taskScheduler-6] WARN  c.q.federated.service.FederatedCoordinatorService - Node 11 marked as inactive due to heartbeat timeout
2026-03-14 11:24:13.692 [taskScheduler-6] WARN  c.q.federated.service.FederatedCoordinatorService - Node 111 marked as inactive due to heartbeat timeout
2026-03-14 11:24:18.697 [taskScheduler-6] WARN  c.q.federated.service.FederatedCoordinatorService - Node 11 marked as inactive due to heartbeat timeout
2026-03-14 11:24:18.698 [taskScheduler-6] WARN  c.q.federated.service.FederatedCoordinatorService - Node 111 marked as inactive due to heartbeat timeout
2026-03-14 11:24:23.707 [taskScheduler-6] WARN  c.q.federated.service.FederatedCoordinatorService - Node 11 marked as inactive due to heartbeat timeout
2026-03-14 11:24:23.707 [taskScheduler-6] WARN  c.q.federated.service.FederatedCoordinatorService - Node 111 marked as inactive due to heartbeat timeout
2026-03-14 11:24:28.718 [taskScheduler-6] WARN  c.q.federated.service.FederatedCoordinatorService - Node 11 marked as inactive due to heartbeat timeout
2026-03-14 11:24:28.718 [taskScheduler-6] WARN  c.q.federated.service.FederatedCoordinatorService - Node 111 marked as inactive due to heartbeat timeout
2026-03-14 11:24:33.730 [taskScheduler-6] WARN  c.q.federated.service.FederatedCoordinatorService - Node 11 marked as inactive due to heartbeat timeout
2026-03-14 11:24:33.730 [taskScheduler-6] WARN  c.q.federated.service.FederatedCoordinatorService - Node 111 marked as inactive due to heartbeat timeout
2026-03-14 11:24:38.742 [taskScheduler-6] WARN  c.q.federated.service.FederatedCoordinatorService - Node 11 marked as inactive due to heartbeat timeout
2026-03-14 11:24:38.742 [taskScheduler-6] WARN  c.q.federated.service.FederatedCoordinatorService - Node 111 marked as inactive due to heartbeat timeout
2026-03-14 11:24:43.752 [taskScheduler-6] WARN  c.q.federated.service.FederatedCoordinatorService - Node 11 marked as inactive due to heartbeat timeout
2026-03-14 11:24:43.753 [taskScheduler-6] WARN  c.q.federated.service.FederatedCoordinatorService - Node 111 marked as inactive due to heartbeat timeout
2026-03-14 11:24:48.760 [taskScheduler-6] WARN  c.q.federated.service.FederatedCoordinatorService - Node 11 marked as inactive due to heartbeat timeout
2026-03-14 11:24:48.760 [taskScheduler-6] WARN  c.q.federated.service.FederatedCoordinatorService - Node 111 marked as inactive due to heartbeat timeout
2026-03-14 11:24:53.778 [taskScheduler-6] WARN  c.q.federated.service.FederatedCoordinatorService - Node 11 marked as inactive due to heartbeat timeout
2026-03-14 11:24:53.778 [taskScheduler-6] WARN  c.q.federated.service.FederatedCoordinatorService - Node 111 marked as inactive due to heartbeat timeout
2026-03-14 11:24:58.795 [taskScheduler-6] WARN  c.q.federated.service.FederatedCoordinatorService - Node 11 marked as inactive due to heartbeat timeout
2026-03-14 11:24:58.795 [taskScheduler-6] WARN  c.q.federated.service.FederatedCoordinatorService - Node 111 marked as inactive due to heartbeat timeout
2026-03-14 11:25:03.801 [taskScheduler-6] WARN  c.q.federated.service.FederatedCoordinatorService - Node 11 marked as inactive due to heartbeat timeout
2026-03-14 11:25:03.801 [taskScheduler-6] WARN  c.q.federated.service.FederatedCoordinatorService - Node 111 marked as inactive due to heartbeat timeout
2026-03-14 11:25:08.814 [taskScheduler-6] WARN  c.q.federated.service.FederatedCoordinatorService - Node 11 marked as inactive due to heartbeat timeout
2026-03-14 11:25:08.815 [taskScheduler-6] WARN  c.q.federated.service.FederatedCoordinatorService - Node 111 marked as inactive due to heartbeat timeout
2026-03-14 11:25:13.821 [taskScheduler-6] WARN  c.q.federated.service.FederatedCoordinatorService - Node 11 marked as inactive due to heartbeat timeout
2026-03-14 11:25:13.821 [taskScheduler-6] WARN  c.q.federated.service.FederatedCoordinatorService - Node 111 marked as inactive due to heartbeat timeout
2026-03-14 11:25:18.834 [taskScheduler-6] WARN  c.q.federated.service.FederatedCoordinatorService - Node 11 marked as inactive due to heartbeat timeout
2026-03-14 11:25:18.834 [taskScheduler-6] WARN  c.q.federated.service.FederatedCoordinatorService - Node 111 marked as inactive due to heartbeat timeout
2026-03-14 11:25:23.849 [taskScheduler-6] WARN  c.q.federated.service.FederatedCoordinatorService - Node 11 marked as inactive due to heartbeat timeout
2026-03-14 11:25:23.850 [taskScheduler-6] WARN  c.q.federated.service.FederatedCoordinatorService - Node 111 marked as inactive due to heartbeat timeout
2026-03-14 11:25:28.865 [taskScheduler-6] WARN  c.q.federated.service.FederatedCoordinatorService - Node 11 marked as inactive due to heartbeat timeout
2026-03-14 11:25:28.865 [taskScheduler-6] WARN  c.q.federated.service.FederatedCoordinatorService - Node 111 marked as inactive due to heartbeat timeout
2026-03-14 11:25:33.871 [taskScheduler-6] WARN  c.q.federated.service.FederatedCoordinatorService - Node 11 marked as inactive due to heartbeat timeout
2026-03-14 11:25:33.871 [taskScheduler-6] WARN  c.q.federated.service.FederatedCoordinatorService - Node 111 marked as inactive due to heartbeat timeout
2026-03-14 11:25:38.882 [taskScheduler-6] WARN  c.q.federated.service.FederatedCoordinatorService - Node 11 marked as inactive due to heartbeat timeout
2026-03-14 11:25:38.882 [taskScheduler-6] WARN  c.q.federated.service.FederatedCoordinatorService - Node 111 marked as inactive due to heartbeat timeout
2026-03-14 11:25:43.891 [taskScheduler-6] WARN  c.q.federated.service.FederatedCoordinatorService - Node 11 marked as inactive due to heartbeat timeout
2026-03-14 11:25:43.891 [taskScheduler-6] WARN  c.q.federated.service.FederatedCoordinatorService - Node 111 marked as inactive due to heartbeat timeout
2026-03-14 11:25:48.909 [taskScheduler-6] WARN  c.q.federated.service.FederatedCoordinatorService - Node 11 marked as inactive due to heartbeat timeout
2026-03-14 11:25:48.909 [taskScheduler-6] WARN  c.q.federated.service.FederatedCoordinatorService - Node 111 marked as inactive due to heartbeat timeout
2026-03-14 11:25:53.924 [taskScheduler-6] WARN  c.q.federated.service.FederatedCoordinatorService - Node 11 marked as inactive due to heartbeat timeout
2026-03-14 11:25:53.924 [taskScheduler-6] WARN  c.q.federated.service.FederatedCoordinatorService - Node 111 marked as inactive due to heartbeat timeout
2026-03-14 11:25:58.942 [taskScheduler-6] WARN  c.q.federated.service.FederatedCoordinatorService - Node 11 marked as inactive due to heartbeat timeout
2026-03-14 11:25:58.943 [taskScheduler-6] WARN  c.q.federated.service.FederatedCoordinatorService - Node 111 marked as inactive due to heartbeat timeout
2026-03-14 11:26:03.960 [taskScheduler-6] WARN  c.q.federated.service.FederatedCoordinatorService - Node 11 marked as inactive due to heartbeat timeout
2026-03-14 11:26:03.961 [taskScheduler-6] WARN  c.q.federated.service.FederatedCoordinatorService - Node 111 marked as inactive due to heartbeat timeout
2026-03-14 11:26:08.976 [taskScheduler-6] WARN  c.q.federated.service.FederatedCoordinatorService - Node 11 marked as inactive due to heartbeat timeout
2026-03-14 11:26:08.976 [taskScheduler-6] WARN  c.q.federated.service.FederatedCoordinatorService - Node 111 marked as inactive due to heartbeat timeout
2026-03-14 11:26:13.983 [taskScheduler-6] WARN  c.q.federated.service.FederatedCoordinatorService - Node 11 marked as inactive due to heartbeat timeout
2026-03-14 11:26:13.983 [taskScheduler-6] WARN  c.q.federated.service.FederatedCoordinatorService - Node 111 marked as inactive due to heartbeat timeout
2026-03-14 11:26:19.002 [taskScheduler-6] WARN  c.q.federated.service.FederatedCoordinatorService - Node 11 marked as inactive due to heartbeat timeout
2026-03-14 11:26:19.003 [taskScheduler-6] WARN  c.q.federated.service.FederatedCoordinatorService - Node 111 marked as inactive due to heartbeat timeout
2026-03-14 11:26:24.008 [taskScheduler-6] WARN  c.q.federated.service.FederatedCoordinatorService - Node 11 marked as inactive due to heartbeat timeout
2026-03-14 11:26:24.009 [taskScheduler-6] WARN  c.q.federated.service.FederatedCoordinatorService - Node 111 marked as inactive due to heartbeat timeout
2026-03-14 11:26:29.020 [taskScheduler-6] WARN  c.q.federated.service.FederatedCoordinatorService - Node 11 marked as inactive due to heartbeat timeout
2026-03-14 11:26:29.020 [taskScheduler-6] WARN  c.q.federated.service.FederatedCoordinatorService - Node 111 marked as inactive due to heartbeat timeout
2026-03-14 11:26:34.035 [taskScheduler-6] WARN  c.q.federated.service.FederatedCoordinatorService - Node 11 marked as inactive due to heartbeat timeout
2026-03-14 11:26:34.036 [taskScheduler-6] WARN  c.q.federated.service.FederatedCoordinatorService - Node 111 marked as inactive due to heartbeat timeout
2026-03-14 11:26:39.051 [taskScheduler-6] WARN  c.q.federated.service.FederatedCoordinatorService - Node 11 marked as inactive due to heartbeat timeout
2026-03-14 11:26:39.051 [taskScheduler-6] WARN  c.q.federated.service.FederatedCoordinatorService - Node 111 marked as inactive due to heartbeat timeout
2026-03-14 11:26:44.070 [taskScheduler-6] WARN  c.q.federated.service.FederatedCoordinatorService - Node 11 marked as inactive due to heartbeat timeout
2026-03-14 11:26:44.070 [taskScheduler-6] WARN  c.q.federated.service.FederatedCoordinatorService - Node 111 marked as inactive due to heartbeat timeout
2026-03-14 11:26:49.087 [taskScheduler-6] WARN  c.q.federated.service.FederatedCoordinatorService - Node 11 marked as inactive due to heartbeat timeout
2026-03-14 11:26:49.087 [taskScheduler-6] WARN  c.q.federated.service.FederatedCoordinatorService - Node 111 marked as inactive due to heartbeat timeout
2026-03-14 11:26:54.100 [taskScheduler-6] WARN  c.q.federated.service.FederatedCoordinatorService - Node 11 marked as inactive due to heartbeat timeout
2026-03-14 11:26:54.101 [taskScheduler-6] WARN  c.q.federated.service.FederatedCoordinatorService - Node 111 marked as inactive due to heartbeat timeout
2026-03-14 11:26:59.108 [taskScheduler-6] WARN  c.q.federated.service.FederatedCoordinatorService - Node 11 marked as inactive due to heartbeat timeout
2026-03-14 11:26:59.108 [taskScheduler-6] WARN  c.q.federated.service.FederatedCoordinatorService - Node 111 marked as inactive due to heartbeat timeout
2026-03-14 11:27:04.115 [taskScheduler-6] WARN  c.q.federated.service.FederatedCoordinatorService - Node 11 marked as inactive due to heartbeat timeout
2026-03-14 11:27:04.116 [taskScheduler-6] WARN  c.q.federated.service.FederatedCoordinatorService - Node 111 marked as inactive due to heartbeat timeout
2026-03-14 11:27:09.126 [taskScheduler-6] WARN  c.q.federated.service.FederatedCoordinatorService - Node 11 marked as inactive due to heartbeat timeout
2026-03-14 11:27:09.126 [taskScheduler-6] WARN  c.q.federated.service.FederatedCoordinatorService - Node 111 marked as inactive due to heartbeat timeout
2026-03-14 11:27:14.140 [taskScheduler-6] WARN  c.q.federated.service.FederatedCoordinatorService - Node 11 marked as inactive due to heartbeat timeout
2026-03-14 11:27:14.141 [taskScheduler-6] WARN  c.q.federated.service.FederatedCoordinatorService - Node 111 marked as inactive due to heartbeat timeout
2026-03-14 11:27:19.154 [taskScheduler-6] WARN  c.q.federated.service.FederatedCoordinatorService - Node 11 marked as inactive due to heartbeat timeout
2026-03-14 11:27:19.155 [taskScheduler-6] WARN  c.q.federated.service.FederatedCoordinatorService - Node 111 marked as inactive due to heartbeat timeout
2026-03-14 11:27:24.174 [taskScheduler-6] WARN  c.q.federated.service.FederatedCoordinatorService - Node 11 marked as inactive due to heartbeat timeout
2026-03-14 11:27:24.175 [taskScheduler-6] WARN  c.q.federated.service.FederatedCoordinatorService - Node 111 marked as inactive due to heartbeat timeout
2026-03-14 11:27:29.191 [taskScheduler-6] WARN  c.q.federated.service.FederatedCoordinatorService - Node 11 marked as inactive due to heartbeat timeout
2026-03-14 11:27:29.192 [taskScheduler-6] WARN  c.q.federated.service.FederatedCoordinatorService - Node 111 marked as inactive due to heartbeat timeout
2026-03-14 11:27:34.207 [taskScheduler-6] WARN  c.q.federated.service.FederatedCoordinatorService - Node 11 marked as inactive due to heartbeat timeout
2026-03-14 11:27:34.207 [taskScheduler-6] WARN  c.q.federated.service.FederatedCoordinatorService - Node 111 marked as inactive due to heartbeat timeout
2026-03-14 11:27:39.222 [taskScheduler-6] WARN  c.q.federated.service.FederatedCoordinatorService - Node 11 marked as inactive due to heartbeat timeout
2026-03-14 11:27:39.222 [taskScheduler-6] WARN  c.q.federated.service.FederatedCoordinatorService - Node 111 marked as inactive due to heartbeat timeout
2026-03-14 11:27:44.234 [taskScheduler-6] WARN  c.q.federated.service.FederatedCoordinatorService - Node 11 marked as inactive due to heartbeat timeout
2026-03-14 11:27:44.234 [taskScheduler-6] WARN  c.q.federated.service.FederatedCoordinatorService - Node 111 marked as inactive due to heartbeat timeout
2026-03-14 11:27:49.241 [taskScheduler-6] WARN  c.q.federated.service.FederatedCoordinatorService - Node 11 marked as inactive due to heartbeat timeout
2026-03-14 11:27:49.241 [taskScheduler-6] WARN  c.q.federated.service.FederatedCoordinatorService - Node 111 marked as inactive due to heartbeat timeout
2026-03-14 11:27:54.254 [taskScheduler-6] WARN  c.q.federated.service.FederatedCoordinatorService - Node 11 marked as inactive due to heartbeat timeout
2026-03-14 11:27:54.254 [taskScheduler-6] WARN  c.q.federated.service.FederatedCoordinatorService - Node 111 marked as inactive due to heartbeat timeout
2026-03-14 11:27:59.270 [taskScheduler-6] WARN  c.q.federated.service.FederatedCoordinatorService - Node 11 marked as inactive due to heartbeat timeout
2026-03-14 11:27:59.270 [taskScheduler-6] WARN  c.q.federated.service.FederatedCoordinatorService - Node 111 marked as inactive due to heartbeat timeout
2026-03-14 11:28:04.292 [taskScheduler-6] WARN  c.q.federated.service.FederatedCoordinatorService - Node 11 marked as inactive due to heartbeat timeout
2026-03-14 11:28:04.292 [taskScheduler-6] WARN  c.q.federated.service.FederatedCoordinatorService - Node 111 marked as inactive due to heartbeat timeout
2026-03-14 11:28:09.304 [taskScheduler-6] WARN  c.q.federated.service.FederatedCoordinatorService - Node 11 marked as inactive due to heartbeat timeout
2026-03-14 11:28:09.305 [taskScheduler-6] WARN  c.q.federated.service.FederatedCoordinatorService - Node 111 marked as inactive due to heartbeat timeout
2026-03-14 11:28:14.321 [taskScheduler-6] WARN  c.q.federated.service.FederatedCoordinatorService - Node 11 marked as inactive due to heartbeat timeout
2026-03-14 11:28:14.322 [taskScheduler-6] WARN  c.q.federated.service.FederatedCoordinatorService - Node 111 marked as inactive due to heartbeat timeout
2026-03-14 11:28:19.335 [taskScheduler-6] WARN  c.q.federated.service.FederatedCoordinatorService - Node 11 marked as inactive due to heartbeat timeout
2026-03-14 11:28:19.335 [taskScheduler-6] WARN  c.q.federated.service.FederatedCoordinatorService - Node 111 marked as inactive due to heartbeat timeout
2026-03-14 11:28:24.345 [taskScheduler-6] WARN  c.q.federated.service.FederatedCoordinatorService - Node 11 marked as inactive due to heartbeat timeout
2026-03-14 11:28:24.345 [taskScheduler-6] WARN  c.q.federated.service.FederatedCoordinatorService - Node 111 marked as inactive due to heartbeat timeout
2026-03-14 11:28:29.363 [taskScheduler-6] WARN  c.q.federated.service.FederatedCoordinatorService - Node 11 marked as inactive due to heartbeat timeout
2026-03-14 11:28:29.364 [taskScheduler-6] WARN  c.q.federated.service.FederatedCoordinatorService - Node 111 marked as inactive due to heartbeat timeout
2026-03-14 11:28:34.373 [taskScheduler-6] WARN  c.q.federated.service.FederatedCoordinatorService - Node 11 marked as inactive due to heartbeat timeout
2026-03-14 11:28:34.374 [taskScheduler-6] WARN  c.q.federated.service.FederatedCoordinatorService - Node 111 marked as inactive due to heartbeat timeout
2026-03-14 11:28:39.379 [taskScheduler-6] WARN  c.q.federated.service.FederatedCoordinatorService - Node 11 marked as inactive due to heartbeat timeout
2026-03-14 11:28:39.380 [taskScheduler-6] WARN  c.q.federated.service.FederatedCoordinatorService - Node 111 marked as inactive due to heartbeat timeout
2026-03-14 11:28:44.393 [taskScheduler-6] WARN  c.q.federated.service.FederatedCoordinatorService - Node 11 marked as inactive due to heartbeat timeout
2026-03-14 11:28:44.393 [taskScheduler-6] WARN  c.q.federated.service.FederatedCoordinatorService - Node 111 marked as inactive due to heartbeat timeout
2026-03-14 11:28:49.412 [taskScheduler-6] WARN  c.q.federated.service.FederatedCoordinatorService - Node 11 marked as inactive due to heartbeat timeout
2026-03-14 11:28:49.413 [taskScheduler-6] WARN  c.q.federated.service.FederatedCoordinatorService - Node 111 marked as inactive due to heartbeat timeout
2026-03-14 11:28:54.419 [taskScheduler-6] WARN  c.q.federated.service.FederatedCoordinatorService - Node 11 marked as inactive due to heartbeat timeout
2026-03-14 11:28:54.420 [taskScheduler-6] WARN  c.q.federated.service.FederatedCoordinatorService - Node 111 marked as inactive due to heartbeat timeout
2026-03-14 11:28:59.427 [taskScheduler-6] WARN  c.q.federated.service.FederatedCoordinatorService - Node 11 marked as inactive due to heartbeat timeout
2026-03-14 11:28:59.428 [taskScheduler-6] WARN  c.q.federated.service.FederatedCoordinatorService - Node 111 marked as inactive due to heartbeat timeout
2026-03-14 11:29:04.435 [taskScheduler-6] WARN  c.q.federated.service.FederatedCoordinatorService - Node 11 marked as inactive due to heartbeat timeout
2026-03-14 11:29:04.435 [taskScheduler-6] WARN  c.q.federated.service.FederatedCoordinatorService - Node 111 marked as inactive due to heartbeat timeout
2026-03-14 11:29:09.439 [taskScheduler-6] WARN  c.q.federated.service.FederatedCoordinatorService - Node 11 marked as inactive due to heartbeat timeout
2026-03-14 11:29:09.439 [taskScheduler-6] WARN  c.q.federated.service.FederatedCoordinatorService - Node 111 marked as inactive due to heartbeat timeout
2026-03-14 11:29:14.455 [taskScheduler-6] WARN  c.q.federated.service.FederatedCoordinatorService - Node 11 marked as inactive due to heartbeat timeout
2026-03-14 11:29:14.456 [taskScheduler-6] WARN  c.q.federated.service.FederatedCoordinatorService - Node 111 marked as inactive due to heartbeat timeout
2026-03-14 11:29:19.472 [taskScheduler-6] WARN  c.q.federated.service.FederatedCoordinatorService - Node 11 marked as inactive due to heartbeat timeout
2026-03-14 11:29:19.472 [taskScheduler-6] WARN  c.q.federated.service.FederatedCoordinatorService - Node 111 marked as inactive due to heartbeat timeout
2026-03-14 11:29:24.491 [taskScheduler-6] WARN  c.q.federated.service.FederatedCoordinatorService - Node 11 marked as inactive due to heartbeat timeout
2026-03-14 11:29:24.492 [taskScheduler-6] WARN  c.q.federated.service.FederatedCoordinatorService - Node 111 marked as inactive due to heartbeat timeout
2026-03-14 11:29:29.505 [taskScheduler-6] WARN  c.q.federated.service.FederatedCoordinatorService - Node 11 marked as inactive due to heartbeat timeout
2026-03-14 11:29:29.505 [taskScheduler-6] WARN  c.q.federated.service.FederatedCoordinatorService - Node 111 marked as inactive due to heartbeat timeout
2026-03-14 11:29:34.522 [taskScheduler-6] WARN  c.q.federated.service.FederatedCoordinatorService - Node 11 marked as inactive due to heartbeat timeout
2026-03-14 11:29:34.522 [taskScheduler-6] WARN  c.q.federated.service.FederatedCoordinatorService - Node 111 marked as inactive due to heartbeat timeout
2026-03-14 11:29:39.540 [taskScheduler-6] WARN  c.q.federated.service.FederatedCoordinatorService - Node 11 marked as inactive due to heartbeat timeout
2026-03-14 11:29:39.540 [taskScheduler-6] WARN  c.q.federated.service.FederatedCoordinatorService - Node 111 marked as inactive due to heartbeat timeout
2026-03-14 11:29:44.554 [taskScheduler-6] WARN  c.q.federated.service.FederatedCoordinatorService - Node 11 marked as inactive due to heartbeat timeout
2026-03-14 11:29:44.554 [taskScheduler-6] WARN  c.q.federated.service.FederatedCoordinatorService - Node 111 marked as inactive due to heartbeat timeout
2026-03-14 11:29:49.565 [taskScheduler-6] WARN  c.q.federated.service.FederatedCoordinatorService - Node 11 marked as inactive due to heartbeat timeout
2026-03-14 11:29:49.565 [taskScheduler-6] WARN  c.q.federated.service.FederatedCoordinatorService - Node 111 marked as inactive due to heartbeat timeout
2026-03-14 11:29:54.572 [taskScheduler-6] WARN  c.q.federated.service.FederatedCoordinatorService - Node 11 marked as inactive due to heartbeat timeout
2026-03-14 11:29:54.573 [taskScheduler-6] WARN  c.q.federated.service.FederatedCoordinatorService - Node 111 marked as inactive due to heartbeat timeout
2026-03-14 11:29:59.589 [taskScheduler-6] WARN  c.q.federated.service.FederatedCoordinatorService - Node 11 marked as inactive due to heartbeat timeout
2026-03-14 11:29:59.589 [taskScheduler-6] WARN  c.q.federated.service.FederatedCoordinatorService - Node 111 marked as inactive due to heartbeat timeout
2026-03-14 11:30:04.599 [taskScheduler-6] WARN  c.q.federated.service.FederatedCoordinatorService - Node 11 marked as inactive due to heartbeat timeout
2026-03-14 11:30:04.600 [taskScheduler-6] WARN  c.q.federated.service.FederatedCoordinatorService - Node 111 marked as inactive due to heartbeat timeout
2026-03-14 11:30:09.609 [taskScheduler-6] WARN  c.q.federated.service.FederatedCoordinatorService - Node 11 marked as inactive due to heartbeat timeout
2026-03-14 11:30:09.609 [taskScheduler-6] WARN  c.q.federated.service.FederatedCoordinatorService - Node 111 marked as inactive due to heartbeat timeout
2026-03-14 11:30:14.619 [taskScheduler-6] WARN  c.q.federated.service.FederatedCoordinatorService - Node 11 marked as inactive due to heartbeat timeout
2026-03-14 11:30:14.619 [taskScheduler-6] WARN  c.q.federated.service.FederatedCoordinatorService - Node 111 marked as inactive due to heartbeat timeout
2026-03-14 11:30:19.637 [taskScheduler-6] WARN  c.q.federated.service.FederatedCoordinatorService - Node 11 marked as inactive due to heartbeat timeout
2026-03-14 11:30:19.637 [taskScheduler-6] WARN  c.q.federated.service.FederatedCoordinatorService - Node 111 marked as inactive due to heartbeat timeout
2026-03-14 11:30:24.646 [taskScheduler-6] WARN  c.q.federated.service.FederatedCoordinatorService - Node 11 marked as inactive due to heartbeat timeout
2026-03-14 11:30:24.646 [taskScheduler-6] WARN  c.q.federated.service.FederatedCoordinatorService - Node 111 marked as inactive due to heartbeat timeout
2026-03-14 11:30:29.661 [taskScheduler-6] WARN  c.q.federated.service.FederatedCoordinatorService - Node 11 marked as inactive due to heartbeat timeout
2026-03-14 11:30:29.661 [taskScheduler-6] WARN  c.q.federated.service.FederatedCoordinatorService - Node 111 marked as inactive due to heartbeat timeout
2026-03-14 11:30:34.670 [taskScheduler-6] WARN  c.q.federated.service.FederatedCoordinatorService - Node 11 marked as inactive due to heartbeat timeout
2026-03-14 11:30:34.670 [taskScheduler-6] WARN  c.q.federated.service.FederatedCoordinatorService - Node 111 marked as inactive due to heartbeat timeout
2026-03-14 11:30:39.685 [taskScheduler-6] WARN  c.q.federated.service.FederatedCoordinatorService - Node 11 marked as inactive due to heartbeat timeout
2026-03-14 11:30:39.685 [taskScheduler-6] WARN  c.q.federated.service.FederatedCoordinatorService - Node 111 marked as inactive due to heartbeat timeout
2026-03-14 11:30:44.701 [taskScheduler-6] WARN  c.q.federated.service.FederatedCoordinatorService - Node 11 marked as inactive due to heartbeat timeout
2026-03-14 11:30:44.702 [taskScheduler-6] WARN  c.q.federated.service.FederatedCoordinatorService - Node 111 marked as inactive due to heartbeat timeout
2026-03-14 11:30:49.721 [taskScheduler-6] WARN  c.q.federated.service.FederatedCoordinatorService - Node 11 marked as inactive due to heartbeat timeout
2026-03-14 11:30:49.721 [taskScheduler-6] WARN  c.q.federated.service.FederatedCoordinatorService - Node 111 marked as inactive due to heartbeat timeout
2026-03-14 11:30:54.734 [taskScheduler-6] WARN  c.q.federated.service.FederatedCoordinatorService - Node 11 marked as inactive due to heartbeat timeout
2026-03-14 11:30:54.734 [taskScheduler-6] WARN  c.q.federated.service.FederatedCoordinatorService - Node 111 marked as inactive due to heartbeat timeout
2026-03-14 11:30:59.746 [taskScheduler-6] WARN  c.q.federated.service.FederatedCoordinatorService - Node 11 marked as inactive due to heartbeat timeout
2026-03-14 11:30:59.746 [taskScheduler-6] WARN  c.q.federated.service.FederatedCoordinatorService - Node 111 marked as inactive due to heartbeat timeout
2026-03-14 11:31:04.762 [taskScheduler-6] WARN  c.q.federated.service.FederatedCoordinatorService - Node 11 marked as inactive due to heartbeat timeout
2026-03-14 11:31:04.762 [taskScheduler-6] WARN  c.q.federated.service.FederatedCoordinatorService - Node 111 marked as inactive due to heartbeat timeout
2026-03-14 11:31:09.778 [taskScheduler-6] WARN  c.q.federated.service.FederatedCoordinatorService - Node 11 marked as inactive due to heartbeat timeout
2026-03-14 11:31:09.778 [taskScheduler-6] WARN  c.q.federated.service.FederatedCoordinatorService - Node 111 marked as inactive due to heartbeat timeout
2026-03-14 11:31:14.795 [taskScheduler-6] WARN  c.q.federated.service.FederatedCoordinatorService - Node 11 marked as inactive due to heartbeat timeout
2026-03-14 11:31:14.795 [taskScheduler-6] WARN  c.q.federated.service.FederatedCoordinatorService - Node 111 marked as inactive due to heartbeat timeout
2026-03-14 11:31:19.808 [taskScheduler-6] WARN  c.q.federated.service.FederatedCoordinatorService - Node 11 marked as inactive due to heartbeat timeout
2026-03-14 11:31:19.808 [taskScheduler-6] WARN  c.q.federated.service.FederatedCoordinatorService - Node 111 marked as inactive due to heartbeat timeout
2026-03-14 11:31:24.828 [taskScheduler-6] WARN  c.q.federated.service.FederatedCoordinatorService - Node 11 marked as inactive due to heartbeat timeout
2026-03-14 11:31:24.828 [taskScheduler-6] WARN  c.q.federated.service.FederatedCoordinatorService - Node 111 marked as inactive due to heartbeat timeout
2026-03-14 11:31:29.839 [taskScheduler-6] WARN  c.q.federated.service.FederatedCoordinatorService - Node 11 marked as inactive due to heartbeat timeout
2026-03-14 11:31:29.839 [taskScheduler-6] WARN  c.q.federated.service.FederatedCoordinatorService - Node 111 marked as inactive due to heartbeat timeout
2026-03-14 11:31:34.850 [taskScheduler-6] WARN  c.q.federated.service.FederatedCoordinatorService - Node 11 marked as inactive due to heartbeat timeout
2026-03-14 11:31:34.850 [taskScheduler-6] WARN  c.q.federated.service.FederatedCoordinatorService - Node 111 marked as inactive due to heartbeat timeout
2026-03-14 11:31:39.870 [taskScheduler-6] WARN  c.q.federated.service.FederatedCoordinatorService - Node 11 marked as inactive due to heartbeat timeout
2026-03-14 11:31:39.870 [taskScheduler-6] WARN  c.q.federated.service.FederatedCoordinatorService - Node 111 marked as inactive due to heartbeat timeout
2026-03-14 11:31:44.878 [taskScheduler-6] WARN  c.q.federated.service.FederatedCoordinatorService - Node 11 marked as inactive due to heartbeat timeout
2026-03-14 11:31:44.878 [taskScheduler-6] WARN  c.q.federated.service.FederatedCoordinatorService - Node 111 marked as inactive due to heartbeat timeout
2026-03-14 11:31:49.883 [taskScheduler-6] WARN  c.q.federated.service.FederatedCoordinatorService - Node 11 marked as inactive due to heartbeat timeout
2026-03-14 11:31:49.883 [taskScheduler-6] WARN  c.q.federated.service.FederatedCoordinatorService - Node 111 marked as inactive due to heartbeat timeout
2026-03-14 11:31:54.899 [taskScheduler-6] WARN  c.q.federated.service.FederatedCoordinatorService - Node 11 marked as inactive due to heartbeat timeout
2026-03-14 11:31:54.899 [taskScheduler-6] WARN  c.q.federated.service.FederatedCoordinatorService - Node 111 marked as inactive due to heartbeat timeout
2026-03-14 11:31:59.914 [taskScheduler-6] WARN  c.q.federated.service.FederatedCoordinatorService - Node 11 marked as inactive due to heartbeat timeout
2026-03-14 11:31:59.914 [taskScheduler-6] WARN  c.q.federated.service.FederatedCoordinatorService - Node 111 marked as inactive due to heartbeat timeout
2026-03-14 11:32:04.917 [taskScheduler-6] WARN  c.q.federated.service.FederatedCoordinatorService - Node 11 marked as inactive due to heartbeat timeout
2026-03-14 11:32:04.918 [taskScheduler-6] WARN  c.q.federated.service.FederatedCoordinatorService - Node 111 marked as inactive due to heartbeat timeout
2026-03-14 11:32:09.934 [taskScheduler-6] WARN  c.q.federated.service.FederatedCoordinatorService - Node 11 marked as inactive due to heartbeat timeout
2026-03-14 11:32:09.935 [taskScheduler-6] WARN  c.q.federated.service.FederatedCoordinatorService - Node 111 marked as inactive due to heartbeat timeout
2026-03-14 11:32:14.941 [taskScheduler-6] WARN  c.q.federated.service.FederatedCoordinatorService - Node 11 marked as inactive due to heartbeat timeout
2026-03-14 11:32:14.941 [taskScheduler-6] WARN  c.q.federated.service.FederatedCoordinatorService - Node 111 marked as inactive due to heartbeat timeout
2026-03-14 11:32:19.952 [taskScheduler-6] WARN  c.q.federated.service.FederatedCoordinatorService - Node 11 marked as inactive due to heartbeat timeout
2026-03-14 11:32:19.952 [taskScheduler-6] WARN  c.q.federated.service.FederatedCoordinatorService - Node 111 marked as inactive due to heartbeat timeout
2026-03-14 11:32:24.965 [taskScheduler-6] WARN  c.q.federated.service.FederatedCoordinatorService - Node 11 marked as inactive due to heartbeat timeout
2026-03-14 11:32:24.966 [taskScheduler-6] WARN  c.q.federated.service.FederatedCoordinatorService - Node 111 marked as inactive due to heartbeat timeout
2026-03-14 11:32:29.979 [taskScheduler-6] WARN  c.q.federated.service.FederatedCoordinatorService - Node 11 marked as inactive due to heartbeat timeout
2026-03-14 11:32:29.980 [taskScheduler-6] WARN  c.q.federated.service.FederatedCoordinatorService - Node 111 marked as inactive due to heartbeat timeout
2026-03-14 11:32:34.990 [taskScheduler-6] WARN  c.q.federated.service.FederatedCoordinatorService - Node 11 marked as inactive due to heartbeat timeout
2026-03-14 11:32:34.991 [taskScheduler-6] WARN  c.q.federated.service.FederatedCoordinatorService - Node 111 marked as inactive due to heartbeat timeout
2026-03-14 11:32:40.000 [taskScheduler-6] WARN  c.q.federated.service.FederatedCoordinatorService - Node 11 marked as inactive due to heartbeat timeout
2026-03-14 11:32:40.000 [taskScheduler-6] WARN  c.q.federated.service.FederatedCoordinatorService - Node 111 marked as inactive due to heartbeat timeout
2026-03-14 11:32:45.011 [taskScheduler-6] WARN  c.q.federated.service.FederatedCoordinatorService - Node 11 marked as inactive due to heartbeat timeout
2026-03-14 11:32:45.011 [taskScheduler-6] WARN  c.q.federated.service.FederatedCoordinatorService - Node 111 marked as inactive due to heartbeat timeout
2026-03-14 11:32:50.018 [taskScheduler-6] WARN  c.q.federated.service.FederatedCoordinatorService - Node 11 marked as inactive due to heartbeat timeout
2026-03-14 11:32:50.018 [taskScheduler-6] WARN  c.q.federated.service.FederatedCoordinatorService - Node 111 marked as inactive due to heartbeat timeout
2026-03-14 11:32:55.027 [taskScheduler-6] WARN  c.q.federated.service.FederatedCoordinatorService - Node 11 marked as inactive due to heartbeat timeout
2026-03-14 11:32:55.028 [taskScheduler-6] WARN  c.q.federated.service.FederatedCoordinatorService - Node 111 marked as inactive due to heartbeat timeout
2026-03-14 11:33:00.039 [taskScheduler-6] WARN  c.q.federated.service.FederatedCoordinatorService - Node 11 marked as inactive due to heartbeat timeout
2026-03-14 11:33:00.039 [taskScheduler-6] WARN  c.q.federated.service.FederatedCoordinatorService - Node 111 marked as inactive due to heartbeat timeout
2026-03-14 11:33:05.058 [taskScheduler-6] WARN  c.q.federated.service.FederatedCoordinatorService - Node 11 marked as inactive due to heartbeat timeout
2026-03-14 11:33:05.058 [taskScheduler-6] WARN  c.q.federated.service.FederatedCoordinatorService - Node 111 marked as inactive due to heartbeat timeout
2026-03-14 11:33:10.067 [taskScheduler-6] WARN  c.q.federated.service.FederatedCoordinatorService - Node 11 marked as inactive due to heartbeat timeout
2026-03-14 11:33:10.067 [taskScheduler-6] WARN  c.q.federated.service.FederatedCoordinatorService - Node 111 marked as inactive due to heartbeat timeout
2026-03-14 11:33:15.085 [taskScheduler-6] WARN  c.q.federated.service.FederatedCoordinatorService - Node 11 marked as inactive due to heartbeat timeout
2026-03-14 11:33:15.085 [taskScheduler-6] WARN  c.q.federated.service.FederatedCoordinatorService - Node 111 marked as inactive due to heartbeat timeout
2026-03-14 11:33:20.099 [taskScheduler-6] WARN  c.q.federated.service.FederatedCoordinatorService - Node 11 marked as inactive due to heartbeat timeout
2026-03-14 11:33:20.100 [taskScheduler-6] WARN  c.q.federated.service.FederatedCoordinatorService - Node 111 marked as inactive due to heartbeat timeout
2026-03-14 11:33:25.108 [taskScheduler-6] WARN  c.q.federated.service.FederatedCoordinatorService - Node 11 marked as inactive due to heartbeat timeout
2026-03-14 11:33:25.108 [taskScheduler-6] WARN  c.q.federated.service.FederatedCoordinatorService - Node 111 marked as inactive due to heartbeat timeout
2026-03-14 11:33:30.116 [taskScheduler-6] WARN  c.q.federated.service.FederatedCoordinatorService - Node 11 marked as inactive due to heartbeat timeout
2026-03-14 11:33:30.116 [taskScheduler-6] WARN  c.q.federated.service.FederatedCoordinatorService - Node 111 marked as inactive due to heartbeat timeout
2026-03-14 11:33:35.132 [taskScheduler-6] WARN  c.q.federated.service.FederatedCoordinatorService - Node 11 marked as inactive due to heartbeat timeout
2026-03-14 11:33:35.133 [taskScheduler-6] WARN  c.q.federated.service.FederatedCoordinatorService - Node 111 marked as inactive due to heartbeat timeout
2026-03-14 11:33:40.150 [taskScheduler-6] WARN  c.q.federated.service.FederatedCoordinatorService - Node 11 marked as inactive due to heartbeat timeout
2026-03-14 11:33:40.150 [taskScheduler-6] WARN  c.q.federated.service.FederatedCoordinatorService - Node 111 marked as inactive due to heartbeat timeout
2026-03-14 11:33:45.160 [taskScheduler-6] WARN  c.q.federated.service.FederatedCoordinatorService - Node 11 marked as inactive due to heartbeat timeout
2026-03-14 11:33:45.160 [taskScheduler-6] WARN  c.q.federated.service.FederatedCoordinatorService - Node 111 marked as inactive due to heartbeat timeout
2026-03-14 11:33:50.168 [taskScheduler-6] WARN  c.q.federated.service.FederatedCoordinatorService - Node 11 marked as inactive due to heartbeat timeout
2026-03-14 11:33:50.168 [taskScheduler-6] WARN  c.q.federated.service.FederatedCoordinatorService - Node 111 marked as inactive due to heartbeat timeout
2026-03-14 11:33:55.181 [taskScheduler-6] WARN  c.q.federated.service.FederatedCoordinatorService - Node 11 marked as inactive due to heartbeat timeout
2026-03-14 11:33:55.181 [taskScheduler-6] WARN  c.q.federated.service.FederatedCoordinatorService - Node 111 marked as inactive due to heartbeat timeout
2026-03-14 11:34:00.192 [taskScheduler-6] WARN  c.q.federated.service.FederatedCoordinatorService - Node 11 marked as inactive due to heartbeat timeout
2026-03-14 11:34:00.192 [taskScheduler-6] WARN  c.q.federated.service.FederatedCoordinatorService - Node 111 marked as inactive due to heartbeat timeout
2026-03-14 11:34:05.205 [taskScheduler-6] WARN  c.q.federated.service.FederatedCoordinatorService - Node 11 marked as inactive due to heartbeat timeout
2026-03-14 11:34:05.205 [taskScheduler-6] WARN  c.q.federated.service.FederatedCoordinatorService - Node 111 marked as inactive due to heartbeat timeout
2026-03-14 11:34:10.210 [taskScheduler-6] WARN  c.q.federated.service.FederatedCoordinatorService - Node 11 marked as inactive due to heartbeat timeout
2026-03-14 11:34:10.211 [taskScheduler-6] WARN  c.q.federated.service.FederatedCoordinatorService - Node 111 marked as inactive due to heartbeat timeout
2026-03-14 11:34:15.219 [taskScheduler-6] WARN  c.q.federated.service.FederatedCoordinatorService - Node 11 marked as inactive due to heartbeat timeout
2026-03-14 11:34:15.219 [taskScheduler-6] WARN  c.q.federated.service.FederatedCoordinatorService - Node 111 marked as inactive due to heartbeat timeout
2026-03-14 11:34:20.229 [taskScheduler-6] WARN  c.q.federated.service.FederatedCoordinatorService - Node 11 marked as inactive due to heartbeat timeout
2026-03-14 11:34:20.229 [taskScheduler-6] WARN  c.q.federated.service.FederatedCoordinatorService - Node 111 marked as inactive due to heartbeat timeout
2026-03-14 11:34:25.243 [taskScheduler-6] WARN  c.q.federated.service.FederatedCoordinatorService - Node 11 marked as inactive due to heartbeat timeout
2026-03-14 11:34:25.244 [taskScheduler-6] WARN  c.q.federated.service.FederatedCoordinatorService - Node 111 marked as inactive due to heartbeat timeout
2026-03-14 11:34:30.251 [taskScheduler-6] WARN  c.q.federated.service.FederatedCoordinatorService - Node 11 marked as inactive due to heartbeat timeout
2026-03-14 11:34:30.251 [taskScheduler-6] WARN  c.q.federated.service.FederatedCoordinatorService - Node 111 marked as inactive due to heartbeat timeout
2026-03-14 11:34:35.265 [taskScheduler-6] WARN  c.q.federated.service.FederatedCoordinatorService - Node 11 marked as inactive due to heartbeat timeout
2026-03-14 11:34:35.265 [taskScheduler-6] WARN  c.q.federated.service.FederatedCoordinatorService - Node 111 marked as inactive due to heartbeat timeout
2026-03-14 11:34:40.274 [taskScheduler-6] WARN  c.q.federated.service.FederatedCoordinatorService - Node 11 marked as inactive due to heartbeat timeout
2026-03-14 11:34:40.275 [taskScheduler-6] WARN  c.q.federated.service.FederatedCoordinatorService - Node 111 marked as inactive due to heartbeat timeout
2026-03-14 11:34:45.290 [taskScheduler-6] WARN  c.q.federated.service.FederatedCoordinatorService - Node 11 marked as inactive due to heartbeat timeout
2026-03-14 11:34:45.290 [taskScheduler-6] WARN  c.q.federated.service.FederatedCoordinatorService - Node 111 marked as inactive due to heartbeat timeout
2026-03-14 11:34:50.305 [taskScheduler-6] WARN  c.q.federated.service.FederatedCoordinatorService - Node 11 marked as inactive due to heartbeat timeout
2026-03-14 11:34:50.306 [taskScheduler-6] WARN  c.q.federated.service.FederatedCoordinatorService - Node 111 marked as inactive due to heartbeat timeout
2026-03-14 11:34:55.313 [taskScheduler-6] WARN  c.q.federated.service.FederatedCoordinatorService - Node 11 marked as inactive due to heartbeat timeout
2026-03-14 11:34:55.314 [taskScheduler-6] WARN  c.q.federated.service.FederatedCoordinatorService - Node 111 marked as inactive due to heartbeat timeout
2026-03-14 11:35:00.329 [taskScheduler-6] WARN  c.q.federated.service.FederatedCoordinatorService - Node 11 marked as inactive due to heartbeat timeout
2026-03-14 11:35:00.329 [taskScheduler-6] WARN  c.q.federated.service.FederatedCoordinatorService - Node 111 marked as inactive due to heartbeat timeout
2026-03-14 11:35:05.340 [taskScheduler-6] WARN  c.q.federated.service.FederatedCoordinatorService - Node 11 marked as inactive due to heartbeat timeout
2026-03-14 11:35:05.340 [taskScheduler-6] WARN  c.q.federated.service.FederatedCoordinatorService - Node 111 marked as inactive due to heartbeat timeout
2026-03-14 11:35:10.354 [taskScheduler-6] WARN  c.q.federated.service.FederatedCoordinatorService - Node 11 marked as inactive due to heartbeat timeout
2026-03-14 11:35:10.355 [taskScheduler-6] WARN  c.q.federated.service.FederatedCoordinatorService - Node 111 marked as inactive due to heartbeat timeout
2026-03-14 11:35:15.374 [taskScheduler-6] WARN  c.q.federated.service.FederatedCoordinatorService - Node 11 marked as inactive due to heartbeat timeout
2026-03-14 11:35:15.377 [taskScheduler-6] WARN  c.q.federated.service.FederatedCoordinatorService - Node 111 marked as inactive due to heartbeat timeout
2026-03-14 11:35:20.406 [taskScheduler-6] WARN  c.q.federated.service.FederatedCoordinatorService - Node 11 marked as inactive due to heartbeat timeout
2026-03-14 11:35:20.439 [taskScheduler-6] WARN  c.q.federated.service.FederatedCoordinatorService - Node 111 marked as inactive due to heartbeat timeout
2026-03-14 11:35:25.598 [taskScheduler-6] WARN  c.q.federated.service.FederatedCoordinatorService - Node 11 marked as inactive due to heartbeat timeout
2026-03-14 11:35:25.599 [taskScheduler-6] WARN  c.q.federated.service.FederatedCoordinatorService - Node 111 marked as inactive due to heartbeat timeout
2026-03-14 11:35:30.613 [taskScheduler-6] WARN  c.q.federated.service.FederatedCoordinatorService - Node 11 marked as inactive due to heartbeat timeout
2026-03-14 11:35:30.614 [taskScheduler-6] WARN  c.q.federated.service.FederatedCoordinatorService - Node 111 marked as inactive due to heartbeat timeout
2026-03-14 11:35:35.622 [taskScheduler-6] WARN  c.q.federated.service.FederatedCoordinatorService - Node 11 marked as inactive due to heartbeat timeout
2026-03-14 11:35:35.622 [taskScheduler-6] WARN  c.q.federated.service.FederatedCoordinatorService - Node 111 marked as inactive due to heartbeat timeout
2026-03-14 11:35:40.636 [taskScheduler-6] WARN  c.q.federated.service.FederatedCoordinatorService - Node 11 marked as inactive due to heartbeat timeout
2026-03-14 11:35:40.637 [taskScheduler-6] WARN  c.q.federated.service.FederatedCoordinatorService - Node 111 marked as inactive due to heartbeat timeout
2026-03-14 11:35:45.649 [taskScheduler-6] WARN  c.q.federated.service.FederatedCoordinatorService - Node 11 marked as inactive due to heartbeat timeout
2026-03-14 11:35:45.650 [taskScheduler-6] WARN  c.q.federated.service.FederatedCoordinatorService - Node 111 marked as inactive due to heartbeat timeout
2026-03-14 11:35:50.663 [taskScheduler-6] WARN  c.q.federated.service.FederatedCoordinatorService - Node 11 marked as inactive due to heartbeat timeout
2026-03-14 11:35:50.663 [taskScheduler-6] WARN  c.q.federated.service.FederatedCoordinatorService - Node 111 marked as inactive due to heartbeat timeout
2026-03-14 11:35:55.684 [taskScheduler-6] WARN  c.q.federated.service.FederatedCoordinatorService - Node 11 marked as inactive due to heartbeat timeout
2026-03-14 11:35:55.685 [taskScheduler-6] WARN  c.q.federated.service.FederatedCoordinatorService - Node 111 marked as inactive due to heartbeat timeout
2026-03-14 11:36:00.691 [taskScheduler-6] WARN  c.q.federated.service.FederatedCoordinatorService - Node 11 marked as inactive due to heartbeat timeout
2026-03-14 11:36:00.691 [taskScheduler-6] WARN  c.q.federated.service.FederatedCoordinatorService - Node 111 marked as inactive due to heartbeat timeout
2026-03-14 11:36:05.708 [taskScheduler-6] WARN  c.q.federated.service.FederatedCoordinatorService - Node 11 marked as inactive due to heartbeat timeout
2026-03-14 11:36:05.709 [taskScheduler-6] WARN  c.q.federated.service.FederatedCoordinatorService - Node 111 marked as inactive due to heartbeat timeout
2026-03-14 11:36:10.722 [taskScheduler-6] WARN  c.q.federated.service.FederatedCoordinatorService - Node 11 marked as inactive due to heartbeat timeout
2026-03-14 11:36:10.722 [taskScheduler-6] WARN  c.q.federated.service.FederatedCoordinatorService - Node 111 marked as inactive due to heartbeat timeout
2026-03-14 11:36:15.728 [taskScheduler-6] WARN  c.q.federated.service.FederatedCoordinatorService - Node 11 marked as inactive due to heartbeat timeout
2026-03-14 11:36:15.728 [taskScheduler-6] WARN  c.q.federated.service.FederatedCoordinatorService - Node 111 marked as inactive due to heartbeat timeout
2026-03-14 11:36:20.744 [taskScheduler-6] WARN  c.q.federated.service.FederatedCoordinatorService - Node 11 marked as inactive due to heartbeat timeout
2026-03-14 11:36:20.745 [taskScheduler-6] WARN  c.q.federated.service.FederatedCoordinatorService - Node 111 marked as inactive due to heartbeat timeout
2026-03-14 11:36:25.761 [taskScheduler-6] WARN  c.q.federated.service.FederatedCoordinatorService - Node 11 marked as inactive due to heartbeat timeout
2026-03-14 11:36:25.761 [taskScheduler-6] WARN  c.q.federated.service.FederatedCoordinatorService - Node 111 marked as inactive due to heartbeat timeout
2026-03-14 11:36:30.776 [taskScheduler-6] WARN  c.q.federated.service.FederatedCoordinatorService - Node 11 marked as inactive due to heartbeat timeout
2026-03-14 11:36:30.776 [taskScheduler-6] WARN  c.q.federated.service.FederatedCoordinatorService - Node 111 marked as inactive due to heartbeat timeout
2026-03-14 11:36:35.793 [taskScheduler-6] WARN  c.q.federated.service.FederatedCoordinatorService - Node 11 marked as inactive due to heartbeat timeout
2026-03-14 11:36:35.793 [taskScheduler-6] WARN  c.q.federated.service.FederatedCoordinatorService - Node 111 marked as inactive due to heartbeat timeout
2026-03-14 11:36:40.812 [taskScheduler-6] WARN  c.q.federated.service.FederatedCoordinatorService - Node 11 marked as inactive due to heartbeat timeout
2026-03-14 11:36:40.812 [taskScheduler-6] WARN  c.q.federated.service.FederatedCoordinatorService - Node 111 marked as inactive due to heartbeat timeout
2026-03-14 11:36:45.825 [taskScheduler-6] WARN  c.q.federated.service.FederatedCoordinatorService - Node 11 marked as inactive due to heartbeat timeout
2026-03-14 11:36:45.826 [taskScheduler-6] WARN  c.q.federated.service.FederatedCoordinatorService - Node 111 marked as inactive due to heartbeat timeout
2026-03-14 11:36:50.845 [taskScheduler-6] WARN  c.q.federated.service.FederatedCoordinatorService - Node 11 marked as inactive due to heartbeat timeout
2026-03-14 11:36:50.846 [taskScheduler-6] WARN  c.q.federated.service.FederatedCoordinatorService - Node 111 marked as inactive due to heartbeat timeout
2026-03-14 11:36:55.854 [taskScheduler-6] WARN  c.q.federated.service.FederatedCoordinatorService - Node 11 marked as inactive due to heartbeat timeout
2026-03-14 11:36:55.854 [taskScheduler-6] WARN  c.q.federated.service.FederatedCoordinatorService - Node 111 marked as inactive due to heartbeat timeout
2026-03-14 11:37:00.868 [taskScheduler-6] WARN  c.q.federated.service.FederatedCoordinatorService - Node 11 marked as inactive due to heartbeat timeout
2026-03-14 11:37:00.868 [taskScheduler-6] WARN  c.q.federated.service.FederatedCoordinatorService - Node 111 marked as inactive due to heartbeat timeout
2026-03-14 11:37:05.881 [taskScheduler-6] WARN  c.q.federated.service.FederatedCoordinatorService - Node 11 marked as inactive due to heartbeat timeout
2026-03-14 11:37:05.881 [taskScheduler-6] WARN  c.q.federated.service.FederatedCoordinatorService - Node 111 marked as inactive due to heartbeat timeout
2026-03-14 11:37:10.896 [taskScheduler-6] WARN  c.q.federated.service.FederatedCoordinatorService - Node 11 marked as inactive due to heartbeat timeout
2026-03-14 11:37:10.897 [taskScheduler-6] WARN  c.q.federated.service.FederatedCoordinatorService - Node 111 marked as inactive due to heartbeat timeout
2026-03-14 11:37:15.908 [taskScheduler-6] WARN  c.q.federated.service.FederatedCoordinatorService - Node 11 marked as inactive due to heartbeat timeout
2026-03-14 11:37:15.909 [taskScheduler-6] WARN  c.q.federated.service.FederatedCoordinatorService - Node 111 marked as inactive due to heartbeat timeout
2026-03-14 11:37:20.918 [taskScheduler-6] WARN  c.q.federated.service.FederatedCoordinatorService - Node 11 marked as inactive due to heartbeat timeout
2026-03-14 11:37:20.918 [taskScheduler-6] WARN  c.q.federated.service.FederatedCoordinatorService - Node 111 marked as inactive due to heartbeat timeout
2026-03-14 11:37:25.936 [taskScheduler-6] WARN  c.q.federated.service.FederatedCoordinatorService - Node 11 marked as inactive due to heartbeat timeout
2026-03-14 11:37:25.936 [taskScheduler-6] WARN  c.q.federated.service.FederatedCoordinatorService - Node 111 marked as inactive due to heartbeat timeout
2026-03-14 11:37:30.945 [taskScheduler-6] WARN  c.q.federated.service.FederatedCoordinatorService - Node 11 marked as inactive due to heartbeat timeout
2026-03-14 11:37:30.945 [taskScheduler-6] WARN  c.q.federated.service.FederatedCoordinatorService - Node 111 marked as inactive due to heartbeat timeout
2026-03-14 11:37:35.960 [taskScheduler-6] WARN  c.q.federated.service.FederatedCoordinatorService - Node 11 marked as inactive due to heartbeat timeout
2026-03-14 11:37:35.960 [taskScheduler-6] WARN  c.q.federated.service.FederatedCoordinatorService - Node 111 marked as inactive due to heartbeat timeout
2026-03-14 11:37:40.973 [taskScheduler-6] WARN  c.q.federated.service.FederatedCoordinatorService - Node 11 marked as inactive due to heartbeat timeout
2026-03-14 11:37:40.973 [taskScheduler-6] WARN  c.q.federated.service.FederatedCoordinatorService - Node 111 marked as inactive due to heartbeat timeout
2026-03-14 11:37:45.988 [taskScheduler-6] WARN  c.q.federated.service.FederatedCoordinatorService - Node 11 marked as inactive due to heartbeat timeout
2026-03-14 11:37:45.988 [taskScheduler-6] WARN  c.q.federated.service.FederatedCoordinatorService - Node 111 marked as inactive due to heartbeat timeout
2026-03-14 11:37:51.008 [taskScheduler-6] WARN  c.q.federated.service.FederatedCoordinatorService - Node 11 marked as inactive due to heartbeat timeout
2026-03-14 11:37:51.008 [taskScheduler-6] WARN  c.q.federated.service.FederatedCoordinatorService - Node 111 marked as inactive due to heartbeat timeout
2026-03-14 11:37:56.018 [taskScheduler-6] WARN  c.q.federated.service.FederatedCoordinatorService - Node 11 marked as inactive due to heartbeat timeout
2026-03-14 11:37:56.019 [taskScheduler-6] WARN  c.q.federated.service.FederatedCoordinatorService - Node 111 marked as inactive due to heartbeat timeout
2026-03-14 11:38:01.034 [taskScheduler-6] WARN  c.q.federated.service.FederatedCoordinatorService - Node 11 marked as inactive due to heartbeat timeout
2026-03-14 11:38:01.034 [taskScheduler-6] WARN  c.q.federated.service.FederatedCoordinatorService - Node 111 marked as inactive due to heartbeat timeout
2026-03-14 11:38:06.040 [taskScheduler-6] WARN  c.q.federated.service.FederatedCoordinatorService - Node 11 marked as inactive due to heartbeat timeout
2026-03-14 11:38:06.041 [taskScheduler-6] WARN  c.q.federated.service.FederatedCoordinatorService - Node 111 marked as inactive due to heartbeat timeout
2026-03-14 11:38:11.056 [taskScheduler-6] WARN  c.q.federated.service.FederatedCoordinatorService - Node 11 marked as inactive due to heartbeat timeout
2026-03-14 11:38:11.057 [taskScheduler-6] WARN  c.q.federated.service.FederatedCoordinatorService - Node 111 marked as inactive due to heartbeat timeout
2026-03-14 11:38:16.071 [taskScheduler-6] WARN  c.q.federated.service.FederatedCoordinatorService - Node 11 marked as inactive due to heartbeat timeout
2026-03-14 11:38:16.071 [taskScheduler-6] WARN  c.q.federated.service.FederatedCoordinatorService - Node 111 marked as inactive due to heartbeat timeout
2026-03-14 11:38:21.090 [taskScheduler-6] WARN  c.q.federated.service.FederatedCoordinatorService - Node 11 marked as inactive due to heartbeat timeout
2026-03-14 11:38:21.090 [taskScheduler-6] WARN  c.q.federated.service.FederatedCoordinatorService - Node 111 marked as inactive due to heartbeat timeout
2026-03-14 11:38:26.106 [taskScheduler-6] WARN  c.q.federated.service.FederatedCoordinatorService - Node 11 marked as inactive due to heartbeat timeout
2026-03-14 11:38:26.107 [taskScheduler-6] WARN  c.q.federated.service.FederatedCoordinatorService - Node 111 marked as inactive due to heartbeat timeout
2026-03-14 11:38:31.116 [taskScheduler-6] WARN  c.q.federated.service.FederatedCoordinatorService - Node 11 marked as inactive due to heartbeat timeout
2026-03-14 11:38:31.116 [taskScheduler-6] WARN  c.q.federated.service.FederatedCoordinatorService - Node 111 marked as inactive due to heartbeat timeout
2026-03-14 11:38:36.131 [taskScheduler-6] WARN  c.q.federated.service.FederatedCoordinatorService - Node 11 marked as inactive due to heartbeat timeout
2026-03-14 11:38:36.132 [taskScheduler-6] WARN  c.q.federated.service.FederatedCoordinatorService - Node 111 marked as inactive due to heartbeat timeout
2026-03-14 11:38:41.150 [taskScheduler-6] WARN  c.q.federated.service.FederatedCoordinatorService - Node 11 marked as inactive due to heartbeat timeout
2026-03-14 11:38:41.151 [taskScheduler-6] WARN  c.q.federated.service.FederatedCoordinatorService - Node 111 marked as inactive due to heartbeat timeout
2026-03-14 11:38:46.171 [taskScheduler-6] WARN  c.q.federated.service.FederatedCoordinatorService - Node 11 marked as inactive due to heartbeat timeout
2026-03-14 11:38:46.172 [taskScheduler-6] WARN  c.q.federated.service.FederatedCoordinatorService - Node 111 marked as inactive due to heartbeat timeout
2026-03-14 11:38:51.189 [taskScheduler-6] WARN  c.q.federated.service.FederatedCoordinatorService - Node 11 marked as inactive due to heartbeat timeout
2026-03-14 11:38:51.189 [taskScheduler-6] WARN  c.q.federated.service.FederatedCoordinatorService - Node 111 marked as inactive due to heartbeat timeout
2026-03-14 11:38:56.206 [taskScheduler-6] WARN  c.q.federated.service.FederatedCoordinatorService - Node 11 marked as inactive due to heartbeat timeout
2026-03-14 11:38:56.206 [taskScheduler-6] WARN  c.q.federated.service.FederatedCoordinatorService - Node 111 marked as inactive due to heartbeat timeout
2026-03-14 11:39:01.224 [taskScheduler-6] WARN  c.q.federated.service.FederatedCoordinatorService - Node 11 marked as inactive due to heartbeat timeout
2026-03-14 11:39:01.224 [taskScheduler-6] WARN  c.q.federated.service.FederatedCoordinatorService - Node 111 marked as inactive due to heartbeat timeout
2026-03-14 11:39:06.234 [taskScheduler-6] WARN  c.q.federated.service.FederatedCoordinatorService - Node 11 marked as inactive due to heartbeat timeout
2026-03-14 11:39:06.234 [taskScheduler-6] WARN  c.q.federated.service.FederatedCoordinatorService - Node 111 marked as inactive due to heartbeat timeout
2026-03-14 11:39:11.242 [taskScheduler-6] WARN  c.q.federated.service.FederatedCoordinatorService - Node 11 marked as inactive due to heartbeat timeout
2026-03-14 11:39:11.248 [taskScheduler-6] WARN  c.q.federated.service.FederatedCoordinatorService - Node 111 marked as inactive due to heartbeat timeout
2026-03-14 11:39:16.273 [taskScheduler-6] WARN  c.q.federated.service.FederatedCoordinatorService - Node 11 marked as inactive due to heartbeat timeout
2026-03-14 11:39:16.277 [taskScheduler-6] WARN  c.q.federated.service.FederatedCoordinatorService - Node 111 marked as inactive due to heartbeat timeout
2026-03-14 11:39:21.292 [taskScheduler-6] WARN  c.q.federated.service.FederatedCoordinatorService - Node 11 marked as inactive due to heartbeat timeout
2026-03-14 11:39:21.304 [taskScheduler-6] WARN  c.q.federated.service.FederatedCoordinatorService - Node 111 marked as inactive due to heartbeat timeout
2026-03-14 11:39:26.323 [taskScheduler-6] WARN  c.q.federated.service.FederatedCoordinatorService - Node 11 marked as inactive due to heartbeat timeout
2026-03-14 11:39:26.325 [taskScheduler-6] WARN  c.q.federated.service.FederatedCoordinatorService - Node 111 marked as inactive due to heartbeat timeout
2026-03-14 11:39:31.338 [taskScheduler-6] WARN  c.q.federated.service.FederatedCoordinatorService - Node 11 marked as inactive due to heartbeat timeout
2026-03-14 11:39:31.338 [taskScheduler-6] WARN  c.q.federated.service.FederatedCoordinatorService - Node 111 marked as inactive due to heartbeat timeout
2026-03-14 11:39:36.344 [taskScheduler-6] WARN  c.q.federated.service.FederatedCoordinatorService - Node 11 marked as inactive due to heartbeat timeout
2026-03-14 11:39:36.344 [taskScheduler-6] WARN  c.q.federated.service.FederatedCoordinatorService - Node 111 marked as inactive due to heartbeat timeout
2026-03-14 11:39:41.351 [taskScheduler-6] WARN  c.q.federated.service.FederatedCoordinatorService - Node 11 marked as inactive due to heartbeat timeout
2026-03-14 11:39:41.374 [taskScheduler-6] WARN  c.q.federated.service.FederatedCoordinatorService - Node 111 marked as inactive due to heartbeat timeout
2026-03-14 11:39:46.406 [taskScheduler-6] WARN  c.q.federated.service.FederatedCoordinatorService - Node 11 marked as inactive due to heartbeat timeout
2026-03-14 11:39:46.406 [taskScheduler-6] WARN  c.q.federated.service.FederatedCoordinatorService - Node 111 marked as inactive due to heartbeat timeout
2026-03-14 11:39:51.425 [taskScheduler-6] WARN  c.q.federated.service.FederatedCoordinatorService - Node 11 marked as inactive due to heartbeat timeout
2026-03-14 11:39:51.437 [taskScheduler-6] WARN  c.q.federated.service.FederatedCoordinatorService - Node 111 marked as inactive due to heartbeat timeout
2026-03-14 11:39:56.460 [taskScheduler-6] WARN  c.q.federated.service.FederatedCoordinatorService - Node 11 marked as inactive due to heartbeat timeout
2026-03-14 11:39:56.460 [taskScheduler-6] WARN  c.q.federated.service.FederatedCoordinatorService - Node 111 marked as inactive due to heartbeat timeout
2026-03-14 11:40:01.473 [taskScheduler-6] WARN  c.q.federated.service.FederatedCoordinatorService - Node 11 marked as inactive due to heartbeat timeout
2026-03-14 11:40:01.473 [taskScheduler-6] WARN  c.q.federated.service.FederatedCoordinatorService - Node 111 marked as inactive due to heartbeat timeout
2026-03-14 11:40:06.491 [taskScheduler-6] WARN  c.q.federated.service.FederatedCoordinatorService - Node 11 marked as inactive due to heartbeat timeout
2026-03-14 11:40:06.492 [taskScheduler-6] WARN  c.q.federated.service.FederatedCoordinatorService - Node 111 marked as inactive due to heartbeat timeout
2026-03-14 11:40:11.501 [taskScheduler-6] WARN  c.q.federated.service.FederatedCoordinatorService - Node 11 marked as inactive due to heartbeat timeout
2026-03-14 11:40:11.504 [taskScheduler-6] WARN  c.q.federated.service.FederatedCoordinatorService - Node 111 marked as inactive due to heartbeat timeout
2026-03-14 11:40:16.543 [taskScheduler-6] WARN  c.q.federated.service.FederatedCoordinatorService - Node 11 marked as inactive due to heartbeat timeout
2026-03-14 11:40:16.544 [taskScheduler-6] WARN  c.q.federated.service.FederatedCoordinatorService - Node 111 marked as inactive due to heartbeat timeout
2026-03-14 11:40:21.567 [taskScheduler-6] WARN  c.q.federated.service.FederatedCoordinatorService - Node 11 marked as inactive due to heartbeat timeout
2026-03-14 11:40:21.569 [taskScheduler-6] WARN  c.q.federated.service.FederatedCoordinatorService - Node 111 marked as inactive due to heartbeat timeout
2026-03-14 11:40:26.592 [taskScheduler-6] WARN  c.q.federated.service.FederatedCoordinatorService - Node 11 marked as inactive due to heartbeat timeout
2026-03-14 11:40:26.593 [taskScheduler-6] WARN  c.q.federated.service.FederatedCoordinatorService - Node 111 marked as inactive due to heartbeat timeout
2026-03-14 11:40:31.619 [taskScheduler-6] WARN  c.q.federated.service.FederatedCoordinatorService - Node 11 marked as inactive due to heartbeat timeout
2026-03-14 11:40:31.621 [taskScheduler-6] WARN  c.q.federated.service.FederatedCoordinatorService - Node 111 marked as inactive due to heartbeat timeout
2026-03-14 11:40:36.633 [taskScheduler-6] WARN  c.q.federated.service.FederatedCoordinatorService - Node 11 marked as inactive due to heartbeat timeout
2026-03-14 11:40:36.633 [taskScheduler-6] WARN  c.q.federated.service.FederatedCoordinatorService - Node 111 marked as inactive due to heartbeat timeout
2026-03-14 11:40:41.648 [taskScheduler-6] WARN  c.q.federated.service.FederatedCoordinatorService - Node 11 marked as inactive due to heartbeat timeout
2026-03-14 11:40:41.648 [taskScheduler-6] WARN  c.q.federated.service.FederatedCoordinatorService - Node 111 marked as inactive due to heartbeat timeout
2026-03-14 11:40:46.666 [taskScheduler-6] WARN  c.q.federated.service.FederatedCoordinatorService - Node 11 marked as inactive due to heartbeat timeout
2026-03-14 11:40:46.666 [taskScheduler-6] WARN  c.q.federated.service.FederatedCoordinatorService - Node 111 marked as inactive due to heartbeat timeout
2026-03-14 11:40:51.672 [taskScheduler-6] WARN  c.q.federated.service.FederatedCoordinatorService - Node 11 marked as inactive due to heartbeat timeout
2026-03-14 11:40:51.672 [taskScheduler-6] WARN  c.q.federated.service.FederatedCoordinatorService - Node 111 marked as inactive due to heartbeat timeout
2026-03-14 11:40:56.680 [taskScheduler-6] WARN  c.q.federated.service.FederatedCoordinatorService - Node 11 marked as inactive due to heartbeat timeout
2026-03-14 11:40:56.680 [taskScheduler-6] WARN  c.q.federated.service.FederatedCoordinatorService - Node 111 marked as inactive due to heartbeat timeout
2026-03-14 11:41:01.692 [taskScheduler-6] WARN  c.q.federated.service.FederatedCoordinatorService - Node 11 marked as inactive due to heartbeat timeout
2026-03-14 11:41:01.694 [taskScheduler-6] WARN  c.q.federated.service.FederatedCoordinatorService - Node 111 marked as inactive due to heartbeat timeout
2026-03-14 11:41:06.707 [taskScheduler-6] WARN  c.q.federated.service.FederatedCoordinatorService - Node 11 marked as inactive due to heartbeat timeout
2026-03-14 11:41:06.709 [taskScheduler-6] WARN  c.q.federated.service.FederatedCoordinatorService - Node 111 marked as inactive due to heartbeat timeout
2026-03-14 11:41:11.722 [taskScheduler-6] WARN  c.q.federated.service.FederatedCoordinatorService - Node 11 marked as inactive due to heartbeat timeout
2026-03-14 11:41:11.722 [taskScheduler-6] WARN  c.q.federated.service.FederatedCoordinatorService - Node 111 marked as inactive due to heartbeat timeout
2026-03-14 11:41:16.742 [taskScheduler-6] WARN  c.q.federated.service.FederatedCoordinatorService - Node 11 marked as inactive due to heartbeat timeout
2026-03-14 11:41:16.743 [taskScheduler-6] WARN  c.q.federated.service.FederatedCoordinatorService - Node 111 marked as inactive due to heartbeat timeout
2026-03-14 11:41:21.761 [taskScheduler-6] WARN  c.q.federated.service.FederatedCoordinatorService - Node 11 marked as inactive due to heartbeat timeout
2026-03-14 11:41:21.761 [taskScheduler-6] WARN  c.q.federated.service.FederatedCoordinatorService - Node 111 marked as inactive due to heartbeat timeout
2026-03-14 11:41:26.779 [taskScheduler-6] WARN  c.q.federated.service.FederatedCoordinatorService - Node 11 marked as inactive due to heartbeat timeout
2026-03-14 11:41:26.796 [taskScheduler-6] WARN  c.q.federated.service.FederatedCoordinatorService - Node 111 marked as inactive due to heartbeat timeout
2026-03-14 11:41:31.859 [taskScheduler-6] WARN  c.q.federated.service.FederatedCoordinatorService - Node 11 marked as inactive due to heartbeat timeout
2026-03-14 11:41:31.859 [taskScheduler-6] WARN  c.q.federated.service.FederatedCoordinatorService - Node 111 marked as inactive due to heartbeat timeout
2026-03-14 11:41:36.870 [taskScheduler-6] WARN  c.q.federated.service.FederatedCoordinatorService - Node 11 marked as inactive due to heartbeat timeout
2026-03-14 11:41:36.871 [taskScheduler-6] WARN  c.q.federated.service.FederatedCoordinatorService - Node 111 marked as inactive due to heartbeat timeout
2026-03-14 11:41:41.880 [taskScheduler-6] WARN  c.q.federated.service.FederatedCoordinatorService - Node 11 marked as inactive due to heartbeat timeout
2026-03-14 11:41:41.880 [taskScheduler-6] WARN  c.q.federated.service.FederatedCoordinatorService - Node 111 marked as inactive due to heartbeat timeout
2026-03-14 11:41:46.891 [taskScheduler-6] WARN  c.q.federated.service.FederatedCoordinatorService - Node 11 marked as inactive due to heartbeat timeout
2026-03-14 11:41:46.891 [taskScheduler-6] WARN  c.q.federated.service.FederatedCoordinatorService - Node 111 marked as inactive due to heartbeat timeout
2026-03-14 11:41:51.907 [taskScheduler-6] WARN  c.q.federated.service.FederatedCoordinatorService - Node 11 marked as inactive due to heartbeat timeout
2026-03-14 11:41:51.907 [taskScheduler-6] WARN  c.q.federated.service.FederatedCoordinatorService - Node 111 marked as inactive due to heartbeat timeout
2026-03-14 11:41:56.919 [taskScheduler-6] WARN  c.q.federated.service.FederatedCoordinatorService - Node 11 marked as inactive due to heartbeat timeout
2026-03-14 11:41:56.920 [taskScheduler-6] WARN  c.q.federated.service.FederatedCoordinatorService - Node 111 marked as inactive due to heartbeat timeout
2026-03-14 11:42:01.935 [taskScheduler-6] WARN  c.q.federated.service.FederatedCoordinatorService - Node 11 marked as inactive due to heartbeat timeout
2026-03-14 11:42:01.936 [taskScheduler-6] WARN  c.q.federated.service.FederatedCoordinatorService - Node 111 marked as inactive due to heartbeat timeout
2026-03-14 11:42:06.950 [taskScheduler-6] WARN  c.q.federated.service.FederatedCoordinatorService - Node 11 marked as inactive due to heartbeat timeout
2026-03-14 11:42:06.951 [taskScheduler-6] WARN  c.q.federated.service.FederatedCoordinatorService - Node 111 marked as inactive due to heartbeat timeout
2026-03-14 11:42:11.962 [taskScheduler-6] WARN  c.q.federated.service.FederatedCoordinatorService - Node 11 marked as inactive due to heartbeat timeout
2026-03-14 11:42:11.963 [taskScheduler-6] WARN  c.q.federated.service.FederatedCoordinatorService - Node 111 marked as inactive due to heartbeat timeout
2026-03-14 11:42:16.970 [taskScheduler-6] WARN  c.q.federated.service.FederatedCoordinatorService - Node 11 marked as inactive due to heartbeat timeout
2026-03-14 11:42:16.970 [taskScheduler-6] WARN  c.q.federated.service.FederatedCoordinatorService - Node 111 marked as inactive due to heartbeat timeout
2026-03-14 11:42:21.985 [taskScheduler-6] WARN  c.q.federated.service.FederatedCoordinatorService - Node 11 marked as inactive due to heartbeat timeout
2026-03-14 11:42:21.985 [taskScheduler-6] WARN  c.q.federated.service.FederatedCoordinatorService - Node 111 marked as inactive due to heartbeat timeout
2026-03-14 11:42:26.993 [taskScheduler-6] WARN  c.q.federated.service.FederatedCoordinatorService - Node 11 marked as inactive due to heartbeat timeout
2026-03-14 11:42:26.994 [taskScheduler-6] WARN  c.q.federated.service.FederatedCoordinatorService - Node 111 marked as inactive due to heartbeat timeout
2026-03-14 11:42:32.001 [taskScheduler-6] WARN  c.q.federated.service.FederatedCoordinatorService - Node 11 marked as inactive due to heartbeat timeout
2026-03-14 11:42:32.001 [taskScheduler-6] WARN  c.q.federated.service.FederatedCoordinatorService - Node 111 marked as inactive due to heartbeat timeout
2026-03-14 11:42:37.016 [taskScheduler-6] WARN  c.q.federated.service.FederatedCoordinatorService - Node 11 marked as inactive due to heartbeat timeout
2026-03-14 11:42:37.016 [taskScheduler-6] WARN  c.q.federated.service.FederatedCoordinatorService - Node 111 marked as inactive due to heartbeat timeout
2026-03-14 11:42:42.029 [taskScheduler-6] WARN  c.q.federated.service.FederatedCoordinatorService - Node 11 marked as inactive due to heartbeat timeout
2026-03-14 11:42:42.030 [taskScheduler-6] WARN  c.q.federated.service.FederatedCoordinatorService - Node 111 marked as inactive due to heartbeat timeout
2026-03-14 11:42:47.042 [taskScheduler-6] WARN  c.q.federated.service.FederatedCoordinatorService - Node 11 marked as inactive due to heartbeat timeout
2026-03-14 11:42:47.043 [taskScheduler-6] WARN  c.q.federated.service.FederatedCoordinatorService - Node 111 marked as inactive due to heartbeat timeout
2026-03-14 11:42:52.048 [taskScheduler-6] WARN  c.q.federated.service.FederatedCoordinatorService - Node 11 marked as inactive due to heartbeat timeout
2026-03-14 11:42:52.048 [taskScheduler-6] WARN  c.q.federated.service.FederatedCoordinatorService - Node 111 marked as inactive due to heartbeat timeout
2026-03-14 11:42:57.065 [taskScheduler-6] WARN  c.q.federated.service.FederatedCoordinatorService - Node 11 marked as inactive due to heartbeat timeout
2026-03-14 11:42:57.066 [taskScheduler-6] WARN  c.q.federated.service.FederatedCoordinatorService - Node 111 marked as inactive due to heartbeat timeout
2026-03-14 11:43:02.073 [taskScheduler-6] WARN  c.q.federated.service.FederatedCoordinatorService - Node 11 marked as inactive due to heartbeat timeout
2026-03-14 11:43:02.073 [taskScheduler-6] WARN  c.q.federated.service.FederatedCoordinatorService - Node 111 marked as inactive due to heartbeat timeout
2026-03-14 11:43:07.082 [taskScheduler-6] WARN  c.q.federated.service.FederatedCoordinatorService - Node 11 marked as inactive due to heartbeat timeout
2026-03-14 11:43:07.083 [taskScheduler-6] WARN  c.q.federated.service.FederatedCoordinatorService - Node 111 marked as inactive due to heartbeat timeout
2026-03-14 11:43:12.097 [taskScheduler-6] WARN  c.q.federated.service.FederatedCoordinatorService - Node 11 marked as inactive due to heartbeat timeout
2026-03-14 11:43:12.097 [taskScheduler-6] WARN  c.q.federated.service.FederatedCoordinatorService - Node 111 marked as inactive due to heartbeat timeout
2026-03-14 11:43:17.115 [taskScheduler-6] WARN  c.q.federated.service.FederatedCoordinatorService - Node 11 marked as inactive due to heartbeat timeout
2026-03-14 11:43:17.116 [taskScheduler-6] WARN  c.q.federated.service.FederatedCoordinatorService - Node 111 marked as inactive due to heartbeat timeout
2026-03-14 11:43:22.134 [taskScheduler-6] WARN  c.q.federated.service.FederatedCoordinatorService - Node 11 marked as inactive due to heartbeat timeout
2026-03-14 11:43:22.135 [taskScheduler-6] WARN  c.q.federated.service.FederatedCoordinatorService - Node 111 marked as inactive due to heartbeat timeout
2026-03-14 11:43:27.150 [taskScheduler-6] WARN  c.q.federated.service.FederatedCoordinatorService - Node 11 marked as inactive due to heartbeat timeout
2026-03-14 11:43:27.151 [taskScheduler-6] WARN  c.q.federated.service.FederatedCoordinatorService - Node 111 marked as inactive due to heartbeat timeout
2026-03-14 11:43:32.166 [taskScheduler-6] WARN  c.q.federated.service.FederatedCoordinatorService - Node 11 marked as inactive due to heartbeat timeout
2026-03-14 11:43:32.166 [taskScheduler-6] WARN  c.q.federated.service.FederatedCoordinatorService - Node 111 marked as inactive due to heartbeat timeout
2026-03-14 11:43:37.174 [taskScheduler-6] WARN  c.q.federated.service.FederatedCoordinatorService - Node 11 marked as inactive due to heartbeat timeout
2026-03-14 11:43:37.174 [taskScheduler-6] WARN  c.q.federated.service.FederatedCoordinatorService - Node 111 marked as inactive due to heartbeat timeout
2026-03-14 11:43:42.185 [taskScheduler-6] WARN  c.q.federated.service.FederatedCoordinatorService - Node 11 marked as inactive due to heartbeat timeout
2026-03-14 11:43:42.187 [taskScheduler-6] WARN  c.q.federated.service.FederatedCoordinatorService - Node 111 marked as inactive due to heartbeat timeout
2026-03-14 11:43:47.199 [taskScheduler-6] WARN  c.q.federated.service.FederatedCoordinatorService - Node 11 marked as inactive due to heartbeat timeout
2026-03-14 11:43:47.200 [taskScheduler-6] WARN  c.q.federated.service.FederatedCoordinatorService - Node 111 marked as inactive due to heartbeat timeout
2026-03-14 11:43:52.212 [taskScheduler-6] WARN  c.q.federated.service.FederatedCoordinatorService - Node 11 marked as inactive due to heartbeat timeout
2026-03-14 11:43:52.212 [taskScheduler-6] WARN  c.q.federated.service.FederatedCoordinatorService - Node 111 marked as inactive due to heartbeat timeout
2026-03-14 11:43:57.226 [taskScheduler-6] WARN  c.q.federated.service.FederatedCoordinatorService - Node 11 marked as inactive due to heartbeat timeout
2026-03-14 11:43:57.227 [taskScheduler-6] WARN  c.q.federated.service.FederatedCoordinatorService - Node 111 marked as inactive due to heartbeat timeout
2026-03-14 11:44:02.234 [taskScheduler-6] WARN  c.q.federated.service.FederatedCoordinatorService - Node 11 marked as inactive due to heartbeat timeout
2026-03-14 11:44:02.235 [taskScheduler-6] WARN  c.q.federated.service.FederatedCoordinatorService - Node 111 marked as inactive due to heartbeat timeout
2026-03-14 11:44:07.244 [taskScheduler-6] WARN  c.q.federated.service.FederatedCoordinatorService - Node 11 marked as inactive due to heartbeat timeout
2026-03-14 11:44:07.245 [taskScheduler-6] WARN  c.q.federated.service.FederatedCoordinatorService - Node 111 marked as inactive due to heartbeat timeout
2026-03-14 11:44:12.260 [taskScheduler-6] WARN  c.q.federated.service.FederatedCoordinatorService - Node 11 marked as inactive due to heartbeat timeout
2026-03-14 11:44:12.261 [taskScheduler-6] WARN  c.q.federated.service.FederatedCoordinatorService - Node 111 marked as inactive due to heartbeat timeout
2026-03-14 11:44:17.279 [taskScheduler-6] WARN  c.q.federated.service.FederatedCoordinatorService - Node 11 marked as inactive due to heartbeat timeout
2026-03-14 11:44:17.279 [taskScheduler-6] WARN  c.q.federated.service.FederatedCoordinatorService - Node 111 marked as inactive due to heartbeat timeout
2026-03-14 11:44:22.286 [taskScheduler-6] WARN  c.q.federated.service.FederatedCoordinatorService - Node 11 marked as inactive due to heartbeat timeout
2026-03-14 11:44:22.286 [taskScheduler-6] WARN  c.q.federated.service.FederatedCoordinatorService - Node 111 marked as inactive due to heartbeat timeout
2026-03-14 11:44:27.297 [taskScheduler-6] WARN  c.q.federated.service.FederatedCoordinatorService - Node 11 marked as inactive due to heartbeat timeout
2026-03-14 11:44:27.297 [taskScheduler-6] WARN  c.q.federated.service.FederatedCoordinatorService - Node 111 marked as inactive due to heartbeat timeout
2026-03-14 11:44:32.316 [taskScheduler-6] WARN  c.q.federated.service.FederatedCoordinatorService - Node 11 marked as inactive due to heartbeat timeout
2026-03-14 11:44:32.316 [taskScheduler-6] WARN  c.q.federated.service.FederatedCoordinatorService - Node 111 marked as inactive due to heartbeat timeout
2026-03-14 11:44:37.326 [taskScheduler-6] WARN  c.q.federated.service.FederatedCoordinatorService - Node 11 marked as inactive due to heartbeat timeout
2026-03-14 11:44:37.327 [taskScheduler-6] WARN  c.q.federated.service.FederatedCoordinatorService - Node 111 marked as inactive due to heartbeat timeout
2026-03-14 11:44:42.334 [taskScheduler-6] WARN  c.q.federated.service.FederatedCoordinatorService - Node 11 marked as inactive due to heartbeat timeout
2026-03-14 11:44:42.335 [taskScheduler-6] WARN  c.q.federated.service.FederatedCoordinatorService - Node 111 marked as inactive due to heartbeat timeout
2026-03-14 11:44:47.344 [taskScheduler-6] WARN  c.q.federated.service.FederatedCoordinatorService - Node 11 marked as inactive due to heartbeat timeout
2026-03-14 11:44:47.344 [taskScheduler-6] WARN  c.q.federated.service.FederatedCoordinatorService - Node 111 marked as inactive due to heartbeat timeout
2026-03-14 11:44:52.363 [taskScheduler-6] WARN  c.q.federated.service.FederatedCoordinatorService - Node 11 marked as inactive due to heartbeat timeout
2026-03-14 11:44:52.364 [taskScheduler-6] WARN  c.q.federated.service.FederatedCoordinatorService - Node 111 marked as inactive due to heartbeat timeout
2026-03-14 11:44:57.385 [taskScheduler-6] WARN  c.q.federated.service.FederatedCoordinatorService - Node 11 marked as inactive due to heartbeat timeout
2026-03-14 11:44:57.385 [taskScheduler-6] WARN  c.q.federated.service.FederatedCoordinatorService - Node 111 marked as inactive due to heartbeat timeout
2026-03-14 11:45:02.401 [taskScheduler-6] WARN  c.q.federated.service.FederatedCoordinatorService - Node 11 marked as inactive due to heartbeat timeout
2026-03-14 11:45:02.401 [taskScheduler-6] WARN  c.q.federated.service.FederatedCoordinatorService - Node 111 marked as inactive due to heartbeat timeout
2026-03-14 11:45:07.415 [taskScheduler-6] WARN  c.q.federated.service.FederatedCoordinatorService - Node 11 marked as inactive due to heartbeat timeout
2026-03-14 11:45:07.415 [taskScheduler-6] WARN  c.q.federated.service.FederatedCoordinatorService - Node 111 marked as inactive due to heartbeat timeout
2026-03-14 11:45:12.429 [taskScheduler-6] WARN  c.q.federated.service.FederatedCoordinatorService - Node 11 marked as inactive due to heartbeat timeout
2026-03-14 11:45:12.429 [taskScheduler-6] WARN  c.q.federated.service.FederatedCoordinatorService - Node 111 marked as inactive due to heartbeat timeout
2026-03-14 11:45:17.446 [taskScheduler-6] WARN  c.q.federated.service.FederatedCoordinatorService - Node 11 marked as inactive due to heartbeat timeout
2026-03-14 11:45:17.446 [taskScheduler-6] WARN  c.q.federated.service.FederatedCoordinatorService - Node 111 marked as inactive due to heartbeat timeout
2026-03-14 11:45:22.453 [taskScheduler-6] WARN  c.q.federated.service.FederatedCoordinatorService - Node 11 marked as inactive due to heartbeat timeout
2026-03-14 11:45:22.453 [taskScheduler-6] WARN  c.q.federated.service.FederatedCoordinatorService - Node 111 marked as inactive due to heartbeat timeout
2026-03-14 11:45:27.474 [taskScheduler-6] WARN  c.q.federated.service.FederatedCoordinatorService - Node 11 marked as inactive due to heartbeat timeout
2026-03-14 11:45:27.474 [taskScheduler-6] WARN  c.q.federated.service.FederatedCoordinatorService - Node 111 marked as inactive due to heartbeat timeout
2026-03-14 11:45:32.482 [taskScheduler-6] WARN  c.q.federated.service.FederatedCoordinatorService - Node 11 marked as inactive due to heartbeat timeout
2026-03-14 11:45:32.482 [taskScheduler-6] WARN  c.q.federated.service.FederatedCoordinatorService - Node 111 marked as inactive due to heartbeat timeout
2026-03-14 11:45:37.500 [taskScheduler-6] WARN  c.q.federated.service.FederatedCoordinatorService - Node 11 marked as inactive due to heartbeat timeout
2026-03-14 11:45:37.538 [taskScheduler-6] WARN  c.q.federated.service.FederatedCoordinatorService - Node 111 marked as inactive due to heartbeat timeout
2026-03-14 11:45:42.629 [taskScheduler-6] WARN  c.q.federated.service.FederatedCoordinatorService - Node 11 marked as inactive due to heartbeat timeout
2026-03-14 11:45:42.629 [taskScheduler-6] WARN  c.q.federated.service.FederatedCoordinatorService - Node 111 marked as inactive due to heartbeat timeout
2026-03-14 11:45:47.639 [taskScheduler-6] WARN  c.q.federated.service.FederatedCoordinatorService - Node 11 marked as inactive due to heartbeat timeout
2026-03-14 11:45:47.639 [taskScheduler-6] WARN  c.q.federated.service.FederatedCoordinatorService - Node 111 marked as inactive due to heartbeat timeout
2026-03-14 11:45:52.654 [taskScheduler-6] WARN  c.q.federated.service.FederatedCoordinatorService - Node 11 marked as inactive due to heartbeat timeout
2026-03-14 11:45:52.654 [taskScheduler-6] WARN  c.q.federated.service.FederatedCoordinatorService - Node 111 marked as inactive due to heartbeat timeout
2026-03-14 11:45:57.671 [taskScheduler-6] WARN  c.q.federated.service.FederatedCoordinatorService - Node 11 marked as inactive due to heartbeat timeout
2026-03-14 11:45:57.671 [taskScheduler-6] WARN  c.q.federated.service.FederatedCoordinatorService - Node 111 marked as inactive due to heartbeat timeout
2026-03-14 11:46:02.681 [taskScheduler-6] WARN  c.q.federated.service.FederatedCoordinatorService - Node 11 marked as inactive due to heartbeat timeout
2026-03-14 11:46:02.681 [taskScheduler-6] WARN  c.q.federated.service.FederatedCoordinatorService - Node 111 marked as inactive due to heartbeat timeout
2026-03-14 11:46:07.690 [taskScheduler-6] WARN  c.q.federated.service.FederatedCoordinatorService - Node 11 marked as inactive due to heartbeat timeout
2026-03-14 11:46:07.691 [taskScheduler-6] WARN  c.q.federated.service.FederatedCoordinatorService - Node 111 marked as inactive due to heartbeat timeout
2026-03-14 11:46:12.698 [taskScheduler-6] WARN  c.q.federated.service.FederatedCoordinatorService - Node 11 marked as inactive due to heartbeat timeout
2026-03-14 11:46:12.698 [taskScheduler-6] WARN  c.q.federated.service.FederatedCoordinatorService - Node 111 marked as inactive due to heartbeat timeout
2026-03-14 11:46:17.715 [taskScheduler-6] WARN  c.q.federated.service.FederatedCoordinatorService - Node 11 marked as inactive due to heartbeat timeout
2026-03-14 11:46:17.715 [taskScheduler-6] WARN  c.q.federated.service.FederatedCoordinatorService - Node 111 marked as inactive due to heartbeat timeout
2026-03-14 11:46:22.730 [taskScheduler-6] WARN  c.q.federated.service.FederatedCoordinatorService - Node 11 marked as inactive due to heartbeat timeout
2026-03-14 11:46:22.730 [taskScheduler-6] WARN  c.q.federated.service.FederatedCoordinatorService - Node 111 marked as inactive due to heartbeat timeout
2026-03-14 11:46:27.744 [taskScheduler-6] WARN  c.q.federated.service.FederatedCoordinatorService - Node 11 marked as inactive due to heartbeat timeout
2026-03-14 11:46:27.745 [taskScheduler-6] WARN  c.q.federated.service.FederatedCoordinatorService - Node 111 marked as inactive due to heartbeat timeout
2026-03-14 11:46:32.764 [taskScheduler-6] WARN  c.q.federated.service.FederatedCoordinatorService - Node 11 marked as inactive due to heartbeat timeout
2026-03-14 11:46:32.764 [taskScheduler-6] WARN  c.q.federated.service.FederatedCoordinatorService - Node 111 marked as inactive due to heartbeat timeout
2026-03-14 11:46:37.780 [taskScheduler-6] WARN  c.q.federated.service.FederatedCoordinatorService - Node 11 marked as inactive due to heartbeat timeout
2026-03-14 11:46:37.780 [taskScheduler-6] WARN  c.q.federated.service.FederatedCoordinatorService - Node 111 marked as inactive due to heartbeat timeout
2026-03-14 11:46:42.791 [taskScheduler-6] WARN  c.q.federated.service.FederatedCoordinatorService - Node 11 marked as inactive due to heartbeat timeout
2026-03-14 11:46:42.792 [taskScheduler-6] WARN  c.q.federated.service.FederatedCoordinatorService - Node 111 marked as inactive due to heartbeat timeout
2026-03-14 11:46:47.807 [taskScheduler-6] WARN  c.q.federated.service.FederatedCoordinatorService - Node 11 marked as inactive due to heartbeat timeout
2026-03-14 11:46:47.807 [taskScheduler-6] WARN  c.q.federated.service.FederatedCoordinatorService - Node 111 marked as inactive due to heartbeat timeout
2026-03-14 11:46:52.811 [taskScheduler-6] WARN  c.q.federated.service.FederatedCoordinatorService - Node 11 marked as inactive due to heartbeat timeout
2026-03-14 11:46:52.811 [taskScheduler-6] WARN  c.q.federated.service.FederatedCoordinatorService - Node 111 marked as inactive due to heartbeat timeout
2026-03-14 11:46:57.824 [taskScheduler-6] WARN  c.q.federated.service.FederatedCoordinatorService - Node 11 marked as inactive due to heartbeat timeout
2026-03-14 11:46:57.825 [taskScheduler-6] WARN  c.q.federated.service.FederatedCoordinatorService - Node 111 marked as inactive due to heartbeat timeout
2026-03-14 11:47:02.836 [taskScheduler-6] WARN  c.q.federated.service.FederatedCoordinatorService - Node 11 marked as inactive due to heartbeat timeout
2026-03-14 11:47:02.837 [taskScheduler-6] WARN  c.q.federated.service.FederatedCoordinatorService - Node 111 marked as inactive due to heartbeat timeout
2026-03-14 11:47:07.851 [taskScheduler-6] WARN  c.q.federated.service.FederatedCoordinatorService - Node 11 marked as inactive due to heartbeat timeout
2026-03-14 11:47:07.852 [taskScheduler-6] WARN  c.q.federated.service.FederatedCoordinatorService - Node 111 marked as inactive due to heartbeat timeout
2026-03-14 11:47:12.861 [taskScheduler-6] WARN  c.q.federated.service.FederatedCoordinatorService - Node 11 marked as inactive due to heartbeat timeout
2026-03-14 11:47:12.862 [taskScheduler-6] WARN  c.q.federated.service.FederatedCoordinatorService - Node 111 marked as inactive due to heartbeat timeout
2026-03-14 11:47:17.871 [taskScheduler-6] WARN  c.q.federated.service.FederatedCoordinatorService - Node 11 marked as inactive due to heartbeat timeout
2026-03-14 11:47:17.871 [taskScheduler-6] WARN  c.q.federated.service.FederatedCoordinatorService - Node 111 marked as inactive due to heartbeat timeout
2026-03-14 11:47:22.877 [taskScheduler-6] WARN  c.q.federated.service.FederatedCoordinatorService - Node 11 marked as inactive due to heartbeat timeout
2026-03-14 11:47:22.878 [taskScheduler-6] WARN  c.q.federated.service.FederatedCoordinatorService - Node 111 marked as inactive due to heartbeat timeout
2026-03-14 11:47:27.885 [taskScheduler-6] WARN  c.q.federated.service.FederatedCoordinatorService - Node 11 marked as inactive due to heartbeat timeout
2026-03-14 11:47:27.885 [taskScheduler-6] WARN  c.q.federated.service.FederatedCoordinatorService - Node 111 marked as inactive due to heartbeat timeout
2026-03-14 11:47:32.900 [taskScheduler-6] WARN  c.q.federated.service.FederatedCoordinatorService - Node 11 marked as inactive due to heartbeat timeout
2026-03-14 11:47:32.900 [taskScheduler-6] WARN  c.q.federated.service.FederatedCoordinatorService - Node 111 marked as inactive due to heartbeat timeout
2026-03-14 11:47:37.910 [taskScheduler-6] WARN  c.q.federated.service.FederatedCoordinatorService - Node 11 marked as inactive due to heartbeat timeout
2026-03-14 11:47:37.910 [taskScheduler-6] WARN  c.q.federated.service.FederatedCoordinatorService - Node 111 marked as inactive due to heartbeat timeout
2026-03-14 11:47:42.927 [taskScheduler-6] WARN  c.q.federated.service.FederatedCoordinatorService - Node 11 marked as inactive due to heartbeat timeout
2026-03-14 11:47:42.927 [taskScheduler-6] WARN  c.q.federated.service.FederatedCoordinatorService - Node 111 marked as inactive due to heartbeat timeout
2026-03-14 11:47:47.943 [taskScheduler-6] WARN  c.q.federated.service.FederatedCoordinatorService - Node 11 marked as inactive due to heartbeat timeout
2026-03-14 11:47:47.943 [taskScheduler-6] WARN  c.q.federated.service.FederatedCoordinatorService - Node 111 marked as inactive due to heartbeat timeout
2026-03-14 11:47:52.958 [taskScheduler-6] WARN  c.q.federated.service.FederatedCoordinatorService - Node 11 marked as inactive due to heartbeat timeout
2026-03-14 11:47:52.959 [taskScheduler-6] WARN  c.q.federated.service.FederatedCoordinatorService - Node 111 marked as inactive due to heartbeat timeout
2026-03-14 11:47:57.974 [taskScheduler-6] WARN  c.q.federated.service.FederatedCoordinatorService - Node 11 marked as inactive due to heartbeat timeout
2026-03-14 11:47:57.975 [taskScheduler-6] WARN  c.q.federated.service.FederatedCoordinatorService - Node 111 marked as inactive due to heartbeat timeout
2026-03-14 11:48:02.992 [taskScheduler-6] WARN  c.q.federated.service.FederatedCoordinatorService - Node 11 marked as inactive due to heartbeat timeout
2026-03-14 11:48:02.992 [taskScheduler-6] WARN  c.q.federated.service.FederatedCoordinatorService - Node 111 marked as inactive due to heartbeat timeout
2026-03-14 11:48:08.009 [taskScheduler-6] WARN  c.q.federated.service.FederatedCoordinatorService - Node 11 marked as inactive due to heartbeat timeout
2026-03-14 11:48:08.010 [taskScheduler-6] WARN  c.q.federated.service.FederatedCoordinatorService - Node 111 marked as inactive due to heartbeat timeout
2026-03-14 11:48:13.024 [taskScheduler-6] WARN  c.q.federated.service.FederatedCoordinatorService - Node 11 marked as inactive due to heartbeat timeout
2026-03-14 11:48:13.024 [taskScheduler-6] WARN  c.q.federated.service.FederatedCoordinatorService - Node 111 marked as inactive due to heartbeat timeout
2026-03-14 11:48:18.040 [taskScheduler-6] WARN  c.q.federated.service.FederatedCoordinatorService - Node 11 marked as inactive due to heartbeat timeout
2026-03-14 11:48:18.041 [taskScheduler-6] WARN  c.q.federated.service.FederatedCoordinatorService - Node 111 marked as inactive due to heartbeat timeout
2026-03-14 11:48:23.059 [taskScheduler-6] WARN  c.q.federated.service.FederatedCoordinatorService - Node 11 marked as inactive due to heartbeat timeout
2026-03-14 11:48:23.059 [taskScheduler-6] WARN  c.q.federated.service.FederatedCoordinatorService - Node 111 marked as inactive due to heartbeat timeout
2026-03-14 11:48:28.076 [taskScheduler-6] WARN  c.q.federated.service.FederatedCoordinatorService - Node 11 marked as inactive due to heartbeat timeout
2026-03-14 11:48:28.076 [taskScheduler-6] WARN  c.q.federated.service.FederatedCoordinatorService - Node 111 marked as inactive due to heartbeat timeout
2026-03-14 11:48:33.089 [taskScheduler-6] WARN  c.q.federated.service.FederatedCoordinatorService - Node 11 marked as inactive due to heartbeat timeout
2026-03-14 11:48:33.090 [taskScheduler-6] WARN  c.q.federated.service.FederatedCoordinatorService - Node 111 marked as inactive due to heartbeat timeout
2026-03-14 11:48:38.097 [taskScheduler-6] WARN  c.q.federated.service.FederatedCoordinatorService - Node 11 marked as inactive due to heartbeat timeout
2026-03-14 11:48:38.098 [taskScheduler-6] WARN  c.q.federated.service.FederatedCoordinatorService - Node 111 marked as inactive due to heartbeat timeout
2026-03-14 11:48:43.103 [taskScheduler-6] WARN  c.q.federated.service.FederatedCoordinatorService - Node 11 marked as inactive due to heartbeat timeout
2026-03-14 11:48:43.103 [taskScheduler-6] WARN  c.q.federated.service.FederatedCoordinatorService - Node 111 marked as inactive due to heartbeat timeout
2026-03-14 11:48:48.111 [taskScheduler-6] WARN  c.q.federated.service.FederatedCoordinatorService - Node 11 marked as inactive due to heartbeat timeout
2026-03-14 11:48:48.111 [taskScheduler-6] WARN  c.q.federated.service.FederatedCoordinatorService - Node 111 marked as inactive due to heartbeat timeout
2026-03-14 11:48:53.132 [taskScheduler-6] WARN  c.q.federated.service.FederatedCoordinatorService - Node 11 marked as inactive due to heartbeat timeout
2026-03-14 11:48:53.133 [taskScheduler-6] WARN  c.q.federated.service.FederatedCoordinatorService - Node 111 marked as inactive due to heartbeat timeout
2026-03-14 11:48:58.144 [taskScheduler-6] WARN  c.q.federated.service.FederatedCoordinatorService - Node 11 marked as inactive due to heartbeat timeout
2026-03-14 11:48:58.144 [taskScheduler-6] WARN  c.q.federated.service.FederatedCoordinatorService - Node 111 marked as inactive due to heartbeat timeout
2026-03-14 11:49:03.155 [taskScheduler-6] WARN  c.q.federated.service.FederatedCoordinatorService - Node 11 marked as inactive due to heartbeat timeout
2026-03-14 11:49:03.155 [taskScheduler-6] WARN  c.q.federated.service.FederatedCoordinatorService - Node 111 marked as inactive due to heartbeat timeout
2026-03-14 11:49:08.174 [taskScheduler-6] WARN  c.q.federated.service.FederatedCoordinatorService - Node 11 marked as inactive due to heartbeat timeout
2026-03-14 11:49:08.175 [taskScheduler-6] WARN  c.q.federated.service.FederatedCoordinatorService - Node 111 marked as inactive due to heartbeat timeout
2026-03-14 11:49:13.188 [taskScheduler-6] WARN  c.q.federated.service.FederatedCoordinatorService - Node 11 marked as inactive due to heartbeat timeout
2026-03-14 11:49:13.189 [taskScheduler-6] WARN  c.q.federated.service.FederatedCoordinatorService - Node 111 marked as inactive due to heartbeat timeout
2026-03-14 11:49:18.199 [taskScheduler-6] WARN  c.q.federated.service.FederatedCoordinatorService - Node 11 marked as inactive due to heartbeat timeout
2026-03-14 11:49:18.199 [taskScheduler-6] WARN  c.q.federated.service.FederatedCoordinatorService - Node 111 marked as inactive due to heartbeat timeout
2026-03-14 11:49:23.206 [taskScheduler-6] WARN  c.q.federated.service.FederatedCoordinatorService - Node 11 marked as inactive due to heartbeat timeout
2026-03-14 11:49:23.206 [taskScheduler-6] WARN  c.q.federated.service.FederatedCoordinatorService - Node 111 marked as inactive due to heartbeat timeout
2026-03-14 11:49:28.223 [taskScheduler-6] WARN  c.q.federated.service.FederatedCoordinatorService - Node 11 marked as inactive due to heartbeat timeout
2026-03-14 11:49:28.223 [taskScheduler-6] WARN  c.q.federated.service.FederatedCoordinatorService - Node 111 marked as inactive due to heartbeat timeout
2026-03-14 11:49:33.229 [taskScheduler-6] WARN  c.q.federated.service.FederatedCoordinatorService - Node 11 marked as inactive due to heartbeat timeout
2026-03-14 11:49:33.230 [taskScheduler-6] WARN  c.q.federated.service.FederatedCoordinatorService - Node 111 marked as inactive due to heartbeat timeout
2026-03-14 11:49:38.249 [taskScheduler-6] WARN  c.q.federated.service.FederatedCoordinatorService - Node 11 marked as inactive due to heartbeat timeout
2026-03-14 11:49:38.249 [taskScheduler-6] WARN  c.q.federated.service.FederatedCoordinatorService - Node 111 marked as inactive due to heartbeat timeout
2026-03-14 11:49:43.265 [taskScheduler-6] WARN  c.q.federated.service.FederatedCoordinatorService - Node 11 marked as inactive due to heartbeat timeout
2026-03-14 11:49:43.265 [taskScheduler-6] WARN  c.q.federated.service.FederatedCoordinatorService - Node 111 marked as inactive due to heartbeat timeout
2026-03-14 11:49:48.279 [taskScheduler-6] WARN  c.q.federated.service.FederatedCoordinatorService - Node 11 marked as inactive due to heartbeat timeout
2026-03-14 11:49:48.279 [taskScheduler-6] WARN  c.q.federated.service.FederatedCoordinatorService - Node 111 marked as inactive due to heartbeat timeout
2026-03-14 11:49:53.294 [taskScheduler-6] WARN  c.q.federated.service.FederatedCoordinatorService - Node 11 marked as inactive due to heartbeat timeout
2026-03-14 11:49:53.295 [taskScheduler-6] WARN  c.q.federated.service.FederatedCoordinatorService - Node 111 marked as inactive due to heartbeat timeout
2026-03-14 11:49:58.309 [taskScheduler-6] WARN  c.q.federated.service.FederatedCoordinatorService - Node 11 marked as inactive due to heartbeat timeout
2026-03-14 11:49:58.310 [taskScheduler-6] WARN  c.q.federated.service.FederatedCoordinatorService - Node 111 marked as inactive due to heartbeat timeout
2026-03-14 11:50:03.317 [taskScheduler-6] WARN  c.q.federated.service.FederatedCoordinatorService - Node 11 marked as inactive due to heartbeat timeout
2026-03-14 11:50:03.318 [taskScheduler-6] WARN  c.q.federated.service.FederatedCoordinatorService - Node 111 marked as inactive due to heartbeat timeout
2026-03-14 11:50:08.330 [taskScheduler-6] WARN  c.q.federated.service.FederatedCoordinatorService - Node 11 marked as inactive due to heartbeat timeout
2026-03-14 11:50:08.331 [taskScheduler-6] WARN  c.q.federated.service.FederatedCoordinatorService - Node 111 marked as inactive due to heartbeat timeout
2026-03-14 11:50:13.339 [taskScheduler-6] WARN  c.q.federated.service.FederatedCoordinatorService - Node 11 marked as inactive due to heartbeat timeout
2026-03-14 11:50:13.339 [taskScheduler-6] WARN  c.q.federated.service.FederatedCoordinatorService - Node 111 marked as inactive due to heartbeat timeout
2026-03-14 11:50:18.351 [taskScheduler-6] WARN  c.q.federated.service.FederatedCoordinatorService - Node 11 marked as inactive due to heartbeat timeout
2026-03-14 11:50:18.351 [taskScheduler-6] WARN  c.q.federated.service.FederatedCoordinatorService - Node 111 marked as inactive due to heartbeat timeout
2026-03-14 11:50:23.367 [taskScheduler-6] WARN  c.q.federated.service.FederatedCoordinatorService - Node 11 marked as inactive due to heartbeat timeout
2026-03-14 11:50:23.367 [taskScheduler-6] WARN  c.q.federated.service.FederatedCoordinatorService - Node 111 marked as inactive due to heartbeat timeout
2026-03-14 11:50:28.382 [taskScheduler-6] WARN  c.q.federated.service.FederatedCoordinatorService - Node 11 marked as inactive due to heartbeat timeout
2026-03-14 11:50:28.383 [taskScheduler-6] WARN  c.q.federated.service.FederatedCoordinatorService - Node 111 marked as inactive due to heartbeat timeout
2026-03-14 11:50:33.388 [taskScheduler-6] WARN  c.q.federated.service.FederatedCoordinatorService - Node 11 marked as inactive due to heartbeat timeout
2026-03-14 11:50:33.389 [taskScheduler-6] WARN  c.q.federated.service.FederatedCoordinatorService - Node 111 marked as inactive due to heartbeat timeout
2026-03-14 11:50:38.401 [taskScheduler-6] WARN  c.q.federated.service.FederatedCoordinatorService - Node 11 marked as inactive due to heartbeat timeout
2026-03-14 11:50:38.402 [taskScheduler-6] WARN  c.q.federated.service.FederatedCoordinatorService - Node 111 marked as inactive due to heartbeat timeout
2026-03-14 11:50:43.416 [taskScheduler-6] WARN  c.q.federated.service.FederatedCoordinatorService - Node 11 marked as inactive due to heartbeat timeout
2026-03-14 11:50:43.416 [taskScheduler-6] WARN  c.q.federated.service.FederatedCoordinatorService - Node 111 marked as inactive due to heartbeat timeout
2026-03-14 11:50:48.438 [taskScheduler-6] WARN  c.q.federated.service.FederatedCoordinatorService - Node 11 marked as inactive due to heartbeat timeout
2026-03-14 11:50:48.439 [taskScheduler-6] WARN  c.q.federated.service.FederatedCoordinatorService - Node 111 marked as inactive due to heartbeat timeout
2026-03-14 11:50:53.453 [taskScheduler-6] WARN  c.q.federated.service.FederatedCoordinatorService - Node 11 marked as inactive due to heartbeat timeout
2026-03-14 11:50:53.453 [taskScheduler-6] WARN  c.q.federated.service.FederatedCoordinatorService - Node 111 marked as inactive due to heartbeat timeout
2026-03-14 11:50:58.466 [taskScheduler-6] WARN  c.q.federated.service.FederatedCoordinatorService - Node 11 marked as inactive due to heartbeat timeout
2026-03-14 11:50:58.466 [taskScheduler-6] WARN  c.q.federated.service.FederatedCoordinatorService - Node 111 marked as inactive due to heartbeat timeout
2026-03-14 11:51:03.474 [taskScheduler-6] WARN  c.q.federated.service.FederatedCoordinatorService - Node 11 marked as inactive due to heartbeat timeout
2026-03-14 11:51:03.475 [taskScheduler-6] WARN  c.q.federated.service.FederatedCoordinatorService - Node 111 marked as inactive due to heartbeat timeout
2026-03-14 11:51:08.486 [taskScheduler-6] WARN  c.q.federated.service.FederatedCoordinatorService - Node 11 marked as inactive due to heartbeat timeout
2026-03-14 11:51:08.487 [taskScheduler-6] WARN  c.q.federated.service.FederatedCoordinatorService - Node 111 marked as inactive due to heartbeat timeout
2026-03-14 11:51:13.496 [taskScheduler-6] WARN  c.q.federated.service.FederatedCoordinatorService - Node 11 marked as inactive due to heartbeat timeout
2026-03-14 11:51:13.496 [taskScheduler-6] WARN  c.q.federated.service.FederatedCoordinatorService - Node 111 marked as inactive due to heartbeat timeout
2026-03-14 11:51:18.502 [taskScheduler-6] WARN  c.q.federated.service.FederatedCoordinatorService - Node 11 marked as inactive due to heartbeat timeout
2026-03-14 11:51:18.502 [taskScheduler-6] WARN  c.q.federated.service.FederatedCoordinatorService - Node 111 marked as inactive due to heartbeat timeout
2026-03-14 11:51:23.515 [taskScheduler-6] WARN  c.q.federated.service.FederatedCoordinatorService - Node 11 marked as inactive due to heartbeat timeout
2026-03-14 11:51:23.515 [taskScheduler-6] WARN  c.q.federated.service.FederatedCoordinatorService - Node 111 marked as inactive due to heartbeat timeout
2026-03-14 11:51:28.522 [taskScheduler-6] WARN  c.q.federated.service.FederatedCoordinatorService - Node 11 marked as inactive due to heartbeat timeout
2026-03-14 11:51:28.522 [taskScheduler-6] WARN  c.q.federated.service.FederatedCoordinatorService - Node 111 marked as inactive due to heartbeat timeout
2026-03-14 11:51:33.533 [taskScheduler-6] WARN  c.q.federated.service.FederatedCoordinatorService - Node 11 marked as inactive due to heartbeat timeout
2026-03-14 11:51:33.533 [taskScheduler-6] WARN  c.q.federated.service.FederatedCoordinatorService - Node 111 marked as inactive due to heartbeat timeout
2026-03-14 11:51:38.538 [taskScheduler-6] WARN  c.q.federated.service.FederatedCoordinatorService - Node 11 marked as inactive due to heartbeat timeout
2026-03-14 11:51:38.538 [taskScheduler-6] WARN  c.q.federated.service.FederatedCoordinatorService - Node 111 marked as inactive due to heartbeat timeout
2026-03-14 11:51:43.544 [taskScheduler-6] WARN  c.q.federated.service.FederatedCoordinatorService - Node 11 marked as inactive due to heartbeat timeout
2026-03-14 11:51:43.545 [taskScheduler-6] WARN  c.q.federated.service.FederatedCoordinatorService - Node 111 marked as inactive due to heartbeat timeout
2026-03-14 11:51:48.554 [taskScheduler-6] WARN  c.q.federated.service.FederatedCoordinatorService - Node 11 marked as inactive due to heartbeat timeout
2026-03-14 11:51:48.554 [taskScheduler-6] WARN  c.q.federated.service.FederatedCoordinatorService - Node 111 marked as inactive due to heartbeat timeout
2026-03-14 11:51:53.564 [taskScheduler-6] WARN  c.q.federated.service.FederatedCoordinatorService - Node 11 marked as inactive due to heartbeat timeout
2026-03-14 11:51:53.565 [taskScheduler-6] WARN  c.q.federated.service.FederatedCoordinatorService - Node 111 marked as inactive due to heartbeat timeout
2026-03-14 11:51:58.587 [taskScheduler-6] WARN  c.q.federated.service.FederatedCoordinatorService - Node 11 marked as inactive due to heartbeat timeout
2026-03-14 11:51:58.588 [taskScheduler-6] WARN  c.q.federated.service.FederatedCoordinatorService - Node 111 marked as inactive due to heartbeat timeout
2026-03-14 11:52:03.606 [taskScheduler-6] WARN  c.q.federated.service.FederatedCoordinatorService - Node 11 marked as inactive due to heartbeat timeout
2026-03-14 11:52:03.606 [taskScheduler-6] WARN  c.q.federated.service.FederatedCoordinatorService - Node 111 marked as inactive due to heartbeat timeout
2026-03-14 11:52:08.612 [taskScheduler-6] WARN  c.q.federated.service.FederatedCoordinatorService - Node 11 marked as inactive due to heartbeat timeout
2026-03-14 11:52:08.612 [taskScheduler-6] WARN  c.q.federated.service.FederatedCoordinatorService - Node 111 marked as inactive due to heartbeat timeout
2026-03-14 11:52:13.639 [taskScheduler-6] WARN  c.q.federated.service.FederatedCoordinatorService - Node 11 marked as inactive due to heartbeat timeout
2026-03-14 11:52:13.643 [taskScheduler-6] WARN  c.q.federated.service.FederatedCoordinatorService - Node 111 marked as inactive due to heartbeat timeout
2026-03-14 11:52:18.654 [taskScheduler-6] WARN  c.q.federated.service.FederatedCoordinatorService - Node 11 marked as inactive due to heartbeat timeout
2026-03-14 11:52:18.654 [taskScheduler-6] WARN  c.q.federated.service.FederatedCoordinatorService - Node 111 marked as inactive due to heartbeat timeout
2026-03-14 11:52:23.662 [taskScheduler-6] WARN  c.q.federated.service.FederatedCoordinatorService - Node 11 marked as inactive due to heartbeat timeout
2026-03-14 11:52:23.662 [taskScheduler-6] WARN  c.q.federated.service.FederatedCoordinatorService - Node 111 marked as inactive due to heartbeat timeout
