2026-03-18 16:00:44.053 [background-preinit] WARN  o.s.h.converter.json.Jackson2ObjectMapperBuilder - For Jackson Kotlin classes support please add "com.fasterxml.jackson.module:jackson-module-kotlin" to the classpath
2026-03-18 16:00:57.546 [main] WARN  c.b.mybatisplus.core.metadata.TableInfoHelper - Can not find table primary key in Class: "com.qczy.model.entity.OperLogEntity".
2026-03-18 16:01:00.713 [main] WARN  c.b.mybatisplus.core.metadata.TableInfoHelper - Can not find table primary key in Class: "com.qczy.model.entity.AlgorithmTaskResultEntity".
2026-03-18 16:01:01.785 [main] WARN  c.b.mybatisplus.core.metadata.TableInfoHelper - Can not find table primary key in Class: "com.qczy.model.entity.RoleMenuEntity".
2026-03-18 16:01:01.817 [main] WARN  c.b.mybatisplus.core.metadata.TableInfoHelper - Can not find table primary key in Class: "com.qczy.model.entity.RoleButtonEntity".
2026-03-18 16:01:05.437 [taskScheduler-1] WARN  c.q.federated.service.FederatedCoordinatorService - Node 11 marked as inactive due to heartbeat timeout
2026-03-18 16:01:05.438 [taskScheduler-1] WARN  c.q.federated.service.FederatedCoordinatorService - Node 111 marked as inactive due to heartbeat timeout
2026-03-18 16:01:10.473 [taskScheduler-4] WARN  c.q.federated.service.FederatedCoordinatorService - Node 11 marked as inactive due to heartbeat timeout
2026-03-18 16:01:10.474 [taskScheduler-4] WARN  c.q.federated.service.FederatedCoordinatorService - Node 111 marked as inactive due to heartbeat timeout
2026-03-18 16:01:15.490 [taskScheduler-1] WARN  c.q.federated.service.FederatedCoordinatorService - Node 11 marked as inactive due to heartbeat timeout
2026-03-18 16:01:15.491 [taskScheduler-1] WARN  c.q.federated.service.FederatedCoordinatorService - Node 111 marked as inactive due to heartbeat timeout
2026-03-18 16:01:20.506 [taskScheduler-2] WARN  c.q.federated.service.FederatedCoordinatorService - Node 11 marked as inactive due to heartbeat timeout
2026-03-18 16:01:20.507 [taskScheduler-2] WARN  c.q.federated.service.FederatedCoordinatorService - Node 111 marked as inactive due to heartbeat timeout
2026-03-18 16:01:25.523 [taskScheduler-4] WARN  c.q.federated.service.FederatedCoordinatorService - Node 11 marked as inactive due to heartbeat timeout
2026-03-18 16:01:25.523 [taskScheduler-4] WARN  c.q.federated.service.FederatedCoordinatorService - Node 111 marked as inactive due to heartbeat timeout
2026-03-18 16:01:30.536 [taskScheduler-3] WARN  c.q.federated.service.FederatedCoordinatorService - Node 11 marked as inactive due to heartbeat timeout
2026-03-18 16:01:30.536 [taskScheduler-3] WARN  c.q.federated.service.FederatedCoordinatorService - Node 111 marked as inactive due to heartbeat timeout
2026-03-18 16:01:35.550 [taskScheduler-1] WARN  c.q.federated.service.FederatedCoordinatorService - Node 11 marked as inactive due to heartbeat timeout
2026-03-18 16:01:35.550 [taskScheduler-1] WARN  c.q.federated.service.FederatedCoordinatorService - Node 111 marked as inactive due to heartbeat timeout
2026-03-18 16:01:40.557 [taskScheduler-5] WARN  c.q.federated.service.FederatedCoordinatorService - Node 11 marked as inactive due to heartbeat timeout
2026-03-18 16:01:40.558 [taskScheduler-5] WARN  c.q.federated.service.FederatedCoordinatorService - Node 111 marked as inactive due to heartbeat timeout
2026-03-18 16:01:45.576 [taskScheduler-2] WARN  c.q.federated.service.FederatedCoordinatorService - Node 11 marked as inactive due to heartbeat timeout
2026-03-18 16:01:45.577 [taskScheduler-2] WARN  c.q.federated.service.FederatedCoordinatorService - Node 111 marked as inactive due to heartbeat timeout
2026-03-18 16:01:50.596 [taskScheduler-4] WARN  c.q.federated.service.FederatedCoordinatorService - Node 11 marked as inactive due to heartbeat timeout
2026-03-18 16:01:50.597 [taskScheduler-4] WARN  c.q.federated.service.FederatedCoordinatorService - Node 111 marked as inactive due to heartbeat timeout
2026-03-18 16:01:55.605 [taskScheduler-3] WARN  c.q.federated.service.FederatedCoordinatorService - Node 11 marked as inactive due to heartbeat timeout
2026-03-18 16:01:55.605 [taskScheduler-3] WARN  c.q.federated.service.FederatedCoordinatorService - Node 111 marked as inactive due to heartbeat timeout
2026-03-18 16:02:00.625 [taskScheduler-1] WARN  c.q.federated.service.FederatedCoordinatorService - Node 11 marked as inactive due to heartbeat timeout
2026-03-18 16:02:00.626 [taskScheduler-1] WARN  c.q.federated.service.FederatedCoordinatorService - Node 111 marked as inactive due to heartbeat timeout
2026-03-18 16:02:05.643 [taskScheduler-5] WARN  c.q.federated.service.FederatedCoordinatorService - Node 11 marked as inactive due to heartbeat timeout
2026-03-18 16:02:05.643 [taskScheduler-5] WARN  c.q.federated.service.FederatedCoordinatorService - Node 111 marked as inactive due to heartbeat timeout
2026-03-18 16:02:10.654 [taskScheduler-2] WARN  c.q.federated.service.FederatedCoordinatorService - Node 11 marked as inactive due to heartbeat timeout
2026-03-18 16:02:10.654 [taskScheduler-2] WARN  c.q.federated.service.FederatedCoordinatorService - Node 111 marked as inactive due to heartbeat timeout
2026-03-18 16:02:15.672 [taskScheduler-4] WARN  c.q.federated.service.FederatedCoordinatorService - Node 11 marked as inactive due to heartbeat timeout
2026-03-18 16:02:15.672 [taskScheduler-4] WARN  c.q.federated.service.FederatedCoordinatorService - Node 111 marked as inactive due to heartbeat timeout
2026-03-18 16:02:20.690 [taskScheduler-3] WARN  c.q.federated.service.FederatedCoordinatorService - Node 11 marked as inactive due to heartbeat timeout
2026-03-18 16:02:20.691 [taskScheduler-3] WARN  c.q.federated.service.FederatedCoordinatorService - Node 111 marked as inactive due to heartbeat timeout
2026-03-18 16:02:25.705 [taskScheduler-1] WARN  c.q.federated.service.FederatedCoordinatorService - Node 11 marked as inactive due to heartbeat timeout
2026-03-18 16:02:25.706 [taskScheduler-1] WARN  c.q.federated.service.FederatedCoordinatorService - Node 111 marked as inactive due to heartbeat timeout
2026-03-18 16:02:30.722 [taskScheduler-5] WARN  c.q.federated.service.FederatedCoordinatorService - Node 11 marked as inactive due to heartbeat timeout
2026-03-18 16:02:30.722 [taskScheduler-5] WARN  c.q.federated.service.FederatedCoordinatorService - Node 111 marked as inactive due to heartbeat timeout
2026-03-18 16:02:35.739 [taskScheduler-2] WARN  c.q.federated.service.FederatedCoordinatorService - Node 11 marked as inactive due to heartbeat timeout
2026-03-18 16:02:35.739 [taskScheduler-2] WARN  c.q.federated.service.FederatedCoordinatorService - Node 111 marked as inactive due to heartbeat timeout
2026-03-18 16:02:40.756 [taskScheduler-6] WARN  c.q.federated.service.FederatedCoordinatorService - Node 11 marked as inactive due to heartbeat timeout
2026-03-18 16:02:40.756 [taskScheduler-6] WARN  c.q.federated.service.FederatedCoordinatorService - Node 111 marked as inactive due to heartbeat timeout
2026-03-18 16:02:45.763 [taskScheduler-4] WARN  c.q.federated.service.FederatedCoordinatorService - Node 11 marked as inactive due to heartbeat timeout
2026-03-18 16:02:45.764 [taskScheduler-4] WARN  c.q.federated.service.FederatedCoordinatorService - Node 111 marked as inactive due to heartbeat timeout
2026-03-18 16:02:50.779 [taskScheduler-1] WARN  c.q.federated.service.FederatedCoordinatorService - Node 11 marked as inactive due to heartbeat timeout
2026-03-18 16:02:50.779 [taskScheduler-1] WARN  c.q.federated.service.FederatedCoordinatorService - Node 111 marked as inactive due to heartbeat timeout
2026-03-18 16:02:55.790 [taskScheduler-10] WARN  c.q.federated.service.FederatedCoordinatorService - Node 11 marked as inactive due to heartbeat timeout
2026-03-18 16:02:55.790 [taskScheduler-10] WARN  c.q.federated.service.FederatedCoordinatorService - Node 111 marked as inactive due to heartbeat timeout
2026-03-18 16:03:00.796 [taskScheduler-8] WARN  c.q.federated.service.FederatedCoordinatorService - Node 11 marked as inactive due to heartbeat timeout
2026-03-18 16:03:00.796 [taskScheduler-8] WARN  c.q.federated.service.FederatedCoordinatorService - Node 111 marked as inactive due to heartbeat timeout
2026-03-18 16:03:05.821 [taskScheduler-6] WARN  c.q.federated.service.FederatedCoordinatorService - Node 11 marked as inactive due to heartbeat timeout
2026-03-18 16:03:05.821 [taskScheduler-6] WARN  c.q.federated.service.FederatedCoordinatorService - Node 111 marked as inactive due to heartbeat timeout
2026-03-18 16:03:10.829 [taskScheduler-9] WARN  c.q.federated.service.FederatedCoordinatorService - Node 11 marked as inactive due to heartbeat timeout
2026-03-18 16:03:10.829 [taskScheduler-9] WARN  c.q.federated.service.FederatedCoordinatorService - Node 111 marked as inactive due to heartbeat timeout
2026-03-18 16:03:15.838 [taskScheduler-1] WARN  c.q.federated.service.FederatedCoordinatorService - Node 11 marked as inactive due to heartbeat timeout
2026-03-18 16:03:15.838 [taskScheduler-1] WARN  c.q.federated.service.FederatedCoordinatorService - Node 111 marked as inactive due to heartbeat timeout
2026-03-18 16:03:20.844 [taskScheduler-7] WARN  c.q.federated.service.FederatedCoordinatorService - Node 11 marked as inactive due to heartbeat timeout
2026-03-18 16:03:20.844 [taskScheduler-7] WARN  c.q.federated.service.FederatedCoordinatorService - Node 111 marked as inactive due to heartbeat timeout
2026-03-18 16:03:25.858 [taskScheduler-8] WARN  c.q.federated.service.FederatedCoordinatorService - Node 11 marked as inactive due to heartbeat timeout
2026-03-18 16:03:25.858 [taskScheduler-8] WARN  c.q.federated.service.FederatedCoordinatorService - Node 111 marked as inactive due to heartbeat timeout
2026-03-18 16:03:30.871 [taskScheduler-6] WARN  c.q.federated.service.FederatedCoordinatorService - Node 11 marked as inactive due to heartbeat timeout
2026-03-18 16:03:30.872 [taskScheduler-6] WARN  c.q.federated.service.FederatedCoordinatorService - Node 111 marked as inactive due to heartbeat timeout
2026-03-18 16:03:35.889 [taskScheduler-9] WARN  c.q.federated.service.FederatedCoordinatorService - Node 11 marked as inactive due to heartbeat timeout
2026-03-18 16:03:35.889 [taskScheduler-9] WARN  c.q.federated.service.FederatedCoordinatorService - Node 111 marked as inactive due to heartbeat timeout
2026-03-18 16:03:40.905 [taskScheduler-1] WARN  c.q.federated.service.FederatedCoordinatorService - Node 11 marked as inactive due to heartbeat timeout
2026-03-18 16:03:40.905 [taskScheduler-1] WARN  c.q.federated.service.FederatedCoordinatorService - Node 111 marked as inactive due to heartbeat timeout
2026-03-18 16:03:45.913 [taskScheduler-7] WARN  c.q.federated.service.FederatedCoordinatorService - Node 11 marked as inactive due to heartbeat timeout
2026-03-18 16:03:45.913 [taskScheduler-7] WARN  c.q.federated.service.FederatedCoordinatorService - Node 111 marked as inactive due to heartbeat timeout
2026-03-18 16:03:50.926 [taskScheduler-8] WARN  c.q.federated.service.FederatedCoordinatorService - Node 11 marked as inactive due to heartbeat timeout
2026-03-18 16:03:50.926 [taskScheduler-8] WARN  c.q.federated.service.FederatedCoordinatorService - Node 111 marked as inactive due to heartbeat timeout
2026-03-18 16:03:55.932 [taskScheduler-6] WARN  c.q.federated.service.FederatedCoordinatorService - Node 11 marked as inactive due to heartbeat timeout
2026-03-18 16:03:55.932 [taskScheduler-6] WARN  c.q.federated.service.FederatedCoordinatorService - Node 111 marked as inactive due to heartbeat timeout
2026-03-18 16:03:56.759 [http-nio-8081-exec-4] WARN  com.qczy.fltask.controller.FlTaskController - Start Flower task failed: {taskId}
java.lang.IllegalArgumentException: Task not found: {taskId}
	at com.qczy.fltask.service.FlTaskService.requireTask(FlTaskService.java:326)
	at com.qczy.fltask.service.FlTaskService.startTask(FlTaskService.java:148)
	at com.qczy.fltask.service.FlTaskService$$FastClassBySpringCGLIB$$7cfbb59e.invoke(<generated>)
	at org.springframework.cglib.proxy.MethodProxy.invoke(MethodProxy.java:218)
	at org.springframework.aop.framework.CglibAopProxy$CglibMethodInvocation.invokeJoinpoint(CglibAopProxy.java:769)
	at org.springframework.aop.framework.ReflectiveMethodInvocation.proceed(ReflectiveMethodInvocation.java:163)
	at org.springframework.aop.framework.CglibAopProxy$CglibMethodInvocation.proceed(CglibAopProxy.java:747)
	at org.springframework.transaction.interceptor.TransactionAspectSupport.invokeWithinTransaction(TransactionAspectSupport.java:366)
	at org.springframework.transaction.interceptor.TransactionInterceptor.invoke(TransactionInterceptor.java:99)
	at org.springframework.aop.framework.ReflectiveMethodInvocation.proceed(ReflectiveMethodInvocation.java:186)
	at org.springframework.aop.framework.CglibAopProxy$CglibMethodInvocation.proceed(CglibAopProxy.java:747)
	at org.springframework.aop.framework.CglibAopProxy$DynamicAdvisedInterceptor.intercept(CglibAopProxy.java:689)
	at com.qczy.fltask.service.FlTaskService$$EnhancerBySpringCGLIB$$4eff4256.startTask(<generated>)
	at com.qczy.fltask.controller.FlTaskController.startTask(FlTaskController.java:84)
	at sun.reflect.NativeMethodAccessorImpl.invoke0(Native Method)
	at sun.reflect.NativeMethodAccessorImpl.invoke(NativeMethodAccessorImpl.java:62)
	at sun.reflect.DelegatingMethodAccessorImpl.invoke(DelegatingMethodAccessorImpl.java:43)
	at java.lang.reflect.Method.invoke(Method.java:498)
	at org.springframework.web.method.support.InvocableHandlerMethod.doInvoke(InvocableHandlerMethod.java:190)
	at org.springframework.web.method.support.InvocableHandlerMethod.invokeForRequest(InvocableHandlerMethod.java:138)
	at org.springframework.web.servlet.mvc.method.annotation.ServletInvocableHandlerMethod.invokeAndHandle(ServletInvocableHandlerMethod.java:106)
	at org.springframework.web.servlet.mvc.method.annotation.RequestMappingHandlerAdapter.invokeHandlerMethod(RequestMappingHandlerAdapter.java:888)
	at org.springframework.web.servlet.mvc.method.annotation.RequestMappingHandlerAdapter.handleInternal(RequestMappingHandlerAdapter.java:793)
	at org.springframework.web.servlet.mvc.method.AbstractHandlerMethodAdapter.handle(AbstractHandlerMethodAdapter.java:87)
	at org.springframework.web.servlet.DispatcherServlet.doDispatch(DispatcherServlet.java:1040)
	at org.springframework.web.servlet.DispatcherServlet.doService(DispatcherServlet.java:943)
	at org.springframework.web.servlet.FrameworkServlet.processRequest(FrameworkServlet.java:1006)
	at org.springframework.web.servlet.FrameworkServlet.doPost(FrameworkServlet.java:909)
	at javax.servlet.http.HttpServlet.service(HttpServlet.java:660)
	at org.springframework.web.servlet.FrameworkServlet.service(FrameworkServlet.java:883)
	at javax.servlet.http.HttpServlet.service(HttpServlet.java:741)
	at org.apache.catalina.core.ApplicationFilterChain.internalDoFilter(ApplicationFilterChain.java:231)
	at org.apache.catalina.core.ApplicationFilterChain.doFilter(ApplicationFilterChain.java:166)
	at org.apache.tomcat.websocket.server.WsFilter.doFilter(WsFilter.java:53)
	at org.apache.catalina.core.ApplicationFilterChain.internalDoFilter(ApplicationFilterChain.java:193)
	at org.apache.catalina.core.ApplicationFilterChain.doFilter(ApplicationFilterChain.java:166)
	at org.springframework.web.filter.OncePerRequestFilter.doFilter(OncePerRequestFilter.java:113)
	at org.apache.catalina.core.ApplicationFilterChain.internalDoFilter(ApplicationFilterChain.java:193)
	at org.apache.catalina.core.ApplicationFilterChain.doFilter(ApplicationFilterChain.java:166)
	at org.springframework.security.web.FilterChainProxy$VirtualFilterChain.doFilter(FilterChainProxy.java:320)
	at org.springframework.security.web.access.intercept.FilterSecurityInterceptor.invoke(FilterSecurityInterceptor.java:126)
	at org.springframework.security.web.access.intercept.FilterSecurityInterceptor.doFilter(FilterSecurityInterceptor.java:90)
	at org.springframework.security.web.FilterChainProxy$VirtualFilterChain.doFilter(FilterChainProxy.java:334)
	at org.springframework.security.web.access.ExceptionTranslationFilter.doFilter(ExceptionTranslationFilter.java:118)
	at org.springframework.security.web.FilterChainProxy$VirtualFilterChain.doFilter(FilterChainProxy.java:334)
	at org.springframework.security.web.session.SessionManagementFilter.doFilter(SessionManagementFilter.java:137)
	at org.springframework.security.web.FilterChainProxy$VirtualFilterChain.doFilter(FilterChainProxy.java:334)
	at org.springframework.security.web.authentication.AnonymousAuthenticationFilter.doFilter(AnonymousAuthenticationFilter.java:111)
	at org.springframework.security.web.FilterChainProxy$VirtualFilterChain.doFilter(FilterChainProxy.java:334)
	at org.springframework.security.web.servletapi.SecurityContextHolderAwareRequestFilter.doFilter(SecurityContextHolderAwareRequestFilter.java:158)
	at org.springframework.security.web.FilterChainProxy$VirtualFilterChain.doFilter(FilterChainProxy.java:334)
	at org.springframework.security.web.savedrequest.RequestCacheAwareFilter.doFilter(RequestCacheAwareFilter.java:63)
	at org.springframework.security.web.FilterChainProxy$VirtualFilterChain.doFilter(FilterChainProxy.java:334)
	at com.qczy.filter.JwtAuthenticationTokenFilter.doFilterInternal(JwtAuthenticationTokenFilter.java:68)
	at org.springframework.web.filter.OncePerRequestFilter.doFilter(OncePerRequestFilter.java:119)
	at org.springframework.security.web.FilterChainProxy$VirtualFilterChain.doFilter(FilterChainProxy.java:334)
	at org.springframework.security.web.authentication.logout.LogoutFilter.doFilter(LogoutFilter.java:116)
	at org.springframework.security.web.FilterChainProxy$VirtualFilterChain.doFilter(FilterChainProxy.java:334)
	at org.springframework.web.filter.CorsFilter.doFilterInternal(CorsFilter.java:92)
	at org.springframework.web.filter.OncePerRequestFilter.doFilter(OncePerRequestFilter.java:119)
	at org.springframework.security.web.FilterChainProxy$VirtualFilterChain.doFilter(FilterChainProxy.java:334)
	at org.springframework.security.web.header.HeaderWriterFilter.doHeadersAfter(HeaderWriterFilter.java:92)
	at org.springframework.security.web.header.HeaderWriterFilter.doFilterInternal(HeaderWriterFilter.java:77)
	at org.springframework.web.filter.OncePerRequestFilter.doFilter(OncePerRequestFilter.java:119)
	at org.springframework.security.web.FilterChainProxy$VirtualFilterChain.doFilter(FilterChainProxy.java:334)
	at org.springframework.security.web.context.SecurityContextPersistenceFilter.doFilter(SecurityContextPersistenceFilter.java:105)
	at org.springframework.security.web.FilterChainProxy$VirtualFilterChain.doFilter(FilterChainProxy.java:334)
	at org.springframework.security.web.context.request.async.WebAsyncManagerIntegrationFilter.doFilterInternal(WebAsyncManagerIntegrationFilter.java:56)
	at org.springframework.web.filter.OncePerRequestFilter.doFilter(OncePerRequestFilter.java:119)
	at org.springframework.security.web.FilterChainProxy$VirtualFilterChain.doFilter(FilterChainProxy.java:334)
	at org.springframework.security.web.FilterChainProxy.doFilterInternal(FilterChainProxy.java:215)
	at org.springframework.security.web.FilterChainProxy.doFilter(FilterChainProxy.java:178)
	at org.springframework.web.filter.DelegatingFilterProxy.invokeDelegate(DelegatingFilterProxy.java:358)
	at org.springframework.web.filter.DelegatingFilterProxy.doFilter(DelegatingFilterProxy.java:271)
	at org.apache.catalina.core.ApplicationFilterChain.internalDoFilter(ApplicationFilterChain.java:193)
	at org.apache.catalina.core.ApplicationFilterChain.doFilter(ApplicationFilterChain.java:166)
	at org.springframework.web.filter.RequestContextFilter.doFilterInternal(RequestContextFilter.java:100)
	at org.springframework.web.filter.OncePerRequestFilter.doFilter(OncePerRequestFilter.java:119)
	at org.apache.catalina.core.ApplicationFilterChain.internalDoFilter(ApplicationFilterChain.java:193)
	at org.apache.catalina.core.ApplicationFilterChain.doFilter(ApplicationFilterChain.java:166)
	at org.springframework.web.filter.FormContentFilter.doFilterInternal(FormContentFilter.java:93)
	at org.springframework.web.filter.OncePerRequestFilter.doFilter(OncePerRequestFilter.java:119)
	at org.apache.catalina.core.ApplicationFilterChain.internalDoFilter(ApplicationFilterChain.java:193)
	at org.apache.catalina.core.ApplicationFilterChain.doFilter(ApplicationFilterChain.java:166)
	at org.springframework.web.filter.CharacterEncodingFilter.doFilterInternal(CharacterEncodingFilter.java:201)
	at org.springframework.web.filter.OncePerRequestFilter.doFilter(OncePerRequestFilter.java:119)
	at org.apache.catalina.core.ApplicationFilterChain.internalDoFilter(ApplicationFilterChain.java:193)
	at org.apache.catalina.core.ApplicationFilterChain.doFilter(ApplicationFilterChain.java:166)
	at org.apache.catalina.core.StandardWrapperValve.invoke(StandardWrapperValve.java:202)
	at org.apache.catalina.core.StandardContextValve.invoke(StandardContextValve.java:96)
	at org.apache.catalina.authenticator.AuthenticatorBase.invoke(AuthenticatorBase.java:526)
	at org.apache.catalina.core.StandardHostValve.invoke(StandardHostValve.java:139)
	at org.apache.catalina.valves.ErrorReportValve.invoke(ErrorReportValve.java:92)
	at org.apache.catalina.core.StandardEngineValve.invoke(StandardEngineValve.java:74)
	at org.apache.catalina.connector.CoyoteAdapter.service(CoyoteAdapter.java:343)
	at org.apache.coyote.http11.Http11Processor.service(Http11Processor.java:408)
	at org.apache.coyote.AbstractProcessorLight.process(AbstractProcessorLight.java:66)
	at org.apache.coyote.AbstractProtocol$ConnectionHandler.process(AbstractProtocol.java:861)
	at org.apache.tomcat.util.net.NioEndpoint$SocketProcessor.doRun(NioEndpoint.java:1579)
	at org.apache.tomcat.util.net.SocketProcessorBase.run(SocketProcessorBase.java:49)
	at java.util.concurrent.ThreadPoolExecutor.runWorker(ThreadPoolExecutor.java:1149)
	at java.util.concurrent.ThreadPoolExecutor$Worker.run(ThreadPoolExecutor.java:624)
	at org.apache.tomcat.util.threads.TaskThread$WrappingRunnable.run(TaskThread.java:61)
	at java.lang.Thread.run(Thread.java:748)
2026-03-18 16:04:00.941 [taskScheduler-4] WARN  c.q.federated.service.FederatedCoordinatorService - Node 11 marked as inactive due to heartbeat timeout
2026-03-18 16:04:00.941 [taskScheduler-4] WARN  c.q.federated.service.FederatedCoordinatorService - Node 111 marked as inactive due to heartbeat timeout
2026-03-18 16:04:05.947 [taskScheduler-5] WARN  c.q.federated.service.FederatedCoordinatorService - Node 11 marked as inactive due to heartbeat timeout
2026-03-18 16:04:05.948 [taskScheduler-5] WARN  c.q.federated.service.FederatedCoordinatorService - Node 111 marked as inactive due to heartbeat timeout
2026-03-18 16:04:10.957 [taskScheduler-7] WARN  c.q.federated.service.FederatedCoordinatorService - Node 11 marked as inactive due to heartbeat timeout
2026-03-18 16:04:10.958 [taskScheduler-7] WARN  c.q.federated.service.FederatedCoordinatorService - Node 111 marked as inactive due to heartbeat timeout
2026-03-18 16:04:15.974 [taskScheduler-3] WARN  c.q.federated.service.FederatedCoordinatorService - Node 11 marked as inactive due to heartbeat timeout
2026-03-18 16:04:15.975 [taskScheduler-3] WARN  c.q.federated.service.FederatedCoordinatorService - Node 111 marked as inactive due to heartbeat timeout
2026-03-18 16:04:20.990 [taskScheduler-1] WARN  c.q.federated.service.FederatedCoordinatorService - Node 11 marked as inactive due to heartbeat timeout
2026-03-18 16:04:20.990 [taskScheduler-1] WARN  c.q.federated.service.FederatedCoordinatorService - Node 111 marked as inactive due to heartbeat timeout
2026-03-18 16:04:26.009 [taskScheduler-10] WARN  c.q.federated.service.FederatedCoordinatorService - Node 11 marked as inactive due to heartbeat timeout
2026-03-18 16:04:26.009 [taskScheduler-10] WARN  c.q.federated.service.FederatedCoordinatorService - Node 111 marked as inactive due to heartbeat timeout
2026-03-18 16:04:31.022 [taskScheduler-6] WARN  c.q.federated.service.FederatedCoordinatorService - Node 11 marked as inactive due to heartbeat timeout
2026-03-18 16:04:31.022 [taskScheduler-6] WARN  c.q.federated.service.FederatedCoordinatorService - Node 111 marked as inactive due to heartbeat timeout
2026-03-18 16:04:36.037 [taskScheduler-2] WARN  c.q.federated.service.FederatedCoordinatorService - Node 11 marked as inactive due to heartbeat timeout
2026-03-18 16:04:36.037 [taskScheduler-2] WARN  c.q.federated.service.FederatedCoordinatorService - Node 111 marked as inactive due to heartbeat timeout
2026-03-18 16:04:41.053 [taskScheduler-8] WARN  c.q.federated.service.FederatedCoordinatorService - Node 11 marked as inactive due to heartbeat timeout
2026-03-18 16:04:41.054 [taskScheduler-8] WARN  c.q.federated.service.FederatedCoordinatorService - Node 111 marked as inactive due to heartbeat timeout
2026-03-18 16:04:46.068 [taskScheduler-4] WARN  c.q.federated.service.FederatedCoordinatorService - Node 11 marked as inactive due to heartbeat timeout
2026-03-18 16:04:46.068 [taskScheduler-4] WARN  c.q.federated.service.FederatedCoordinatorService - Node 111 marked as inactive due to heartbeat timeout
2026-03-18 16:04:51.075 [taskScheduler-5] WARN  c.q.federated.service.FederatedCoordinatorService - Node 11 marked as inactive due to heartbeat timeout
2026-03-18 16:04:51.075 [taskScheduler-5] WARN  c.q.federated.service.FederatedCoordinatorService - Node 111 marked as inactive due to heartbeat timeout
2026-03-18 16:04:56.082 [taskScheduler-9] WARN  c.q.federated.service.FederatedCoordinatorService - Node 11 marked as inactive due to heartbeat timeout
2026-03-18 16:04:56.083 [taskScheduler-9] WARN  c.q.federated.service.FederatedCoordinatorService - Node 111 marked as inactive due to heartbeat timeout
2026-03-18 16:05:01.089 [taskScheduler-7] WARN  c.q.federated.service.FederatedCoordinatorService - Node 11 marked as inactive due to heartbeat timeout
2026-03-18 16:05:01.089 [taskScheduler-7] WARN  c.q.federated.service.FederatedCoordinatorService - Node 111 marked as inactive due to heartbeat timeout
2026-03-18 16:05:06.104 [taskScheduler-8] WARN  c.q.federated.service.FederatedCoordinatorService - Node 11 marked as inactive due to heartbeat timeout
2026-03-18 16:05:06.105 [taskScheduler-8] WARN  c.q.federated.service.FederatedCoordinatorService - Node 111 marked as inactive due to heartbeat timeout
2026-03-18 16:05:08.210 [http-nio-8081-exec-3] WARN  com.qczy.fltask.controller.FlTaskController - Start Flower task failed: {taskId}
java.lang.IllegalArgumentException: Task not found: {taskId}
	at com.qczy.fltask.service.FlTaskService.requireTask(FlTaskService.java:326)
	at com.qczy.fltask.service.FlTaskService.startTask(FlTaskService.java:148)
	at com.qczy.fltask.service.FlTaskService$$FastClassBySpringCGLIB$$7cfbb59e.invoke(<generated>)
	at org.springframework.cglib.proxy.MethodProxy.invoke(MethodProxy.java:218)
	at org.springframework.aop.framework.CglibAopProxy$CglibMethodInvocation.invokeJoinpoint(CglibAopProxy.java:769)
	at org.springframework.aop.framework.ReflectiveMethodInvocation.proceed(ReflectiveMethodInvocation.java:163)
	at org.springframework.aop.framework.CglibAopProxy$CglibMethodInvocation.proceed(CglibAopProxy.java:747)
	at org.springframework.transaction.interceptor.TransactionAspectSupport.invokeWithinTransaction(TransactionAspectSupport.java:366)
	at org.springframework.transaction.interceptor.TransactionInterceptor.invoke(TransactionInterceptor.java:99)
	at org.springframework.aop.framework.ReflectiveMethodInvocation.proceed(ReflectiveMethodInvocation.java:186)
	at org.springframework.aop.framework.CglibAopProxy$CglibMethodInvocation.proceed(CglibAopProxy.java:747)
	at org.springframework.aop.framework.CglibAopProxy$DynamicAdvisedInterceptor.intercept(CglibAopProxy.java:689)
	at com.qczy.fltask.service.FlTaskService$$EnhancerBySpringCGLIB$$4eff4256.startTask(<generated>)
	at com.qczy.fltask.controller.FlTaskController.startTask(FlTaskController.java:84)
	at sun.reflect.NativeMethodAccessorImpl.invoke0(Native Method)
	at sun.reflect.NativeMethodAccessorImpl.invoke(NativeMethodAccessorImpl.java:62)
	at sun.reflect.DelegatingMethodAccessorImpl.invoke(DelegatingMethodAccessorImpl.java:43)
	at java.lang.reflect.Method.invoke(Method.java:498)
	at org.springframework.web.method.support.InvocableHandlerMethod.doInvoke(InvocableHandlerMethod.java:190)
	at org.springframework.web.method.support.InvocableHandlerMethod.invokeForRequest(InvocableHandlerMethod.java:138)
	at org.springframework.web.servlet.mvc.method.annotation.ServletInvocableHandlerMethod.invokeAndHandle(ServletInvocableHandlerMethod.java:106)
	at org.springframework.web.servlet.mvc.method.annotation.RequestMappingHandlerAdapter.invokeHandlerMethod(RequestMappingHandlerAdapter.java:888)
	at org.springframework.web.servlet.mvc.method.annotation.RequestMappingHandlerAdapter.handleInternal(RequestMappingHandlerAdapter.java:793)
	at org.springframework.web.servlet.mvc.method.AbstractHandlerMethodAdapter.handle(AbstractHandlerMethodAdapter.java:87)
	at org.springframework.web.servlet.DispatcherServlet.doDispatch(DispatcherServlet.java:1040)
	at org.springframework.web.servlet.DispatcherServlet.doService(DispatcherServlet.java:943)
	at org.springframework.web.servlet.FrameworkServlet.processRequest(FrameworkServlet.java:1006)
	at org.springframework.web.servlet.FrameworkServlet.doPost(FrameworkServlet.java:909)
	at javax.servlet.http.HttpServlet.service(HttpServlet.java:660)
	at org.springframework.web.servlet.FrameworkServlet.service(FrameworkServlet.java:883)
	at javax.servlet.http.HttpServlet.service(HttpServlet.java:741)
	at org.apache.catalina.core.ApplicationFilterChain.internalDoFilter(ApplicationFilterChain.java:231)
	at org.apache.catalina.core.ApplicationFilterChain.doFilter(ApplicationFilterChain.java:166)
	at org.apache.tomcat.websocket.server.WsFilter.doFilter(WsFilter.java:53)
	at org.apache.catalina.core.ApplicationFilterChain.internalDoFilter(ApplicationFilterChain.java:193)
	at org.apache.catalina.core.ApplicationFilterChain.doFilter(ApplicationFilterChain.java:166)
	at org.springframework.web.filter.OncePerRequestFilter.doFilter(OncePerRequestFilter.java:113)
	at org.apache.catalina.core.ApplicationFilterChain.internalDoFilter(ApplicationFilterChain.java:193)
	at org.apache.catalina.core.ApplicationFilterChain.doFilter(ApplicationFilterChain.java:166)
	at org.springframework.security.web.FilterChainProxy$VirtualFilterChain.doFilter(FilterChainProxy.java:320)
	at org.springframework.security.web.access.intercept.FilterSecurityInterceptor.invoke(FilterSecurityInterceptor.java:126)
	at org.springframework.security.web.access.intercept.FilterSecurityInterceptor.doFilter(FilterSecurityInterceptor.java:90)
	at org.springframework.security.web.FilterChainProxy$VirtualFilterChain.doFilter(FilterChainProxy.java:334)
	at org.springframework.security.web.access.ExceptionTranslationFilter.doFilter(ExceptionTranslationFilter.java:118)
	at org.springframework.security.web.FilterChainProxy$VirtualFilterChain.doFilter(FilterChainProxy.java:334)
	at org.springframework.security.web.session.SessionManagementFilter.doFilter(SessionManagementFilter.java:137)
	at org.springframework.security.web.FilterChainProxy$VirtualFilterChain.doFilter(FilterChainProxy.java:334)
	at org.springframework.security.web.authentication.AnonymousAuthenticationFilter.doFilter(AnonymousAuthenticationFilter.java:111)
	at org.springframework.security.web.FilterChainProxy$VirtualFilterChain.doFilter(FilterChainProxy.java:334)
	at org.springframework.security.web.servletapi.SecurityContextHolderAwareRequestFilter.doFilter(SecurityContextHolderAwareRequestFilter.java:158)
	at org.springframework.security.web.FilterChainProxy$VirtualFilterChain.doFilter(FilterChainProxy.java:334)
	at org.springframework.security.web.savedrequest.RequestCacheAwareFilter.doFilter(RequestCacheAwareFilter.java:63)
	at org.springframework.security.web.FilterChainProxy$VirtualFilterChain.doFilter(FilterChainProxy.java:334)
	at com.qczy.filter.JwtAuthenticationTokenFilter.doFilterInternal(JwtAuthenticationTokenFilter.java:68)
	at org.springframework.web.filter.OncePerRequestFilter.doFilter(OncePerRequestFilter.java:119)
	at org.springframework.security.web.FilterChainProxy$VirtualFilterChain.doFilter(FilterChainProxy.java:334)
	at org.springframework.security.web.authentication.logout.LogoutFilter.doFilter(LogoutFilter.java:116)
	at org.springframework.security.web.FilterChainProxy$VirtualFilterChain.doFilter(FilterChainProxy.java:334)
	at org.springframework.web.filter.CorsFilter.doFilterInternal(CorsFilter.java:92)
	at org.springframework.web.filter.OncePerRequestFilter.doFilter(OncePerRequestFilter.java:119)
	at org.springframework.security.web.FilterChainProxy$VirtualFilterChain.doFilter(FilterChainProxy.java:334)
	at org.springframework.security.web.header.HeaderWriterFilter.doHeadersAfter(HeaderWriterFilter.java:92)
	at org.springframework.security.web.header.HeaderWriterFilter.doFilterInternal(HeaderWriterFilter.java:77)
	at org.springframework.web.filter.OncePerRequestFilter.doFilter(OncePerRequestFilter.java:119)
	at org.springframework.security.web.FilterChainProxy$VirtualFilterChain.doFilter(FilterChainProxy.java:334)
	at org.springframework.security.web.context.SecurityContextPersistenceFilter.doFilter(SecurityContextPersistenceFilter.java:105)
	at org.springframework.security.web.FilterChainProxy$VirtualFilterChain.doFilter(FilterChainProxy.java:334)
	at org.springframework.security.web.context.request.async.WebAsyncManagerIntegrationFilter.doFilterInternal(WebAsyncManagerIntegrationFilter.java:56)
	at org.springframework.web.filter.OncePerRequestFilter.doFilter(OncePerRequestFilter.java:119)
	at org.springframework.security.web.FilterChainProxy$VirtualFilterChain.doFilter(FilterChainProxy.java:334)
	at org.springframework.security.web.FilterChainProxy.doFilterInternal(FilterChainProxy.java:215)
	at org.springframework.security.web.FilterChainProxy.doFilter(FilterChainProxy.java:178)
	at org.springframework.web.filter.DelegatingFilterProxy.invokeDelegate(DelegatingFilterProxy.java:358)
	at org.springframework.web.filter.DelegatingFilterProxy.doFilter(DelegatingFilterProxy.java:271)
	at org.apache.catalina.core.ApplicationFilterChain.internalDoFilter(ApplicationFilterChain.java:193)
	at org.apache.catalina.core.ApplicationFilterChain.doFilter(ApplicationFilterChain.java:166)
	at org.springframework.web.filter.RequestContextFilter.doFilterInternal(RequestContextFilter.java:100)
	at org.springframework.web.filter.OncePerRequestFilter.doFilter(OncePerRequestFilter.java:119)
	at org.apache.catalina.core.ApplicationFilterChain.internalDoFilter(ApplicationFilterChain.java:193)
	at org.apache.catalina.core.ApplicationFilterChain.doFilter(ApplicationFilterChain.java:166)
	at org.springframework.web.filter.FormContentFilter.doFilterInternal(FormContentFilter.java:93)
	at org.springframework.web.filter.OncePerRequestFilter.doFilter(OncePerRequestFilter.java:119)
	at org.apache.catalina.core.ApplicationFilterChain.internalDoFilter(ApplicationFilterChain.java:193)
	at org.apache.catalina.core.ApplicationFilterChain.doFilter(ApplicationFilterChain.java:166)
	at org.springframework.web.filter.CharacterEncodingFilter.doFilterInternal(CharacterEncodingFilter.java:201)
	at org.springframework.web.filter.OncePerRequestFilter.doFilter(OncePerRequestFilter.java:119)
	at org.apache.catalina.core.ApplicationFilterChain.internalDoFilter(ApplicationFilterChain.java:193)
	at org.apache.catalina.core.ApplicationFilterChain.doFilter(ApplicationFilterChain.java:166)
	at org.apache.catalina.core.StandardWrapperValve.invoke(StandardWrapperValve.java:202)
	at org.apache.catalina.core.StandardContextValve.invoke(StandardContextValve.java:96)
	at org.apache.catalina.authenticator.AuthenticatorBase.invoke(AuthenticatorBase.java:526)
	at org.apache.catalina.core.StandardHostValve.invoke(StandardHostValve.java:139)
	at org.apache.catalina.valves.ErrorReportValve.invoke(ErrorReportValve.java:92)
	at org.apache.catalina.core.StandardEngineValve.invoke(StandardEngineValve.java:74)
	at org.apache.catalina.connector.CoyoteAdapter.service(CoyoteAdapter.java:343)
	at org.apache.coyote.http11.Http11Processor.service(Http11Processor.java:408)
	at org.apache.coyote.AbstractProcessorLight.process(AbstractProcessorLight.java:66)
	at org.apache.coyote.AbstractProtocol$ConnectionHandler.process(AbstractProtocol.java:861)
	at org.apache.tomcat.util.net.NioEndpoint$SocketProcessor.doRun(NioEndpoint.java:1579)
	at org.apache.tomcat.util.net.SocketProcessorBase.run(SocketProcessorBase.java:49)
	at java.util.concurrent.ThreadPoolExecutor.runWorker(ThreadPoolExecutor.java:1149)
	at java.util.concurrent.ThreadPoolExecutor$Worker.run(ThreadPoolExecutor.java:624)
	at org.apache.tomcat.util.threads.TaskThread$WrappingRunnable.run(TaskThread.java:61)
	at java.lang.Thread.run(Thread.java:748)
2026-03-18 16:05:09.303 [http-nio-8081-exec-8] WARN  com.qczy.fltask.controller.FlTaskController - Start Flower task failed: {taskId}
java.lang.IllegalArgumentException: Task not found: {taskId}
	at com.qczy.fltask.service.FlTaskService.requireTask(FlTaskService.java:326)
	at com.qczy.fltask.service.FlTaskService.startTask(FlTaskService.java:148)
	at com.qczy.fltask.service.FlTaskService$$FastClassBySpringCGLIB$$7cfbb59e.invoke(<generated>)
	at org.springframework.cglib.proxy.MethodProxy.invoke(MethodProxy.java:218)
	at org.springframework.aop.framework.CglibAopProxy$CglibMethodInvocation.invokeJoinpoint(CglibAopProxy.java:769)
	at org.springframework.aop.framework.ReflectiveMethodInvocation.proceed(ReflectiveMethodInvocation.java:163)
	at org.springframework.aop.framework.CglibAopProxy$CglibMethodInvocation.proceed(CglibAopProxy.java:747)
	at org.springframework.transaction.interceptor.TransactionAspectSupport.invokeWithinTransaction(TransactionAspectSupport.java:366)
	at org.springframework.transaction.interceptor.TransactionInterceptor.invoke(TransactionInterceptor.java:99)
	at org.springframework.aop.framework.ReflectiveMethodInvocation.proceed(ReflectiveMethodInvocation.java:186)
	at org.springframework.aop.framework.CglibAopProxy$CglibMethodInvocation.proceed(CglibAopProxy.java:747)
	at org.springframework.aop.framework.CglibAopProxy$DynamicAdvisedInterceptor.intercept(CglibAopProxy.java:689)
	at com.qczy.fltask.service.FlTaskService$$EnhancerBySpringCGLIB$$4eff4256.startTask(<generated>)
	at com.qczy.fltask.controller.FlTaskController.startTask(FlTaskController.java:84)
	at sun.reflect.NativeMethodAccessorImpl.invoke0(Native Method)
	at sun.reflect.NativeMethodAccessorImpl.invoke(NativeMethodAccessorImpl.java:62)
	at sun.reflect.DelegatingMethodAccessorImpl.invoke(DelegatingMethodAccessorImpl.java:43)
	at java.lang.reflect.Method.invoke(Method.java:498)
	at org.springframework.web.method.support.InvocableHandlerMethod.doInvoke(InvocableHandlerMethod.java:190)
	at org.springframework.web.method.support.InvocableHandlerMethod.invokeForRequest(InvocableHandlerMethod.java:138)
	at org.springframework.web.servlet.mvc.method.annotation.ServletInvocableHandlerMethod.invokeAndHandle(ServletInvocableHandlerMethod.java:106)
	at org.springframework.web.servlet.mvc.method.annotation.RequestMappingHandlerAdapter.invokeHandlerMethod(RequestMappingHandlerAdapter.java:888)
	at org.springframework.web.servlet.mvc.method.annotation.RequestMappingHandlerAdapter.handleInternal(RequestMappingHandlerAdapter.java:793)
	at org.springframework.web.servlet.mvc.method.AbstractHandlerMethodAdapter.handle(AbstractHandlerMethodAdapter.java:87)
	at org.springframework.web.servlet.DispatcherServlet.doDispatch(DispatcherServlet.java:1040)
	at org.springframework.web.servlet.DispatcherServlet.doService(DispatcherServlet.java:943)
	at org.springframework.web.servlet.FrameworkServlet.processRequest(FrameworkServlet.java:1006)
	at org.springframework.web.servlet.FrameworkServlet.doPost(FrameworkServlet.java:909)
	at javax.servlet.http.HttpServlet.service(HttpServlet.java:660)
	at org.springframework.web.servlet.FrameworkServlet.service(FrameworkServlet.java:883)
	at javax.servlet.http.HttpServlet.service(HttpServlet.java:741)
	at org.apache.catalina.core.ApplicationFilterChain.internalDoFilter(ApplicationFilterChain.java:231)
	at org.apache.catalina.core.ApplicationFilterChain.doFilter(ApplicationFilterChain.java:166)
	at org.apache.tomcat.websocket.server.WsFilter.doFilter(WsFilter.java:53)
	at org.apache.catalina.core.ApplicationFilterChain.internalDoFilter(ApplicationFilterChain.java:193)
	at org.apache.catalina.core.ApplicationFilterChain.doFilter(ApplicationFilterChain.java:166)
	at org.springframework.web.filter.OncePerRequestFilter.doFilter(OncePerRequestFilter.java:113)
	at org.apache.catalina.core.ApplicationFilterChain.internalDoFilter(ApplicationFilterChain.java:193)
	at org.apache.catalina.core.ApplicationFilterChain.doFilter(ApplicationFilterChain.java:166)
	at org.springframework.security.web.FilterChainProxy$VirtualFilterChain.doFilter(FilterChainProxy.java:320)
	at org.springframework.security.web.access.intercept.FilterSecurityInterceptor.invoke(FilterSecurityInterceptor.java:126)
	at org.springframework.security.web.access.intercept.FilterSecurityInterceptor.doFilter(FilterSecurityInterceptor.java:90)
	at org.springframework.security.web.FilterChainProxy$VirtualFilterChain.doFilter(FilterChainProxy.java:334)
	at org.springframework.security.web.access.ExceptionTranslationFilter.doFilter(ExceptionTranslationFilter.java:118)
	at org.springframework.security.web.FilterChainProxy$VirtualFilterChain.doFilter(FilterChainProxy.java:334)
	at org.springframework.security.web.session.SessionManagementFilter.doFilter(SessionManagementFilter.java:137)
	at org.springframework.security.web.FilterChainProxy$VirtualFilterChain.doFilter(FilterChainProxy.java:334)
	at org.springframework.security.web.authentication.AnonymousAuthenticationFilter.doFilter(AnonymousAuthenticationFilter.java:111)
	at org.springframework.security.web.FilterChainProxy$VirtualFilterChain.doFilter(FilterChainProxy.java:334)
	at org.springframework.security.web.servletapi.SecurityContextHolderAwareRequestFilter.doFilter(SecurityContextHolderAwareRequestFilter.java:158)
	at org.springframework.security.web.FilterChainProxy$VirtualFilterChain.doFilter(FilterChainProxy.java:334)
	at org.springframework.security.web.savedrequest.RequestCacheAwareFilter.doFilter(RequestCacheAwareFilter.java:63)
	at org.springframework.security.web.FilterChainProxy$VirtualFilterChain.doFilter(FilterChainProxy.java:334)
	at com.qczy.filter.JwtAuthenticationTokenFilter.doFilterInternal(JwtAuthenticationTokenFilter.java:68)
	at org.springframework.web.filter.OncePerRequestFilter.doFilter(OncePerRequestFilter.java:119)
	at org.springframework.security.web.FilterChainProxy$VirtualFilterChain.doFilter(FilterChainProxy.java:334)
	at org.springframework.security.web.authentication.logout.LogoutFilter.doFilter(LogoutFilter.java:116)
	at org.springframework.security.web.FilterChainProxy$VirtualFilterChain.doFilter(FilterChainProxy.java:334)
	at org.springframework.web.filter.CorsFilter.doFilterInternal(CorsFilter.java:92)
	at org.springframework.web.filter.OncePerRequestFilter.doFilter(OncePerRequestFilter.java:119)
	at org.springframework.security.web.FilterChainProxy$VirtualFilterChain.doFilter(FilterChainProxy.java:334)
	at org.springframework.security.web.header.HeaderWriterFilter.doHeadersAfter(HeaderWriterFilter.java:92)
	at org.springframework.security.web.header.HeaderWriterFilter.doFilterInternal(HeaderWriterFilter.java:77)
	at org.springframework.web.filter.OncePerRequestFilter.doFilter(OncePerRequestFilter.java:119)
	at org.springframework.security.web.FilterChainProxy$VirtualFilterChain.doFilter(FilterChainProxy.java:334)
	at org.springframework.security.web.context.SecurityContextPersistenceFilter.doFilter(SecurityContextPersistenceFilter.java:105)
	at org.springframework.security.web.FilterChainProxy$VirtualFilterChain.doFilter(FilterChainProxy.java:334)
	at org.springframework.security.web.context.request.async.WebAsyncManagerIntegrationFilter.doFilterInternal(WebAsyncManagerIntegrationFilter.java:56)
	at org.springframework.web.filter.OncePerRequestFilter.doFilter(OncePerRequestFilter.java:119)
	at org.springframework.security.web.FilterChainProxy$VirtualFilterChain.doFilter(FilterChainProxy.java:334)
	at org.springframework.security.web.FilterChainProxy.doFilterInternal(FilterChainProxy.java:215)
	at org.springframework.security.web.FilterChainProxy.doFilter(FilterChainProxy.java:178)
	at org.springframework.web.filter.DelegatingFilterProxy.invokeDelegate(DelegatingFilterProxy.java:358)
	at org.springframework.web.filter.DelegatingFilterProxy.doFilter(DelegatingFilterProxy.java:271)
	at org.apache.catalina.core.ApplicationFilterChain.internalDoFilter(ApplicationFilterChain.java:193)
	at org.apache.catalina.core.ApplicationFilterChain.doFilter(ApplicationFilterChain.java:166)
	at org.springframework.web.filter.RequestContextFilter.doFilterInternal(RequestContextFilter.java:100)
	at org.springframework.web.filter.OncePerRequestFilter.doFilter(OncePerRequestFilter.java:119)
	at org.apache.catalina.core.ApplicationFilterChain.internalDoFilter(ApplicationFilterChain.java:193)
	at org.apache.catalina.core.ApplicationFilterChain.doFilter(ApplicationFilterChain.java:166)
	at org.springframework.web.filter.FormContentFilter.doFilterInternal(FormContentFilter.java:93)
	at org.springframework.web.filter.OncePerRequestFilter.doFilter(OncePerRequestFilter.java:119)
	at org.apache.catalina.core.ApplicationFilterChain.internalDoFilter(ApplicationFilterChain.java:193)
	at org.apache.catalina.core.ApplicationFilterChain.doFilter(ApplicationFilterChain.java:166)
	at org.springframework.web.filter.CharacterEncodingFilter.doFilterInternal(CharacterEncodingFilter.java:201)
	at org.springframework.web.filter.OncePerRequestFilter.doFilter(OncePerRequestFilter.java:119)
	at org.apache.catalina.core.ApplicationFilterChain.internalDoFilter(ApplicationFilterChain.java:193)
	at org.apache.catalina.core.ApplicationFilterChain.doFilter(ApplicationFilterChain.java:166)
	at org.apache.catalina.core.StandardWrapperValve.invoke(StandardWrapperValve.java:202)
	at org.apache.catalina.core.StandardContextValve.invoke(StandardContextValve.java:96)
	at org.apache.catalina.authenticator.AuthenticatorBase.invoke(AuthenticatorBase.java:526)
	at org.apache.catalina.core.StandardHostValve.invoke(StandardHostValve.java:139)
	at org.apache.catalina.valves.ErrorReportValve.invoke(ErrorReportValve.java:92)
	at org.apache.catalina.core.StandardEngineValve.invoke(StandardEngineValve.java:74)
	at org.apache.catalina.connector.CoyoteAdapter.service(CoyoteAdapter.java:343)
	at org.apache.coyote.http11.Http11Processor.service(Http11Processor.java:408)
	at org.apache.coyote.AbstractProcessorLight.process(AbstractProcessorLight.java:66)
	at org.apache.coyote.AbstractProtocol$ConnectionHandler.process(AbstractProtocol.java:861)
	at org.apache.tomcat.util.net.NioEndpoint$SocketProcessor.doRun(NioEndpoint.java:1579)
	at org.apache.tomcat.util.net.SocketProcessorBase.run(SocketProcessorBase.java:49)
	at java.util.concurrent.ThreadPoolExecutor.runWorker(ThreadPoolExecutor.java:1149)
	at java.util.concurrent.ThreadPoolExecutor$Worker.run(ThreadPoolExecutor.java:624)
	at org.apache.tomcat.util.threads.TaskThread$WrappingRunnable.run(TaskThread.java:61)
	at java.lang.Thread.run(Thread.java:748)
2026-03-18 16:05:11.120 [taskScheduler-4] WARN  c.q.federated.service.FederatedCoordinatorService - Node 11 marked as inactive due to heartbeat timeout
2026-03-18 16:05:11.120 [taskScheduler-4] WARN  c.q.federated.service.FederatedCoordinatorService - Node 111 marked as inactive due to heartbeat timeout
2026-03-18 16:05:11.838 [http-nio-8081-exec-9] WARN  com.qczy.fltask.controller.FlTaskController - Start Flower task failed: {taskId}
java.lang.IllegalArgumentException: Task not found: {taskId}
	at com.qczy.fltask.service.FlTaskService.requireTask(FlTaskService.java:326)
	at com.qczy.fltask.service.FlTaskService.startTask(FlTaskService.java:148)
	at com.qczy.fltask.service.FlTaskService$$FastClassBySpringCGLIB$$7cfbb59e.invoke(<generated>)
	at org.springframework.cglib.proxy.MethodProxy.invoke(MethodProxy.java:218)
	at org.springframework.aop.framework.CglibAopProxy$CglibMethodInvocation.invokeJoinpoint(CglibAopProxy.java:769)
	at org.springframework.aop.framework.ReflectiveMethodInvocation.proceed(ReflectiveMethodInvocation.java:163)
	at org.springframework.aop.framework.CglibAopProxy$CglibMethodInvocation.proceed(CglibAopProxy.java:747)
	at org.springframework.transaction.interceptor.TransactionAspectSupport.invokeWithinTransaction(TransactionAspectSupport.java:366)
	at org.springframework.transaction.interceptor.TransactionInterceptor.invoke(TransactionInterceptor.java:99)
	at org.springframework.aop.framework.ReflectiveMethodInvocation.proceed(ReflectiveMethodInvocation.java:186)
	at org.springframework.aop.framework.CglibAopProxy$CglibMethodInvocation.proceed(CglibAopProxy.java:747)
	at org.springframework.aop.framework.CglibAopProxy$DynamicAdvisedInterceptor.intercept(CglibAopProxy.java:689)
	at com.qczy.fltask.service.FlTaskService$$EnhancerBySpringCGLIB$$4eff4256.startTask(<generated>)
	at com.qczy.fltask.controller.FlTaskController.startTask(FlTaskController.java:84)
	at sun.reflect.NativeMethodAccessorImpl.invoke0(Native Method)
	at sun.reflect.NativeMethodAccessorImpl.invoke(NativeMethodAccessorImpl.java:62)
	at sun.reflect.DelegatingMethodAccessorImpl.invoke(DelegatingMethodAccessorImpl.java:43)
	at java.lang.reflect.Method.invoke(Method.java:498)
	at org.springframework.web.method.support.InvocableHandlerMethod.doInvoke(InvocableHandlerMethod.java:190)
	at org.springframework.web.method.support.InvocableHandlerMethod.invokeForRequest(InvocableHandlerMethod.java:138)
	at org.springframework.web.servlet.mvc.method.annotation.ServletInvocableHandlerMethod.invokeAndHandle(ServletInvocableHandlerMethod.java:106)
	at org.springframework.web.servlet.mvc.method.annotation.RequestMappingHandlerAdapter.invokeHandlerMethod(RequestMappingHandlerAdapter.java:888)
	at org.springframework.web.servlet.mvc.method.annotation.RequestMappingHandlerAdapter.handleInternal(RequestMappingHandlerAdapter.java:793)
	at org.springframework.web.servlet.mvc.method.AbstractHandlerMethodAdapter.handle(AbstractHandlerMethodAdapter.java:87)
	at org.springframework.web.servlet.DispatcherServlet.doDispatch(DispatcherServlet.java:1040)
	at org.springframework.web.servlet.DispatcherServlet.doService(DispatcherServlet.java:943)
	at org.springframework.web.servlet.FrameworkServlet.processRequest(FrameworkServlet.java:1006)
	at org.springframework.web.servlet.FrameworkServlet.doPost(FrameworkServlet.java:909)
	at javax.servlet.http.HttpServlet.service(HttpServlet.java:660)
	at org.springframework.web.servlet.FrameworkServlet.service(FrameworkServlet.java:883)
	at javax.servlet.http.HttpServlet.service(HttpServlet.java:741)
	at org.apache.catalina.core.ApplicationFilterChain.internalDoFilter(ApplicationFilterChain.java:231)
	at org.apache.catalina.core.ApplicationFilterChain.doFilter(ApplicationFilterChain.java:166)
	at org.apache.tomcat.websocket.server.WsFilter.doFilter(WsFilter.java:53)
	at org.apache.catalina.core.ApplicationFilterChain.internalDoFilter(ApplicationFilterChain.java:193)
	at org.apache.catalina.core.ApplicationFilterChain.doFilter(ApplicationFilterChain.java:166)
	at org.springframework.web.filter.OncePerRequestFilter.doFilter(OncePerRequestFilter.java:113)
	at org.apache.catalina.core.ApplicationFilterChain.internalDoFilter(ApplicationFilterChain.java:193)
	at org.apache.catalina.core.ApplicationFilterChain.doFilter(ApplicationFilterChain.java:166)
	at org.springframework.security.web.FilterChainProxy$VirtualFilterChain.doFilter(FilterChainProxy.java:320)
	at org.springframework.security.web.access.intercept.FilterSecurityInterceptor.invoke(FilterSecurityInterceptor.java:126)
	at org.springframework.security.web.access.intercept.FilterSecurityInterceptor.doFilter(FilterSecurityInterceptor.java:90)
	at org.springframework.security.web.FilterChainProxy$VirtualFilterChain.doFilter(FilterChainProxy.java:334)
	at org.springframework.security.web.access.ExceptionTranslationFilter.doFilter(ExceptionTranslationFilter.java:118)
	at org.springframework.security.web.FilterChainProxy$VirtualFilterChain.doFilter(FilterChainProxy.java:334)
	at org.springframework.security.web.session.SessionManagementFilter.doFilter(SessionManagementFilter.java:137)
	at org.springframework.security.web.FilterChainProxy$VirtualFilterChain.doFilter(FilterChainProxy.java:334)
	at org.springframework.security.web.authentication.AnonymousAuthenticationFilter.doFilter(AnonymousAuthenticationFilter.java:111)
	at org.springframework.security.web.FilterChainProxy$VirtualFilterChain.doFilter(FilterChainProxy.java:334)
	at org.springframework.security.web.servletapi.SecurityContextHolderAwareRequestFilter.doFilter(SecurityContextHolderAwareRequestFilter.java:158)
	at org.springframework.security.web.FilterChainProxy$VirtualFilterChain.doFilter(FilterChainProxy.java:334)
	at org.springframework.security.web.savedrequest.RequestCacheAwareFilter.doFilter(RequestCacheAwareFilter.java:63)
	at org.springframework.security.web.FilterChainProxy$VirtualFilterChain.doFilter(FilterChainProxy.java:334)
	at com.qczy.filter.JwtAuthenticationTokenFilter.doFilterInternal(JwtAuthenticationTokenFilter.java:68)
	at org.springframework.web.filter.OncePerRequestFilter.doFilter(OncePerRequestFilter.java:119)
	at org.springframework.security.web.FilterChainProxy$VirtualFilterChain.doFilter(FilterChainProxy.java:334)
	at org.springframework.security.web.authentication.logout.LogoutFilter.doFilter(LogoutFilter.java:116)
	at org.springframework.security.web.FilterChainProxy$VirtualFilterChain.doFilter(FilterChainProxy.java:334)
	at org.springframework.web.filter.CorsFilter.doFilterInternal(CorsFilter.java:92)
	at org.springframework.web.filter.OncePerRequestFilter.doFilter(OncePerRequestFilter.java:119)
	at org.springframework.security.web.FilterChainProxy$VirtualFilterChain.doFilter(FilterChainProxy.java:334)
	at org.springframework.security.web.header.HeaderWriterFilter.doHeadersAfter(HeaderWriterFilter.java:92)
	at org.springframework.security.web.header.HeaderWriterFilter.doFilterInternal(HeaderWriterFilter.java:77)
	at org.springframework.web.filter.OncePerRequestFilter.doFilter(OncePerRequestFilter.java:119)
	at org.springframework.security.web.FilterChainProxy$VirtualFilterChain.doFilter(FilterChainProxy.java:334)
	at org.springframework.security.web.context.SecurityContextPersistenceFilter.doFilter(SecurityContextPersistenceFilter.java:105)
	at org.springframework.security.web.FilterChainProxy$VirtualFilterChain.doFilter(FilterChainProxy.java:334)
	at org.springframework.security.web.context.request.async.WebAsyncManagerIntegrationFilter.doFilterInternal(WebAsyncManagerIntegrationFilter.java:56)
	at org.springframework.web.filter.OncePerRequestFilter.doFilter(OncePerRequestFilter.java:119)
	at org.springframework.security.web.FilterChainProxy$VirtualFilterChain.doFilter(FilterChainProxy.java:334)
	at org.springframework.security.web.FilterChainProxy.doFilterInternal(FilterChainProxy.java:215)
	at org.springframework.security.web.FilterChainProxy.doFilter(FilterChainProxy.java:178)
	at org.springframework.web.filter.DelegatingFilterProxy.invokeDelegate(DelegatingFilterProxy.java:358)
	at org.springframework.web.filter.DelegatingFilterProxy.doFilter(DelegatingFilterProxy.java:271)
	at org.apache.catalina.core.ApplicationFilterChain.internalDoFilter(ApplicationFilterChain.java:193)
	at org.apache.catalina.core.ApplicationFilterChain.doFilter(ApplicationFilterChain.java:166)
	at org.springframework.web.filter.RequestContextFilter.doFilterInternal(RequestContextFilter.java:100)
	at org.springframework.web.filter.OncePerRequestFilter.doFilter(OncePerRequestFilter.java:119)
	at org.apache.catalina.core.ApplicationFilterChain.internalDoFilter(ApplicationFilterChain.java:193)
	at org.apache.catalina.core.ApplicationFilterChain.doFilter(ApplicationFilterChain.java:166)
	at org.springframework.web.filter.FormContentFilter.doFilterInternal(FormContentFilter.java:93)
	at org.springframework.web.filter.OncePerRequestFilter.doFilter(OncePerRequestFilter.java:119)
	at org.apache.catalina.core.ApplicationFilterChain.internalDoFilter(ApplicationFilterChain.java:193)
	at org.apache.catalina.core.ApplicationFilterChain.doFilter(ApplicationFilterChain.java:166)
	at org.springframework.web.filter.CharacterEncodingFilter.doFilterInternal(CharacterEncodingFilter.java:201)
	at org.springframework.web.filter.OncePerRequestFilter.doFilter(OncePerRequestFilter.java:119)
	at org.apache.catalina.core.ApplicationFilterChain.internalDoFilter(ApplicationFilterChain.java:193)
	at org.apache.catalina.core.ApplicationFilterChain.doFilter(ApplicationFilterChain.java:166)
	at org.apache.catalina.core.StandardWrapperValve.invoke(StandardWrapperValve.java:202)
	at org.apache.catalina.core.StandardContextValve.invoke(StandardContextValve.java:96)
	at org.apache.catalina.authenticator.AuthenticatorBase.invoke(AuthenticatorBase.java:526)
	at org.apache.catalina.core.StandardHostValve.invoke(StandardHostValve.java:139)
	at org.apache.catalina.valves.ErrorReportValve.invoke(ErrorReportValve.java:92)
	at org.apache.catalina.core.StandardEngineValve.invoke(StandardEngineValve.java:74)
	at org.apache.catalina.connector.CoyoteAdapter.service(CoyoteAdapter.java:343)
	at org.apache.coyote.http11.Http11Processor.service(Http11Processor.java:408)
	at org.apache.coyote.AbstractProcessorLight.process(AbstractProcessorLight.java:66)
	at org.apache.coyote.AbstractProtocol$ConnectionHandler.process(AbstractProtocol.java:861)
	at org.apache.tomcat.util.net.NioEndpoint$SocketProcessor.doRun(NioEndpoint.java:1579)
	at org.apache.tomcat.util.net.SocketProcessorBase.run(SocketProcessorBase.java:49)
	at java.util.concurrent.ThreadPoolExecutor.runWorker(ThreadPoolExecutor.java:1149)
	at java.util.concurrent.ThreadPoolExecutor$Worker.run(ThreadPoolExecutor.java:624)
	at org.apache.tomcat.util.threads.TaskThread$WrappingRunnable.run(TaskThread.java:61)
	at java.lang.Thread.run(Thread.java:748)
2026-03-18 16:05:16.129 [taskScheduler-5] WARN  c.q.federated.service.FederatedCoordinatorService - Node 11 marked as inactive due to heartbeat timeout
2026-03-18 16:05:16.129 [taskScheduler-5] WARN  c.q.federated.service.FederatedCoordinatorService - Node 111 marked as inactive due to heartbeat timeout
2026-03-18 16:05:21.134 [taskScheduler-3] WARN  c.q.federated.service.FederatedCoordinatorService - Node 11 marked as inactive due to heartbeat timeout
2026-03-18 16:05:21.134 [taskScheduler-3] WARN  c.q.federated.service.FederatedCoordinatorService - Node 111 marked as inactive due to heartbeat timeout
2026-03-18 16:05:26.151 [taskScheduler-1] WARN  c.q.federated.service.FederatedCoordinatorService - Node 11 marked as inactive due to heartbeat timeout
2026-03-18 16:05:26.151 [taskScheduler-1] WARN  c.q.federated.service.FederatedCoordinatorService - Node 111 marked as inactive due to heartbeat timeout
2026-03-18 16:05:31.166 [taskScheduler-9] WARN  c.q.federated.service.FederatedCoordinatorService - Node 11 marked as inactive due to heartbeat timeout
2026-03-18 16:05:31.166 [taskScheduler-9] WARN  c.q.federated.service.FederatedCoordinatorService - Node 111 marked as inactive due to heartbeat timeout
2026-03-18 16:05:36.176 [taskScheduler-6] WARN  c.q.federated.service.FederatedCoordinatorService - Node 11 marked as inactive due to heartbeat timeout
2026-03-18 16:05:36.176 [taskScheduler-6] WARN  c.q.federated.service.FederatedCoordinatorService - Node 111 marked as inactive due to heartbeat timeout
2026-03-18 16:05:41.183 [taskScheduler-2] WARN  c.q.federated.service.FederatedCoordinatorService - Node 11 marked as inactive due to heartbeat timeout
2026-03-18 16:05:41.183 [taskScheduler-2] WARN  c.q.federated.service.FederatedCoordinatorService - Node 111 marked as inactive due to heartbeat timeout
2026-03-18 16:05:42.415 [http-nio-8081-exec-6] WARN  com.qczy.fltask.controller.FlTaskController - Get Flower task failed: {taskId}
java.lang.IllegalArgumentException: Task not found: {taskId}
	at com.qczy.fltask.service.FlTaskService.requireTask(FlTaskService.java:326)
	at com.qczy.fltask.service.FlTaskService.getTask(FlTaskService.java:126)
	at com.qczy.fltask.service.FlTaskService$$FastClassBySpringCGLIB$$7cfbb59e.invoke(<generated>)
	at org.springframework.cglib.proxy.MethodProxy.invoke(MethodProxy.java:218)
	at org.springframework.aop.framework.CglibAopProxy$CglibMethodInvocation.invokeJoinpoint(CglibAopProxy.java:769)
	at org.springframework.aop.framework.ReflectiveMethodInvocation.proceed(ReflectiveMethodInvocation.java:163)
	at org.springframework.aop.framework.CglibAopProxy$CglibMethodInvocation.proceed(CglibAopProxy.java:747)
	at org.springframework.transaction.interceptor.TransactionAspectSupport.invokeWithinTransaction(TransactionAspectSupport.java:366)
	at org.springframework.transaction.interceptor.TransactionInterceptor.invoke(TransactionInterceptor.java:99)
	at org.springframework.aop.framework.ReflectiveMethodInvocation.proceed(ReflectiveMethodInvocation.java:186)
	at org.springframework.aop.framework.CglibAopProxy$CglibMethodInvocation.proceed(CglibAopProxy.java:747)
	at org.springframework.aop.framework.CglibAopProxy$DynamicAdvisedInterceptor.intercept(CglibAopProxy.java:689)
	at com.qczy.fltask.service.FlTaskService$$EnhancerBySpringCGLIB$$4eff4256.getTask(<generated>)
	at com.qczy.fltask.controller.FlTaskController.getTask(FlTaskController.java:62)
	at sun.reflect.NativeMethodAccessorImpl.invoke0(Native Method)
	at sun.reflect.NativeMethodAccessorImpl.invoke(NativeMethodAccessorImpl.java:62)
	at sun.reflect.DelegatingMethodAccessorImpl.invoke(DelegatingMethodAccessorImpl.java:43)
	at java.lang.reflect.Method.invoke(Method.java:498)
	at org.springframework.web.method.support.InvocableHandlerMethod.doInvoke(InvocableHandlerMethod.java:190)
	at org.springframework.web.method.support.InvocableHandlerMethod.invokeForRequest(InvocableHandlerMethod.java:138)
	at org.springframework.web.servlet.mvc.method.annotation.ServletInvocableHandlerMethod.invokeAndHandle(ServletInvocableHandlerMethod.java:106)
	at org.springframework.web.servlet.mvc.method.annotation.RequestMappingHandlerAdapter.invokeHandlerMethod(RequestMappingHandlerAdapter.java:888)
	at org.springframework.web.servlet.mvc.method.annotation.RequestMappingHandlerAdapter.handleInternal(RequestMappingHandlerAdapter.java:793)
	at org.springframework.web.servlet.mvc.method.AbstractHandlerMethodAdapter.handle(AbstractHandlerMethodAdapter.java:87)
	at org.springframework.web.servlet.DispatcherServlet.doDispatch(DispatcherServlet.java:1040)
	at org.springframework.web.servlet.DispatcherServlet.doService(DispatcherServlet.java:943)
	at org.springframework.web.servlet.FrameworkServlet.processRequest(FrameworkServlet.java:1006)
	at org.springframework.web.servlet.FrameworkServlet.doGet(FrameworkServlet.java:898)
	at javax.servlet.http.HttpServlet.service(HttpServlet.java:634)
	at org.springframework.web.servlet.FrameworkServlet.service(FrameworkServlet.java:883)
	at javax.servlet.http.HttpServlet.service(HttpServlet.java:741)
	at org.apache.catalina.core.ApplicationFilterChain.internalDoFilter(ApplicationFilterChain.java:231)
	at org.apache.catalina.core.ApplicationFilterChain.doFilter(ApplicationFilterChain.java:166)
	at org.apache.tomcat.websocket.server.WsFilter.doFilter(WsFilter.java:53)
	at org.apache.catalina.core.ApplicationFilterChain.internalDoFilter(ApplicationFilterChain.java:193)
	at org.apache.catalina.core.ApplicationFilterChain.doFilter(ApplicationFilterChain.java:166)
	at org.springframework.web.filter.OncePerRequestFilter.doFilter(OncePerRequestFilter.java:113)
	at org.apache.catalina.core.ApplicationFilterChain.internalDoFilter(ApplicationFilterChain.java:193)
	at org.apache.catalina.core.ApplicationFilterChain.doFilter(ApplicationFilterChain.java:166)
	at org.springframework.security.web.FilterChainProxy$VirtualFilterChain.doFilter(FilterChainProxy.java:320)
	at org.springframework.security.web.access.intercept.FilterSecurityInterceptor.invoke(FilterSecurityInterceptor.java:126)
	at org.springframework.security.web.access.intercept.FilterSecurityInterceptor.doFilter(FilterSecurityInterceptor.java:90)
	at org.springframework.security.web.FilterChainProxy$VirtualFilterChain.doFilter(FilterChainProxy.java:334)
	at org.springframework.security.web.access.ExceptionTranslationFilter.doFilter(ExceptionTranslationFilter.java:118)
	at org.springframework.security.web.FilterChainProxy$VirtualFilterChain.doFilter(FilterChainProxy.java:334)
	at org.springframework.security.web.session.SessionManagementFilter.doFilter(SessionManagementFilter.java:137)
	at org.springframework.security.web.FilterChainProxy$VirtualFilterChain.doFilter(FilterChainProxy.java:334)
	at org.springframework.security.web.authentication.AnonymousAuthenticationFilter.doFilter(AnonymousAuthenticationFilter.java:111)
	at org.springframework.security.web.FilterChainProxy$VirtualFilterChain.doFilter(FilterChainProxy.java:334)
	at org.springframework.security.web.servletapi.SecurityContextHolderAwareRequestFilter.doFilter(SecurityContextHolderAwareRequestFilter.java:158)
	at org.springframework.security.web.FilterChainProxy$VirtualFilterChain.doFilter(FilterChainProxy.java:334)
	at org.springframework.security.web.savedrequest.RequestCacheAwareFilter.doFilter(RequestCacheAwareFilter.java:63)
	at org.springframework.security.web.FilterChainProxy$VirtualFilterChain.doFilter(FilterChainProxy.java:334)
	at com.qczy.filter.JwtAuthenticationTokenFilter.doFilterInternal(JwtAuthenticationTokenFilter.java:68)
	at org.springframework.web.filter.OncePerRequestFilter.doFilter(OncePerRequestFilter.java:119)
	at org.springframework.security.web.FilterChainProxy$VirtualFilterChain.doFilter(FilterChainProxy.java:334)
	at org.springframework.security.web.authentication.logout.LogoutFilter.doFilter(LogoutFilter.java:116)
	at org.springframework.security.web.FilterChainProxy$VirtualFilterChain.doFilter(FilterChainProxy.java:334)
	at org.springframework.web.filter.CorsFilter.doFilterInternal(CorsFilter.java:92)
	at org.springframework.web.filter.OncePerRequestFilter.doFilter(OncePerRequestFilter.java:119)
	at org.springframework.security.web.FilterChainProxy$VirtualFilterChain.doFilter(FilterChainProxy.java:334)
	at org.springframework.security.web.header.HeaderWriterFilter.doHeadersAfter(HeaderWriterFilter.java:92)
	at org.springframework.security.web.header.HeaderWriterFilter.doFilterInternal(HeaderWriterFilter.java:77)
	at org.springframework.web.filter.OncePerRequestFilter.doFilter(OncePerRequestFilter.java:119)
	at org.springframework.security.web.FilterChainProxy$VirtualFilterChain.doFilter(FilterChainProxy.java:334)
	at org.springframework.security.web.context.SecurityContextPersistenceFilter.doFilter(SecurityContextPersistenceFilter.java:105)
	at org.springframework.security.web.FilterChainProxy$VirtualFilterChain.doFilter(FilterChainProxy.java:334)
	at org.springframework.security.web.context.request.async.WebAsyncManagerIntegrationFilter.doFilterInternal(WebAsyncManagerIntegrationFilter.java:56)
	at org.springframework.web.filter.OncePerRequestFilter.doFilter(OncePerRequestFilter.java:119)
	at org.springframework.security.web.FilterChainProxy$VirtualFilterChain.doFilter(FilterChainProxy.java:334)
	at org.springframework.security.web.FilterChainProxy.doFilterInternal(FilterChainProxy.java:215)
	at org.springframework.security.web.FilterChainProxy.doFilter(FilterChainProxy.java:178)
	at org.springframework.web.filter.DelegatingFilterProxy.invokeDelegate(DelegatingFilterProxy.java:358)
	at org.springframework.web.filter.DelegatingFilterProxy.doFilter(DelegatingFilterProxy.java:271)
	at org.apache.catalina.core.ApplicationFilterChain.internalDoFilter(ApplicationFilterChain.java:193)
	at org.apache.catalina.core.ApplicationFilterChain.doFilter(ApplicationFilterChain.java:166)
	at org.springframework.web.filter.RequestContextFilter.doFilterInternal(RequestContextFilter.java:100)
	at org.springframework.web.filter.OncePerRequestFilter.doFilter(OncePerRequestFilter.java:119)
	at org.apache.catalina.core.ApplicationFilterChain.internalDoFilter(ApplicationFilterChain.java:193)
	at org.apache.catalina.core.ApplicationFilterChain.doFilter(ApplicationFilterChain.java:166)
	at org.springframework.web.filter.FormContentFilter.doFilterInternal(FormContentFilter.java:93)
	at org.springframework.web.filter.OncePerRequestFilter.doFilter(OncePerRequestFilter.java:119)
	at org.apache.catalina.core.ApplicationFilterChain.internalDoFilter(ApplicationFilterChain.java:193)
	at org.apache.catalina.core.ApplicationFilterChain.doFilter(ApplicationFilterChain.java:166)
	at org.springframework.web.filter.CharacterEncodingFilter.doFilterInternal(CharacterEncodingFilter.java:201)
	at org.springframework.web.filter.OncePerRequestFilter.doFilter(OncePerRequestFilter.java:119)
	at org.apache.catalina.core.ApplicationFilterChain.internalDoFilter(ApplicationFilterChain.java:193)
	at org.apache.catalina.core.ApplicationFilterChain.doFilter(ApplicationFilterChain.java:166)
	at org.apache.catalina.core.StandardWrapperValve.invoke(StandardWrapperValve.java:202)
	at org.apache.catalina.core.StandardContextValve.invoke(StandardContextValve.java:96)
	at org.apache.catalina.authenticator.AuthenticatorBase.invoke(AuthenticatorBase.java:526)
	at org.apache.catalina.core.StandardHostValve.invoke(StandardHostValve.java:139)
	at org.apache.catalina.valves.ErrorReportValve.invoke(ErrorReportValve.java:92)
	at org.apache.catalina.core.StandardEngineValve.invoke(StandardEngineValve.java:74)
	at org.apache.catalina.connector.CoyoteAdapter.service(CoyoteAdapter.java:343)
	at org.apache.coyote.http11.Http11Processor.service(Http11Processor.java:408)
	at org.apache.coyote.AbstractProcessorLight.process(AbstractProcessorLight.java:66)
	at org.apache.coyote.AbstractProtocol$ConnectionHandler.process(AbstractProtocol.java:861)
	at org.apache.tomcat.util.net.NioEndpoint$SocketProcessor.doRun(NioEndpoint.java:1579)
	at org.apache.tomcat.util.net.SocketProcessorBase.run(SocketProcessorBase.java:49)
	at java.util.concurrent.ThreadPoolExecutor.runWorker(ThreadPoolExecutor.java:1149)
	at java.util.concurrent.ThreadPoolExecutor$Worker.run(ThreadPoolExecutor.java:624)
	at org.apache.tomcat.util.threads.TaskThread$WrappingRunnable.run(TaskThread.java:61)
	at java.lang.Thread.run(Thread.java:748)
2026-03-18 16:05:42.494 [http-nio-8081-exec-7] WARN  com.qczy.fltask.controller.FlTaskController - List Flower task rounds failed: {taskId}
java.lang.IllegalArgumentException: Task not found: {taskId}
	at com.qczy.fltask.service.FlTaskService.requireTask(FlTaskService.java:326)
	at com.qczy.fltask.service.FlTaskService.listRounds(FlTaskService.java:136)
	at com.qczy.fltask.service.FlTaskService$$FastClassBySpringCGLIB$$7cfbb59e.invoke(<generated>)
	at org.springframework.cglib.proxy.MethodProxy.invoke(MethodProxy.java:218)
	at org.springframework.aop.framework.CglibAopProxy$CglibMethodInvocation.invokeJoinpoint(CglibAopProxy.java:769)
	at org.springframework.aop.framework.ReflectiveMethodInvocation.proceed(ReflectiveMethodInvocation.java:163)
	at org.springframework.aop.framework.CglibAopProxy$CglibMethodInvocation.proceed(CglibAopProxy.java:747)
	at org.springframework.transaction.interceptor.TransactionAspectSupport.invokeWithinTransaction(TransactionAspectSupport.java:366)
	at org.springframework.transaction.interceptor.TransactionInterceptor.invoke(TransactionInterceptor.java:99)
	at org.springframework.aop.framework.ReflectiveMethodInvocation.proceed(ReflectiveMethodInvocation.java:186)
	at org.springframework.aop.framework.CglibAopProxy$CglibMethodInvocation.proceed(CglibAopProxy.java:747)
	at org.springframework.aop.framework.CglibAopProxy$DynamicAdvisedInterceptor.intercept(CglibAopProxy.java:689)
	at com.qczy.fltask.service.FlTaskService$$EnhancerBySpringCGLIB$$4eff4256.listRounds(<generated>)
	at com.qczy.fltask.controller.FlTaskController.listRounds(FlTaskController.java:73)
	at sun.reflect.NativeMethodAccessorImpl.invoke0(Native Method)
	at sun.reflect.NativeMethodAccessorImpl.invoke(NativeMethodAccessorImpl.java:62)
	at sun.reflect.DelegatingMethodAccessorImpl.invoke(DelegatingMethodAccessorImpl.java:43)
	at java.lang.reflect.Method.invoke(Method.java:498)
	at org.springframework.web.method.support.InvocableHandlerMethod.doInvoke(InvocableHandlerMethod.java:190)
	at org.springframework.web.method.support.InvocableHandlerMethod.invokeForRequest(InvocableHandlerMethod.java:138)
	at org.springframework.web.servlet.mvc.method.annotation.ServletInvocableHandlerMethod.invokeAndHandle(ServletInvocableHandlerMethod.java:106)
	at org.springframework.web.servlet.mvc.method.annotation.RequestMappingHandlerAdapter.invokeHandlerMethod(RequestMappingHandlerAdapter.java:888)
	at org.springframework.web.servlet.mvc.method.annotation.RequestMappingHandlerAdapter.handleInternal(RequestMappingHandlerAdapter.java:793)
	at org.springframework.web.servlet.mvc.method.AbstractHandlerMethodAdapter.handle(AbstractHandlerMethodAdapter.java:87)
	at org.springframework.web.servlet.DispatcherServlet.doDispatch(DispatcherServlet.java:1040)
	at org.springframework.web.servlet.DispatcherServlet.doService(DispatcherServlet.java:943)
	at org.springframework.web.servlet.FrameworkServlet.processRequest(FrameworkServlet.java:1006)
	at org.springframework.web.servlet.FrameworkServlet.doGet(FrameworkServlet.java:898)
	at javax.servlet.http.HttpServlet.service(HttpServlet.java:634)
	at org.springframework.web.servlet.FrameworkServlet.service(FrameworkServlet.java:883)
	at javax.servlet.http.HttpServlet.service(HttpServlet.java:741)
	at org.apache.catalina.core.ApplicationFilterChain.internalDoFilter(ApplicationFilterChain.java:231)
	at org.apache.catalina.core.ApplicationFilterChain.doFilter(ApplicationFilterChain.java:166)
	at org.apache.tomcat.websocket.server.WsFilter.doFilter(WsFilter.java:53)
	at org.apache.catalina.core.ApplicationFilterChain.internalDoFilter(ApplicationFilterChain.java:193)
	at org.apache.catalina.core.ApplicationFilterChain.doFilter(ApplicationFilterChain.java:166)
	at org.springframework.web.filter.OncePerRequestFilter.doFilter(OncePerRequestFilter.java:113)
	at org.apache.catalina.core.ApplicationFilterChain.internalDoFilter(ApplicationFilterChain.java:193)
	at org.apache.catalina.core.ApplicationFilterChain.doFilter(ApplicationFilterChain.java:166)
	at org.springframework.security.web.FilterChainProxy$VirtualFilterChain.doFilter(FilterChainProxy.java:320)
	at org.springframework.security.web.access.intercept.FilterSecurityInterceptor.invoke(FilterSecurityInterceptor.java:126)
	at org.springframework.security.web.access.intercept.FilterSecurityInterceptor.doFilter(FilterSecurityInterceptor.java:90)
	at org.springframework.security.web.FilterChainProxy$VirtualFilterChain.doFilter(FilterChainProxy.java:334)
	at org.springframework.security.web.access.ExceptionTranslationFilter.doFilter(ExceptionTranslationFilter.java:118)
	at org.springframework.security.web.FilterChainProxy$VirtualFilterChain.doFilter(FilterChainProxy.java:334)
	at org.springframework.security.web.session.SessionManagementFilter.doFilter(SessionManagementFilter.java:137)
	at org.springframework.security.web.FilterChainProxy$VirtualFilterChain.doFilter(FilterChainProxy.java:334)
	at org.springframework.security.web.authentication.AnonymousAuthenticationFilter.doFilter(AnonymousAuthenticationFilter.java:111)
	at org.springframework.security.web.FilterChainProxy$VirtualFilterChain.doFilter(FilterChainProxy.java:334)
	at org.springframework.security.web.servletapi.SecurityContextHolderAwareRequestFilter.doFilter(SecurityContextHolderAwareRequestFilter.java:158)
	at org.springframework.security.web.FilterChainProxy$VirtualFilterChain.doFilter(FilterChainProxy.java:334)
	at org.springframework.security.web.savedrequest.RequestCacheAwareFilter.doFilter(RequestCacheAwareFilter.java:63)
	at org.springframework.security.web.FilterChainProxy$VirtualFilterChain.doFilter(FilterChainProxy.java:334)
	at com.qczy.filter.JwtAuthenticationTokenFilter.doFilterInternal(JwtAuthenticationTokenFilter.java:68)
	at org.springframework.web.filter.OncePerRequestFilter.doFilter(OncePerRequestFilter.java:119)
	at org.springframework.security.web.FilterChainProxy$VirtualFilterChain.doFilter(FilterChainProxy.java:334)
	at org.springframework.security.web.authentication.logout.LogoutFilter.doFilter(LogoutFilter.java:116)
	at org.springframework.security.web.FilterChainProxy$VirtualFilterChain.doFilter(FilterChainProxy.java:334)
	at org.springframework.web.filter.CorsFilter.doFilterInternal(CorsFilter.java:92)
	at org.springframework.web.filter.OncePerRequestFilter.doFilter(OncePerRequestFilter.java:119)
	at org.springframework.security.web.FilterChainProxy$VirtualFilterChain.doFilter(FilterChainProxy.java:334)
	at org.springframework.security.web.header.HeaderWriterFilter.doHeadersAfter(HeaderWriterFilter.java:92)
	at org.springframework.security.web.header.HeaderWriterFilter.doFilterInternal(HeaderWriterFilter.java:77)
	at org.springframework.web.filter.OncePerRequestFilter.doFilter(OncePerRequestFilter.java:119)
	at org.springframework.security.web.FilterChainProxy$VirtualFilterChain.doFilter(FilterChainProxy.java:334)
	at org.springframework.security.web.context.SecurityContextPersistenceFilter.doFilter(SecurityContextPersistenceFilter.java:105)
	at org.springframework.security.web.FilterChainProxy$VirtualFilterChain.doFilter(FilterChainProxy.java:334)
	at org.springframework.security.web.context.request.async.WebAsyncManagerIntegrationFilter.doFilterInternal(WebAsyncManagerIntegrationFilter.java:56)
	at org.springframework.web.filter.OncePerRequestFilter.doFilter(OncePerRequestFilter.java:119)
	at org.springframework.security.web.FilterChainProxy$VirtualFilterChain.doFilter(FilterChainProxy.java:334)
	at org.springframework.security.web.FilterChainProxy.doFilterInternal(FilterChainProxy.java:215)
	at org.springframework.security.web.FilterChainProxy.doFilter(FilterChainProxy.java:178)
	at org.springframework.web.filter.DelegatingFilterProxy.invokeDelegate(DelegatingFilterProxy.java:358)
	at org.springframework.web.filter.DelegatingFilterProxy.doFilter(DelegatingFilterProxy.java:271)
	at org.apache.catalina.core.ApplicationFilterChain.internalDoFilter(ApplicationFilterChain.java:193)
	at org.apache.catalina.core.ApplicationFilterChain.doFilter(ApplicationFilterChain.java:166)
	at org.springframework.web.filter.RequestContextFilter.doFilterInternal(RequestContextFilter.java:100)
	at org.springframework.web.filter.OncePerRequestFilter.doFilter(OncePerRequestFilter.java:119)
	at org.apache.catalina.core.ApplicationFilterChain.internalDoFilter(ApplicationFilterChain.java:193)
	at org.apache.catalina.core.ApplicationFilterChain.doFilter(ApplicationFilterChain.java:166)
	at org.springframework.web.filter.FormContentFilter.doFilterInternal(FormContentFilter.java:93)
	at org.springframework.web.filter.OncePerRequestFilter.doFilter(OncePerRequestFilter.java:119)
	at org.apache.catalina.core.ApplicationFilterChain.internalDoFilter(ApplicationFilterChain.java:193)
	at org.apache.catalina.core.ApplicationFilterChain.doFilter(ApplicationFilterChain.java:166)
	at org.springframework.web.filter.CharacterEncodingFilter.doFilterInternal(CharacterEncodingFilter.java:201)
	at org.springframework.web.filter.OncePerRequestFilter.doFilter(OncePerRequestFilter.java:119)
	at org.apache.catalina.core.ApplicationFilterChain.internalDoFilter(ApplicationFilterChain.java:193)
	at org.apache.catalina.core.ApplicationFilterChain.doFilter(ApplicationFilterChain.java:166)
	at org.apache.catalina.core.StandardWrapperValve.invoke(StandardWrapperValve.java:202)
	at org.apache.catalina.core.StandardContextValve.invoke(StandardContextValve.java:96)
	at org.apache.catalina.authenticator.AuthenticatorBase.invoke(AuthenticatorBase.java:526)
	at org.apache.catalina.core.StandardHostValve.invoke(StandardHostValve.java:139)
	at org.apache.catalina.valves.ErrorReportValve.invoke(ErrorReportValve.java:92)
	at org.apache.catalina.core.StandardEngineValve.invoke(StandardEngineValve.java:74)
	at org.apache.catalina.connector.CoyoteAdapter.service(CoyoteAdapter.java:343)
	at org.apache.coyote.http11.Http11Processor.service(Http11Processor.java:408)
	at org.apache.coyote.AbstractProcessorLight.process(AbstractProcessorLight.java:66)
	at org.apache.coyote.AbstractProtocol$ConnectionHandler.process(AbstractProtocol.java:861)
	at org.apache.tomcat.util.net.NioEndpoint$SocketProcessor.doRun(NioEndpoint.java:1579)
	at org.apache.tomcat.util.net.SocketProcessorBase.run(SocketProcessorBase.java:49)
	at java.util.concurrent.ThreadPoolExecutor.runWorker(ThreadPoolExecutor.java:1149)
	at java.util.concurrent.ThreadPoolExecutor$Worker.run(ThreadPoolExecutor.java:624)
	at org.apache.tomcat.util.threads.TaskThread$WrappingRunnable.run(TaskThread.java:61)
	at java.lang.Thread.run(Thread.java:748)
2026-03-18 16:05:46.195 [taskScheduler-7] WARN  c.q.federated.service.FederatedCoordinatorService - Node 11 marked as inactive due to heartbeat timeout
2026-03-18 16:05:46.195 [taskScheduler-7] WARN  c.q.federated.service.FederatedCoordinatorService - Node 111 marked as inactive due to heartbeat timeout
2026-03-18 16:05:51.202 [taskScheduler-8] WARN  c.q.federated.service.FederatedCoordinatorService - Node 11 marked as inactive due to heartbeat timeout
2026-03-18 16:05:51.202 [taskScheduler-8] WARN  c.q.federated.service.FederatedCoordinatorService - Node 111 marked as inactive due to heartbeat timeout
2026-03-18 16:05:56.212 [taskScheduler-4] WARN  c.q.federated.service.FederatedCoordinatorService - Node 11 marked as inactive due to heartbeat timeout
2026-03-18 16:05:56.212 [taskScheduler-4] WARN  c.q.federated.service.FederatedCoordinatorService - Node 111 marked as inactive due to heartbeat timeout
2026-03-18 16:06:01.220 [taskScheduler-5] WARN  c.q.federated.service.FederatedCoordinatorService - Node 11 marked as inactive due to heartbeat timeout
2026-03-18 16:06:01.220 [taskScheduler-5] WARN  c.q.federated.service.FederatedCoordinatorService - Node 111 marked as inactive due to heartbeat timeout
2026-03-18 16:06:06.233 [taskScheduler-3] WARN  c.q.federated.service.FederatedCoordinatorService - Node 11 marked as inactive due to heartbeat timeout
2026-03-18 16:06:06.233 [taskScheduler-3] WARN  c.q.federated.service.FederatedCoordinatorService - Node 111 marked as inactive due to heartbeat timeout
2026-03-18 16:06:11.251 [taskScheduler-1] WARN  c.q.federated.service.FederatedCoordinatorService - Node 11 marked as inactive due to heartbeat timeout
2026-03-18 16:06:11.251 [taskScheduler-1] WARN  c.q.federated.service.FederatedCoordinatorService - Node 111 marked as inactive due to heartbeat timeout
2026-03-18 16:06:16.259 [taskScheduler-9] WARN  c.q.federated.service.FederatedCoordinatorService - Node 11 marked as inactive due to heartbeat timeout
2026-03-18 16:06:16.259 [taskScheduler-9] WARN  c.q.federated.service.FederatedCoordinatorService - Node 111 marked as inactive due to heartbeat timeout
2026-03-18 16:06:21.270 [taskScheduler-6] WARN  c.q.federated.service.FederatedCoordinatorService - Node 11 marked as inactive due to heartbeat timeout
2026-03-18 16:06:21.271 [taskScheduler-6] WARN  c.q.federated.service.FederatedCoordinatorService - Node 111 marked as inactive due to heartbeat timeout
2026-03-18 16:06:26.282 [taskScheduler-2] WARN  c.q.federated.service.FederatedCoordinatorService - Node 11 marked as inactive due to heartbeat timeout
2026-03-18 16:06:26.282 [taskScheduler-2] WARN  c.q.federated.service.FederatedCoordinatorService - Node 111 marked as inactive due to heartbeat timeout
2026-03-18 16:06:31.289 [taskScheduler-7] WARN  c.q.federated.service.FederatedCoordinatorService - Node 11 marked as inactive due to heartbeat timeout
2026-03-18 16:06:31.289 [taskScheduler-7] WARN  c.q.federated.service.FederatedCoordinatorService - Node 111 marked as inactive due to heartbeat timeout
2026-03-18 16:06:36.295 [taskScheduler-8] WARN  c.q.federated.service.FederatedCoordinatorService - Node 11 marked as inactive due to heartbeat timeout
2026-03-18 16:06:36.296 [taskScheduler-8] WARN  c.q.federated.service.FederatedCoordinatorService - Node 111 marked as inactive due to heartbeat timeout
2026-03-18 16:06:41.304 [taskScheduler-3] WARN  c.q.federated.service.FederatedCoordinatorService - Node 11 marked as inactive due to heartbeat timeout
2026-03-18 16:06:41.304 [taskScheduler-3] WARN  c.q.federated.service.FederatedCoordinatorService - Node 111 marked as inactive due to heartbeat timeout
2026-03-18 16:06:46.316 [taskScheduler-1] WARN  c.q.federated.service.FederatedCoordinatorService - Node 11 marked as inactive due to heartbeat timeout
2026-03-18 16:06:46.316 [taskScheduler-1] WARN  c.q.federated.service.FederatedCoordinatorService - Node 111 marked as inactive due to heartbeat timeout
2026-03-18 16:06:51.321 [taskScheduler-10] WARN  c.q.federated.service.FederatedCoordinatorService - Node 11 marked as inactive due to heartbeat timeout
2026-03-18 16:06:51.321 [taskScheduler-10] WARN  c.q.federated.service.FederatedCoordinatorService - Node 111 marked as inactive due to heartbeat timeout
2026-03-18 16:06:56.374 [taskScheduler-7] WARN  c.q.federated.service.FederatedCoordinatorService - Node 11 marked as inactive due to heartbeat timeout
2026-03-18 16:06:56.388 [taskScheduler-7] WARN  c.q.federated.service.FederatedCoordinatorService - Node 111 marked as inactive due to heartbeat timeout
2026-03-18 20:25:33.436 [background-preinit] WARN  o.s.h.converter.json.Jackson2ObjectMapperBuilder - For Jackson Kotlin classes support please add "com.fasterxml.jackson.module:jackson-module-kotlin" to the classpath
2026-03-18 20:25:44.072 [main] WARN  c.b.mybatisplus.core.metadata.TableInfoHelper - Can not find table primary key in Class: "com.qczy.model.entity.OperLogEntity".
2026-03-18 20:25:47.812 [main] WARN  c.b.mybatisplus.core.metadata.TableInfoHelper - Can not find table primary key in Class: "com.qczy.model.entity.AlgorithmTaskResultEntity".
2026-03-18 20:25:48.934 [main] WARN  c.b.mybatisplus.core.metadata.TableInfoHelper - Can not find table primary key in Class: "com.qczy.model.entity.RoleMenuEntity".
2026-03-18 20:25:48.970 [main] WARN  c.b.mybatisplus.core.metadata.TableInfoHelper - Can not find table primary key in Class: "com.qczy.model.entity.RoleButtonEntity".
2026-03-18 20:41:38.803 [background-preinit] WARN  o.s.h.converter.json.Jackson2ObjectMapperBuilder - For Jackson Kotlin classes support please add "com.fasterxml.jackson.module:jackson-module-kotlin" to the classpath
2026-03-18 20:41:46.366 [main] WARN  c.b.mybatisplus.core.metadata.TableInfoHelper - Can not find table primary key in Class: "com.qczy.model.entity.OperLogEntity".
2026-03-18 20:41:49.347 [main] WARN  c.b.mybatisplus.core.metadata.TableInfoHelper - Can not find table primary key in Class: "com.qczy.model.entity.AlgorithmTaskResultEntity".
2026-03-18 20:41:50.356 [main] WARN  c.b.mybatisplus.core.metadata.TableInfoHelper - Can not find table primary key in Class: "com.qczy.model.entity.RoleMenuEntity".
2026-03-18 20:41:50.394 [main] WARN  c.b.mybatisplus.core.metadata.TableInfoHelper - Can not find table primary key in Class: "com.qczy.model.entity.RoleButtonEntity".
2026-03-18 20:43:28.095 [http-nio-8081-exec-8] WARN  com.qczy.fltask.runner.FlowerRunnerClient - Runner POST /runner/tasks failed: {"error": "local variable '_ACTIVE_TASK' referenced before assignment"}
2026-03-18 20:43:28.099 [http-nio-8081-exec-8] WARN  com.qczy.fltask.controller.FlTaskController - Start Flower task failed: fl_20260318204313_19e58c
java.lang.IllegalStateException: {"error": "local variable '_ACTIVE_TASK' referenced before assignment"}
	at com.qczy.fltask.runner.FlowerRunnerClient.post(FlowerRunnerClient.java:94)
	at com.qczy.fltask.runner.FlowerRunnerClient.createTask(FlowerRunnerClient.java:30)
	at com.qczy.fltask.service.FlTaskService.startTask(FlTaskService.java:154)
	at com.qczy.fltask.service.FlTaskService$$FastClassBySpringCGLIB$$7cfbb59e.invoke(<generated>)
	at org.springframework.cglib.proxy.MethodProxy.invoke(MethodProxy.java:218)
	at org.springframework.aop.framework.CglibAopProxy$CglibMethodInvocation.invokeJoinpoint(CglibAopProxy.java:769)
	at org.springframework.aop.framework.ReflectiveMethodInvocation.proceed(ReflectiveMethodInvocation.java:163)
	at org.springframework.aop.framework.CglibAopProxy$CglibMethodInvocation.proceed(CglibAopProxy.java:747)
	at org.springframework.transaction.interceptor.TransactionAspectSupport.invokeWithinTransaction(TransactionAspectSupport.java:366)
	at org.springframework.transaction.interceptor.TransactionInterceptor.invoke(TransactionInterceptor.java:99)
	at org.springframework.aop.framework.ReflectiveMethodInvocation.proceed(ReflectiveMethodInvocation.java:186)
	at org.springframework.aop.framework.CglibAopProxy$CglibMethodInvocation.proceed(CglibAopProxy.java:747)
	at org.springframework.aop.framework.CglibAopProxy$DynamicAdvisedInterceptor.intercept(CglibAopProxy.java:689)
	at com.qczy.fltask.service.FlTaskService$$EnhancerBySpringCGLIB$$f110dbd2.startTask(<generated>)
	at com.qczy.fltask.controller.FlTaskController.startTask(FlTaskController.java:84)
	at sun.reflect.NativeMethodAccessorImpl.invoke0(Native Method)
	at sun.reflect.NativeMethodAccessorImpl.invoke(NativeMethodAccessorImpl.java:62)
	at sun.reflect.DelegatingMethodAccessorImpl.invoke(DelegatingMethodAccessorImpl.java:43)
	at java.lang.reflect.Method.invoke(Method.java:498)
	at org.springframework.web.method.support.InvocableHandlerMethod.doInvoke(InvocableHandlerMethod.java:190)
	at org.springframework.web.method.support.InvocableHandlerMethod.invokeForRequest(InvocableHandlerMethod.java:138)
	at org.springframework.web.servlet.mvc.method.annotation.ServletInvocableHandlerMethod.invokeAndHandle(ServletInvocableHandlerMethod.java:106)
	at org.springframework.web.servlet.mvc.method.annotation.RequestMappingHandlerAdapter.invokeHandlerMethod(RequestMappingHandlerAdapter.java:888)
	at org.springframework.web.servlet.mvc.method.annotation.RequestMappingHandlerAdapter.handleInternal(RequestMappingHandlerAdapter.java:793)
	at org.springframework.web.servlet.mvc.method.AbstractHandlerMethodAdapter.handle(AbstractHandlerMethodAdapter.java:87)
	at org.springframework.web.servlet.DispatcherServlet.doDispatch(DispatcherServlet.java:1040)
	at org.springframework.web.servlet.DispatcherServlet.doService(DispatcherServlet.java:943)
	at org.springframework.web.servlet.FrameworkServlet.processRequest(FrameworkServlet.java:1006)
	at org.springframework.web.servlet.FrameworkServlet.doPost(FrameworkServlet.java:909)
	at javax.servlet.http.HttpServlet.service(HttpServlet.java:660)
	at org.springframework.web.servlet.FrameworkServlet.service(FrameworkServlet.java:883)
	at javax.servlet.http.HttpServlet.service(HttpServlet.java:741)
	at org.apache.catalina.core.ApplicationFilterChain.internalDoFilter(ApplicationFilterChain.java:231)
	at org.apache.catalina.core.ApplicationFilterChain.doFilter(ApplicationFilterChain.java:166)
	at org.apache.tomcat.websocket.server.WsFilter.doFilter(WsFilter.java:53)
	at org.apache.catalina.core.ApplicationFilterChain.internalDoFilter(ApplicationFilterChain.java:193)
	at org.apache.catalina.core.ApplicationFilterChain.doFilter(ApplicationFilterChain.java:166)
	at org.springframework.web.filter.OncePerRequestFilter.doFilter(OncePerRequestFilter.java:113)
	at org.apache.catalina.core.ApplicationFilterChain.internalDoFilter(ApplicationFilterChain.java:193)
	at org.apache.catalina.core.ApplicationFilterChain.doFilter(ApplicationFilterChain.java:166)
	at org.springframework.security.web.FilterChainProxy$VirtualFilterChain.doFilter(FilterChainProxy.java:320)
	at org.springframework.security.web.access.intercept.FilterSecurityInterceptor.invoke(FilterSecurityInterceptor.java:126)
	at org.springframework.security.web.access.intercept.FilterSecurityInterceptor.doFilter(FilterSecurityInterceptor.java:90)
	at org.springframework.security.web.FilterChainProxy$VirtualFilterChain.doFilter(FilterChainProxy.java:334)
	at org.springframework.security.web.access.ExceptionTranslationFilter.doFilter(ExceptionTranslationFilter.java:118)
	at org.springframework.security.web.FilterChainProxy$VirtualFilterChain.doFilter(FilterChainProxy.java:334)
	at org.springframework.security.web.session.SessionManagementFilter.doFilter(SessionManagementFilter.java:137)
	at org.springframework.security.web.FilterChainProxy$VirtualFilterChain.doFilter(FilterChainProxy.java:334)
	at org.springframework.security.web.authentication.AnonymousAuthenticationFilter.doFilter(AnonymousAuthenticationFilter.java:111)
	at org.springframework.security.web.FilterChainProxy$VirtualFilterChain.doFilter(FilterChainProxy.java:334)
	at org.springframework.security.web.servletapi.SecurityContextHolderAwareRequestFilter.doFilter(SecurityContextHolderAwareRequestFilter.java:158)
	at org.springframework.security.web.FilterChainProxy$VirtualFilterChain.doFilter(FilterChainProxy.java:334)
	at org.springframework.security.web.savedrequest.RequestCacheAwareFilter.doFilter(RequestCacheAwareFilter.java:63)
	at org.springframework.security.web.FilterChainProxy$VirtualFilterChain.doFilter(FilterChainProxy.java:334)
	at com.qczy.filter.JwtAuthenticationTokenFilter.doFilterInternal(JwtAuthenticationTokenFilter.java:68)
	at org.springframework.web.filter.OncePerRequestFilter.doFilter(OncePerRequestFilter.java:119)
	at org.springframework.security.web.FilterChainProxy$VirtualFilterChain.doFilter(FilterChainProxy.java:334)
	at org.springframework.security.web.authentication.logout.LogoutFilter.doFilter(LogoutFilter.java:116)
	at org.springframework.security.web.FilterChainProxy$VirtualFilterChain.doFilter(FilterChainProxy.java:334)
	at org.springframework.web.filter.CorsFilter.doFilterInternal(CorsFilter.java:92)
	at org.springframework.web.filter.OncePerRequestFilter.doFilter(OncePerRequestFilter.java:119)
	at org.springframework.security.web.FilterChainProxy$VirtualFilterChain.doFilter(FilterChainProxy.java:334)
	at org.springframework.security.web.header.HeaderWriterFilter.doHeadersAfter(HeaderWriterFilter.java:92)
	at org.springframework.security.web.header.HeaderWriterFilter.doFilterInternal(HeaderWriterFilter.java:77)
	at org.springframework.web.filter.OncePerRequestFilter.doFilter(OncePerRequestFilter.java:119)
	at org.springframework.security.web.FilterChainProxy$VirtualFilterChain.doFilter(FilterChainProxy.java:334)
	at org.springframework.security.web.context.SecurityContextPersistenceFilter.doFilter(SecurityContextPersistenceFilter.java:105)
	at org.springframework.security.web.FilterChainProxy$VirtualFilterChain.doFilter(FilterChainProxy.java:334)
	at org.springframework.security.web.context.request.async.WebAsyncManagerIntegrationFilter.doFilterInternal(WebAsyncManagerIntegrationFilter.java:56)
	at org.springframework.web.filter.OncePerRequestFilter.doFilter(OncePerRequestFilter.java:119)
	at org.springframework.security.web.FilterChainProxy$VirtualFilterChain.doFilter(FilterChainProxy.java:334)
	at org.springframework.security.web.FilterChainProxy.doFilterInternal(FilterChainProxy.java:215)
	at org.springframework.security.web.FilterChainProxy.doFilter(FilterChainProxy.java:178)
	at org.springframework.web.filter.DelegatingFilterProxy.invokeDelegate(DelegatingFilterProxy.java:358)
	at org.springframework.web.filter.DelegatingFilterProxy.doFilter(DelegatingFilterProxy.java:271)
	at org.apache.catalina.core.ApplicationFilterChain.internalDoFilter(ApplicationFilterChain.java:193)
	at org.apache.catalina.core.ApplicationFilterChain.doFilter(ApplicationFilterChain.java:166)
	at org.springframework.web.filter.RequestContextFilter.doFilterInternal(RequestContextFilter.java:100)
	at org.springframework.web.filter.OncePerRequestFilter.doFilter(OncePerRequestFilter.java:119)
	at org.apache.catalina.core.ApplicationFilterChain.internalDoFilter(ApplicationFilterChain.java:193)
	at org.apache.catalina.core.ApplicationFilterChain.doFilter(ApplicationFilterChain.java:166)
	at org.springframework.web.filter.FormContentFilter.doFilterInternal(FormContentFilter.java:93)
	at org.springframework.web.filter.OncePerRequestFilter.doFilter(OncePerRequestFilter.java:119)
	at org.apache.catalina.core.ApplicationFilterChain.internalDoFilter(ApplicationFilterChain.java:193)
	at org.apache.catalina.core.ApplicationFilterChain.doFilter(ApplicationFilterChain.java:166)
	at org.springframework.web.filter.CharacterEncodingFilter.doFilterInternal(CharacterEncodingFilter.java:201)
	at org.springframework.web.filter.OncePerRequestFilter.doFilter(OncePerRequestFilter.java:119)
	at org.apache.catalina.core.ApplicationFilterChain.internalDoFilter(ApplicationFilterChain.java:193)
	at org.apache.catalina.core.ApplicationFilterChain.doFilter(ApplicationFilterChain.java:166)
	at org.apache.catalina.core.StandardWrapperValve.invoke(StandardWrapperValve.java:202)
	at org.apache.catalina.core.StandardContextValve.invoke(StandardContextValve.java:96)
	at org.apache.catalina.authenticator.AuthenticatorBase.invoke(AuthenticatorBase.java:526)
	at org.apache.catalina.core.StandardHostValve.invoke(StandardHostValve.java:139)
	at org.apache.catalina.valves.ErrorReportValve.invoke(ErrorReportValve.java:92)
	at org.apache.catalina.core.StandardEngineValve.invoke(StandardEngineValve.java:74)
	at org.apache.catalina.connector.CoyoteAdapter.service(CoyoteAdapter.java:343)
	at org.apache.coyote.http11.Http11Processor.service(Http11Processor.java:408)
	at org.apache.coyote.AbstractProcessorLight.process(AbstractProcessorLight.java:66)
	at org.apache.coyote.AbstractProtocol$ConnectionHandler.process(AbstractProtocol.java:861)
	at org.apache.tomcat.util.net.NioEndpoint$SocketProcessor.doRun(NioEndpoint.java:1579)
	at org.apache.tomcat.util.net.SocketProcessorBase.run(SocketProcessorBase.java:49)
	at java.util.concurrent.ThreadPoolExecutor.runWorker(ThreadPoolExecutor.java:1149)
	at java.util.concurrent.ThreadPoolExecutor$Worker.run(ThreadPoolExecutor.java:624)
	at org.apache.tomcat.util.threads.TaskThread$WrappingRunnable.run(TaskThread.java:61)
	at java.lang.Thread.run(Thread.java:748)
Caused by: org.springframework.web.client.HttpServerErrorException$InternalServerError: 500 Internal Server Error
	at org.springframework.web.client.HttpServerErrorException.create(HttpServerErrorException.java:79)
	at org.springframework.web.client.DefaultResponseErrorHandler.handleError(DefaultResponseErrorHandler.java:125)
	at org.springframework.web.client.DefaultResponseErrorHandler.handleError(DefaultResponseErrorHandler.java:102)
	at org.springframework.web.client.ResponseErrorHandler.handleError(ResponseErrorHandler.java:63)
	at org.springframework.web.client.RestTemplate.handleResponse(RestTemplate.java:785)
	at org.springframework.web.client.RestTemplate.doExecute(RestTemplate.java:743)
	at org.springframework.web.client.RestTemplate.execute(RestTemplate.java:677)
	at org.springframework.web.client.RestTemplate.exchange(RestTemplate.java:586)
	at com.qczy.fltask.runner.FlowerRunnerClient.post(FlowerRunnerClient.java:90)
	... 104 common frames omitted
2026-03-18 21:04:51.328 [background-preinit] WARN  o.s.h.converter.json.Jackson2ObjectMapperBuilder - For Jackson Kotlin classes support please add "com.fasterxml.jackson.module:jackson-module-kotlin" to the classpath
2026-03-18 21:05:00.092 [main] WARN  c.b.mybatisplus.core.metadata.TableInfoHelper - Can not find table primary key in Class: "com.qczy.model.entity.OperLogEntity".
2026-03-18 21:05:03.610 [main] WARN  c.b.mybatisplus.core.metadata.TableInfoHelper - Can not find table primary key in Class: "com.qczy.model.entity.AlgorithmTaskResultEntity".
2026-03-18 21:05:04.810 [main] WARN  c.b.mybatisplus.core.metadata.TableInfoHelper - Can not find table primary key in Class: "com.qczy.model.entity.RoleMenuEntity".
2026-03-18 21:05:04.868 [main] WARN  c.b.mybatisplus.core.metadata.TableInfoHelper - Can not find table primary key in Class: "com.qczy.model.entity.RoleButtonEntity".
2026-03-18 21:09:00.896 [taskScheduler-7] WARN  com.qczy.fltask.runner.FlowerRunnerClient - Runner GET /runner/tasks/fl_20260318210820_e0cf36/rounds?afterRound=0 failed
org.springframework.web.client.ResourceAccessException: I/O error on GET request for "http://10.129.45.44:9000/runner/tasks/fl_20260318210820_e0cf36/rounds": Connect to 10.129.45.44:9000 [/10.129.45.44] failed: Connection refused: connect; nested exception is org.apache.http.conn.HttpHostConnectException: Connect to 10.129.45.44:9000 [/10.129.45.44] failed: Connection refused: connect
	at org.springframework.web.client.RestTemplate.doExecute(RestTemplate.java:751)
	at org.springframework.web.client.RestTemplate.execute(RestTemplate.java:677)
	at org.springframework.web.client.RestTemplate.getForEntity(RestTemplate.java:345)
	at com.qczy.fltask.runner.FlowerRunnerClient.get(FlowerRunnerClient.java:75)
	at com.qczy.fltask.runner.FlowerRunnerClient.getTaskRounds(FlowerRunnerClient.java:53)
	at com.qczy.fltask.service.FlTaskService.syncSingleTask(FlTaskService.java:208)
	at com.qczy.fltask.service.FlTaskService.syncRunningTasks(FlTaskService.java:198)
	at com.qczy.fltask.service.FlTaskService$$FastClassBySpringCGLIB$$7cfbb59e.invoke(<generated>)
	at org.springframework.cglib.proxy.MethodProxy.invoke(MethodProxy.java:218)
	at org.springframework.aop.framework.CglibAopProxy$CglibMethodInvocation.invokeJoinpoint(CglibAopProxy.java:769)
	at org.springframework.aop.framework.ReflectiveMethodInvocation.proceed(ReflectiveMethodInvocation.java:163)
	at org.springframework.aop.framework.CglibAopProxy$CglibMethodInvocation.proceed(CglibAopProxy.java:747)
	at org.springframework.transaction.interceptor.TransactionAspectSupport.invokeWithinTransaction(TransactionAspectSupport.java:366)
	at org.springframework.transaction.interceptor.TransactionInterceptor.invoke(TransactionInterceptor.java:99)
	at org.springframework.aop.framework.ReflectiveMethodInvocation.proceed(ReflectiveMethodInvocation.java:186)
	at org.springframework.aop.framework.CglibAopProxy$CglibMethodInvocation.proceed(CglibAopProxy.java:747)
	at org.springframework.aop.framework.CglibAopProxy$DynamicAdvisedInterceptor.intercept(CglibAopProxy.java:689)
	at com.qczy.fltask.service.FlTaskService$$EnhancerBySpringCGLIB$$9e2ef446.syncRunningTasks(<generated>)
	at sun.reflect.GeneratedMethodAccessor108.invoke(Unknown Source)
	at sun.reflect.DelegatingMethodAccessorImpl.invoke(DelegatingMethodAccessorImpl.java:43)
	at java.lang.reflect.Method.invoke(Method.java:498)
	at org.springframework.scheduling.support.ScheduledMethodRunnable.run(ScheduledMethodRunnable.java:84)
	at org.springframework.scheduling.support.DelegatingErrorHandlingRunnable.run(DelegatingErrorHandlingRunnable.java:54)
	at java.util.concurrent.Executors$RunnableAdapter.call(Executors.java:511)
	at java.util.concurrent.FutureTask.runAndReset(FutureTask.java:308)
	at java.util.concurrent.ScheduledThreadPoolExecutor$ScheduledFutureTask.access$301(ScheduledThreadPoolExecutor.java:180)
	at java.util.concurrent.ScheduledThreadPoolExecutor$ScheduledFutureTask.run(ScheduledThreadPoolExecutor.java:294)
	at java.util.concurrent.ThreadPoolExecutor.runWorker(ThreadPoolExecutor.java:1149)
	at java.util.concurrent.ThreadPoolExecutor$Worker.run(ThreadPoolExecutor.java:624)
	at java.lang.Thread.run(Thread.java:748)
Caused by: org.apache.http.conn.HttpHostConnectException: Connect to 10.129.45.44:9000 [/10.129.45.44] failed: Connection refused: connect
	at org.apache.http.impl.conn.DefaultHttpClientConnectionOperator.connect(DefaultHttpClientConnectionOperator.java:156)
	at org.apache.http.impl.conn.PoolingHttpClientConnectionManager.connect(PoolingHttpClientConnectionManager.java:376)
	at org.apache.http.impl.execchain.MainClientExec.establishRoute(MainClientExec.java:393)
	at org.apache.http.impl.execchain.MainClientExec.execute(MainClientExec.java:236)
	at org.apache.http.impl.execchain.ProtocolExec.execute(ProtocolExec.java:186)
	at org.apache.http.impl.execchain.RetryExec.execute(RetryExec.java:89)
	at org.apache.http.impl.execchain.RedirectExec.execute(RedirectExec.java:110)
	at org.apache.http.impl.client.InternalHttpClient.doExecute(InternalHttpClient.java:185)
	at org.apache.http.impl.client.CloseableHttpClient.execute(CloseableHttpClient.java:83)
	at org.apache.http.impl.client.CloseableHttpClient.execute(CloseableHttpClient.java:56)
	at org.springframework.http.client.HttpComponentsClientHttpRequest.executeInternal(HttpComponentsClientHttpRequest.java:87)
	at org.springframework.http.client.AbstractBufferingClientHttpRequest.executeInternal(AbstractBufferingClientHttpRequest.java:48)
	at org.springframework.http.client.AbstractClientHttpRequest.execute(AbstractClientHttpRequest.java:53)
	at org.springframework.web.client.RestTemplate.doExecute(RestTemplate.java:742)
	... 29 common frames omitted
Caused by: java.net.ConnectException: Connection refused: connect
	at java.net.DualStackPlainSocketImpl.waitForConnect(Native Method)
	at java.net.DualStackPlainSocketImpl.socketConnect(DualStackPlainSocketImpl.java:85)
	at java.net.AbstractPlainSocketImpl.doConnect(AbstractPlainSocketImpl.java:350)
	at java.net.AbstractPlainSocketImpl.connectToAddress(AbstractPlainSocketImpl.java:206)
	at java.net.AbstractPlainSocketImpl.connect(AbstractPlainSocketImpl.java:188)
	at java.net.PlainSocketImpl.connect(PlainSocketImpl.java:172)
	at java.net.SocksSocketImpl.connect(SocksSocketImpl.java:392)
	at java.net.Socket.connect(Socket.java:589)
	at org.apache.http.conn.socket.PlainConnectionSocketFactory.connectSocket(PlainConnectionSocketFactory.java:75)
	at org.apache.http.impl.conn.DefaultHttpClientConnectionOperator.connect(DefaultHttpClientConnectionOperator.java:142)
	... 42 common frames omitted
2026-03-18 21:09:00.898 [taskScheduler-7] WARN  com.qczy.fltask.service.FlTaskService - Failed to sync Flower task fl_20260318210820_e0cf36
java.lang.IllegalStateException: Failed to connect to Flower runner http://10.129.45.44:9000/runner/tasks/fl_20260318210820_e0cf36/rounds?afterRound=0: I/O error on GET request for "http://10.129.45.44:9000/runner/tasks/fl_20260318210820_e0cf36/rounds": Connect to 10.129.45.44:9000 [/10.129.45.44] failed: Connection refused: connect; nested exception is org.apache.http.conn.HttpHostConnectException: Connect to 10.129.45.44:9000 [/10.129.45.44] failed: Connection refused: connect
	at com.qczy.fltask.runner.FlowerRunnerClient.get(FlowerRunnerClient.java:82)
	at com.qczy.fltask.runner.FlowerRunnerClient.getTaskRounds(FlowerRunnerClient.java:53)
	at com.qczy.fltask.service.FlTaskService.syncSingleTask(FlTaskService.java:208)
	at com.qczy.fltask.service.FlTaskService.syncRunningTasks(FlTaskService.java:198)
	at com.qczy.fltask.service.FlTaskService$$FastClassBySpringCGLIB$$7cfbb59e.invoke(<generated>)
	at org.springframework.cglib.proxy.MethodProxy.invoke(MethodProxy.java:218)
	at org.springframework.aop.framework.CglibAopProxy$CglibMethodInvocation.invokeJoinpoint(CglibAopProxy.java:769)
	at org.springframework.aop.framework.ReflectiveMethodInvocation.proceed(ReflectiveMethodInvocation.java:163)
	at org.springframework.aop.framework.CglibAopProxy$CglibMethodInvocation.proceed(CglibAopProxy.java:747)
	at org.springframework.transaction.interceptor.TransactionAspectSupport.invokeWithinTransaction(TransactionAspectSupport.java:366)
	at org.springframework.transaction.interceptor.TransactionInterceptor.invoke(TransactionInterceptor.java:99)
	at org.springframework.aop.framework.ReflectiveMethodInvocation.proceed(ReflectiveMethodInvocation.java:186)
	at org.springframework.aop.framework.CglibAopProxy$CglibMethodInvocation.proceed(CglibAopProxy.java:747)
	at org.springframework.aop.framework.CglibAopProxy$DynamicAdvisedInterceptor.intercept(CglibAopProxy.java:689)
	at com.qczy.fltask.service.FlTaskService$$EnhancerBySpringCGLIB$$9e2ef446.syncRunningTasks(<generated>)
	at sun.reflect.GeneratedMethodAccessor108.invoke(Unknown Source)
	at sun.reflect.DelegatingMethodAccessorImpl.invoke(DelegatingMethodAccessorImpl.java:43)
	at java.lang.reflect.Method.invoke(Method.java:498)
	at org.springframework.scheduling.support.ScheduledMethodRunnable.run(ScheduledMethodRunnable.java:84)
	at org.springframework.scheduling.support.DelegatingErrorHandlingRunnable.run(DelegatingErrorHandlingRunnable.java:54)
	at java.util.concurrent.Executors$RunnableAdapter.call(Executors.java:511)
	at java.util.concurrent.FutureTask.runAndReset(FutureTask.java:308)
	at java.util.concurrent.ScheduledThreadPoolExecutor$ScheduledFutureTask.access$301(ScheduledThreadPoolExecutor.java:180)
	at java.util.concurrent.ScheduledThreadPoolExecutor$ScheduledFutureTask.run(ScheduledThreadPoolExecutor.java:294)
	at java.util.concurrent.ThreadPoolExecutor.runWorker(ThreadPoolExecutor.java:1149)
	at java.util.concurrent.ThreadPoolExecutor$Worker.run(ThreadPoolExecutor.java:624)
	at java.lang.Thread.run(Thread.java:748)
Caused by: org.springframework.web.client.ResourceAccessException: I/O error on GET request for "http://10.129.45.44:9000/runner/tasks/fl_20260318210820_e0cf36/rounds": Connect to 10.129.45.44:9000 [/10.129.45.44] failed: Connection refused: connect; nested exception is org.apache.http.conn.HttpHostConnectException: Connect to 10.129.45.44:9000 [/10.129.45.44] failed: Connection refused: connect
	at org.springframework.web.client.RestTemplate.doExecute(RestTemplate.java:751)
	at org.springframework.web.client.RestTemplate.execute(RestTemplate.java:677)
	at org.springframework.web.client.RestTemplate.getForEntity(RestTemplate.java:345)
	at com.qczy.fltask.runner.FlowerRunnerClient.get(FlowerRunnerClient.java:75)
	... 26 common frames omitted
Caused by: org.apache.http.conn.HttpHostConnectException: Connect to 10.129.45.44:9000 [/10.129.45.44] failed: Connection refused: connect
	at org.apache.http.impl.conn.DefaultHttpClientConnectionOperator.connect(DefaultHttpClientConnectionOperator.java:156)
	at org.apache.http.impl.conn.PoolingHttpClientConnectionManager.connect(PoolingHttpClientConnectionManager.java:376)
	at org.apache.http.impl.execchain.MainClientExec.establishRoute(MainClientExec.java:393)
	at org.apache.http.impl.execchain.MainClientExec.execute(MainClientExec.java:236)
	at org.apache.http.impl.execchain.ProtocolExec.execute(ProtocolExec.java:186)
	at org.apache.http.impl.execchain.RetryExec.execute(RetryExec.java:89)
	at org.apache.http.impl.execchain.RedirectExec.execute(RedirectExec.java:110)
	at org.apache.http.impl.client.InternalHttpClient.doExecute(InternalHttpClient.java:185)
	at org.apache.http.impl.client.CloseableHttpClient.execute(CloseableHttpClient.java:83)
	at org.apache.http.impl.client.CloseableHttpClient.execute(CloseableHttpClient.java:56)
	at org.springframework.http.client.HttpComponentsClientHttpRequest.executeInternal(HttpComponentsClientHttpRequest.java:87)
	at org.springframework.http.client.AbstractBufferingClientHttpRequest.executeInternal(AbstractBufferingClientHttpRequest.java:48)
	at org.springframework.http.client.AbstractClientHttpRequest.execute(AbstractClientHttpRequest.java:53)
	at org.springframework.web.client.RestTemplate.doExecute(RestTemplate.java:742)
	... 29 common frames omitted
Caused by: java.net.ConnectException: Connection refused: connect
	at java.net.DualStackPlainSocketImpl.waitForConnect(Native Method)
	at java.net.DualStackPlainSocketImpl.socketConnect(DualStackPlainSocketImpl.java:85)
	at java.net.AbstractPlainSocketImpl.doConnect(AbstractPlainSocketImpl.java:350)
	at java.net.AbstractPlainSocketImpl.connectToAddress(AbstractPlainSocketImpl.java:206)
	at java.net.AbstractPlainSocketImpl.connect(AbstractPlainSocketImpl.java:188)
	at java.net.PlainSocketImpl.connect(PlainSocketImpl.java:172)
	at java.net.SocksSocketImpl.connect(SocksSocketImpl.java:392)
	at java.net.Socket.connect(Socket.java:589)
	at org.apache.http.conn.socket.PlainConnectionSocketFactory.connectSocket(PlainConnectionSocketFactory.java:75)
	at org.apache.http.impl.conn.DefaultHttpClientConnectionOperator.connect(DefaultHttpClientConnectionOperator.java:142)
	... 42 common frames omitted
2026-03-18 21:09:07.979 [taskScheduler-7] WARN  com.qczy.fltask.runner.FlowerRunnerClient - Runner GET /runner/tasks/fl_20260318210820_e0cf36/rounds?afterRound=0 failed
org.springframework.web.client.ResourceAccessException: I/O error on GET request for "http://10.129.45.44:9000/runner/tasks/fl_20260318210820_e0cf36/rounds": Connect to 10.129.45.44:9000 [/10.129.45.44] failed: Connection refused: connect; nested exception is org.apache.http.conn.HttpHostConnectException: Connect to 10.129.45.44:9000 [/10.129.45.44] failed: Connection refused: connect
	at org.springframework.web.client.RestTemplate.doExecute(RestTemplate.java:751)
	at org.springframework.web.client.RestTemplate.execute(RestTemplate.java:677)
	at org.springframework.web.client.RestTemplate.getForEntity(RestTemplate.java:345)
	at com.qczy.fltask.runner.FlowerRunnerClient.get(FlowerRunnerClient.java:75)
	at com.qczy.fltask.runner.FlowerRunnerClient.getTaskRounds(FlowerRunnerClient.java:53)
	at com.qczy.fltask.service.FlTaskService.syncSingleTask(FlTaskService.java:208)
	at com.qczy.fltask.service.FlTaskService.syncRunningTasks(FlTaskService.java:198)
	at com.qczy.fltask.service.FlTaskService$$FastClassBySpringCGLIB$$7cfbb59e.invoke(<generated>)
	at org.springframework.cglib.proxy.MethodProxy.invoke(MethodProxy.java:218)
	at org.springframework.aop.framework.CglibAopProxy$CglibMethodInvocation.invokeJoinpoint(CglibAopProxy.java:769)
	at org.springframework.aop.framework.ReflectiveMethodInvocation.proceed(ReflectiveMethodInvocation.java:163)
	at org.springframework.aop.framework.CglibAopProxy$CglibMethodInvocation.proceed(CglibAopProxy.java:747)
	at org.springframework.transaction.interceptor.TransactionAspectSupport.invokeWithinTransaction(TransactionAspectSupport.java:366)
	at org.springframework.transaction.interceptor.TransactionInterceptor.invoke(TransactionInterceptor.java:99)
	at org.springframework.aop.framework.ReflectiveMethodInvocation.proceed(ReflectiveMethodInvocation.java:186)
	at org.springframework.aop.framework.CglibAopProxy$CglibMethodInvocation.proceed(CglibAopProxy.java:747)
	at org.springframework.aop.framework.CglibAopProxy$DynamicAdvisedInterceptor.intercept(CglibAopProxy.java:689)
	at com.qczy.fltask.service.FlTaskService$$EnhancerBySpringCGLIB$$9e2ef446.syncRunningTasks(<generated>)
	at sun.reflect.GeneratedMethodAccessor108.invoke(Unknown Source)
	at sun.reflect.DelegatingMethodAccessorImpl.invoke(DelegatingMethodAccessorImpl.java:43)
	at java.lang.reflect.Method.invoke(Method.java:498)
	at org.springframework.scheduling.support.ScheduledMethodRunnable.run(ScheduledMethodRunnable.java:84)
	at org.springframework.scheduling.support.DelegatingErrorHandlingRunnable.run(DelegatingErrorHandlingRunnable.java:54)
	at java.util.concurrent.Executors$RunnableAdapter.call(Executors.java:511)
	at java.util.concurrent.FutureTask.runAndReset(FutureTask.java:308)
	at java.util.concurrent.ScheduledThreadPoolExecutor$ScheduledFutureTask.access$301(ScheduledThreadPoolExecutor.java:180)
	at java.util.concurrent.ScheduledThreadPoolExecutor$ScheduledFutureTask.run(ScheduledThreadPoolExecutor.java:294)
	at java.util.concurrent.ThreadPoolExecutor.runWorker(ThreadPoolExecutor.java:1149)
	at java.util.concurrent.ThreadPoolExecutor$Worker.run(ThreadPoolExecutor.java:624)
	at java.lang.Thread.run(Thread.java:748)
Caused by: org.apache.http.conn.HttpHostConnectException: Connect to 10.129.45.44:9000 [/10.129.45.44] failed: Connection refused: connect
	at org.apache.http.impl.conn.DefaultHttpClientConnectionOperator.connect(DefaultHttpClientConnectionOperator.java:156)
	at org.apache.http.impl.conn.PoolingHttpClientConnectionManager.connect(PoolingHttpClientConnectionManager.java:376)
	at org.apache.http.impl.execchain.MainClientExec.establishRoute(MainClientExec.java:393)
	at org.apache.http.impl.execchain.MainClientExec.execute(MainClientExec.java:236)
	at org.apache.http.impl.execchain.ProtocolExec.execute(ProtocolExec.java:186)
	at org.apache.http.impl.execchain.RetryExec.execute(RetryExec.java:89)
	at org.apache.http.impl.execchain.RedirectExec.execute(RedirectExec.java:110)
	at org.apache.http.impl.client.InternalHttpClient.doExecute(InternalHttpClient.java:185)
	at org.apache.http.impl.client.CloseableHttpClient.execute(CloseableHttpClient.java:83)
	at org.apache.http.impl.client.CloseableHttpClient.execute(CloseableHttpClient.java:56)
	at org.springframework.http.client.HttpComponentsClientHttpRequest.executeInternal(HttpComponentsClientHttpRequest.java:87)
	at org.springframework.http.client.AbstractBufferingClientHttpRequest.executeInternal(AbstractBufferingClientHttpRequest.java:48)
	at org.springframework.http.client.AbstractClientHttpRequest.execute(AbstractClientHttpRequest.java:53)
	at org.springframework.web.client.RestTemplate.doExecute(RestTemplate.java:742)
	... 29 common frames omitted
Caused by: java.net.ConnectException: Connection refused: connect
	at java.net.DualStackPlainSocketImpl.waitForConnect(Native Method)
	at java.net.DualStackPlainSocketImpl.socketConnect(DualStackPlainSocketImpl.java:85)
	at java.net.AbstractPlainSocketImpl.doConnect(AbstractPlainSocketImpl.java:350)
	at java.net.AbstractPlainSocketImpl.connectToAddress(AbstractPlainSocketImpl.java:206)
	at java.net.AbstractPlainSocketImpl.connect(AbstractPlainSocketImpl.java:188)
	at java.net.PlainSocketImpl.connect(PlainSocketImpl.java:172)
	at java.net.SocksSocketImpl.connect(SocksSocketImpl.java:392)
	at java.net.Socket.connect(Socket.java:589)
	at org.apache.http.conn.socket.PlainConnectionSocketFactory.connectSocket(PlainConnectionSocketFactory.java:75)
	at org.apache.http.impl.conn.DefaultHttpClientConnectionOperator.connect(DefaultHttpClientConnectionOperator.java:142)
	... 42 common frames omitted
2026-03-18 21:09:07.979 [taskScheduler-7] WARN  com.qczy.fltask.service.FlTaskService - Failed to sync Flower task fl_20260318210820_e0cf36
java.lang.IllegalStateException: Failed to connect to Flower runner http://10.129.45.44:9000/runner/tasks/fl_20260318210820_e0cf36/rounds?afterRound=0: I/O error on GET request for "http://10.129.45.44:9000/runner/tasks/fl_20260318210820_e0cf36/rounds": Connect to 10.129.45.44:9000 [/10.129.45.44] failed: Connection refused: connect; nested exception is org.apache.http.conn.HttpHostConnectException: Connect to 10.129.45.44:9000 [/10.129.45.44] failed: Connection refused: connect
	at com.qczy.fltask.runner.FlowerRunnerClient.get(FlowerRunnerClient.java:82)
	at com.qczy.fltask.runner.FlowerRunnerClient.getTaskRounds(FlowerRunnerClient.java:53)
	at com.qczy.fltask.service.FlTaskService.syncSingleTask(FlTaskService.java:208)
	at com.qczy.fltask.service.FlTaskService.syncRunningTasks(FlTaskService.java:198)
	at com.qczy.fltask.service.FlTaskService$$FastClassBySpringCGLIB$$7cfbb59e.invoke(<generated>)
	at org.springframework.cglib.proxy.MethodProxy.invoke(MethodProxy.java:218)
	at org.springframework.aop.framework.CglibAopProxy$CglibMethodInvocation.invokeJoinpoint(CglibAopProxy.java:769)
	at org.springframework.aop.framework.ReflectiveMethodInvocation.proceed(ReflectiveMethodInvocation.java:163)
	at org.springframework.aop.framework.CglibAopProxy$CglibMethodInvocation.proceed(CglibAopProxy.java:747)
	at org.springframework.transaction.interceptor.TransactionAspectSupport.invokeWithinTransaction(TransactionAspectSupport.java:366)
	at org.springframework.transaction.interceptor.TransactionInterceptor.invoke(TransactionInterceptor.java:99)
	at org.springframework.aop.framework.ReflectiveMethodInvocation.proceed(ReflectiveMethodInvocation.java:186)
	at org.springframework.aop.framework.CglibAopProxy$CglibMethodInvocation.proceed(CglibAopProxy.java:747)
	at org.springframework.aop.framework.CglibAopProxy$DynamicAdvisedInterceptor.intercept(CglibAopProxy.java:689)
	at com.qczy.fltask.service.FlTaskService$$EnhancerBySpringCGLIB$$9e2ef446.syncRunningTasks(<generated>)
	at sun.reflect.GeneratedMethodAccessor108.invoke(Unknown Source)
	at sun.reflect.DelegatingMethodAccessorImpl.invoke(DelegatingMethodAccessorImpl.java:43)
	at java.lang.reflect.Method.invoke(Method.java:498)
	at org.springframework.scheduling.support.ScheduledMethodRunnable.run(ScheduledMethodRunnable.java:84)
	at org.springframework.scheduling.support.DelegatingErrorHandlingRunnable.run(DelegatingErrorHandlingRunnable.java:54)
	at java.util.concurrent.Executors$RunnableAdapter.call(Executors.java:511)
	at java.util.concurrent.FutureTask.runAndReset(FutureTask.java:308)
	at java.util.concurrent.ScheduledThreadPoolExecutor$ScheduledFutureTask.access$301(ScheduledThreadPoolExecutor.java:180)
	at java.util.concurrent.ScheduledThreadPoolExecutor$ScheduledFutureTask.run(ScheduledThreadPoolExecutor.java:294)
	at java.util.concurrent.ThreadPoolExecutor.runWorker(ThreadPoolExecutor.java:1149)
	at java.util.concurrent.ThreadPoolExecutor$Worker.run(ThreadPoolExecutor.java:624)
	at java.lang.Thread.run(Thread.java:748)
Caused by: org.springframework.web.client.ResourceAccessException: I/O error on GET request for "http://10.129.45.44:9000/runner/tasks/fl_20260318210820_e0cf36/rounds": Connect to 10.129.45.44:9000 [/10.129.45.44] failed: Connection refused: connect; nested exception is org.apache.http.conn.HttpHostConnectException: Connect to 10.129.45.44:9000 [/10.129.45.44] failed: Connection refused: connect
	at org.springframework.web.client.RestTemplate.doExecute(RestTemplate.java:751)
	at org.springframework.web.client.RestTemplate.execute(RestTemplate.java:677)
	at org.springframework.web.client.RestTemplate.getForEntity(RestTemplate.java:345)
	at com.qczy.fltask.runner.FlowerRunnerClient.get(FlowerRunnerClient.java:75)
	... 26 common frames omitted
Caused by: org.apache.http.conn.HttpHostConnectException: Connect to 10.129.45.44:9000 [/10.129.45.44] failed: Connection refused: connect
	at org.apache.http.impl.conn.DefaultHttpClientConnectionOperator.connect(DefaultHttpClientConnectionOperator.java:156)
	at org.apache.http.impl.conn.PoolingHttpClientConnectionManager.connect(PoolingHttpClientConnectionManager.java:376)
	at org.apache.http.impl.execchain.MainClientExec.establishRoute(MainClientExec.java:393)
	at org.apache.http.impl.execchain.MainClientExec.execute(MainClientExec.java:236)
	at org.apache.http.impl.execchain.ProtocolExec.execute(ProtocolExec.java:186)
	at org.apache.http.impl.execchain.RetryExec.execute(RetryExec.java:89)
	at org.apache.http.impl.execchain.RedirectExec.execute(RedirectExec.java:110)
	at org.apache.http.impl.client.InternalHttpClient.doExecute(InternalHttpClient.java:185)
	at org.apache.http.impl.client.CloseableHttpClient.execute(CloseableHttpClient.java:83)
	at org.apache.http.impl.client.CloseableHttpClient.execute(CloseableHttpClient.java:56)
	at org.springframework.http.client.HttpComponentsClientHttpRequest.executeInternal(HttpComponentsClientHttpRequest.java:87)
	at org.springframework.http.client.AbstractBufferingClientHttpRequest.executeInternal(AbstractBufferingClientHttpRequest.java:48)
	at org.springframework.http.client.AbstractClientHttpRequest.execute(AbstractClientHttpRequest.java:53)
	at org.springframework.web.client.RestTemplate.doExecute(RestTemplate.java:742)
	... 29 common frames omitted
Caused by: java.net.ConnectException: Connection refused: connect
	at java.net.DualStackPlainSocketImpl.waitForConnect(Native Method)
	at java.net.DualStackPlainSocketImpl.socketConnect(DualStackPlainSocketImpl.java:85)
	at java.net.AbstractPlainSocketImpl.doConnect(AbstractPlainSocketImpl.java:350)
	at java.net.AbstractPlainSocketImpl.connectToAddress(AbstractPlainSocketImpl.java:206)
	at java.net.AbstractPlainSocketImpl.connect(AbstractPlainSocketImpl.java:188)
	at java.net.PlainSocketImpl.connect(PlainSocketImpl.java:172)
	at java.net.SocksSocketImpl.connect(SocksSocketImpl.java:392)
	at java.net.Socket.connect(Socket.java:589)
	at org.apache.http.conn.socket.PlainConnectionSocketFactory.connectSocket(PlainConnectionSocketFactory.java:75)
	at org.apache.http.impl.conn.DefaultHttpClientConnectionOperator.connect(DefaultHttpClientConnectionOperator.java:142)
	... 42 common frames omitted
2026-03-18 21:09:15.061 [taskScheduler-7] WARN  com.qczy.fltask.runner.FlowerRunnerClient - Runner GET /runner/tasks/fl_20260318210820_e0cf36/rounds?afterRound=0 failed
org.springframework.web.client.ResourceAccessException: I/O error on GET request for "http://10.129.45.44:9000/runner/tasks/fl_20260318210820_e0cf36/rounds": Connect to 10.129.45.44:9000 [/10.129.45.44] failed: Connection refused: connect; nested exception is org.apache.http.conn.HttpHostConnectException: Connect to 10.129.45.44:9000 [/10.129.45.44] failed: Connection refused: connect
	at org.springframework.web.client.RestTemplate.doExecute(RestTemplate.java:751)
	at org.springframework.web.client.RestTemplate.execute(RestTemplate.java:677)
	at org.springframework.web.client.RestTemplate.getForEntity(RestTemplate.java:345)
	at com.qczy.fltask.runner.FlowerRunnerClient.get(FlowerRunnerClient.java:75)
	at com.qczy.fltask.runner.FlowerRunnerClient.getTaskRounds(FlowerRunnerClient.java:53)
	at com.qczy.fltask.service.FlTaskService.syncSingleTask(FlTaskService.java:208)
	at com.qczy.fltask.service.FlTaskService.syncRunningTasks(FlTaskService.java:198)
	at com.qczy.fltask.service.FlTaskService$$FastClassBySpringCGLIB$$7cfbb59e.invoke(<generated>)
	at org.springframework.cglib.proxy.MethodProxy.invoke(MethodProxy.java:218)
	at org.springframework.aop.framework.CglibAopProxy$CglibMethodInvocation.invokeJoinpoint(CglibAopProxy.java:769)
	at org.springframework.aop.framework.ReflectiveMethodInvocation.proceed(ReflectiveMethodInvocation.java:163)
	at org.springframework.aop.framework.CglibAopProxy$CglibMethodInvocation.proceed(CglibAopProxy.java:747)
	at org.springframework.transaction.interceptor.TransactionAspectSupport.invokeWithinTransaction(TransactionAspectSupport.java:366)
	at org.springframework.transaction.interceptor.TransactionInterceptor.invoke(TransactionInterceptor.java:99)
	at org.springframework.aop.framework.ReflectiveMethodInvocation.proceed(ReflectiveMethodInvocation.java:186)
	at org.springframework.aop.framework.CglibAopProxy$CglibMethodInvocation.proceed(CglibAopProxy.java:747)
	at org.springframework.aop.framework.CglibAopProxy$DynamicAdvisedInterceptor.intercept(CglibAopProxy.java:689)
	at com.qczy.fltask.service.FlTaskService$$EnhancerBySpringCGLIB$$9e2ef446.syncRunningTasks(<generated>)
	at sun.reflect.GeneratedMethodAccessor108.invoke(Unknown Source)
	at sun.reflect.DelegatingMethodAccessorImpl.invoke(DelegatingMethodAccessorImpl.java:43)
	at java.lang.reflect.Method.invoke(Method.java:498)
	at org.springframework.scheduling.support.ScheduledMethodRunnable.run(ScheduledMethodRunnable.java:84)
	at org.springframework.scheduling.support.DelegatingErrorHandlingRunnable.run(DelegatingErrorHandlingRunnable.java:54)
	at java.util.concurrent.Executors$RunnableAdapter.call(Executors.java:511)
	at java.util.concurrent.FutureTask.runAndReset(FutureTask.java:308)
	at java.util.concurrent.ScheduledThreadPoolExecutor$ScheduledFutureTask.access$301(ScheduledThreadPoolExecutor.java:180)
	at java.util.concurrent.ScheduledThreadPoolExecutor$ScheduledFutureTask.run(ScheduledThreadPoolExecutor.java:294)
	at java.util.concurrent.ThreadPoolExecutor.runWorker(ThreadPoolExecutor.java:1149)
	at java.util.concurrent.ThreadPoolExecutor$Worker.run(ThreadPoolExecutor.java:624)
	at java.lang.Thread.run(Thread.java:748)
Caused by: org.apache.http.conn.HttpHostConnectException: Connect to 10.129.45.44:9000 [/10.129.45.44] failed: Connection refused: connect
	at org.apache.http.impl.conn.DefaultHttpClientConnectionOperator.connect(DefaultHttpClientConnectionOperator.java:156)
	at org.apache.http.impl.conn.PoolingHttpClientConnectionManager.connect(PoolingHttpClientConnectionManager.java:376)
	at org.apache.http.impl.execchain.MainClientExec.establishRoute(MainClientExec.java:393)
	at org.apache.http.impl.execchain.MainClientExec.execute(MainClientExec.java:236)
	at org.apache.http.impl.execchain.ProtocolExec.execute(ProtocolExec.java:186)
	at org.apache.http.impl.execchain.RetryExec.execute(RetryExec.java:89)
	at org.apache.http.impl.execchain.RedirectExec.execute(RedirectExec.java:110)
	at org.apache.http.impl.client.InternalHttpClient.doExecute(InternalHttpClient.java:185)
	at org.apache.http.impl.client.CloseableHttpClient.execute(CloseableHttpClient.java:83)
	at org.apache.http.impl.client.CloseableHttpClient.execute(CloseableHttpClient.java:56)
	at org.springframework.http.client.HttpComponentsClientHttpRequest.executeInternal(HttpComponentsClientHttpRequest.java:87)
	at org.springframework.http.client.AbstractBufferingClientHttpRequest.executeInternal(AbstractBufferingClientHttpRequest.java:48)
	at org.springframework.http.client.AbstractClientHttpRequest.execute(AbstractClientHttpRequest.java:53)
	at org.springframework.web.client.RestTemplate.doExecute(RestTemplate.java:742)
	... 29 common frames omitted
Caused by: java.net.ConnectException: Connection refused: connect
	at java.net.DualStackPlainSocketImpl.waitForConnect(Native Method)
	at java.net.DualStackPlainSocketImpl.socketConnect(DualStackPlainSocketImpl.java:85)
	at java.net.AbstractPlainSocketImpl.doConnect(AbstractPlainSocketImpl.java:350)
	at java.net.AbstractPlainSocketImpl.connectToAddress(AbstractPlainSocketImpl.java:206)
	at java.net.AbstractPlainSocketImpl.connect(AbstractPlainSocketImpl.java:188)
	at java.net.PlainSocketImpl.connect(PlainSocketImpl.java:172)
	at java.net.SocksSocketImpl.connect(SocksSocketImpl.java:392)
	at java.net.Socket.connect(Socket.java:589)
	at org.apache.http.conn.socket.PlainConnectionSocketFactory.connectSocket(PlainConnectionSocketFactory.java:75)
	at org.apache.http.impl.conn.DefaultHttpClientConnectionOperator.connect(DefaultHttpClientConnectionOperator.java:142)
	... 42 common frames omitted
2026-03-18 21:09:15.062 [taskScheduler-7] WARN  com.qczy.fltask.service.FlTaskService - Failed to sync Flower task fl_20260318210820_e0cf36
java.lang.IllegalStateException: Failed to connect to Flower runner http://10.129.45.44:9000/runner/tasks/fl_20260318210820_e0cf36/rounds?afterRound=0: I/O error on GET request for "http://10.129.45.44:9000/runner/tasks/fl_20260318210820_e0cf36/rounds": Connect to 10.129.45.44:9000 [/10.129.45.44] failed: Connection refused: connect; nested exception is org.apache.http.conn.HttpHostConnectException: Connect to 10.129.45.44:9000 [/10.129.45.44] failed: Connection refused: connect
	at com.qczy.fltask.runner.FlowerRunnerClient.get(FlowerRunnerClient.java:82)
	at com.qczy.fltask.runner.FlowerRunnerClient.getTaskRounds(FlowerRunnerClient.java:53)
	at com.qczy.fltask.service.FlTaskService.syncSingleTask(FlTaskService.java:208)
	at com.qczy.fltask.service.FlTaskService.syncRunningTasks(FlTaskService.java:198)
	at com.qczy.fltask.service.FlTaskService$$FastClassBySpringCGLIB$$7cfbb59e.invoke(<generated>)
	at org.springframework.cglib.proxy.MethodProxy.invoke(MethodProxy.java:218)
	at org.springframework.aop.framework.CglibAopProxy$CglibMethodInvocation.invokeJoinpoint(CglibAopProxy.java:769)
	at org.springframework.aop.framework.ReflectiveMethodInvocation.proceed(ReflectiveMethodInvocation.java:163)
	at org.springframework.aop.framework.CglibAopProxy$CglibMethodInvocation.proceed(CglibAopProxy.java:747)
	at org.springframework.transaction.interceptor.TransactionAspectSupport.invokeWithinTransaction(TransactionAspectSupport.java:366)
	at org.springframework.transaction.interceptor.TransactionInterceptor.invoke(TransactionInterceptor.java:99)
	at org.springframework.aop.framework.ReflectiveMethodInvocation.proceed(ReflectiveMethodInvocation.java:186)
	at org.springframework.aop.framework.CglibAopProxy$CglibMethodInvocation.proceed(CglibAopProxy.java:747)
	at org.springframework.aop.framework.CglibAopProxy$DynamicAdvisedInterceptor.intercept(CglibAopProxy.java:689)
	at com.qczy.fltask.service.FlTaskService$$EnhancerBySpringCGLIB$$9e2ef446.syncRunningTasks(<generated>)
	at sun.reflect.GeneratedMethodAccessor108.invoke(Unknown Source)
	at sun.reflect.DelegatingMethodAccessorImpl.invoke(DelegatingMethodAccessorImpl.java:43)
	at java.lang.reflect.Method.invoke(Method.java:498)
	at org.springframework.scheduling.support.ScheduledMethodRunnable.run(ScheduledMethodRunnable.java:84)
	at org.springframework.scheduling.support.DelegatingErrorHandlingRunnable.run(DelegatingErrorHandlingRunnable.java:54)
	at java.util.concurrent.Executors$RunnableAdapter.call(Executors.java:511)
	at java.util.concurrent.FutureTask.runAndReset(FutureTask.java:308)
	at java.util.concurrent.ScheduledThreadPoolExecutor$ScheduledFutureTask.access$301(ScheduledThreadPoolExecutor.java:180)
	at java.util.concurrent.ScheduledThreadPoolExecutor$ScheduledFutureTask.run(ScheduledThreadPoolExecutor.java:294)
	at java.util.concurrent.ThreadPoolExecutor.runWorker(ThreadPoolExecutor.java:1149)
	at java.util.concurrent.ThreadPoolExecutor$Worker.run(ThreadPoolExecutor.java:624)
	at java.lang.Thread.run(Thread.java:748)
Caused by: org.springframework.web.client.ResourceAccessException: I/O error on GET request for "http://10.129.45.44:9000/runner/tasks/fl_20260318210820_e0cf36/rounds": Connect to 10.129.45.44:9000 [/10.129.45.44] failed: Connection refused: connect; nested exception is org.apache.http.conn.HttpHostConnectException: Connect to 10.129.45.44:9000 [/10.129.45.44] failed: Connection refused: connect
	at org.springframework.web.client.RestTemplate.doExecute(RestTemplate.java:751)
	at org.springframework.web.client.RestTemplate.execute(RestTemplate.java:677)
	at org.springframework.web.client.RestTemplate.getForEntity(RestTemplate.java:345)
	at com.qczy.fltask.runner.FlowerRunnerClient.get(FlowerRunnerClient.java:75)
	... 26 common frames omitted
Caused by: org.apache.http.conn.HttpHostConnectException: Connect to 10.129.45.44:9000 [/10.129.45.44] failed: Connection refused: connect
	at org.apache.http.impl.conn.DefaultHttpClientConnectionOperator.connect(DefaultHttpClientConnectionOperator.java:156)
	at org.apache.http.impl.conn.PoolingHttpClientConnectionManager.connect(PoolingHttpClientConnectionManager.java:376)
	at org.apache.http.impl.execchain.MainClientExec.establishRoute(MainClientExec.java:393)
	at org.apache.http.impl.execchain.MainClientExec.execute(MainClientExec.java:236)
	at org.apache.http.impl.execchain.ProtocolExec.execute(ProtocolExec.java:186)
	at org.apache.http.impl.execchain.RetryExec.execute(RetryExec.java:89)
	at org.apache.http.impl.execchain.RedirectExec.execute(RedirectExec.java:110)
	at org.apache.http.impl.client.InternalHttpClient.doExecute(InternalHttpClient.java:185)
	at org.apache.http.impl.client.CloseableHttpClient.execute(CloseableHttpClient.java:83)
	at org.apache.http.impl.client.CloseableHttpClient.execute(CloseableHttpClient.java:56)
	at org.springframework.http.client.HttpComponentsClientHttpRequest.executeInternal(HttpComponentsClientHttpRequest.java:87)
	at org.springframework.http.client.AbstractBufferingClientHttpRequest.executeInternal(AbstractBufferingClientHttpRequest.java:48)
	at org.springframework.http.client.AbstractClientHttpRequest.execute(AbstractClientHttpRequest.java:53)
	at org.springframework.web.client.RestTemplate.doExecute(RestTemplate.java:742)
	... 29 common frames omitted
Caused by: java.net.ConnectException: Connection refused: connect
	at java.net.DualStackPlainSocketImpl.waitForConnect(Native Method)
	at java.net.DualStackPlainSocketImpl.socketConnect(DualStackPlainSocketImpl.java:85)
	at java.net.AbstractPlainSocketImpl.doConnect(AbstractPlainSocketImpl.java:350)
	at java.net.AbstractPlainSocketImpl.connectToAddress(AbstractPlainSocketImpl.java:206)
	at java.net.AbstractPlainSocketImpl.connect(AbstractPlainSocketImpl.java:188)
	at java.net.PlainSocketImpl.connect(PlainSocketImpl.java:172)
	at java.net.SocksSocketImpl.connect(SocksSocketImpl.java:392)
	at java.net.Socket.connect(Socket.java:589)
	at org.apache.http.conn.socket.PlainConnectionSocketFactory.connectSocket(PlainConnectionSocketFactory.java:75)
	at org.apache.http.impl.conn.DefaultHttpClientConnectionOperator.connect(DefaultHttpClientConnectionOperator.java:142)
	... 42 common frames omitted
2026-03-18 21:09:22.205 [taskScheduler-7] WARN  com.qczy.fltask.runner.FlowerRunnerClient - Runner GET /runner/tasks/fl_20260318210820_e0cf36/rounds?afterRound=0 failed
org.springframework.web.client.ResourceAccessException: I/O error on GET request for "http://10.129.45.44:9000/runner/tasks/fl_20260318210820_e0cf36/rounds": Connect to 10.129.45.44:9000 [/10.129.45.44] failed: Connection refused: connect; nested exception is org.apache.http.conn.HttpHostConnectException: Connect to 10.129.45.44:9000 [/10.129.45.44] failed: Connection refused: connect
	at org.springframework.web.client.RestTemplate.doExecute(RestTemplate.java:751)
	at org.springframework.web.client.RestTemplate.execute(RestTemplate.java:677)
	at org.springframework.web.client.RestTemplate.getForEntity(RestTemplate.java:345)
	at com.qczy.fltask.runner.FlowerRunnerClient.get(FlowerRunnerClient.java:75)
	at com.qczy.fltask.runner.FlowerRunnerClient.getTaskRounds(FlowerRunnerClient.java:53)
	at com.qczy.fltask.service.FlTaskService.syncSingleTask(FlTaskService.java:208)
	at com.qczy.fltask.service.FlTaskService.syncRunningTasks(FlTaskService.java:198)
	at com.qczy.fltask.service.FlTaskService$$FastClassBySpringCGLIB$$7cfbb59e.invoke(<generated>)
	at org.springframework.cglib.proxy.MethodProxy.invoke(MethodProxy.java:218)
	at org.springframework.aop.framework.CglibAopProxy$CglibMethodInvocation.invokeJoinpoint(CglibAopProxy.java:769)
	at org.springframework.aop.framework.ReflectiveMethodInvocation.proceed(ReflectiveMethodInvocation.java:163)
	at org.springframework.aop.framework.CglibAopProxy$CglibMethodInvocation.proceed(CglibAopProxy.java:747)
	at org.springframework.transaction.interceptor.TransactionAspectSupport.invokeWithinTransaction(TransactionAspectSupport.java:366)
	at org.springframework.transaction.interceptor.TransactionInterceptor.invoke(TransactionInterceptor.java:99)
	at org.springframework.aop.framework.ReflectiveMethodInvocation.proceed(ReflectiveMethodInvocation.java:186)
	at org.springframework.aop.framework.CglibAopProxy$CglibMethodInvocation.proceed(CglibAopProxy.java:747)
	at org.springframework.aop.framework.CglibAopProxy$DynamicAdvisedInterceptor.intercept(CglibAopProxy.java:689)
	at com.qczy.fltask.service.FlTaskService$$EnhancerBySpringCGLIB$$9e2ef446.syncRunningTasks(<generated>)
	at sun.reflect.GeneratedMethodAccessor108.invoke(Unknown Source)
	at sun.reflect.DelegatingMethodAccessorImpl.invoke(DelegatingMethodAccessorImpl.java:43)
	at java.lang.reflect.Method.invoke(Method.java:498)
	at org.springframework.scheduling.support.ScheduledMethodRunnable.run(ScheduledMethodRunnable.java:84)
	at org.springframework.scheduling.support.DelegatingErrorHandlingRunnable.run(DelegatingErrorHandlingRunnable.java:54)
	at java.util.concurrent.Executors$RunnableAdapter.call(Executors.java:511)
	at java.util.concurrent.FutureTask.runAndReset(FutureTask.java:308)
	at java.util.concurrent.ScheduledThreadPoolExecutor$ScheduledFutureTask.access$301(ScheduledThreadPoolExecutor.java:180)
	at java.util.concurrent.ScheduledThreadPoolExecutor$ScheduledFutureTask.run(ScheduledThreadPoolExecutor.java:294)
	at java.util.concurrent.ThreadPoolExecutor.runWorker(ThreadPoolExecutor.java:1149)
	at java.util.concurrent.ThreadPoolExecutor$Worker.run(ThreadPoolExecutor.java:624)
	at java.lang.Thread.run(Thread.java:748)
Caused by: org.apache.http.conn.HttpHostConnectException: Connect to 10.129.45.44:9000 [/10.129.45.44] failed: Connection refused: connect
	at org.apache.http.impl.conn.DefaultHttpClientConnectionOperator.connect(DefaultHttpClientConnectionOperator.java:156)
	at org.apache.http.impl.conn.PoolingHttpClientConnectionManager.connect(PoolingHttpClientConnectionManager.java:376)
	at org.apache.http.impl.execchain.MainClientExec.establishRoute(MainClientExec.java:393)
	at org.apache.http.impl.execchain.MainClientExec.execute(MainClientExec.java:236)
	at org.apache.http.impl.execchain.ProtocolExec.execute(ProtocolExec.java:186)
	at org.apache.http.impl.execchain.RetryExec.execute(RetryExec.java:89)
	at org.apache.http.impl.execchain.RedirectExec.execute(RedirectExec.java:110)
	at org.apache.http.impl.client.InternalHttpClient.doExecute(InternalHttpClient.java:185)
	at org.apache.http.impl.client.CloseableHttpClient.execute(CloseableHttpClient.java:83)
	at org.apache.http.impl.client.CloseableHttpClient.execute(CloseableHttpClient.java:56)
	at org.springframework.http.client.HttpComponentsClientHttpRequest.executeInternal(HttpComponentsClientHttpRequest.java:87)
	at org.springframework.http.client.AbstractBufferingClientHttpRequest.executeInternal(AbstractBufferingClientHttpRequest.java:48)
	at org.springframework.http.client.AbstractClientHttpRequest.execute(AbstractClientHttpRequest.java:53)
	at org.springframework.web.client.RestTemplate.doExecute(RestTemplate.java:742)
	... 29 common frames omitted
Caused by: java.net.ConnectException: Connection refused: connect
	at java.net.DualStackPlainSocketImpl.waitForConnect(Native Method)
	at java.net.DualStackPlainSocketImpl.socketConnect(DualStackPlainSocketImpl.java:85)
	at java.net.AbstractPlainSocketImpl.doConnect(AbstractPlainSocketImpl.java:350)
	at java.net.AbstractPlainSocketImpl.connectToAddress(AbstractPlainSocketImpl.java:206)
	at java.net.AbstractPlainSocketImpl.connect(AbstractPlainSocketImpl.java:188)
	at java.net.PlainSocketImpl.connect(PlainSocketImpl.java:172)
	at java.net.SocksSocketImpl.connect(SocksSocketImpl.java:392)
	at java.net.Socket.connect(Socket.java:589)
	at org.apache.http.conn.socket.PlainConnectionSocketFactory.connectSocket(PlainConnectionSocketFactory.java:75)
	at org.apache.http.impl.conn.DefaultHttpClientConnectionOperator.connect(DefaultHttpClientConnectionOperator.java:142)
	... 42 common frames omitted
2026-03-18 21:09:22.206 [taskScheduler-7] WARN  com.qczy.fltask.service.FlTaskService - Failed to sync Flower task fl_20260318210820_e0cf36
java.lang.IllegalStateException: Failed to connect to Flower runner http://10.129.45.44:9000/runner/tasks/fl_20260318210820_e0cf36/rounds?afterRound=0: I/O error on GET request for "http://10.129.45.44:9000/runner/tasks/fl_20260318210820_e0cf36/rounds": Connect to 10.129.45.44:9000 [/10.129.45.44] failed: Connection refused: connect; nested exception is org.apache.http.conn.HttpHostConnectException: Connect to 10.129.45.44:9000 [/10.129.45.44] failed: Connection refused: connect
	at com.qczy.fltask.runner.FlowerRunnerClient.get(FlowerRunnerClient.java:82)
	at com.qczy.fltask.runner.FlowerRunnerClient.getTaskRounds(FlowerRunnerClient.java:53)
	at com.qczy.fltask.service.FlTaskService.syncSingleTask(FlTaskService.java:208)
	at com.qczy.fltask.service.FlTaskService.syncRunningTasks(FlTaskService.java:198)
	at com.qczy.fltask.service.FlTaskService$$FastClassBySpringCGLIB$$7cfbb59e.invoke(<generated>)
	at org.springframework.cglib.proxy.MethodProxy.invoke(MethodProxy.java:218)
	at org.springframework.aop.framework.CglibAopProxy$CglibMethodInvocation.invokeJoinpoint(CglibAopProxy.java:769)
	at org.springframework.aop.framework.ReflectiveMethodInvocation.proceed(ReflectiveMethodInvocation.java:163)
	at org.springframework.aop.framework.CglibAopProxy$CglibMethodInvocation.proceed(CglibAopProxy.java:747)
	at org.springframework.transaction.interceptor.TransactionAspectSupport.invokeWithinTransaction(TransactionAspectSupport.java:366)
	at org.springframework.transaction.interceptor.TransactionInterceptor.invoke(TransactionInterceptor.java:99)
	at org.springframework.aop.framework.ReflectiveMethodInvocation.proceed(ReflectiveMethodInvocation.java:186)
	at org.springframework.aop.framework.CglibAopProxy$CglibMethodInvocation.proceed(CglibAopProxy.java:747)
	at org.springframework.aop.framework.CglibAopProxy$DynamicAdvisedInterceptor.intercept(CglibAopProxy.java:689)
	at com.qczy.fltask.service.FlTaskService$$EnhancerBySpringCGLIB$$9e2ef446.syncRunningTasks(<generated>)
	at sun.reflect.GeneratedMethodAccessor108.invoke(Unknown Source)
	at sun.reflect.DelegatingMethodAccessorImpl.invoke(DelegatingMethodAccessorImpl.java:43)
	at java.lang.reflect.Method.invoke(Method.java:498)
	at org.springframework.scheduling.support.ScheduledMethodRunnable.run(ScheduledMethodRunnable.java:84)
	at org.springframework.scheduling.support.DelegatingErrorHandlingRunnable.run(DelegatingErrorHandlingRunnable.java:54)
	at java.util.concurrent.Executors$RunnableAdapter.call(Executors.java:511)
	at java.util.concurrent.FutureTask.runAndReset(FutureTask.java:308)
	at java.util.concurrent.ScheduledThreadPoolExecutor$ScheduledFutureTask.access$301(ScheduledThreadPoolExecutor.java:180)
	at java.util.concurrent.ScheduledThreadPoolExecutor$ScheduledFutureTask.run(ScheduledThreadPoolExecutor.java:294)
	at java.util.concurrent.ThreadPoolExecutor.runWorker(ThreadPoolExecutor.java:1149)
	at java.util.concurrent.ThreadPoolExecutor$Worker.run(ThreadPoolExecutor.java:624)
	at java.lang.Thread.run(Thread.java:748)
Caused by: org.springframework.web.client.ResourceAccessException: I/O error on GET request for "http://10.129.45.44:9000/runner/tasks/fl_20260318210820_e0cf36/rounds": Connect to 10.129.45.44:9000 [/10.129.45.44] failed: Connection refused: connect; nested exception is org.apache.http.conn.HttpHostConnectException: Connect to 10.129.45.44:9000 [/10.129.45.44] failed: Connection refused: connect
	at org.springframework.web.client.RestTemplate.doExecute(RestTemplate.java:751)
	at org.springframework.web.client.RestTemplate.execute(RestTemplate.java:677)
	at org.springframework.web.client.RestTemplate.getForEntity(RestTemplate.java:345)
	at com.qczy.fltask.runner.FlowerRunnerClient.get(FlowerRunnerClient.java:75)
	... 26 common frames omitted
Caused by: org.apache.http.conn.HttpHostConnectException: Connect to 10.129.45.44:9000 [/10.129.45.44] failed: Connection refused: connect
	at org.apache.http.impl.conn.DefaultHttpClientConnectionOperator.connect(DefaultHttpClientConnectionOperator.java:156)
	at org.apache.http.impl.conn.PoolingHttpClientConnectionManager.connect(PoolingHttpClientConnectionManager.java:376)
	at org.apache.http.impl.execchain.MainClientExec.establishRoute(MainClientExec.java:393)
	at org.apache.http.impl.execchain.MainClientExec.execute(MainClientExec.java:236)
	at org.apache.http.impl.execchain.ProtocolExec.execute(ProtocolExec.java:186)
	at org.apache.http.impl.execchain.RetryExec.execute(RetryExec.java:89)
	at org.apache.http.impl.execchain.RedirectExec.execute(RedirectExec.java:110)
	at org.apache.http.impl.client.InternalHttpClient.doExecute(InternalHttpClient.java:185)
	at org.apache.http.impl.client.CloseableHttpClient.execute(CloseableHttpClient.java:83)
	at org.apache.http.impl.client.CloseableHttpClient.execute(CloseableHttpClient.java:56)
	at org.springframework.http.client.HttpComponentsClientHttpRequest.executeInternal(HttpComponentsClientHttpRequest.java:87)
	at org.springframework.http.client.AbstractBufferingClientHttpRequest.executeInternal(AbstractBufferingClientHttpRequest.java:48)
	at org.springframework.http.client.AbstractClientHttpRequest.execute(AbstractClientHttpRequest.java:53)
	at org.springframework.web.client.RestTemplate.doExecute(RestTemplate.java:742)
	... 29 common frames omitted
Caused by: java.net.ConnectException: Connection refused: connect
	at java.net.DualStackPlainSocketImpl.waitForConnect(Native Method)
	at java.net.DualStackPlainSocketImpl.socketConnect(DualStackPlainSocketImpl.java:85)
	at java.net.AbstractPlainSocketImpl.doConnect(AbstractPlainSocketImpl.java:350)
	at java.net.AbstractPlainSocketImpl.connectToAddress(AbstractPlainSocketImpl.java:206)
	at java.net.AbstractPlainSocketImpl.connect(AbstractPlainSocketImpl.java:188)
	at java.net.PlainSocketImpl.connect(PlainSocketImpl.java:172)
	at java.net.SocksSocketImpl.connect(SocksSocketImpl.java:392)
	at java.net.Socket.connect(Socket.java:589)
	at org.apache.http.conn.socket.PlainConnectionSocketFactory.connectSocket(PlainConnectionSocketFactory.java:75)
	at org.apache.http.impl.conn.DefaultHttpClientConnectionOperator.connect(DefaultHttpClientConnectionOperator.java:142)
	... 42 common frames omitted
2026-03-18 21:09:29.321 [taskScheduler-7] WARN  com.qczy.fltask.runner.FlowerRunnerClient - Runner GET /runner/tasks/fl_20260318210820_e0cf36/rounds?afterRound=0 failed
org.springframework.web.client.ResourceAccessException: I/O error on GET request for "http://10.129.45.44:9000/runner/tasks/fl_20260318210820_e0cf36/rounds": Connect to 10.129.45.44:9000 [/10.129.45.44] failed: Connection refused: connect; nested exception is org.apache.http.conn.HttpHostConnectException: Connect to 10.129.45.44:9000 [/10.129.45.44] failed: Connection refused: connect
	at org.springframework.web.client.RestTemplate.doExecute(RestTemplate.java:751)
	at org.springframework.web.client.RestTemplate.execute(RestTemplate.java:677)
	at org.springframework.web.client.RestTemplate.getForEntity(RestTemplate.java:345)
	at com.qczy.fltask.runner.FlowerRunnerClient.get(FlowerRunnerClient.java:75)
	at com.qczy.fltask.runner.FlowerRunnerClient.getTaskRounds(FlowerRunnerClient.java:53)
	at com.qczy.fltask.service.FlTaskService.syncSingleTask(FlTaskService.java:208)
	at com.qczy.fltask.service.FlTaskService.syncRunningTasks(FlTaskService.java:198)
	at com.qczy.fltask.service.FlTaskService$$FastClassBySpringCGLIB$$7cfbb59e.invoke(<generated>)
	at org.springframework.cglib.proxy.MethodProxy.invoke(MethodProxy.java:218)
	at org.springframework.aop.framework.CglibAopProxy$CglibMethodInvocation.invokeJoinpoint(CglibAopProxy.java:769)
	at org.springframework.aop.framework.ReflectiveMethodInvocation.proceed(ReflectiveMethodInvocation.java:163)
	at org.springframework.aop.framework.CglibAopProxy$CglibMethodInvocation.proceed(CglibAopProxy.java:747)
	at org.springframework.transaction.interceptor.TransactionAspectSupport.invokeWithinTransaction(TransactionAspectSupport.java:366)
	at org.springframework.transaction.interceptor.TransactionInterceptor.invoke(TransactionInterceptor.java:99)
	at org.springframework.aop.framework.ReflectiveMethodInvocation.proceed(ReflectiveMethodInvocation.java:186)
	at org.springframework.aop.framework.CglibAopProxy$CglibMethodInvocation.proceed(CglibAopProxy.java:747)
	at org.springframework.aop.framework.CglibAopProxy$DynamicAdvisedInterceptor.intercept(CglibAopProxy.java:689)
	at com.qczy.fltask.service.FlTaskService$$EnhancerBySpringCGLIB$$9e2ef446.syncRunningTasks(<generated>)
	at sun.reflect.GeneratedMethodAccessor108.invoke(Unknown Source)
	at sun.reflect.DelegatingMethodAccessorImpl.invoke(DelegatingMethodAccessorImpl.java:43)
	at java.lang.reflect.Method.invoke(Method.java:498)
	at org.springframework.scheduling.support.ScheduledMethodRunnable.run(ScheduledMethodRunnable.java:84)
	at org.springframework.scheduling.support.DelegatingErrorHandlingRunnable.run(DelegatingErrorHandlingRunnable.java:54)
	at java.util.concurrent.Executors$RunnableAdapter.call(Executors.java:511)
	at java.util.concurrent.FutureTask.runAndReset(FutureTask.java:308)
	at java.util.concurrent.ScheduledThreadPoolExecutor$ScheduledFutureTask.access$301(ScheduledThreadPoolExecutor.java:180)
	at java.util.concurrent.ScheduledThreadPoolExecutor$ScheduledFutureTask.run(ScheduledThreadPoolExecutor.java:294)
	at java.util.concurrent.ThreadPoolExecutor.runWorker(ThreadPoolExecutor.java:1149)
	at java.util.concurrent.ThreadPoolExecutor$Worker.run(ThreadPoolExecutor.java:624)
	at java.lang.Thread.run(Thread.java:748)
Caused by: org.apache.http.conn.HttpHostConnectException: Connect to 10.129.45.44:9000 [/10.129.45.44] failed: Connection refused: connect
	at org.apache.http.impl.conn.DefaultHttpClientConnectionOperator.connect(DefaultHttpClientConnectionOperator.java:156)
	at org.apache.http.impl.conn.PoolingHttpClientConnectionManager.connect(PoolingHttpClientConnectionManager.java:376)
	at org.apache.http.impl.execchain.MainClientExec.establishRoute(MainClientExec.java:393)
	at org.apache.http.impl.execchain.MainClientExec.execute(MainClientExec.java:236)
	at org.apache.http.impl.execchain.ProtocolExec.execute(ProtocolExec.java:186)
	at org.apache.http.impl.execchain.RetryExec.execute(RetryExec.java:89)
	at org.apache.http.impl.execchain.RedirectExec.execute(RedirectExec.java:110)
	at org.apache.http.impl.client.InternalHttpClient.doExecute(InternalHttpClient.java:185)
	at org.apache.http.impl.client.CloseableHttpClient.execute(CloseableHttpClient.java:83)
	at org.apache.http.impl.client.CloseableHttpClient.execute(CloseableHttpClient.java:56)
	at org.springframework.http.client.HttpComponentsClientHttpRequest.executeInternal(HttpComponentsClientHttpRequest.java:87)
	at org.springframework.http.client.AbstractBufferingClientHttpRequest.executeInternal(AbstractBufferingClientHttpRequest.java:48)
	at org.springframework.http.client.AbstractClientHttpRequest.execute(AbstractClientHttpRequest.java:53)
	at org.springframework.web.client.RestTemplate.doExecute(RestTemplate.java:742)
	... 29 common frames omitted
Caused by: java.net.ConnectException: Connection refused: connect
	at java.net.DualStackPlainSocketImpl.waitForConnect(Native Method)
	at java.net.DualStackPlainSocketImpl.socketConnect(DualStackPlainSocketImpl.java:85)
	at java.net.AbstractPlainSocketImpl.doConnect(AbstractPlainSocketImpl.java:350)
	at java.net.AbstractPlainSocketImpl.connectToAddress(AbstractPlainSocketImpl.java:206)
	at java.net.AbstractPlainSocketImpl.connect(AbstractPlainSocketImpl.java:188)
	at java.net.PlainSocketImpl.connect(PlainSocketImpl.java:172)
	at java.net.SocksSocketImpl.connect(SocksSocketImpl.java:392)
	at java.net.Socket.connect(Socket.java:589)
	at org.apache.http.conn.socket.PlainConnectionSocketFactory.connectSocket(PlainConnectionSocketFactory.java:75)
	at org.apache.http.impl.conn.DefaultHttpClientConnectionOperator.connect(DefaultHttpClientConnectionOperator.java:142)
	... 42 common frames omitted
2026-03-18 21:09:29.322 [taskScheduler-7] WARN  com.qczy.fltask.service.FlTaskService - Failed to sync Flower task fl_20260318210820_e0cf36
java.lang.IllegalStateException: Failed to connect to Flower runner http://10.129.45.44:9000/runner/tasks/fl_20260318210820_e0cf36/rounds?afterRound=0: I/O error on GET request for "http://10.129.45.44:9000/runner/tasks/fl_20260318210820_e0cf36/rounds": Connect to 10.129.45.44:9000 [/10.129.45.44] failed: Connection refused: connect; nested exception is org.apache.http.conn.HttpHostConnectException: Connect to 10.129.45.44:9000 [/10.129.45.44] failed: Connection refused: connect
	at com.qczy.fltask.runner.FlowerRunnerClient.get(FlowerRunnerClient.java:82)
	at com.qczy.fltask.runner.FlowerRunnerClient.getTaskRounds(FlowerRunnerClient.java:53)
	at com.qczy.fltask.service.FlTaskService.syncSingleTask(FlTaskService.java:208)
	at com.qczy.fltask.service.FlTaskService.syncRunningTasks(FlTaskService.java:198)
	at com.qczy.fltask.service.FlTaskService$$FastClassBySpringCGLIB$$7cfbb59e.invoke(<generated>)
	at org.springframework.cglib.proxy.MethodProxy.invoke(MethodProxy.java:218)
	at org.springframework.aop.framework.CglibAopProxy$CglibMethodInvocation.invokeJoinpoint(CglibAopProxy.java:769)
	at org.springframework.aop.framework.ReflectiveMethodInvocation.proceed(ReflectiveMethodInvocation.java:163)
	at org.springframework.aop.framework.CglibAopProxy$CglibMethodInvocation.proceed(CglibAopProxy.java:747)
	at org.springframework.transaction.interceptor.TransactionAspectSupport.invokeWithinTransaction(TransactionAspectSupport.java:366)
	at org.springframework.transaction.interceptor.TransactionInterceptor.invoke(TransactionInterceptor.java:99)
	at org.springframework.aop.framework.ReflectiveMethodInvocation.proceed(ReflectiveMethodInvocation.java:186)
	at org.springframework.aop.framework.CglibAopProxy$CglibMethodInvocation.proceed(CglibAopProxy.java:747)
	at org.springframework.aop.framework.CglibAopProxy$DynamicAdvisedInterceptor.intercept(CglibAopProxy.java:689)
	at com.qczy.fltask.service.FlTaskService$$EnhancerBySpringCGLIB$$9e2ef446.syncRunningTasks(<generated>)
	at sun.reflect.GeneratedMethodAccessor108.invoke(Unknown Source)
	at sun.reflect.DelegatingMethodAccessorImpl.invoke(DelegatingMethodAccessorImpl.java:43)
	at java.lang.reflect.Method.invoke(Method.java:498)
	at org.springframework.scheduling.support.ScheduledMethodRunnable.run(ScheduledMethodRunnable.java:84)
	at org.springframework.scheduling.support.DelegatingErrorHandlingRunnable.run(DelegatingErrorHandlingRunnable.java:54)
	at java.util.concurrent.Executors$RunnableAdapter.call(Executors.java:511)
	at java.util.concurrent.FutureTask.runAndReset(FutureTask.java:308)
	at java.util.concurrent.ScheduledThreadPoolExecutor$ScheduledFutureTask.access$301(ScheduledThreadPoolExecutor.java:180)
	at java.util.concurrent.ScheduledThreadPoolExecutor$ScheduledFutureTask.run(ScheduledThreadPoolExecutor.java:294)
	at java.util.concurrent.ThreadPoolExecutor.runWorker(ThreadPoolExecutor.java:1149)
	at java.util.concurrent.ThreadPoolExecutor$Worker.run(ThreadPoolExecutor.java:624)
	at java.lang.Thread.run(Thread.java:748)
Caused by: org.springframework.web.client.ResourceAccessException: I/O error on GET request for "http://10.129.45.44:9000/runner/tasks/fl_20260318210820_e0cf36/rounds": Connect to 10.129.45.44:9000 [/10.129.45.44] failed: Connection refused: connect; nested exception is org.apache.http.conn.HttpHostConnectException: Connect to 10.129.45.44:9000 [/10.129.45.44] failed: Connection refused: connect
	at org.springframework.web.client.RestTemplate.doExecute(RestTemplate.java:751)
	at org.springframework.web.client.RestTemplate.execute(RestTemplate.java:677)
	at org.springframework.web.client.RestTemplate.getForEntity(RestTemplate.java:345)
	at com.qczy.fltask.runner.FlowerRunnerClient.get(FlowerRunnerClient.java:75)
	... 26 common frames omitted
Caused by: org.apache.http.conn.HttpHostConnectException: Connect to 10.129.45.44:9000 [/10.129.45.44] failed: Connection refused: connect
	at org.apache.http.impl.conn.DefaultHttpClientConnectionOperator.connect(DefaultHttpClientConnectionOperator.java:156)
	at org.apache.http.impl.conn.PoolingHttpClientConnectionManager.connect(PoolingHttpClientConnectionManager.java:376)
	at org.apache.http.impl.execchain.MainClientExec.establishRoute(MainClientExec.java:393)
	at org.apache.http.impl.execchain.MainClientExec.execute(MainClientExec.java:236)
	at org.apache.http.impl.execchain.ProtocolExec.execute(ProtocolExec.java:186)
	at org.apache.http.impl.execchain.RetryExec.execute(RetryExec.java:89)
	at org.apache.http.impl.execchain.RedirectExec.execute(RedirectExec.java:110)
	at org.apache.http.impl.client.InternalHttpClient.doExecute(InternalHttpClient.java:185)
	at org.apache.http.impl.client.CloseableHttpClient.execute(CloseableHttpClient.java:83)
	at org.apache.http.impl.client.CloseableHttpClient.execute(CloseableHttpClient.java:56)
	at org.springframework.http.client.HttpComponentsClientHttpRequest.executeInternal(HttpComponentsClientHttpRequest.java:87)
	at org.springframework.http.client.AbstractBufferingClientHttpRequest.executeInternal(AbstractBufferingClientHttpRequest.java:48)
	at org.springframework.http.client.AbstractClientHttpRequest.execute(AbstractClientHttpRequest.java:53)
	at org.springframework.web.client.RestTemplate.doExecute(RestTemplate.java:742)
	... 29 common frames omitted
Caused by: java.net.ConnectException: Connection refused: connect
	at java.net.DualStackPlainSocketImpl.waitForConnect(Native Method)
	at java.net.DualStackPlainSocketImpl.socketConnect(DualStackPlainSocketImpl.java:85)
	at java.net.AbstractPlainSocketImpl.doConnect(AbstractPlainSocketImpl.java:350)
	at java.net.AbstractPlainSocketImpl.connectToAddress(AbstractPlainSocketImpl.java:206)
	at java.net.AbstractPlainSocketImpl.connect(AbstractPlainSocketImpl.java:188)
	at java.net.PlainSocketImpl.connect(PlainSocketImpl.java:172)
	at java.net.SocksSocketImpl.connect(SocksSocketImpl.java:392)
	at java.net.Socket.connect(Socket.java:589)
	at org.apache.http.conn.socket.PlainConnectionSocketFactory.connectSocket(PlainConnectionSocketFactory.java:75)
	at org.apache.http.impl.conn.DefaultHttpClientConnectionOperator.connect(DefaultHttpClientConnectionOperator.java:142)
	... 42 common frames omitted
