2026-01-19 19:53:50.900 [background-preinit] WARN  o.s.h.converter.json.Jackson2ObjectMapperBuilder - For Jackson Kotlin classes support please add "com.fasterxml.jackson.module:jackson-module-kotlin" to the classpath
2026-01-19 19:54:07.275 [main] WARN  c.b.mybatisplus.core.metadata.TableInfoHelper - Can not find table primary key in Class: "com.qczy.model.entity.OperLogEntity".
2026-01-19 19:54:11.383 [main] WARN  c.b.mybatisplus.core.metadata.TableInfoHelper - Can not find table primary key in Class: "com.qczy.model.entity.AlgorithmTaskResultEntity".
2026-01-19 19:54:13.801 [main] WARN  c.b.mybatisplus.core.metadata.TableInfoHelper - Can not find table primary key in Class: "com.qczy.model.entity.RoleMenuEntity".
2026-01-19 19:54:13.902 [main] WARN  c.b.mybatisplus.core.metadata.TableInfoHelper - Can not find table primary key in Class: "com.qczy.model.entity.RoleButtonEntity".
2026-01-19 19:54:20.868 [taskScheduler-3] WARN  c.q.federated.service.FederatedCoordinatorService - Node 11 marked as inactive due to heartbeat timeout
2026-01-19 19:54:20.876 [taskScheduler-3] WARN  c.q.federated.service.FederatedCoordinatorService - Node 111 marked as inactive due to heartbeat timeout
2026-01-19 19:54:26.067 [taskScheduler-3] WARN  c.q.federated.service.FederatedCoordinatorService - Node 11 marked as inactive due to heartbeat timeout
2026-01-19 19:54:26.067 [taskScheduler-3] WARN  c.q.federated.service.FederatedCoordinatorService - Node 111 marked as inactive due to heartbeat timeout
2026-01-19 19:54:31.083 [taskScheduler-2] WARN  c.q.federated.service.FederatedCoordinatorService - Node 11 marked as inactive due to heartbeat timeout
2026-01-19 19:54:31.084 [taskScheduler-2] WARN  c.q.federated.service.FederatedCoordinatorService - Node 111 marked as inactive due to heartbeat timeout
2026-01-19 19:54:36.105 [taskScheduler-1] WARN  c.q.federated.service.FederatedCoordinatorService - Node 11 marked as inactive due to heartbeat timeout
2026-01-19 19:54:36.106 [taskScheduler-1] WARN  c.q.federated.service.FederatedCoordinatorService - Node 111 marked as inactive due to heartbeat timeout
2026-01-19 19:54:41.124 [taskScheduler-5] WARN  c.q.federated.service.FederatedCoordinatorService - Node 11 marked as inactive due to heartbeat timeout
2026-01-19 19:54:41.125 [taskScheduler-5] WARN  c.q.federated.service.FederatedCoordinatorService - Node 111 marked as inactive due to heartbeat timeout
2026-01-19 19:54:46.150 [taskScheduler-2] WARN  c.q.federated.service.FederatedCoordinatorService - Node 11 marked as inactive due to heartbeat timeout
2026-01-19 19:54:46.151 [taskScheduler-2] WARN  c.q.federated.service.FederatedCoordinatorService - Node 111 marked as inactive due to heartbeat timeout
2026-01-19 19:54:51.171 [taskScheduler-3] WARN  c.q.federated.service.FederatedCoordinatorService - Node 11 marked as inactive due to heartbeat timeout
2026-01-19 19:54:51.171 [taskScheduler-3] WARN  c.q.federated.service.FederatedCoordinatorService - Node 111 marked as inactive due to heartbeat timeout
2026-01-19 19:54:56.193 [taskScheduler-7] WARN  c.q.federated.service.FederatedCoordinatorService - Node 11 marked as inactive due to heartbeat timeout
2026-01-19 19:54:56.193 [taskScheduler-7] WARN  c.q.federated.service.FederatedCoordinatorService - Node 111 marked as inactive due to heartbeat timeout
2026-01-19 19:55:01.200 [taskScheduler-7] WARN  c.q.federated.service.FederatedCoordinatorService - Node 11 marked as inactive due to heartbeat timeout
2026-01-19 19:55:01.202 [taskScheduler-7] WARN  c.q.federated.service.FederatedCoordinatorService - Node 111 marked as inactive due to heartbeat timeout
2026-01-19 19:55:06.216 [taskScheduler-7] WARN  c.q.federated.service.FederatedCoordinatorService - Node 11 marked as inactive due to heartbeat timeout
2026-01-19 19:55:06.216 [taskScheduler-7] WARN  c.q.federated.service.FederatedCoordinatorService - Node 111 marked as inactive due to heartbeat timeout
2026-01-19 19:55:11.235 [taskScheduler-7] WARN  c.q.federated.service.FederatedCoordinatorService - Node 11 marked as inactive due to heartbeat timeout
2026-01-19 19:55:11.236 [taskScheduler-7] WARN  c.q.federated.service.FederatedCoordinatorService - Node 111 marked as inactive due to heartbeat timeout
2026-01-19 19:55:16.252 [taskScheduler-7] WARN  c.q.federated.service.FederatedCoordinatorService - Node 11 marked as inactive due to heartbeat timeout
2026-01-19 19:55:16.253 [taskScheduler-7] WARN  c.q.federated.service.FederatedCoordinatorService - Node 111 marked as inactive due to heartbeat timeout
2026-01-19 19:55:21.260 [taskScheduler-7] WARN  c.q.federated.service.FederatedCoordinatorService - Node 11 marked as inactive due to heartbeat timeout
2026-01-19 19:55:21.261 [taskScheduler-7] WARN  c.q.federated.service.FederatedCoordinatorService - Node 111 marked as inactive due to heartbeat timeout
2026-01-19 19:55:26.278 [taskScheduler-7] WARN  c.q.federated.service.FederatedCoordinatorService - Node 11 marked as inactive due to heartbeat timeout
2026-01-19 19:55:26.278 [taskScheduler-7] WARN  c.q.federated.service.FederatedCoordinatorService - Node 111 marked as inactive due to heartbeat timeout
2026-01-19 19:55:31.294 [taskScheduler-7] WARN  c.q.federated.service.FederatedCoordinatorService - Node 11 marked as inactive due to heartbeat timeout
2026-01-19 19:55:31.294 [taskScheduler-7] WARN  c.q.federated.service.FederatedCoordinatorService - Node 111 marked as inactive due to heartbeat timeout
2026-01-19 19:55:36.302 [taskScheduler-7] WARN  c.q.federated.service.FederatedCoordinatorService - Node 11 marked as inactive due to heartbeat timeout
2026-01-19 19:55:36.303 [taskScheduler-7] WARN  c.q.federated.service.FederatedCoordinatorService - Node 111 marked as inactive due to heartbeat timeout
2026-01-19 19:55:41.316 [taskScheduler-7] WARN  c.q.federated.service.FederatedCoordinatorService - Node 11 marked as inactive due to heartbeat timeout
2026-01-19 19:55:41.316 [taskScheduler-7] WARN  c.q.federated.service.FederatedCoordinatorService - Node 111 marked as inactive due to heartbeat timeout
2026-01-19 19:55:46.327 [taskScheduler-7] WARN  c.q.federated.service.FederatedCoordinatorService - Node 11 marked as inactive due to heartbeat timeout
2026-01-19 19:55:46.328 [taskScheduler-7] WARN  c.q.federated.service.FederatedCoordinatorService - Node 111 marked as inactive due to heartbeat timeout
2026-01-19 19:55:51.337 [taskScheduler-7] WARN  c.q.federated.service.FederatedCoordinatorService - Node 11 marked as inactive due to heartbeat timeout
2026-01-19 19:55:51.337 [taskScheduler-7] WARN  c.q.federated.service.FederatedCoordinatorService - Node 111 marked as inactive due to heartbeat timeout
2026-01-19 19:55:56.351 [taskScheduler-7] WARN  c.q.federated.service.FederatedCoordinatorService - Node 11 marked as inactive due to heartbeat timeout
2026-01-19 19:55:56.351 [taskScheduler-7] WARN  c.q.federated.service.FederatedCoordinatorService - Node 111 marked as inactive due to heartbeat timeout
2026-01-19 19:56:01.363 [taskScheduler-7] WARN  c.q.federated.service.FederatedCoordinatorService - Node 11 marked as inactive due to heartbeat timeout
2026-01-19 19:56:01.363 [taskScheduler-7] WARN  c.q.federated.service.FederatedCoordinatorService - Node 111 marked as inactive due to heartbeat timeout
2026-01-19 19:56:06.383 [taskScheduler-7] WARN  c.q.federated.service.FederatedCoordinatorService - Node 11 marked as inactive due to heartbeat timeout
2026-01-19 19:56:06.383 [taskScheduler-7] WARN  c.q.federated.service.FederatedCoordinatorService - Node 111 marked as inactive due to heartbeat timeout
2026-01-19 19:56:11.391 [taskScheduler-7] WARN  c.q.federated.service.FederatedCoordinatorService - Node 11 marked as inactive due to heartbeat timeout
2026-01-19 19:56:11.391 [taskScheduler-7] WARN  c.q.federated.service.FederatedCoordinatorService - Node 111 marked as inactive due to heartbeat timeout
2026-01-19 19:56:16.411 [taskScheduler-7] WARN  c.q.federated.service.FederatedCoordinatorService - Node 11 marked as inactive due to heartbeat timeout
2026-01-19 19:56:16.412 [taskScheduler-7] WARN  c.q.federated.service.FederatedCoordinatorService - Node 111 marked as inactive due to heartbeat timeout
2026-01-19 19:56:21.422 [taskScheduler-7] WARN  c.q.federated.service.FederatedCoordinatorService - Node 11 marked as inactive due to heartbeat timeout
2026-01-19 19:56:21.422 [taskScheduler-7] WARN  c.q.federated.service.FederatedCoordinatorService - Node 111 marked as inactive due to heartbeat timeout
2026-01-19 19:56:26.428 [taskScheduler-7] WARN  c.q.federated.service.FederatedCoordinatorService - Node 11 marked as inactive due to heartbeat timeout
2026-01-19 19:56:26.429 [taskScheduler-7] WARN  c.q.federated.service.FederatedCoordinatorService - Node 111 marked as inactive due to heartbeat timeout
2026-01-19 19:56:31.434 [taskScheduler-7] WARN  c.q.federated.service.FederatedCoordinatorService - Node 11 marked as inactive due to heartbeat timeout
2026-01-19 19:56:31.434 [taskScheduler-7] WARN  c.q.federated.service.FederatedCoordinatorService - Node 111 marked as inactive due to heartbeat timeout
2026-01-19 19:56:36.442 [taskScheduler-7] WARN  c.q.federated.service.FederatedCoordinatorService - Node 11 marked as inactive due to heartbeat timeout
2026-01-19 19:56:36.443 [taskScheduler-7] WARN  c.q.federated.service.FederatedCoordinatorService - Node 111 marked as inactive due to heartbeat timeout
2026-01-19 19:56:41.449 [taskScheduler-7] WARN  c.q.federated.service.FederatedCoordinatorService - Node 11 marked as inactive due to heartbeat timeout
2026-01-19 19:56:41.450 [taskScheduler-7] WARN  c.q.federated.service.FederatedCoordinatorService - Node 111 marked as inactive due to heartbeat timeout
2026-01-19 19:56:46.468 [taskScheduler-7] WARN  c.q.federated.service.FederatedCoordinatorService - Node 11 marked as inactive due to heartbeat timeout
2026-01-19 19:56:46.469 [taskScheduler-7] WARN  c.q.federated.service.FederatedCoordinatorService - Node 111 marked as inactive due to heartbeat timeout
2026-01-19 19:56:51.482 [taskScheduler-7] WARN  c.q.federated.service.FederatedCoordinatorService - Node 11 marked as inactive due to heartbeat timeout
2026-01-19 19:56:51.483 [taskScheduler-7] WARN  c.q.federated.service.FederatedCoordinatorService - Node 111 marked as inactive due to heartbeat timeout
2026-01-19 19:56:56.494 [taskScheduler-7] WARN  c.q.federated.service.FederatedCoordinatorService - Node 11 marked as inactive due to heartbeat timeout
2026-01-19 19:56:56.495 [taskScheduler-7] WARN  c.q.federated.service.FederatedCoordinatorService - Node 111 marked as inactive due to heartbeat timeout
2026-01-19 19:57:01.517 [taskScheduler-7] WARN  c.q.federated.service.FederatedCoordinatorService - Node 11 marked as inactive due to heartbeat timeout
2026-01-19 19:57:01.518 [taskScheduler-7] WARN  c.q.federated.service.FederatedCoordinatorService - Node 111 marked as inactive due to heartbeat timeout
2026-01-19 19:57:06.536 [taskScheduler-7] WARN  c.q.federated.service.FederatedCoordinatorService - Node 11 marked as inactive due to heartbeat timeout
2026-01-19 19:57:06.536 [taskScheduler-7] WARN  c.q.federated.service.FederatedCoordinatorService - Node 111 marked as inactive due to heartbeat timeout
2026-01-19 19:57:11.556 [taskScheduler-7] WARN  c.q.federated.service.FederatedCoordinatorService - Node 11 marked as inactive due to heartbeat timeout
2026-01-19 19:57:11.557 [taskScheduler-7] WARN  c.q.federated.service.FederatedCoordinatorService - Node 111 marked as inactive due to heartbeat timeout
2026-01-19 20:19:37.422 [background-preinit] WARN  o.s.h.converter.json.Jackson2ObjectMapperBuilder - For Jackson Kotlin classes support please add "com.fasterxml.jackson.module:jackson-module-kotlin" to the classpath
2026-01-19 20:19:49.775 [main] WARN  c.b.mybatisplus.core.metadata.TableInfoHelper - Can not find table primary key in Class: "com.qczy.model.entity.OperLogEntity".
2026-01-19 20:19:56.022 [main] WARN  c.b.mybatisplus.core.metadata.TableInfoHelper - Can not find table primary key in Class: "com.qczy.model.entity.AlgorithmTaskResultEntity".
2026-01-19 20:19:57.905 [main] WARN  c.b.mybatisplus.core.metadata.TableInfoHelper - Can not find table primary key in Class: "com.qczy.model.entity.RoleMenuEntity".
2026-01-19 20:19:57.989 [main] WARN  c.b.mybatisplus.core.metadata.TableInfoHelper - Can not find table primary key in Class: "com.qczy.model.entity.RoleButtonEntity".
2026-01-19 20:20:07.110 [taskScheduler-1] WARN  c.q.federated.service.FederatedCoordinatorService - Node 11 marked as inactive due to heartbeat timeout
2026-01-19 20:20:07.131 [taskScheduler-1] WARN  c.q.federated.service.FederatedCoordinatorService - Node 111 marked as inactive due to heartbeat timeout
2026-01-19 20:20:12.411 [taskScheduler-1] WARN  c.q.federated.service.FederatedCoordinatorService - Node 11 marked as inactive due to heartbeat timeout
2026-01-19 20:20:12.419 [taskScheduler-1] WARN  c.q.federated.service.FederatedCoordinatorService - Node 111 marked as inactive due to heartbeat timeout
2026-01-19 20:20:17.482 [taskScheduler-3] WARN  c.q.federated.service.FederatedCoordinatorService - Node 11 marked as inactive due to heartbeat timeout
2026-01-19 20:20:17.483 [taskScheduler-3] WARN  c.q.federated.service.FederatedCoordinatorService - Node 111 marked as inactive due to heartbeat timeout
2026-01-19 20:20:22.503 [taskScheduler-2] WARN  c.q.federated.service.FederatedCoordinatorService - Node 11 marked as inactive due to heartbeat timeout
2026-01-19 20:20:22.503 [taskScheduler-2] WARN  c.q.federated.service.FederatedCoordinatorService - Node 111 marked as inactive due to heartbeat timeout
2026-01-19 20:20:27.524 [taskScheduler-5] WARN  c.q.federated.service.FederatedCoordinatorService - Node 11 marked as inactive due to heartbeat timeout
2026-01-19 20:20:27.524 [taskScheduler-5] WARN  c.q.federated.service.FederatedCoordinatorService - Node 111 marked as inactive due to heartbeat timeout
2026-01-19 20:20:32.535 [taskScheduler-3] WARN  c.q.federated.service.FederatedCoordinatorService - Node 11 marked as inactive due to heartbeat timeout
2026-01-19 20:20:32.536 [taskScheduler-3] WARN  c.q.federated.service.FederatedCoordinatorService - Node 111 marked as inactive due to heartbeat timeout
2026-01-19 20:20:37.549 [taskScheduler-1] WARN  c.q.federated.service.FederatedCoordinatorService - Node 11 marked as inactive due to heartbeat timeout
2026-01-19 20:20:37.550 [taskScheduler-1] WARN  c.q.federated.service.FederatedCoordinatorService - Node 111 marked as inactive due to heartbeat timeout
2026-01-19 20:20:42.556 [taskScheduler-7] WARN  c.q.federated.service.FederatedCoordinatorService - Node 11 marked as inactive due to heartbeat timeout
2026-01-19 20:20:42.556 [taskScheduler-7] WARN  c.q.federated.service.FederatedCoordinatorService - Node 111 marked as inactive due to heartbeat timeout
2026-01-19 20:20:47.564 [taskScheduler-7] WARN  c.q.federated.service.FederatedCoordinatorService - Node 11 marked as inactive due to heartbeat timeout
2026-01-19 20:20:47.565 [taskScheduler-7] WARN  c.q.federated.service.FederatedCoordinatorService - Node 111 marked as inactive due to heartbeat timeout
2026-01-19 20:20:52.583 [taskScheduler-7] WARN  c.q.federated.service.FederatedCoordinatorService - Node 11 marked as inactive due to heartbeat timeout
2026-01-19 20:20:52.583 [taskScheduler-7] WARN  c.q.federated.service.FederatedCoordinatorService - Node 111 marked as inactive due to heartbeat timeout
2026-01-19 20:20:57.598 [taskScheduler-7] WARN  c.q.federated.service.FederatedCoordinatorService - Node 11 marked as inactive due to heartbeat timeout
2026-01-19 20:20:57.598 [taskScheduler-7] WARN  c.q.federated.service.FederatedCoordinatorService - Node 111 marked as inactive due to heartbeat timeout
2026-01-19 20:21:02.607 [taskScheduler-7] WARN  c.q.federated.service.FederatedCoordinatorService - Node 11 marked as inactive due to heartbeat timeout
2026-01-19 20:21:02.608 [taskScheduler-7] WARN  c.q.federated.service.FederatedCoordinatorService - Node 111 marked as inactive due to heartbeat timeout
2026-01-19 20:21:07.624 [taskScheduler-7] WARN  c.q.federated.service.FederatedCoordinatorService - Node 11 marked as inactive due to heartbeat timeout
2026-01-19 20:21:07.624 [taskScheduler-7] WARN  c.q.federated.service.FederatedCoordinatorService - Node 111 marked as inactive due to heartbeat timeout
2026-01-19 20:21:12.641 [taskScheduler-7] WARN  c.q.federated.service.FederatedCoordinatorService - Node 11 marked as inactive due to heartbeat timeout
2026-01-19 20:21:12.642 [taskScheduler-7] WARN  c.q.federated.service.FederatedCoordinatorService - Node 111 marked as inactive due to heartbeat timeout
2026-01-19 20:21:17.651 [taskScheduler-7] WARN  c.q.federated.service.FederatedCoordinatorService - Node 11 marked as inactive due to heartbeat timeout
2026-01-19 20:21:17.651 [taskScheduler-7] WARN  c.q.federated.service.FederatedCoordinatorService - Node 111 marked as inactive due to heartbeat timeout
2026-01-19 20:21:22.658 [taskScheduler-7] WARN  c.q.federated.service.FederatedCoordinatorService - Node 11 marked as inactive due to heartbeat timeout
2026-01-19 20:21:22.658 [taskScheduler-7] WARN  c.q.federated.service.FederatedCoordinatorService - Node 111 marked as inactive due to heartbeat timeout
2026-01-19 20:21:27.673 [taskScheduler-7] WARN  c.q.federated.service.FederatedCoordinatorService - Node 11 marked as inactive due to heartbeat timeout
2026-01-19 20:21:27.673 [taskScheduler-7] WARN  c.q.federated.service.FederatedCoordinatorService - Node 111 marked as inactive due to heartbeat timeout
2026-01-19 20:21:32.685 [taskScheduler-7] WARN  c.q.federated.service.FederatedCoordinatorService - Node 11 marked as inactive due to heartbeat timeout
2026-01-19 20:21:32.685 [taskScheduler-7] WARN  c.q.federated.service.FederatedCoordinatorService - Node 111 marked as inactive due to heartbeat timeout
2026-01-19 20:21:37.696 [taskScheduler-7] WARN  c.q.federated.service.FederatedCoordinatorService - Node 11 marked as inactive due to heartbeat timeout
2026-01-19 20:21:37.697 [taskScheduler-7] WARN  c.q.federated.service.FederatedCoordinatorService - Node 111 marked as inactive due to heartbeat timeout
2026-01-19 20:21:42.705 [taskScheduler-7] WARN  c.q.federated.service.FederatedCoordinatorService - Node 11 marked as inactive due to heartbeat timeout
2026-01-19 20:21:42.705 [taskScheduler-7] WARN  c.q.federated.service.FederatedCoordinatorService - Node 111 marked as inactive due to heartbeat timeout
2026-01-19 20:21:47.715 [taskScheduler-7] WARN  c.q.federated.service.FederatedCoordinatorService - Node 11 marked as inactive due to heartbeat timeout
2026-01-19 20:21:47.715 [taskScheduler-7] WARN  c.q.federated.service.FederatedCoordinatorService - Node 111 marked as inactive due to heartbeat timeout
2026-01-19 20:21:52.733 [taskScheduler-7] WARN  c.q.federated.service.FederatedCoordinatorService - Node 11 marked as inactive due to heartbeat timeout
2026-01-19 20:21:52.733 [taskScheduler-7] WARN  c.q.federated.service.FederatedCoordinatorService - Node 111 marked as inactive due to heartbeat timeout
2026-01-19 20:21:57.746 [taskScheduler-7] WARN  c.q.federated.service.FederatedCoordinatorService - Node 11 marked as inactive due to heartbeat timeout
2026-01-19 20:21:57.746 [taskScheduler-7] WARN  c.q.federated.service.FederatedCoordinatorService - Node 111 marked as inactive due to heartbeat timeout
2026-01-19 20:22:02.758 [taskScheduler-7] WARN  c.q.federated.service.FederatedCoordinatorService - Node 11 marked as inactive due to heartbeat timeout
2026-01-19 20:22:02.758 [taskScheduler-7] WARN  c.q.federated.service.FederatedCoordinatorService - Node 111 marked as inactive due to heartbeat timeout
2026-01-19 20:22:07.766 [taskScheduler-7] WARN  c.q.federated.service.FederatedCoordinatorService - Node 11 marked as inactive due to heartbeat timeout
2026-01-19 20:22:07.766 [taskScheduler-7] WARN  c.q.federated.service.FederatedCoordinatorService - Node 111 marked as inactive due to heartbeat timeout
2026-01-19 20:22:12.774 [taskScheduler-7] WARN  c.q.federated.service.FederatedCoordinatorService - Node 11 marked as inactive due to heartbeat timeout
2026-01-19 20:22:12.774 [taskScheduler-7] WARN  c.q.federated.service.FederatedCoordinatorService - Node 111 marked as inactive due to heartbeat timeout
2026-01-19 20:22:17.793 [taskScheduler-7] WARN  c.q.federated.service.FederatedCoordinatorService - Node 11 marked as inactive due to heartbeat timeout
2026-01-19 20:22:17.793 [taskScheduler-7] WARN  c.q.federated.service.FederatedCoordinatorService - Node 111 marked as inactive due to heartbeat timeout
2026-01-19 20:22:22.814 [taskScheduler-7] WARN  c.q.federated.service.FederatedCoordinatorService - Node 11 marked as inactive due to heartbeat timeout
2026-01-19 20:22:22.814 [taskScheduler-7] WARN  c.q.federated.service.FederatedCoordinatorService - Node 111 marked as inactive due to heartbeat timeout
2026-01-19 20:22:27.823 [taskScheduler-7] WARN  c.q.federated.service.FederatedCoordinatorService - Node 11 marked as inactive due to heartbeat timeout
2026-01-19 20:22:27.824 [taskScheduler-7] WARN  c.q.federated.service.FederatedCoordinatorService - Node 111 marked as inactive due to heartbeat timeout
2026-01-19 20:22:32.834 [taskScheduler-7] WARN  c.q.federated.service.FederatedCoordinatorService - Node 11 marked as inactive due to heartbeat timeout
2026-01-19 20:22:32.834 [taskScheduler-7] WARN  c.q.federated.service.FederatedCoordinatorService - Node 111 marked as inactive due to heartbeat timeout
2026-01-19 20:22:37.841 [taskScheduler-7] WARN  c.q.federated.service.FederatedCoordinatorService - Node 11 marked as inactive due to heartbeat timeout
2026-01-19 20:22:37.841 [taskScheduler-7] WARN  c.q.federated.service.FederatedCoordinatorService - Node 111 marked as inactive due to heartbeat timeout
2026-01-19 20:22:42.853 [taskScheduler-7] WARN  c.q.federated.service.FederatedCoordinatorService - Node 11 marked as inactive due to heartbeat timeout
2026-01-19 20:22:42.853 [taskScheduler-7] WARN  c.q.federated.service.FederatedCoordinatorService - Node 111 marked as inactive due to heartbeat timeout
2026-01-19 20:22:47.871 [taskScheduler-7] WARN  c.q.federated.service.FederatedCoordinatorService - Node 11 marked as inactive due to heartbeat timeout
2026-01-19 20:22:47.871 [taskScheduler-7] WARN  c.q.federated.service.FederatedCoordinatorService - Node 111 marked as inactive due to heartbeat timeout
2026-01-19 20:22:52.882 [taskScheduler-7] WARN  c.q.federated.service.FederatedCoordinatorService - Node 11 marked as inactive due to heartbeat timeout
2026-01-19 20:22:52.882 [taskScheduler-7] WARN  c.q.federated.service.FederatedCoordinatorService - Node 111 marked as inactive due to heartbeat timeout
2026-01-19 20:22:57.889 [taskScheduler-7] WARN  c.q.federated.service.FederatedCoordinatorService - Node 11 marked as inactive due to heartbeat timeout
2026-01-19 20:22:57.889 [taskScheduler-7] WARN  c.q.federated.service.FederatedCoordinatorService - Node 111 marked as inactive due to heartbeat timeout
2026-01-19 20:23:02.896 [taskScheduler-7] WARN  c.q.federated.service.FederatedCoordinatorService - Node 11 marked as inactive due to heartbeat timeout
2026-01-19 20:23:02.896 [taskScheduler-7] WARN  c.q.federated.service.FederatedCoordinatorService - Node 111 marked as inactive due to heartbeat timeout
2026-01-19 20:23:07.906 [taskScheduler-7] WARN  c.q.federated.service.FederatedCoordinatorService - Node 11 marked as inactive due to heartbeat timeout
2026-01-19 20:23:07.906 [taskScheduler-7] WARN  c.q.federated.service.FederatedCoordinatorService - Node 111 marked as inactive due to heartbeat timeout
2026-01-19 20:23:12.923 [taskScheduler-7] WARN  c.q.federated.service.FederatedCoordinatorService - Node 11 marked as inactive due to heartbeat timeout
2026-01-19 20:23:12.923 [taskScheduler-7] WARN  c.q.federated.service.FederatedCoordinatorService - Node 111 marked as inactive due to heartbeat timeout
2026-01-19 20:23:17.935 [taskScheduler-7] WARN  c.q.federated.service.FederatedCoordinatorService - Node 11 marked as inactive due to heartbeat timeout
2026-01-19 20:23:17.936 [taskScheduler-7] WARN  c.q.federated.service.FederatedCoordinatorService - Node 111 marked as inactive due to heartbeat timeout
2026-01-19 20:23:22.948 [taskScheduler-7] WARN  c.q.federated.service.FederatedCoordinatorService - Node 11 marked as inactive due to heartbeat timeout
2026-01-19 20:23:22.948 [taskScheduler-7] WARN  c.q.federated.service.FederatedCoordinatorService - Node 111 marked as inactive due to heartbeat timeout
2026-01-19 20:23:27.960 [taskScheduler-7] WARN  c.q.federated.service.FederatedCoordinatorService - Node 11 marked as inactive due to heartbeat timeout
2026-01-19 20:23:27.960 [taskScheduler-7] WARN  c.q.federated.service.FederatedCoordinatorService - Node 111 marked as inactive due to heartbeat timeout
2026-01-19 20:23:32.971 [taskScheduler-7] WARN  c.q.federated.service.FederatedCoordinatorService - Node 11 marked as inactive due to heartbeat timeout
2026-01-19 20:23:32.972 [taskScheduler-7] WARN  c.q.federated.service.FederatedCoordinatorService - Node 111 marked as inactive due to heartbeat timeout
2026-01-19 20:23:37.979 [taskScheduler-7] WARN  c.q.federated.service.FederatedCoordinatorService - Node 11 marked as inactive due to heartbeat timeout
2026-01-19 20:23:37.979 [taskScheduler-7] WARN  c.q.federated.service.FederatedCoordinatorService - Node 111 marked as inactive due to heartbeat timeout
2026-01-19 20:23:42.986 [taskScheduler-7] WARN  c.q.federated.service.FederatedCoordinatorService - Node 11 marked as inactive due to heartbeat timeout
2026-01-19 20:23:42.986 [taskScheduler-7] WARN  c.q.federated.service.FederatedCoordinatorService - Node 111 marked as inactive due to heartbeat timeout
2026-01-19 20:23:47.998 [taskScheduler-7] WARN  c.q.federated.service.FederatedCoordinatorService - Node 11 marked as inactive due to heartbeat timeout
2026-01-19 20:23:47.998 [taskScheduler-7] WARN  c.q.federated.service.FederatedCoordinatorService - Node 111 marked as inactive due to heartbeat timeout
2026-01-19 20:23:53.018 [taskScheduler-7] WARN  c.q.federated.service.FederatedCoordinatorService - Node 11 marked as inactive due to heartbeat timeout
2026-01-19 20:23:53.018 [taskScheduler-7] WARN  c.q.federated.service.FederatedCoordinatorService - Node 111 marked as inactive due to heartbeat timeout
2026-01-19 20:23:58.035 [taskScheduler-7] WARN  c.q.federated.service.FederatedCoordinatorService - Node 11 marked as inactive due to heartbeat timeout
2026-01-19 20:23:58.036 [taskScheduler-7] WARN  c.q.federated.service.FederatedCoordinatorService - Node 111 marked as inactive due to heartbeat timeout
2026-01-19 20:24:03.045 [taskScheduler-7] WARN  c.q.federated.service.FederatedCoordinatorService - Node 11 marked as inactive due to heartbeat timeout
2026-01-19 20:24:03.046 [taskScheduler-7] WARN  c.q.federated.service.FederatedCoordinatorService - Node 111 marked as inactive due to heartbeat timeout
2026-01-19 20:24:08.056 [taskScheduler-7] WARN  c.q.federated.service.FederatedCoordinatorService - Node 11 marked as inactive due to heartbeat timeout
2026-01-19 20:24:08.056 [taskScheduler-7] WARN  c.q.federated.service.FederatedCoordinatorService - Node 111 marked as inactive due to heartbeat timeout
2026-01-19 20:24:13.066 [taskScheduler-7] WARN  c.q.federated.service.FederatedCoordinatorService - Node 11 marked as inactive due to heartbeat timeout
2026-01-19 20:24:13.066 [taskScheduler-7] WARN  c.q.federated.service.FederatedCoordinatorService - Node 111 marked as inactive due to heartbeat timeout
2026-01-19 20:24:18.082 [taskScheduler-7] WARN  c.q.federated.service.FederatedCoordinatorService - Node 11 marked as inactive due to heartbeat timeout
2026-01-19 20:24:18.082 [taskScheduler-7] WARN  c.q.federated.service.FederatedCoordinatorService - Node 111 marked as inactive due to heartbeat timeout
2026-01-19 20:24:23.092 [taskScheduler-7] WARN  c.q.federated.service.FederatedCoordinatorService - Node 11 marked as inactive due to heartbeat timeout
2026-01-19 20:24:23.094 [taskScheduler-7] WARN  c.q.federated.service.FederatedCoordinatorService - Node 111 marked as inactive due to heartbeat timeout
2026-01-19 20:24:28.104 [taskScheduler-7] WARN  c.q.federated.service.FederatedCoordinatorService - Node 11 marked as inactive due to heartbeat timeout
2026-01-19 20:24:28.106 [taskScheduler-7] WARN  c.q.federated.service.FederatedCoordinatorService - Node 111 marked as inactive due to heartbeat timeout
2026-01-19 20:24:33.127 [taskScheduler-7] WARN  c.q.federated.service.FederatedCoordinatorService - Node 11 marked as inactive due to heartbeat timeout
2026-01-19 20:24:33.128 [taskScheduler-7] WARN  c.q.federated.service.FederatedCoordinatorService - Node 111 marked as inactive due to heartbeat timeout
2026-01-19 20:24:38.141 [taskScheduler-7] WARN  c.q.federated.service.FederatedCoordinatorService - Node 11 marked as inactive due to heartbeat timeout
2026-01-19 20:24:38.148 [taskScheduler-7] WARN  c.q.federated.service.FederatedCoordinatorService - Node 111 marked as inactive due to heartbeat timeout
2026-01-19 20:24:43.168 [taskScheduler-7] WARN  c.q.federated.service.FederatedCoordinatorService - Node 11 marked as inactive due to heartbeat timeout
2026-01-19 20:24:43.173 [taskScheduler-7] WARN  c.q.federated.service.FederatedCoordinatorService - Node 111 marked as inactive due to heartbeat timeout
2026-01-19 20:24:48.188 [taskScheduler-7] WARN  c.q.federated.service.FederatedCoordinatorService - Node 11 marked as inactive due to heartbeat timeout
2026-01-19 20:24:48.189 [taskScheduler-7] WARN  c.q.federated.service.FederatedCoordinatorService - Node 111 marked as inactive due to heartbeat timeout
2026-01-19 20:24:53.206 [taskScheduler-7] WARN  c.q.federated.service.FederatedCoordinatorService - Node 11 marked as inactive due to heartbeat timeout
2026-01-19 20:24:53.206 [taskScheduler-7] WARN  c.q.federated.service.FederatedCoordinatorService - Node 111 marked as inactive due to heartbeat timeout
2026-01-19 20:24:58.211 [taskScheduler-7] WARN  c.q.federated.service.FederatedCoordinatorService - Node 11 marked as inactive due to heartbeat timeout
2026-01-19 20:24:58.212 [taskScheduler-7] WARN  c.q.federated.service.FederatedCoordinatorService - Node 111 marked as inactive due to heartbeat timeout
2026-01-19 20:25:03.225 [taskScheduler-7] WARN  c.q.federated.service.FederatedCoordinatorService - Node 11 marked as inactive due to heartbeat timeout
2026-01-19 20:25:03.225 [taskScheduler-7] WARN  c.q.federated.service.FederatedCoordinatorService - Node 111 marked as inactive due to heartbeat timeout
2026-01-19 20:25:08.235 [taskScheduler-7] WARN  c.q.federated.service.FederatedCoordinatorService - Node 11 marked as inactive due to heartbeat timeout
2026-01-19 20:25:08.235 [taskScheduler-7] WARN  c.q.federated.service.FederatedCoordinatorService - Node 111 marked as inactive due to heartbeat timeout
2026-01-19 20:25:13.245 [taskScheduler-7] WARN  c.q.federated.service.FederatedCoordinatorService - Node 11 marked as inactive due to heartbeat timeout
2026-01-19 20:25:13.245 [taskScheduler-7] WARN  c.q.federated.service.FederatedCoordinatorService - Node 111 marked as inactive due to heartbeat timeout
2026-01-19 20:25:18.251 [taskScheduler-7] WARN  c.q.federated.service.FederatedCoordinatorService - Node 11 marked as inactive due to heartbeat timeout
2026-01-19 20:25:18.252 [taskScheduler-7] WARN  c.q.federated.service.FederatedCoordinatorService - Node 111 marked as inactive due to heartbeat timeout
2026-01-19 20:25:23.269 [taskScheduler-7] WARN  c.q.federated.service.FederatedCoordinatorService - Node 11 marked as inactive due to heartbeat timeout
2026-01-19 20:25:23.269 [taskScheduler-7] WARN  c.q.federated.service.FederatedCoordinatorService - Node 111 marked as inactive due to heartbeat timeout
2026-01-19 20:25:28.282 [taskScheduler-7] WARN  c.q.federated.service.FederatedCoordinatorService - Node 11 marked as inactive due to heartbeat timeout
2026-01-19 20:25:28.282 [taskScheduler-7] WARN  c.q.federated.service.FederatedCoordinatorService - Node 111 marked as inactive due to heartbeat timeout
2026-01-19 20:25:33.291 [taskScheduler-7] WARN  c.q.federated.service.FederatedCoordinatorService - Node 11 marked as inactive due to heartbeat timeout
2026-01-19 20:25:33.291 [taskScheduler-7] WARN  c.q.federated.service.FederatedCoordinatorService - Node 111 marked as inactive due to heartbeat timeout
2026-01-19 20:25:38.312 [taskScheduler-7] WARN  c.q.federated.service.FederatedCoordinatorService - Node 11 marked as inactive due to heartbeat timeout
2026-01-19 20:25:38.313 [taskScheduler-7] WARN  c.q.federated.service.FederatedCoordinatorService - Node 111 marked as inactive due to heartbeat timeout
2026-01-19 20:25:43.319 [taskScheduler-7] WARN  c.q.federated.service.FederatedCoordinatorService - Node 11 marked as inactive due to heartbeat timeout
2026-01-19 20:25:43.319 [taskScheduler-7] WARN  c.q.federated.service.FederatedCoordinatorService - Node 111 marked as inactive due to heartbeat timeout
2026-01-19 20:25:48.333 [taskScheduler-7] WARN  c.q.federated.service.FederatedCoordinatorService - Node 11 marked as inactive due to heartbeat timeout
2026-01-19 20:25:48.333 [taskScheduler-7] WARN  c.q.federated.service.FederatedCoordinatorService - Node 111 marked as inactive due to heartbeat timeout
2026-01-19 20:25:53.351 [taskScheduler-7] WARN  c.q.federated.service.FederatedCoordinatorService - Node 11 marked as inactive due to heartbeat timeout
2026-01-19 20:25:53.351 [taskScheduler-7] WARN  c.q.federated.service.FederatedCoordinatorService - Node 111 marked as inactive due to heartbeat timeout
2026-01-19 20:25:58.363 [taskScheduler-7] WARN  c.q.federated.service.FederatedCoordinatorService - Node 11 marked as inactive due to heartbeat timeout
2026-01-19 20:25:58.363 [taskScheduler-7] WARN  c.q.federated.service.FederatedCoordinatorService - Node 111 marked as inactive due to heartbeat timeout
2026-01-19 20:26:03.377 [taskScheduler-7] WARN  c.q.federated.service.FederatedCoordinatorService - Node 11 marked as inactive due to heartbeat timeout
2026-01-19 20:26:03.377 [taskScheduler-7] WARN  c.q.federated.service.FederatedCoordinatorService - Node 111 marked as inactive due to heartbeat timeout
2026-01-19 20:26:08.390 [taskScheduler-7] WARN  c.q.federated.service.FederatedCoordinatorService - Node 11 marked as inactive due to heartbeat timeout
2026-01-19 20:26:08.391 [taskScheduler-7] WARN  c.q.federated.service.FederatedCoordinatorService - Node 111 marked as inactive due to heartbeat timeout
2026-01-19 20:26:13.396 [taskScheduler-7] WARN  c.q.federated.service.FederatedCoordinatorService - Node 11 marked as inactive due to heartbeat timeout
2026-01-19 20:26:13.396 [taskScheduler-7] WARN  c.q.federated.service.FederatedCoordinatorService - Node 111 marked as inactive due to heartbeat timeout
2026-01-19 20:26:18.415 [taskScheduler-7] WARN  c.q.federated.service.FederatedCoordinatorService - Node 11 marked as inactive due to heartbeat timeout
2026-01-19 20:26:18.415 [taskScheduler-7] WARN  c.q.federated.service.FederatedCoordinatorService - Node 111 marked as inactive due to heartbeat timeout
2026-01-19 20:26:23.433 [taskScheduler-7] WARN  c.q.federated.service.FederatedCoordinatorService - Node 11 marked as inactive due to heartbeat timeout
2026-01-19 20:26:23.444 [taskScheduler-7] WARN  c.q.federated.service.FederatedCoordinatorService - Node 111 marked as inactive due to heartbeat timeout
2026-01-19 21:37:47.456 [background-preinit] WARN  o.s.h.converter.json.Jackson2ObjectMapperBuilder - For Jackson Kotlin classes support please add "com.fasterxml.jackson.module:jackson-module-kotlin" to the classpath
2026-01-19 21:38:02.602 [main] WARN  c.b.mybatisplus.core.metadata.TableInfoHelper - Can not find table primary key in Class: "com.qczy.model.entity.OperLogEntity".
2026-01-19 21:38:05.561 [main] WARN  c.b.mybatisplus.core.metadata.TableInfoHelper - Can not find table primary key in Class: "com.qczy.model.entity.AlgorithmTaskResultEntity".
2026-01-19 21:38:06.851 [main] WARN  c.b.mybatisplus.core.metadata.TableInfoHelper - Can not find table primary key in Class: "com.qczy.model.entity.RoleMenuEntity".
2026-01-19 21:38:06.886 [main] WARN  c.b.mybatisplus.core.metadata.TableInfoHelper - Can not find table primary key in Class: "com.qczy.model.entity.RoleButtonEntity".
2026-01-19 21:38:11.011 [taskScheduler-1] WARN  c.q.federated.service.FederatedCoordinatorService - Node 11 marked as inactive due to heartbeat timeout
2026-01-19 21:38:11.012 [taskScheduler-1] WARN  c.q.federated.service.FederatedCoordinatorService - Node 111 marked as inactive due to heartbeat timeout
2026-01-19 21:38:16.056 [taskScheduler-2] WARN  c.q.federated.service.FederatedCoordinatorService - Node 11 marked as inactive due to heartbeat timeout
2026-01-19 21:38:16.056 [taskScheduler-2] WARN  c.q.federated.service.FederatedCoordinatorService - Node 111 marked as inactive due to heartbeat timeout
2026-01-19 21:38:21.066 [taskScheduler-1] WARN  c.q.federated.service.FederatedCoordinatorService - Node 11 marked as inactive due to heartbeat timeout
2026-01-19 21:38:21.067 [taskScheduler-1] WARN  c.q.federated.service.FederatedCoordinatorService - Node 111 marked as inactive due to heartbeat timeout
2026-01-19 21:38:26.083 [taskScheduler-3] WARN  c.q.federated.service.FederatedCoordinatorService - Node 11 marked as inactive due to heartbeat timeout
2026-01-19 21:38:26.084 [taskScheduler-3] WARN  c.q.federated.service.FederatedCoordinatorService - Node 111 marked as inactive due to heartbeat timeout
2026-01-19 21:38:31.098 [taskScheduler-5] WARN  c.q.federated.service.FederatedCoordinatorService - Node 11 marked as inactive due to heartbeat timeout
2026-01-19 21:38:31.099 [taskScheduler-5] WARN  c.q.federated.service.FederatedCoordinatorService - Node 111 marked as inactive due to heartbeat timeout
2026-01-19 21:38:36.115 [taskScheduler-1] WARN  c.q.federated.service.FederatedCoordinatorService - Node 11 marked as inactive due to heartbeat timeout
2026-01-19 21:38:36.115 [taskScheduler-1] WARN  c.q.federated.service.FederatedCoordinatorService - Node 111 marked as inactive due to heartbeat timeout
2026-01-19 21:38:41.131 [taskScheduler-2] WARN  c.q.federated.service.FederatedCoordinatorService - Node 11 marked as inactive due to heartbeat timeout
2026-01-19 21:38:41.132 [taskScheduler-2] WARN  c.q.federated.service.FederatedCoordinatorService - Node 111 marked as inactive due to heartbeat timeout
2026-01-19 21:38:46.148 [taskScheduler-7] WARN  c.q.federated.service.FederatedCoordinatorService - Node 11 marked as inactive due to heartbeat timeout
2026-01-19 21:38:46.148 [taskScheduler-7] WARN  c.q.federated.service.FederatedCoordinatorService - Node 111 marked as inactive due to heartbeat timeout
2026-01-19 21:38:48.999 [http-nio-8081-exec-1] WARN  com.qczy.federated.flower.FlowerServerManager - Failed to query remote Flower status for job: 52efbba7-dd24-4782-9daa-1b03e8666c86
org.springframework.web.client.ResourceAccessException: I/O error on GET request for "http://10.129.45.44:9000/status": Connect to 10.129.45.44:9000 [/10.129.45.44] failed: Connection refused: connect; nested exception is org.apache.http.conn.HttpHostConnectException: Connect to 10.129.45.44:9000 [/10.129.45.44] failed: Connection refused: connect
	at org.springframework.web.client.RestTemplate.doExecute(RestTemplate.java:751)
	at org.springframework.web.client.RestTemplate.execute(RestTemplate.java:677)
	at org.springframework.web.client.RestTemplate.getForEntity(RestTemplate.java:345)
	at com.qczy.federated.flower.FlowerServerManager.isServerRunning(FlowerServerManager.java:99)
	at com.qczy.federated.service.FederatedCoordinatorService.deleteJob(FederatedCoordinatorService.java:498)
	at com.qczy.federated.service.FederatedCoordinatorService$$FastClassBySpringCGLIB$$15e232f6.invoke(<generated>)
	at org.springframework.cglib.proxy.MethodProxy.invoke(MethodProxy.java:218)
	at org.springframework.aop.framework.CglibAopProxy$CglibMethodInvocation.invokeJoinpoint(CglibAopProxy.java:769)
	at org.springframework.aop.framework.ReflectiveMethodInvocation.proceed(ReflectiveMethodInvocation.java:163)
	at org.springframework.aop.framework.CglibAopProxy$CglibMethodInvocation.proceed(CglibAopProxy.java:747)
	at org.springframework.transaction.interceptor.TransactionAspectSupport.invokeWithinTransaction(TransactionAspectSupport.java:366)
	at org.springframework.transaction.interceptor.TransactionInterceptor.invoke(TransactionInterceptor.java:99)
	at org.springframework.aop.framework.ReflectiveMethodInvocation.proceed(ReflectiveMethodInvocation.java:186)
	at org.springframework.aop.framework.CglibAopProxy$CglibMethodInvocation.proceed(CglibAopProxy.java:747)
	at org.springframework.aop.framework.CglibAopProxy$DynamicAdvisedInterceptor.intercept(CglibAopProxy.java:689)
	at com.qczy.federated.service.FederatedCoordinatorService$$EnhancerBySpringCGLIB$$68c3aa7a.deleteJob(<generated>)
	at com.qczy.federated.controller.FederatedController.deleteJob(FederatedController.java:97)
	at sun.reflect.NativeMethodAccessorImpl.invoke0(Native Method)
	at sun.reflect.NativeMethodAccessorImpl.invoke(NativeMethodAccessorImpl.java:62)
	at sun.reflect.DelegatingMethodAccessorImpl.invoke(DelegatingMethodAccessorImpl.java:43)
	at java.lang.reflect.Method.invoke(Method.java:498)
	at org.springframework.web.method.support.InvocableHandlerMethod.doInvoke(InvocableHandlerMethod.java:190)
	at org.springframework.web.method.support.InvocableHandlerMethod.invokeForRequest(InvocableHandlerMethod.java:138)
	at org.springframework.web.servlet.mvc.method.annotation.ServletInvocableHandlerMethod.invokeAndHandle(ServletInvocableHandlerMethod.java:106)
	at org.springframework.web.servlet.mvc.method.annotation.RequestMappingHandlerAdapter.invokeHandlerMethod(RequestMappingHandlerAdapter.java:888)
	at org.springframework.web.servlet.mvc.method.annotation.RequestMappingHandlerAdapter.handleInternal(RequestMappingHandlerAdapter.java:793)
	at org.springframework.web.servlet.mvc.method.AbstractHandlerMethodAdapter.handle(AbstractHandlerMethodAdapter.java:87)
	at org.springframework.web.servlet.DispatcherServlet.doDispatch(DispatcherServlet.java:1040)
	at org.springframework.web.servlet.DispatcherServlet.doService(DispatcherServlet.java:943)
	at org.springframework.web.servlet.FrameworkServlet.processRequest(FrameworkServlet.java:1006)
	at org.springframework.web.servlet.FrameworkServlet.doDelete(FrameworkServlet.java:931)
	at javax.servlet.http.HttpServlet.service(HttpServlet.java:666)
	at org.springframework.web.servlet.FrameworkServlet.service(FrameworkServlet.java:883)
	at javax.servlet.http.HttpServlet.service(HttpServlet.java:741)
	at org.apache.catalina.core.ApplicationFilterChain.internalDoFilter(ApplicationFilterChain.java:231)
	at org.apache.catalina.core.ApplicationFilterChain.doFilter(ApplicationFilterChain.java:166)
	at org.apache.tomcat.websocket.server.WsFilter.doFilter(WsFilter.java:53)
	at org.apache.catalina.core.ApplicationFilterChain.internalDoFilter(ApplicationFilterChain.java:193)
	at org.apache.catalina.core.ApplicationFilterChain.doFilter(ApplicationFilterChain.java:166)
	at org.springframework.web.filter.OncePerRequestFilter.doFilter(OncePerRequestFilter.java:113)
	at org.apache.catalina.core.ApplicationFilterChain.internalDoFilter(ApplicationFilterChain.java:193)
	at org.apache.catalina.core.ApplicationFilterChain.doFilter(ApplicationFilterChain.java:166)
	at org.springframework.security.web.FilterChainProxy$VirtualFilterChain.doFilter(FilterChainProxy.java:320)
	at org.springframework.security.web.access.intercept.FilterSecurityInterceptor.invoke(FilterSecurityInterceptor.java:126)
	at org.springframework.security.web.access.intercept.FilterSecurityInterceptor.doFilter(FilterSecurityInterceptor.java:90)
	at org.springframework.security.web.FilterChainProxy$VirtualFilterChain.doFilter(FilterChainProxy.java:334)
	at org.springframework.security.web.access.ExceptionTranslationFilter.doFilter(ExceptionTranslationFilter.java:118)
	at org.springframework.security.web.FilterChainProxy$VirtualFilterChain.doFilter(FilterChainProxy.java:334)
	at org.springframework.security.web.session.SessionManagementFilter.doFilter(SessionManagementFilter.java:137)
	at org.springframework.security.web.FilterChainProxy$VirtualFilterChain.doFilter(FilterChainProxy.java:334)
	at org.springframework.security.web.authentication.AnonymousAuthenticationFilter.doFilter(AnonymousAuthenticationFilter.java:111)
	at org.springframework.security.web.FilterChainProxy$VirtualFilterChain.doFilter(FilterChainProxy.java:334)
	at org.springframework.security.web.servletapi.SecurityContextHolderAwareRequestFilter.doFilter(SecurityContextHolderAwareRequestFilter.java:158)
	at org.springframework.security.web.FilterChainProxy$VirtualFilterChain.doFilter(FilterChainProxy.java:334)
	at org.springframework.security.web.savedrequest.RequestCacheAwareFilter.doFilter(RequestCacheAwareFilter.java:63)
	at org.springframework.security.web.FilterChainProxy$VirtualFilterChain.doFilter(FilterChainProxy.java:334)
	at com.qczy.filter.JwtAuthenticationTokenFilter.doFilterInternal(JwtAuthenticationTokenFilter.java:68)
	at org.springframework.web.filter.OncePerRequestFilter.doFilter(OncePerRequestFilter.java:119)
	at org.springframework.security.web.FilterChainProxy$VirtualFilterChain.doFilter(FilterChainProxy.java:334)
	at org.springframework.security.web.authentication.logout.LogoutFilter.doFilter(LogoutFilter.java:116)
	at org.springframework.security.web.FilterChainProxy$VirtualFilterChain.doFilter(FilterChainProxy.java:334)
	at org.springframework.web.filter.CorsFilter.doFilterInternal(CorsFilter.java:92)
	at org.springframework.web.filter.OncePerRequestFilter.doFilter(OncePerRequestFilter.java:119)
	at org.springframework.security.web.FilterChainProxy$VirtualFilterChain.doFilter(FilterChainProxy.java:334)
	at org.springframework.security.web.header.HeaderWriterFilter.doHeadersAfter(HeaderWriterFilter.java:92)
	at org.springframework.security.web.header.HeaderWriterFilter.doFilterInternal(HeaderWriterFilter.java:77)
	at org.springframework.web.filter.OncePerRequestFilter.doFilter(OncePerRequestFilter.java:119)
	at org.springframework.security.web.FilterChainProxy$VirtualFilterChain.doFilter(FilterChainProxy.java:334)
	at org.springframework.security.web.context.SecurityContextPersistenceFilter.doFilter(SecurityContextPersistenceFilter.java:105)
	at org.springframework.security.web.FilterChainProxy$VirtualFilterChain.doFilter(FilterChainProxy.java:334)
	at org.springframework.security.web.context.request.async.WebAsyncManagerIntegrationFilter.doFilterInternal(WebAsyncManagerIntegrationFilter.java:56)
	at org.springframework.web.filter.OncePerRequestFilter.doFilter(OncePerRequestFilter.java:119)
	at org.springframework.security.web.FilterChainProxy$VirtualFilterChain.doFilter(FilterChainProxy.java:334)
	at org.springframework.security.web.FilterChainProxy.doFilterInternal(FilterChainProxy.java:215)
	at org.springframework.security.web.FilterChainProxy.doFilter(FilterChainProxy.java:178)
	at org.springframework.web.filter.DelegatingFilterProxy.invokeDelegate(DelegatingFilterProxy.java:358)
	at org.springframework.web.filter.DelegatingFilterProxy.doFilter(DelegatingFilterProxy.java:271)
	at org.apache.catalina.core.ApplicationFilterChain.internalDoFilter(ApplicationFilterChain.java:193)
	at org.apache.catalina.core.ApplicationFilterChain.doFilter(ApplicationFilterChain.java:166)
	at org.springframework.web.filter.RequestContextFilter.doFilterInternal(RequestContextFilter.java:100)
	at org.springframework.web.filter.OncePerRequestFilter.doFilter(OncePerRequestFilter.java:119)
	at org.apache.catalina.core.ApplicationFilterChain.internalDoFilter(ApplicationFilterChain.java:193)
	at org.apache.catalina.core.ApplicationFilterChain.doFilter(ApplicationFilterChain.java:166)
	at org.springframework.web.filter.FormContentFilter.doFilterInternal(FormContentFilter.java:93)
	at org.springframework.web.filter.OncePerRequestFilter.doFilter(OncePerRequestFilter.java:119)
	at org.apache.catalina.core.ApplicationFilterChain.internalDoFilter(ApplicationFilterChain.java:193)
	at org.apache.catalina.core.ApplicationFilterChain.doFilter(ApplicationFilterChain.java:166)
	at org.springframework.web.filter.CharacterEncodingFilter.doFilterInternal(CharacterEncodingFilter.java:201)
	at org.springframework.web.filter.OncePerRequestFilter.doFilter(OncePerRequestFilter.java:119)
	at org.apache.catalina.core.ApplicationFilterChain.internalDoFilter(ApplicationFilterChain.java:193)
	at org.apache.catalina.core.ApplicationFilterChain.doFilter(ApplicationFilterChain.java:166)
	at org.apache.catalina.core.StandardWrapperValve.invoke(StandardWrapperValve.java:202)
	at org.apache.catalina.core.StandardContextValve.invoke(StandardContextValve.java:96)
	at org.apache.catalina.authenticator.AuthenticatorBase.invoke(AuthenticatorBase.java:526)
	at org.apache.catalina.core.StandardHostValve.invoke(StandardHostValve.java:139)
	at org.apache.catalina.valves.ErrorReportValve.invoke(ErrorReportValve.java:92)
	at org.apache.catalina.core.StandardEngineValve.invoke(StandardEngineValve.java:74)
	at org.apache.catalina.connector.CoyoteAdapter.service(CoyoteAdapter.java:343)
	at org.apache.coyote.http11.Http11Processor.service(Http11Processor.java:408)
	at org.apache.coyote.AbstractProcessorLight.process(AbstractProcessorLight.java:66)
	at org.apache.coyote.AbstractProtocol$ConnectionHandler.process(AbstractProtocol.java:861)
	at org.apache.tomcat.util.net.NioEndpoint$SocketProcessor.doRun(NioEndpoint.java:1579)
	at org.apache.tomcat.util.net.SocketProcessorBase.run(SocketProcessorBase.java:49)
	at java.util.concurrent.ThreadPoolExecutor.runWorker(ThreadPoolExecutor.java:1149)
	at java.util.concurrent.ThreadPoolExecutor$Worker.run(ThreadPoolExecutor.java:624)
	at org.apache.tomcat.util.threads.TaskThread$WrappingRunnable.run(TaskThread.java:61)
	at java.lang.Thread.run(Thread.java:748)
Caused by: org.apache.http.conn.HttpHostConnectException: Connect to 10.129.45.44:9000 [/10.129.45.44] failed: Connection refused: connect
	at org.apache.http.impl.conn.DefaultHttpClientConnectionOperator.connect(DefaultHttpClientConnectionOperator.java:156)
	at org.apache.http.impl.conn.PoolingHttpClientConnectionManager.connect(PoolingHttpClientConnectionManager.java:376)
	at org.apache.http.impl.execchain.MainClientExec.establishRoute(MainClientExec.java:393)
	at org.apache.http.impl.execchain.MainClientExec.execute(MainClientExec.java:236)
	at org.apache.http.impl.execchain.ProtocolExec.execute(ProtocolExec.java:186)
	at org.apache.http.impl.execchain.RetryExec.execute(RetryExec.java:89)
	at org.apache.http.impl.execchain.RedirectExec.execute(RedirectExec.java:110)
	at org.apache.http.impl.client.InternalHttpClient.doExecute(InternalHttpClient.java:185)
	at org.apache.http.impl.client.CloseableHttpClient.execute(CloseableHttpClient.java:83)
	at org.apache.http.impl.client.CloseableHttpClient.execute(CloseableHttpClient.java:56)
	at org.springframework.http.client.HttpComponentsClientHttpRequest.executeInternal(HttpComponentsClientHttpRequest.java:87)
	at org.springframework.http.client.AbstractBufferingClientHttpRequest.executeInternal(AbstractBufferingClientHttpRequest.java:48)
	at org.springframework.http.client.AbstractClientHttpRequest.execute(AbstractClientHttpRequest.java:53)
	at org.springframework.web.client.RestTemplate.doExecute(RestTemplate.java:742)
	... 106 common frames omitted
Caused by: java.net.ConnectException: Connection refused: connect
	at java.net.DualStackPlainSocketImpl.waitForConnect(Native Method)
	at java.net.DualStackPlainSocketImpl.socketConnect(DualStackPlainSocketImpl.java:85)
	at java.net.AbstractPlainSocketImpl.doConnect(AbstractPlainSocketImpl.java:350)
	at java.net.AbstractPlainSocketImpl.connectToAddress(AbstractPlainSocketImpl.java:206)
	at java.net.AbstractPlainSocketImpl.connect(AbstractPlainSocketImpl.java:188)
	at java.net.PlainSocketImpl.connect(PlainSocketImpl.java:172)
	at java.net.SocksSocketImpl.connect(SocksSocketImpl.java:392)
	at java.net.Socket.connect(Socket.java:589)
	at org.apache.http.conn.socket.PlainConnectionSocketFactory.connectSocket(PlainConnectionSocketFactory.java:75)
	at org.apache.http.impl.conn.DefaultHttpClientConnectionOperator.connect(DefaultHttpClientConnectionOperator.java:142)
	... 119 common frames omitted
2026-01-19 21:38:51.166 [taskScheduler-7] WARN  c.q.federated.service.FederatedCoordinatorService - Node 11 marked as inactive due to heartbeat timeout
2026-01-19 21:38:51.166 [taskScheduler-7] WARN  c.q.federated.service.FederatedCoordinatorService - Node 111 marked as inactive due to heartbeat timeout
2026-01-19 21:38:56.181 [taskScheduler-7] WARN  c.q.federated.service.FederatedCoordinatorService - Node 11 marked as inactive due to heartbeat timeout
2026-01-19 21:38:56.181 [taskScheduler-7] WARN  c.q.federated.service.FederatedCoordinatorService - Node 111 marked as inactive due to heartbeat timeout
2026-01-19 21:39:01.201 [taskScheduler-7] WARN  c.q.federated.service.FederatedCoordinatorService - Node 11 marked as inactive due to heartbeat timeout
2026-01-19 21:39:01.201 [taskScheduler-7] WARN  c.q.federated.service.FederatedCoordinatorService - Node 111 marked as inactive due to heartbeat timeout
2026-01-19 21:39:06.216 [taskScheduler-7] WARN  c.q.federated.service.FederatedCoordinatorService - Node 11 marked as inactive due to heartbeat timeout
2026-01-19 21:39:06.217 [taskScheduler-7] WARN  c.q.federated.service.FederatedCoordinatorService - Node 111 marked as inactive due to heartbeat timeout
2026-01-19 21:39:11.228 [taskScheduler-7] WARN  c.q.federated.service.FederatedCoordinatorService - Node 11 marked as inactive due to heartbeat timeout
2026-01-19 21:39:11.229 [taskScheduler-7] WARN  c.q.federated.service.FederatedCoordinatorService - Node 111 marked as inactive due to heartbeat timeout
2026-01-19 21:39:16.241 [taskScheduler-7] WARN  c.q.federated.service.FederatedCoordinatorService - Node 11 marked as inactive due to heartbeat timeout
2026-01-19 21:39:16.242 [taskScheduler-7] WARN  c.q.federated.service.FederatedCoordinatorService - Node 111 marked as inactive due to heartbeat timeout
2026-01-19 21:39:21.252 [taskScheduler-7] WARN  c.q.federated.service.FederatedCoordinatorService - Node 11 marked as inactive due to heartbeat timeout
2026-01-19 21:39:21.252 [taskScheduler-7] WARN  c.q.federated.service.FederatedCoordinatorService - Node 111 marked as inactive due to heartbeat timeout
2026-01-19 21:39:26.263 [taskScheduler-7] WARN  c.q.federated.service.FederatedCoordinatorService - Node 11 marked as inactive due to heartbeat timeout
2026-01-19 21:39:26.263 [taskScheduler-7] WARN  c.q.federated.service.FederatedCoordinatorService - Node 111 marked as inactive due to heartbeat timeout
2026-01-19 21:39:31.281 [taskScheduler-7] WARN  c.q.federated.service.FederatedCoordinatorService - Node 11 marked as inactive due to heartbeat timeout
2026-01-19 21:39:31.282 [taskScheduler-7] WARN  c.q.federated.service.FederatedCoordinatorService - Node 111 marked as inactive due to heartbeat timeout
2026-01-19 21:39:36.296 [taskScheduler-7] WARN  c.q.federated.service.FederatedCoordinatorService - Node 11 marked as inactive due to heartbeat timeout
2026-01-19 21:39:36.296 [taskScheduler-7] WARN  c.q.federated.service.FederatedCoordinatorService - Node 111 marked as inactive due to heartbeat timeout
2026-01-19 21:39:41.311 [taskScheduler-7] WARN  c.q.federated.service.FederatedCoordinatorService - Node 11 marked as inactive due to heartbeat timeout
2026-01-19 21:39:41.311 [taskScheduler-7] WARN  c.q.federated.service.FederatedCoordinatorService - Node 111 marked as inactive due to heartbeat timeout
2026-01-19 21:39:46.330 [taskScheduler-7] WARN  c.q.federated.service.FederatedCoordinatorService - Node 11 marked as inactive due to heartbeat timeout
2026-01-19 21:39:46.330 [taskScheduler-7] WARN  c.q.federated.service.FederatedCoordinatorService - Node 111 marked as inactive due to heartbeat timeout
2026-01-19 21:39:51.347 [taskScheduler-7] WARN  c.q.federated.service.FederatedCoordinatorService - Node 11 marked as inactive due to heartbeat timeout
2026-01-19 21:39:51.348 [taskScheduler-7] WARN  c.q.federated.service.FederatedCoordinatorService - Node 111 marked as inactive due to heartbeat timeout
2026-01-19 21:39:56.363 [taskScheduler-7] WARN  c.q.federated.service.FederatedCoordinatorService - Node 11 marked as inactive due to heartbeat timeout
2026-01-19 21:39:56.363 [taskScheduler-7] WARN  c.q.federated.service.FederatedCoordinatorService - Node 111 marked as inactive due to heartbeat timeout
2026-01-19 21:40:01.380 [taskScheduler-7] WARN  c.q.federated.service.FederatedCoordinatorService - Node 11 marked as inactive due to heartbeat timeout
2026-01-19 21:40:01.381 [taskScheduler-7] WARN  c.q.federated.service.FederatedCoordinatorService - Node 111 marked as inactive due to heartbeat timeout
2026-01-19 21:40:06.398 [taskScheduler-7] WARN  c.q.federated.service.FederatedCoordinatorService - Node 11 marked as inactive due to heartbeat timeout
2026-01-19 21:40:06.398 [taskScheduler-7] WARN  c.q.federated.service.FederatedCoordinatorService - Node 111 marked as inactive due to heartbeat timeout
2026-01-19 21:40:11.413 [taskScheduler-7] WARN  c.q.federated.service.FederatedCoordinatorService - Node 11 marked as inactive due to heartbeat timeout
2026-01-19 21:40:11.413 [taskScheduler-7] WARN  c.q.federated.service.FederatedCoordinatorService - Node 111 marked as inactive due to heartbeat timeout
2026-01-19 21:40:16.429 [taskScheduler-7] WARN  c.q.federated.service.FederatedCoordinatorService - Node 11 marked as inactive due to heartbeat timeout
2026-01-19 21:40:16.429 [taskScheduler-7] WARN  c.q.federated.service.FederatedCoordinatorService - Node 111 marked as inactive due to heartbeat timeout
2026-01-19 21:40:21.445 [taskScheduler-7] WARN  c.q.federated.service.FederatedCoordinatorService - Node 11 marked as inactive due to heartbeat timeout
2026-01-19 21:40:21.446 [taskScheduler-7] WARN  c.q.federated.service.FederatedCoordinatorService - Node 111 marked as inactive due to heartbeat timeout
2026-01-19 21:40:26.462 [taskScheduler-7] WARN  c.q.federated.service.FederatedCoordinatorService - Node 11 marked as inactive due to heartbeat timeout
2026-01-19 21:40:26.462 [taskScheduler-7] WARN  c.q.federated.service.FederatedCoordinatorService - Node 111 marked as inactive due to heartbeat timeout
2026-01-19 21:40:31.477 [taskScheduler-7] WARN  c.q.federated.service.FederatedCoordinatorService - Node 11 marked as inactive due to heartbeat timeout
2026-01-19 21:40:31.477 [taskScheduler-7] WARN  c.q.federated.service.FederatedCoordinatorService - Node 111 marked as inactive due to heartbeat timeout
2026-01-19 21:40:36.495 [taskScheduler-7] WARN  c.q.federated.service.FederatedCoordinatorService - Node 11 marked as inactive due to heartbeat timeout
2026-01-19 21:40:36.495 [taskScheduler-7] WARN  c.q.federated.service.FederatedCoordinatorService - Node 111 marked as inactive due to heartbeat timeout
2026-01-19 21:40:41.513 [taskScheduler-7] WARN  c.q.federated.service.FederatedCoordinatorService - Node 11 marked as inactive due to heartbeat timeout
2026-01-19 21:40:41.513 [taskScheduler-7] WARN  c.q.federated.service.FederatedCoordinatorService - Node 111 marked as inactive due to heartbeat timeout
2026-01-19 21:40:46.531 [taskScheduler-7] WARN  c.q.federated.service.FederatedCoordinatorService - Node 11 marked as inactive due to heartbeat timeout
2026-01-19 21:40:46.531 [taskScheduler-7] WARN  c.q.federated.service.FederatedCoordinatorService - Node 111 marked as inactive due to heartbeat timeout
2026-01-19 21:40:51.546 [taskScheduler-7] WARN  c.q.federated.service.FederatedCoordinatorService - Node 11 marked as inactive due to heartbeat timeout
2026-01-19 21:40:51.546 [taskScheduler-7] WARN  c.q.federated.service.FederatedCoordinatorService - Node 111 marked as inactive due to heartbeat timeout
2026-01-19 21:40:56.562 [taskScheduler-7] WARN  c.q.federated.service.FederatedCoordinatorService - Node 11 marked as inactive due to heartbeat timeout
2026-01-19 21:40:56.562 [taskScheduler-7] WARN  c.q.federated.service.FederatedCoordinatorService - Node 111 marked as inactive due to heartbeat timeout
2026-01-19 21:41:01.578 [taskScheduler-7] WARN  c.q.federated.service.FederatedCoordinatorService - Node 11 marked as inactive due to heartbeat timeout
2026-01-19 21:41:01.578 [taskScheduler-7] WARN  c.q.federated.service.FederatedCoordinatorService - Node 111 marked as inactive due to heartbeat timeout
2026-01-19 21:41:06.596 [taskScheduler-7] WARN  c.q.federated.service.FederatedCoordinatorService - Node 11 marked as inactive due to heartbeat timeout
2026-01-19 21:41:06.596 [taskScheduler-7] WARN  c.q.federated.service.FederatedCoordinatorService - Node 111 marked as inactive due to heartbeat timeout
2026-01-19 21:41:11.610 [taskScheduler-7] WARN  c.q.federated.service.FederatedCoordinatorService - Node 11 marked as inactive due to heartbeat timeout
2026-01-19 21:41:11.611 [taskScheduler-7] WARN  c.q.federated.service.FederatedCoordinatorService - Node 111 marked as inactive due to heartbeat timeout
2026-01-19 21:41:16.628 [taskScheduler-7] WARN  c.q.federated.service.FederatedCoordinatorService - Node 11 marked as inactive due to heartbeat timeout
2026-01-19 21:41:16.628 [taskScheduler-7] WARN  c.q.federated.service.FederatedCoordinatorService - Node 111 marked as inactive due to heartbeat timeout
2026-01-19 21:41:21.644 [taskScheduler-7] WARN  c.q.federated.service.FederatedCoordinatorService - Node 11 marked as inactive due to heartbeat timeout
2026-01-19 21:41:21.644 [taskScheduler-7] WARN  c.q.federated.service.FederatedCoordinatorService - Node 111 marked as inactive due to heartbeat timeout
2026-01-19 21:41:26.665 [taskScheduler-7] WARN  c.q.federated.service.FederatedCoordinatorService - Node 11 marked as inactive due to heartbeat timeout
2026-01-19 21:41:26.665 [taskScheduler-7] WARN  c.q.federated.service.FederatedCoordinatorService - Node 111 marked as inactive due to heartbeat timeout
2026-01-19 21:41:31.678 [taskScheduler-7] WARN  c.q.federated.service.FederatedCoordinatorService - Node 11 marked as inactive due to heartbeat timeout
2026-01-19 21:41:31.678 [taskScheduler-7] WARN  c.q.federated.service.FederatedCoordinatorService - Node 111 marked as inactive due to heartbeat timeout
2026-01-19 21:41:36.695 [taskScheduler-7] WARN  c.q.federated.service.FederatedCoordinatorService - Node 11 marked as inactive due to heartbeat timeout
2026-01-19 21:41:36.695 [taskScheduler-7] WARN  c.q.federated.service.FederatedCoordinatorService - Node 111 marked as inactive due to heartbeat timeout
2026-01-19 21:41:41.708 [taskScheduler-7] WARN  c.q.federated.service.FederatedCoordinatorService - Node 11 marked as inactive due to heartbeat timeout
2026-01-19 21:41:41.713 [taskScheduler-7] WARN  c.q.federated.service.FederatedCoordinatorService - Node 111 marked as inactive due to heartbeat timeout
2026-01-19 21:41:46.727 [taskScheduler-7] WARN  c.q.federated.service.FederatedCoordinatorService - Node 11 marked as inactive due to heartbeat timeout
2026-01-19 21:41:46.727 [taskScheduler-7] WARN  c.q.federated.service.FederatedCoordinatorService - Node 111 marked as inactive due to heartbeat timeout
2026-01-19 21:41:51.742 [taskScheduler-7] WARN  c.q.federated.service.FederatedCoordinatorService - Node 11 marked as inactive due to heartbeat timeout
2026-01-19 21:41:51.743 [taskScheduler-7] WARN  c.q.federated.service.FederatedCoordinatorService - Node 111 marked as inactive due to heartbeat timeout
2026-01-19 21:41:56.760 [taskScheduler-7] WARN  c.q.federated.service.FederatedCoordinatorService - Node 11 marked as inactive due to heartbeat timeout
2026-01-19 21:41:56.761 [taskScheduler-7] WARN  c.q.federated.service.FederatedCoordinatorService - Node 111 marked as inactive due to heartbeat timeout
2026-01-19 21:42:01.781 [taskScheduler-7] WARN  c.q.federated.service.FederatedCoordinatorService - Node 11 marked as inactive due to heartbeat timeout
2026-01-19 21:42:01.782 [taskScheduler-7] WARN  c.q.federated.service.FederatedCoordinatorService - Node 111 marked as inactive due to heartbeat timeout
2026-01-19 21:42:06.798 [taskScheduler-7] WARN  c.q.federated.service.FederatedCoordinatorService - Node 11 marked as inactive due to heartbeat timeout
2026-01-19 21:42:06.799 [taskScheduler-7] WARN  c.q.federated.service.FederatedCoordinatorService - Node 111 marked as inactive due to heartbeat timeout
2026-01-19 21:42:11.808 [taskScheduler-7] WARN  c.q.federated.service.FederatedCoordinatorService - Node 11 marked as inactive due to heartbeat timeout
2026-01-19 21:42:11.809 [taskScheduler-7] WARN  c.q.federated.service.FederatedCoordinatorService - Node 111 marked as inactive due to heartbeat timeout
2026-01-19 21:42:16.822 [taskScheduler-7] WARN  c.q.federated.service.FederatedCoordinatorService - Node 11 marked as inactive due to heartbeat timeout
2026-01-19 21:42:16.822 [taskScheduler-7] WARN  c.q.federated.service.FederatedCoordinatorService - Node 111 marked as inactive due to heartbeat timeout
2026-01-19 21:42:21.844 [taskScheduler-7] WARN  c.q.federated.service.FederatedCoordinatorService - Node 11 marked as inactive due to heartbeat timeout
2026-01-19 21:42:21.844 [taskScheduler-7] WARN  c.q.federated.service.FederatedCoordinatorService - Node 111 marked as inactive due to heartbeat timeout
2026-01-19 21:42:26.859 [taskScheduler-7] WARN  c.q.federated.service.FederatedCoordinatorService - Node 11 marked as inactive due to heartbeat timeout
2026-01-19 21:42:26.859 [taskScheduler-7] WARN  c.q.federated.service.FederatedCoordinatorService - Node 111 marked as inactive due to heartbeat timeout
2026-01-19 21:42:31.878 [taskScheduler-7] WARN  c.q.federated.service.FederatedCoordinatorService - Node 11 marked as inactive due to heartbeat timeout
2026-01-19 21:42:31.879 [taskScheduler-7] WARN  c.q.federated.service.FederatedCoordinatorService - Node 111 marked as inactive due to heartbeat timeout
2026-01-19 21:42:36.891 [taskScheduler-7] WARN  c.q.federated.service.FederatedCoordinatorService - Node 11 marked as inactive due to heartbeat timeout
2026-01-19 21:42:36.892 [taskScheduler-7] WARN  c.q.federated.service.FederatedCoordinatorService - Node 111 marked as inactive due to heartbeat timeout
2026-01-19 21:42:41.908 [taskScheduler-7] WARN  c.q.federated.service.FederatedCoordinatorService - Node 11 marked as inactive due to heartbeat timeout
2026-01-19 21:42:41.909 [taskScheduler-7] WARN  c.q.federated.service.FederatedCoordinatorService - Node 111 marked as inactive due to heartbeat timeout
2026-01-19 21:42:46.924 [taskScheduler-7] WARN  c.q.federated.service.FederatedCoordinatorService - Node 11 marked as inactive due to heartbeat timeout
2026-01-19 21:42:46.925 [taskScheduler-7] WARN  c.q.federated.service.FederatedCoordinatorService - Node 111 marked as inactive due to heartbeat timeout
2026-01-19 21:42:51.940 [taskScheduler-7] WARN  c.q.federated.service.FederatedCoordinatorService - Node 11 marked as inactive due to heartbeat timeout
2026-01-19 21:42:51.940 [taskScheduler-7] WARN  c.q.federated.service.FederatedCoordinatorService - Node 111 marked as inactive due to heartbeat timeout
2026-01-19 21:42:56.959 [taskScheduler-7] WARN  c.q.federated.service.FederatedCoordinatorService - Node 11 marked as inactive due to heartbeat timeout
2026-01-19 21:42:56.960 [taskScheduler-7] WARN  c.q.federated.service.FederatedCoordinatorService - Node 111 marked as inactive due to heartbeat timeout
2026-01-19 21:43:01.974 [taskScheduler-7] WARN  c.q.federated.service.FederatedCoordinatorService - Node 11 marked as inactive due to heartbeat timeout
2026-01-19 21:43:01.974 [taskScheduler-7] WARN  c.q.federated.service.FederatedCoordinatorService - Node 111 marked as inactive due to heartbeat timeout
2026-01-19 21:43:06.990 [taskScheduler-7] WARN  c.q.federated.service.FederatedCoordinatorService - Node 11 marked as inactive due to heartbeat timeout
2026-01-19 21:43:06.990 [taskScheduler-7] WARN  c.q.federated.service.FederatedCoordinatorService - Node 111 marked as inactive due to heartbeat timeout
2026-01-19 21:43:12.010 [taskScheduler-7] WARN  c.q.federated.service.FederatedCoordinatorService - Node 11 marked as inactive due to heartbeat timeout
2026-01-19 21:43:12.010 [taskScheduler-7] WARN  c.q.federated.service.FederatedCoordinatorService - Node 111 marked as inactive due to heartbeat timeout
2026-01-19 21:43:17.025 [taskScheduler-7] WARN  c.q.federated.service.FederatedCoordinatorService - Node 11 marked as inactive due to heartbeat timeout
2026-01-19 21:43:17.026 [taskScheduler-7] WARN  c.q.federated.service.FederatedCoordinatorService - Node 111 marked as inactive due to heartbeat timeout
2026-01-19 21:43:22.041 [taskScheduler-7] WARN  c.q.federated.service.FederatedCoordinatorService - Node 11 marked as inactive due to heartbeat timeout
2026-01-19 21:43:22.042 [taskScheduler-7] WARN  c.q.federated.service.FederatedCoordinatorService - Node 111 marked as inactive due to heartbeat timeout
2026-01-19 21:43:27.058 [taskScheduler-7] WARN  c.q.federated.service.FederatedCoordinatorService - Node 11 marked as inactive due to heartbeat timeout
2026-01-19 21:43:27.059 [taskScheduler-7] WARN  c.q.federated.service.FederatedCoordinatorService - Node 111 marked as inactive due to heartbeat timeout
2026-01-19 21:43:32.077 [taskScheduler-7] WARN  c.q.federated.service.FederatedCoordinatorService - Node 11 marked as inactive due to heartbeat timeout
2026-01-19 21:43:32.077 [taskScheduler-7] WARN  c.q.federated.service.FederatedCoordinatorService - Node 111 marked as inactive due to heartbeat timeout
2026-01-19 21:43:37.088 [taskScheduler-7] WARN  c.q.federated.service.FederatedCoordinatorService - Node 11 marked as inactive due to heartbeat timeout
2026-01-19 21:43:37.088 [taskScheduler-7] WARN  c.q.federated.service.FederatedCoordinatorService - Node 111 marked as inactive due to heartbeat timeout
2026-01-19 21:43:42.109 [taskScheduler-7] WARN  c.q.federated.service.FederatedCoordinatorService - Node 11 marked as inactive due to heartbeat timeout
2026-01-19 21:43:42.109 [taskScheduler-7] WARN  c.q.federated.service.FederatedCoordinatorService - Node 111 marked as inactive due to heartbeat timeout
2026-01-19 21:43:47.124 [taskScheduler-7] WARN  c.q.federated.service.FederatedCoordinatorService - Node 11 marked as inactive due to heartbeat timeout
2026-01-19 21:43:47.124 [taskScheduler-7] WARN  c.q.federated.service.FederatedCoordinatorService - Node 111 marked as inactive due to heartbeat timeout
2026-01-19 21:43:52.141 [taskScheduler-7] WARN  c.q.federated.service.FederatedCoordinatorService - Node 11 marked as inactive due to heartbeat timeout
2026-01-19 21:43:52.141 [taskScheduler-7] WARN  c.q.federated.service.FederatedCoordinatorService - Node 111 marked as inactive due to heartbeat timeout
2026-01-19 21:43:57.158 [taskScheduler-7] WARN  c.q.federated.service.FederatedCoordinatorService - Node 11 marked as inactive due to heartbeat timeout
2026-01-19 21:43:57.158 [taskScheduler-7] WARN  c.q.federated.service.FederatedCoordinatorService - Node 111 marked as inactive due to heartbeat timeout
2026-01-19 21:44:02.182 [taskScheduler-7] WARN  c.q.federated.service.FederatedCoordinatorService - Node 11 marked as inactive due to heartbeat timeout
2026-01-19 21:44:02.192 [taskScheduler-7] WARN  c.q.federated.service.FederatedCoordinatorService - Node 111 marked as inactive due to heartbeat timeout
2026-01-19 21:44:07.207 [taskScheduler-7] WARN  c.q.federated.service.FederatedCoordinatorService - Node 11 marked as inactive due to heartbeat timeout
2026-01-19 21:44:07.207 [taskScheduler-7] WARN  c.q.federated.service.FederatedCoordinatorService - Node 111 marked as inactive due to heartbeat timeout
2026-01-19 21:44:12.225 [taskScheduler-7] WARN  c.q.federated.service.FederatedCoordinatorService - Node 11 marked as inactive due to heartbeat timeout
2026-01-19 21:44:12.225 [taskScheduler-7] WARN  c.q.federated.service.FederatedCoordinatorService - Node 111 marked as inactive due to heartbeat timeout
2026-01-19 21:44:17.240 [taskScheduler-7] WARN  c.q.federated.service.FederatedCoordinatorService - Node 11 marked as inactive due to heartbeat timeout
2026-01-19 21:44:17.240 [taskScheduler-7] WARN  c.q.federated.service.FederatedCoordinatorService - Node 111 marked as inactive due to heartbeat timeout
2026-01-19 21:44:22.258 [taskScheduler-7] WARN  c.q.federated.service.FederatedCoordinatorService - Node 11 marked as inactive due to heartbeat timeout
2026-01-19 21:44:22.258 [taskScheduler-7] WARN  c.q.federated.service.FederatedCoordinatorService - Node 111 marked as inactive due to heartbeat timeout
2026-01-19 21:44:27.274 [taskScheduler-7] WARN  c.q.federated.service.FederatedCoordinatorService - Node 11 marked as inactive due to heartbeat timeout
2026-01-19 21:44:27.274 [taskScheduler-7] WARN  c.q.federated.service.FederatedCoordinatorService - Node 111 marked as inactive due to heartbeat timeout
2026-01-19 21:44:32.289 [taskScheduler-7] WARN  c.q.federated.service.FederatedCoordinatorService - Node 11 marked as inactive due to heartbeat timeout
2026-01-19 21:44:32.290 [taskScheduler-7] WARN  c.q.federated.service.FederatedCoordinatorService - Node 111 marked as inactive due to heartbeat timeout
2026-01-19 21:44:37.307 [taskScheduler-7] WARN  c.q.federated.service.FederatedCoordinatorService - Node 11 marked as inactive due to heartbeat timeout
2026-01-19 21:44:37.307 [taskScheduler-7] WARN  c.q.federated.service.FederatedCoordinatorService - Node 111 marked as inactive due to heartbeat timeout
2026-01-19 21:44:42.327 [taskScheduler-7] WARN  c.q.federated.service.FederatedCoordinatorService - Node 11 marked as inactive due to heartbeat timeout
2026-01-19 21:44:42.328 [taskScheduler-7] WARN  c.q.federated.service.FederatedCoordinatorService - Node 111 marked as inactive due to heartbeat timeout
2026-01-19 21:44:47.342 [taskScheduler-7] WARN  c.q.federated.service.FederatedCoordinatorService - Node 11 marked as inactive due to heartbeat timeout
2026-01-19 21:44:47.345 [taskScheduler-7] WARN  c.q.federated.service.FederatedCoordinatorService - Node 111 marked as inactive due to heartbeat timeout
2026-01-19 21:44:49.336 [http-nio-8081-exec-7] WARN  com.qczy.federated.flower.FlowerServerManager - Failed to query remote Flower status for job: 79f7dba4-befe-4507-a2d9-b7d1b1914a4a
org.springframework.web.client.ResourceAccessException: I/O error on GET request for "http://10.129.45.44:9000/status": Connect to 10.129.45.44:9000 [/10.129.45.44] failed: Connection refused: connect; nested exception is org.apache.http.conn.HttpHostConnectException: Connect to 10.129.45.44:9000 [/10.129.45.44] failed: Connection refused: connect
	at org.springframework.web.client.RestTemplate.doExecute(RestTemplate.java:751)
	at org.springframework.web.client.RestTemplate.execute(RestTemplate.java:677)
	at org.springframework.web.client.RestTemplate.getForEntity(RestTemplate.java:345)
	at com.qczy.federated.flower.FlowerServerManager.isServerRunning(FlowerServerManager.java:99)
	at com.qczy.federated.service.FederatedCoordinatorService.deleteJob(FederatedCoordinatorService.java:498)
	at com.qczy.federated.service.FederatedCoordinatorService$$FastClassBySpringCGLIB$$15e232f6.invoke(<generated>)
	at org.springframework.cglib.proxy.MethodProxy.invoke(MethodProxy.java:218)
	at org.springframework.aop.framework.CglibAopProxy$CglibMethodInvocation.invokeJoinpoint(CglibAopProxy.java:769)
	at org.springframework.aop.framework.ReflectiveMethodInvocation.proceed(ReflectiveMethodInvocation.java:163)
	at org.springframework.aop.framework.CglibAopProxy$CglibMethodInvocation.proceed(CglibAopProxy.java:747)
	at org.springframework.transaction.interceptor.TransactionAspectSupport.invokeWithinTransaction(TransactionAspectSupport.java:366)
	at org.springframework.transaction.interceptor.TransactionInterceptor.invoke(TransactionInterceptor.java:99)
	at org.springframework.aop.framework.ReflectiveMethodInvocation.proceed(ReflectiveMethodInvocation.java:186)
	at org.springframework.aop.framework.CglibAopProxy$CglibMethodInvocation.proceed(CglibAopProxy.java:747)
	at org.springframework.aop.framework.CglibAopProxy$DynamicAdvisedInterceptor.intercept(CglibAopProxy.java:689)
	at com.qczy.federated.service.FederatedCoordinatorService$$EnhancerBySpringCGLIB$$68c3aa7a.deleteJob(<generated>)
	at com.qczy.federated.controller.FederatedController.deleteJob(FederatedController.java:97)
	at sun.reflect.NativeMethodAccessorImpl.invoke0(Native Method)
	at sun.reflect.NativeMethodAccessorImpl.invoke(NativeMethodAccessorImpl.java:62)
	at sun.reflect.DelegatingMethodAccessorImpl.invoke(DelegatingMethodAccessorImpl.java:43)
	at java.lang.reflect.Method.invoke(Method.java:498)
	at org.springframework.web.method.support.InvocableHandlerMethod.doInvoke(InvocableHandlerMethod.java:190)
	at org.springframework.web.method.support.InvocableHandlerMethod.invokeForRequest(InvocableHandlerMethod.java:138)
	at org.springframework.web.servlet.mvc.method.annotation.ServletInvocableHandlerMethod.invokeAndHandle(ServletInvocableHandlerMethod.java:106)
	at org.springframework.web.servlet.mvc.method.annotation.RequestMappingHandlerAdapter.invokeHandlerMethod(RequestMappingHandlerAdapter.java:888)
	at org.springframework.web.servlet.mvc.method.annotation.RequestMappingHandlerAdapter.handleInternal(RequestMappingHandlerAdapter.java:793)
	at org.springframework.web.servlet.mvc.method.AbstractHandlerMethodAdapter.handle(AbstractHandlerMethodAdapter.java:87)
	at org.springframework.web.servlet.DispatcherServlet.doDispatch(DispatcherServlet.java:1040)
	at org.springframework.web.servlet.DispatcherServlet.doService(DispatcherServlet.java:943)
	at org.springframework.web.servlet.FrameworkServlet.processRequest(FrameworkServlet.java:1006)
	at org.springframework.web.servlet.FrameworkServlet.doDelete(FrameworkServlet.java:931)
	at javax.servlet.http.HttpServlet.service(HttpServlet.java:666)
	at org.springframework.web.servlet.FrameworkServlet.service(FrameworkServlet.java:883)
	at javax.servlet.http.HttpServlet.service(HttpServlet.java:741)
	at org.apache.catalina.core.ApplicationFilterChain.internalDoFilter(ApplicationFilterChain.java:231)
	at org.apache.catalina.core.ApplicationFilterChain.doFilter(ApplicationFilterChain.java:166)
	at org.apache.tomcat.websocket.server.WsFilter.doFilter(WsFilter.java:53)
	at org.apache.catalina.core.ApplicationFilterChain.internalDoFilter(ApplicationFilterChain.java:193)
	at org.apache.catalina.core.ApplicationFilterChain.doFilter(ApplicationFilterChain.java:166)
	at org.springframework.web.filter.OncePerRequestFilter.doFilter(OncePerRequestFilter.java:113)
	at org.apache.catalina.core.ApplicationFilterChain.internalDoFilter(ApplicationFilterChain.java:193)
	at org.apache.catalina.core.ApplicationFilterChain.doFilter(ApplicationFilterChain.java:166)
	at org.springframework.security.web.FilterChainProxy$VirtualFilterChain.doFilter(FilterChainProxy.java:320)
	at org.springframework.security.web.access.intercept.FilterSecurityInterceptor.invoke(FilterSecurityInterceptor.java:126)
	at org.springframework.security.web.access.intercept.FilterSecurityInterceptor.doFilter(FilterSecurityInterceptor.java:90)
	at org.springframework.security.web.FilterChainProxy$VirtualFilterChain.doFilter(FilterChainProxy.java:334)
	at org.springframework.security.web.access.ExceptionTranslationFilter.doFilter(ExceptionTranslationFilter.java:118)
	at org.springframework.security.web.FilterChainProxy$VirtualFilterChain.doFilter(FilterChainProxy.java:334)
	at org.springframework.security.web.session.SessionManagementFilter.doFilter(SessionManagementFilter.java:137)
	at org.springframework.security.web.FilterChainProxy$VirtualFilterChain.doFilter(FilterChainProxy.java:334)
	at org.springframework.security.web.authentication.AnonymousAuthenticationFilter.doFilter(AnonymousAuthenticationFilter.java:111)
	at org.springframework.security.web.FilterChainProxy$VirtualFilterChain.doFilter(FilterChainProxy.java:334)
	at org.springframework.security.web.servletapi.SecurityContextHolderAwareRequestFilter.doFilter(SecurityContextHolderAwareRequestFilter.java:158)
	at org.springframework.security.web.FilterChainProxy$VirtualFilterChain.doFilter(FilterChainProxy.java:334)
	at org.springframework.security.web.savedrequest.RequestCacheAwareFilter.doFilter(RequestCacheAwareFilter.java:63)
	at org.springframework.security.web.FilterChainProxy$VirtualFilterChain.doFilter(FilterChainProxy.java:334)
	at com.qczy.filter.JwtAuthenticationTokenFilter.doFilterInternal(JwtAuthenticationTokenFilter.java:68)
	at org.springframework.web.filter.OncePerRequestFilter.doFilter(OncePerRequestFilter.java:119)
	at org.springframework.security.web.FilterChainProxy$VirtualFilterChain.doFilter(FilterChainProxy.java:334)
	at org.springframework.security.web.authentication.logout.LogoutFilter.doFilter(LogoutFilter.java:116)
	at org.springframework.security.web.FilterChainProxy$VirtualFilterChain.doFilter(FilterChainProxy.java:334)
	at org.springframework.web.filter.CorsFilter.doFilterInternal(CorsFilter.java:92)
	at org.springframework.web.filter.OncePerRequestFilter.doFilter(OncePerRequestFilter.java:119)
	at org.springframework.security.web.FilterChainProxy$VirtualFilterChain.doFilter(FilterChainProxy.java:334)
	at org.springframework.security.web.header.HeaderWriterFilter.doHeadersAfter(HeaderWriterFilter.java:92)
	at org.springframework.security.web.header.HeaderWriterFilter.doFilterInternal(HeaderWriterFilter.java:77)
	at org.springframework.web.filter.OncePerRequestFilter.doFilter(OncePerRequestFilter.java:119)
	at org.springframework.security.web.FilterChainProxy$VirtualFilterChain.doFilter(FilterChainProxy.java:334)
	at org.springframework.security.web.context.SecurityContextPersistenceFilter.doFilter(SecurityContextPersistenceFilter.java:105)
	at org.springframework.security.web.FilterChainProxy$VirtualFilterChain.doFilter(FilterChainProxy.java:334)
	at org.springframework.security.web.context.request.async.WebAsyncManagerIntegrationFilter.doFilterInternal(WebAsyncManagerIntegrationFilter.java:56)
	at org.springframework.web.filter.OncePerRequestFilter.doFilter(OncePerRequestFilter.java:119)
	at org.springframework.security.web.FilterChainProxy$VirtualFilterChain.doFilter(FilterChainProxy.java:334)
	at org.springframework.security.web.FilterChainProxy.doFilterInternal(FilterChainProxy.java:215)
	at org.springframework.security.web.FilterChainProxy.doFilter(FilterChainProxy.java:178)
	at org.springframework.web.filter.DelegatingFilterProxy.invokeDelegate(DelegatingFilterProxy.java:358)
	at org.springframework.web.filter.DelegatingFilterProxy.doFilter(DelegatingFilterProxy.java:271)
	at org.apache.catalina.core.ApplicationFilterChain.internalDoFilter(ApplicationFilterChain.java:193)
	at org.apache.catalina.core.ApplicationFilterChain.doFilter(ApplicationFilterChain.java:166)
	at org.springframework.web.filter.RequestContextFilter.doFilterInternal(RequestContextFilter.java:100)
	at org.springframework.web.filter.OncePerRequestFilter.doFilter(OncePerRequestFilter.java:119)
	at org.apache.catalina.core.ApplicationFilterChain.internalDoFilter(ApplicationFilterChain.java:193)
	at org.apache.catalina.core.ApplicationFilterChain.doFilter(ApplicationFilterChain.java:166)
	at org.springframework.web.filter.FormContentFilter.doFilterInternal(FormContentFilter.java:93)
	at org.springframework.web.filter.OncePerRequestFilter.doFilter(OncePerRequestFilter.java:119)
	at org.apache.catalina.core.ApplicationFilterChain.internalDoFilter(ApplicationFilterChain.java:193)
	at org.apache.catalina.core.ApplicationFilterChain.doFilter(ApplicationFilterChain.java:166)
	at org.springframework.web.filter.CharacterEncodingFilter.doFilterInternal(CharacterEncodingFilter.java:201)
	at org.springframework.web.filter.OncePerRequestFilter.doFilter(OncePerRequestFilter.java:119)
	at org.apache.catalina.core.ApplicationFilterChain.internalDoFilter(ApplicationFilterChain.java:193)
	at org.apache.catalina.core.ApplicationFilterChain.doFilter(ApplicationFilterChain.java:166)
	at org.apache.catalina.core.StandardWrapperValve.invoke(StandardWrapperValve.java:202)
	at org.apache.catalina.core.StandardContextValve.invoke(StandardContextValve.java:96)
	at org.apache.catalina.authenticator.AuthenticatorBase.invoke(AuthenticatorBase.java:526)
	at org.apache.catalina.core.StandardHostValve.invoke(StandardHostValve.java:139)
	at org.apache.catalina.valves.ErrorReportValve.invoke(ErrorReportValve.java:92)
	at org.apache.catalina.core.StandardEngineValve.invoke(StandardEngineValve.java:74)
	at org.apache.catalina.connector.CoyoteAdapter.service(CoyoteAdapter.java:343)
	at org.apache.coyote.http11.Http11Processor.service(Http11Processor.java:408)
	at org.apache.coyote.AbstractProcessorLight.process(AbstractProcessorLight.java:66)
	at org.apache.coyote.AbstractProtocol$ConnectionHandler.process(AbstractProtocol.java:861)
	at org.apache.tomcat.util.net.NioEndpoint$SocketProcessor.doRun(NioEndpoint.java:1579)
	at org.apache.tomcat.util.net.SocketProcessorBase.run(SocketProcessorBase.java:49)
	at java.util.concurrent.ThreadPoolExecutor.runWorker(ThreadPoolExecutor.java:1149)
	at java.util.concurrent.ThreadPoolExecutor$Worker.run(ThreadPoolExecutor.java:624)
	at org.apache.tomcat.util.threads.TaskThread$WrappingRunnable.run(TaskThread.java:61)
	at java.lang.Thread.run(Thread.java:748)
Caused by: org.apache.http.conn.HttpHostConnectException: Connect to 10.129.45.44:9000 [/10.129.45.44] failed: Connection refused: connect
	at org.apache.http.impl.conn.DefaultHttpClientConnectionOperator.connect(DefaultHttpClientConnectionOperator.java:156)
	at org.apache.http.impl.conn.PoolingHttpClientConnectionManager.connect(PoolingHttpClientConnectionManager.java:376)
	at org.apache.http.impl.execchain.MainClientExec.establishRoute(MainClientExec.java:393)
	at org.apache.http.impl.execchain.MainClientExec.execute(MainClientExec.java:236)
	at org.apache.http.impl.execchain.ProtocolExec.execute(ProtocolExec.java:186)
	at org.apache.http.impl.execchain.RetryExec.execute(RetryExec.java:89)
	at org.apache.http.impl.execchain.RedirectExec.execute(RedirectExec.java:110)
	at org.apache.http.impl.client.InternalHttpClient.doExecute(InternalHttpClient.java:185)
	at org.apache.http.impl.client.CloseableHttpClient.execute(CloseableHttpClient.java:83)
	at org.apache.http.impl.client.CloseableHttpClient.execute(CloseableHttpClient.java:56)
	at org.springframework.http.client.HttpComponentsClientHttpRequest.executeInternal(HttpComponentsClientHttpRequest.java:87)
	at org.springframework.http.client.AbstractBufferingClientHttpRequest.executeInternal(AbstractBufferingClientHttpRequest.java:48)
	at org.springframework.http.client.AbstractClientHttpRequest.execute(AbstractClientHttpRequest.java:53)
	at org.springframework.web.client.RestTemplate.doExecute(RestTemplate.java:742)
	... 106 common frames omitted
Caused by: java.net.ConnectException: Connection refused: connect
	at java.net.DualStackPlainSocketImpl.waitForConnect(Native Method)
	at java.net.DualStackPlainSocketImpl.socketConnect(DualStackPlainSocketImpl.java:85)
	at java.net.AbstractPlainSocketImpl.doConnect(AbstractPlainSocketImpl.java:350)
	at java.net.AbstractPlainSocketImpl.connectToAddress(AbstractPlainSocketImpl.java:206)
	at java.net.AbstractPlainSocketImpl.connect(AbstractPlainSocketImpl.java:188)
	at java.net.PlainSocketImpl.connect(PlainSocketImpl.java:172)
	at java.net.SocksSocketImpl.connect(SocksSocketImpl.java:392)
	at java.net.Socket.connect(Socket.java:589)
	at org.apache.http.conn.socket.PlainConnectionSocketFactory.connectSocket(PlainConnectionSocketFactory.java:75)
	at org.apache.http.impl.conn.DefaultHttpClientConnectionOperator.connect(DefaultHttpClientConnectionOperator.java:142)
	... 119 common frames omitted
2026-01-19 21:44:52.356 [taskScheduler-7] WARN  c.q.federated.service.FederatedCoordinatorService - Node 11 marked as inactive due to heartbeat timeout
2026-01-19 21:44:52.356 [taskScheduler-7] WARN  c.q.federated.service.FederatedCoordinatorService - Node 111 marked as inactive due to heartbeat timeout
2026-01-19 21:44:57.372 [taskScheduler-7] WARN  c.q.federated.service.FederatedCoordinatorService - Node 11 marked as inactive due to heartbeat timeout
2026-01-19 21:44:57.372 [taskScheduler-7] WARN  c.q.federated.service.FederatedCoordinatorService - Node 111 marked as inactive due to heartbeat timeout
2026-01-19 21:45:00.873 [http-nio-8081-exec-3] WARN  com.qczy.federated.flower.FlowerServerManager - Failed to query remote Flower status for job: d642fac2-54bc-42c3-b979-ec677b8f6651
org.springframework.web.client.ResourceAccessException: I/O error on GET request for "http://10.129.45.44:9000/status": Connect to 10.129.45.44:9000 [/10.129.45.44] failed: Connection refused: connect; nested exception is org.apache.http.conn.HttpHostConnectException: Connect to 10.129.45.44:9000 [/10.129.45.44] failed: Connection refused: connect
	at org.springframework.web.client.RestTemplate.doExecute(RestTemplate.java:751)
	at org.springframework.web.client.RestTemplate.execute(RestTemplate.java:677)
	at org.springframework.web.client.RestTemplate.getForEntity(RestTemplate.java:345)
	at com.qczy.federated.flower.FlowerServerManager.isServerRunning(FlowerServerManager.java:99)
	at com.qczy.federated.service.FederatedCoordinatorService.deleteJob(FederatedCoordinatorService.java:498)
	at com.qczy.federated.service.FederatedCoordinatorService$$FastClassBySpringCGLIB$$15e232f6.invoke(<generated>)
	at org.springframework.cglib.proxy.MethodProxy.invoke(MethodProxy.java:218)
	at org.springframework.aop.framework.CglibAopProxy$CglibMethodInvocation.invokeJoinpoint(CglibAopProxy.java:769)
	at org.springframework.aop.framework.ReflectiveMethodInvocation.proceed(ReflectiveMethodInvocation.java:163)
	at org.springframework.aop.framework.CglibAopProxy$CglibMethodInvocation.proceed(CglibAopProxy.java:747)
	at org.springframework.transaction.interceptor.TransactionAspectSupport.invokeWithinTransaction(TransactionAspectSupport.java:366)
	at org.springframework.transaction.interceptor.TransactionInterceptor.invoke(TransactionInterceptor.java:99)
	at org.springframework.aop.framework.ReflectiveMethodInvocation.proceed(ReflectiveMethodInvocation.java:186)
	at org.springframework.aop.framework.CglibAopProxy$CglibMethodInvocation.proceed(CglibAopProxy.java:747)
	at org.springframework.aop.framework.CglibAopProxy$DynamicAdvisedInterceptor.intercept(CglibAopProxy.java:689)
	at com.qczy.federated.service.FederatedCoordinatorService$$EnhancerBySpringCGLIB$$68c3aa7a.deleteJob(<generated>)
	at com.qczy.federated.controller.FederatedController.deleteJob(FederatedController.java:97)
	at sun.reflect.NativeMethodAccessorImpl.invoke0(Native Method)
	at sun.reflect.NativeMethodAccessorImpl.invoke(NativeMethodAccessorImpl.java:62)
	at sun.reflect.DelegatingMethodAccessorImpl.invoke(DelegatingMethodAccessorImpl.java:43)
	at java.lang.reflect.Method.invoke(Method.java:498)
	at org.springframework.web.method.support.InvocableHandlerMethod.doInvoke(InvocableHandlerMethod.java:190)
	at org.springframework.web.method.support.InvocableHandlerMethod.invokeForRequest(InvocableHandlerMethod.java:138)
	at org.springframework.web.servlet.mvc.method.annotation.ServletInvocableHandlerMethod.invokeAndHandle(ServletInvocableHandlerMethod.java:106)
	at org.springframework.web.servlet.mvc.method.annotation.RequestMappingHandlerAdapter.invokeHandlerMethod(RequestMappingHandlerAdapter.java:888)
	at org.springframework.web.servlet.mvc.method.annotation.RequestMappingHandlerAdapter.handleInternal(RequestMappingHandlerAdapter.java:793)
	at org.springframework.web.servlet.mvc.method.AbstractHandlerMethodAdapter.handle(AbstractHandlerMethodAdapter.java:87)
	at org.springframework.web.servlet.DispatcherServlet.doDispatch(DispatcherServlet.java:1040)
	at org.springframework.web.servlet.DispatcherServlet.doService(DispatcherServlet.java:943)
	at org.springframework.web.servlet.FrameworkServlet.processRequest(FrameworkServlet.java:1006)
	at org.springframework.web.servlet.FrameworkServlet.doDelete(FrameworkServlet.java:931)
	at javax.servlet.http.HttpServlet.service(HttpServlet.java:666)
	at org.springframework.web.servlet.FrameworkServlet.service(FrameworkServlet.java:883)
	at javax.servlet.http.HttpServlet.service(HttpServlet.java:741)
	at org.apache.catalina.core.ApplicationFilterChain.internalDoFilter(ApplicationFilterChain.java:231)
	at org.apache.catalina.core.ApplicationFilterChain.doFilter(ApplicationFilterChain.java:166)
	at org.apache.tomcat.websocket.server.WsFilter.doFilter(WsFilter.java:53)
	at org.apache.catalina.core.ApplicationFilterChain.internalDoFilter(ApplicationFilterChain.java:193)
	at org.apache.catalina.core.ApplicationFilterChain.doFilter(ApplicationFilterChain.java:166)
	at org.springframework.web.filter.OncePerRequestFilter.doFilter(OncePerRequestFilter.java:113)
	at org.apache.catalina.core.ApplicationFilterChain.internalDoFilter(ApplicationFilterChain.java:193)
	at org.apache.catalina.core.ApplicationFilterChain.doFilter(ApplicationFilterChain.java:166)
	at org.springframework.security.web.FilterChainProxy$VirtualFilterChain.doFilter(FilterChainProxy.java:320)
	at org.springframework.security.web.access.intercept.FilterSecurityInterceptor.invoke(FilterSecurityInterceptor.java:126)
	at org.springframework.security.web.access.intercept.FilterSecurityInterceptor.doFilter(FilterSecurityInterceptor.java:90)
	at org.springframework.security.web.FilterChainProxy$VirtualFilterChain.doFilter(FilterChainProxy.java:334)
	at org.springframework.security.web.access.ExceptionTranslationFilter.doFilter(ExceptionTranslationFilter.java:118)
	at org.springframework.security.web.FilterChainProxy$VirtualFilterChain.doFilter(FilterChainProxy.java:334)
	at org.springframework.security.web.session.SessionManagementFilter.doFilter(SessionManagementFilter.java:137)
	at org.springframework.security.web.FilterChainProxy$VirtualFilterChain.doFilter(FilterChainProxy.java:334)
	at org.springframework.security.web.authentication.AnonymousAuthenticationFilter.doFilter(AnonymousAuthenticationFilter.java:111)
	at org.springframework.security.web.FilterChainProxy$VirtualFilterChain.doFilter(FilterChainProxy.java:334)
	at org.springframework.security.web.servletapi.SecurityContextHolderAwareRequestFilter.doFilter(SecurityContextHolderAwareRequestFilter.java:158)
	at org.springframework.security.web.FilterChainProxy$VirtualFilterChain.doFilter(FilterChainProxy.java:334)
	at org.springframework.security.web.savedrequest.RequestCacheAwareFilter.doFilter(RequestCacheAwareFilter.java:63)
	at org.springframework.security.web.FilterChainProxy$VirtualFilterChain.doFilter(FilterChainProxy.java:334)
	at com.qczy.filter.JwtAuthenticationTokenFilter.doFilterInternal(JwtAuthenticationTokenFilter.java:68)
	at org.springframework.web.filter.OncePerRequestFilter.doFilter(OncePerRequestFilter.java:119)
	at org.springframework.security.web.FilterChainProxy$VirtualFilterChain.doFilter(FilterChainProxy.java:334)
	at org.springframework.security.web.authentication.logout.LogoutFilter.doFilter(LogoutFilter.java:116)
	at org.springframework.security.web.FilterChainProxy$VirtualFilterChain.doFilter(FilterChainProxy.java:334)
	at org.springframework.web.filter.CorsFilter.doFilterInternal(CorsFilter.java:92)
	at org.springframework.web.filter.OncePerRequestFilter.doFilter(OncePerRequestFilter.java:119)
	at org.springframework.security.web.FilterChainProxy$VirtualFilterChain.doFilter(FilterChainProxy.java:334)
	at org.springframework.security.web.header.HeaderWriterFilter.doHeadersAfter(HeaderWriterFilter.java:92)
	at org.springframework.security.web.header.HeaderWriterFilter.doFilterInternal(HeaderWriterFilter.java:77)
	at org.springframework.web.filter.OncePerRequestFilter.doFilter(OncePerRequestFilter.java:119)
	at org.springframework.security.web.FilterChainProxy$VirtualFilterChain.doFilter(FilterChainProxy.java:334)
	at org.springframework.security.web.context.SecurityContextPersistenceFilter.doFilter(SecurityContextPersistenceFilter.java:105)
	at org.springframework.security.web.FilterChainProxy$VirtualFilterChain.doFilter(FilterChainProxy.java:334)
	at org.springframework.security.web.context.request.async.WebAsyncManagerIntegrationFilter.doFilterInternal(WebAsyncManagerIntegrationFilter.java:56)
	at org.springframework.web.filter.OncePerRequestFilter.doFilter(OncePerRequestFilter.java:119)
	at org.springframework.security.web.FilterChainProxy$VirtualFilterChain.doFilter(FilterChainProxy.java:334)
	at org.springframework.security.web.FilterChainProxy.doFilterInternal(FilterChainProxy.java:215)
	at org.springframework.security.web.FilterChainProxy.doFilter(FilterChainProxy.java:178)
	at org.springframework.web.filter.DelegatingFilterProxy.invokeDelegate(DelegatingFilterProxy.java:358)
	at org.springframework.web.filter.DelegatingFilterProxy.doFilter(DelegatingFilterProxy.java:271)
	at org.apache.catalina.core.ApplicationFilterChain.internalDoFilter(ApplicationFilterChain.java:193)
	at org.apache.catalina.core.ApplicationFilterChain.doFilter(ApplicationFilterChain.java:166)
	at org.springframework.web.filter.RequestContextFilter.doFilterInternal(RequestContextFilter.java:100)
	at org.springframework.web.filter.OncePerRequestFilter.doFilter(OncePerRequestFilter.java:119)
	at org.apache.catalina.core.ApplicationFilterChain.internalDoFilter(ApplicationFilterChain.java:193)
	at org.apache.catalina.core.ApplicationFilterChain.doFilter(ApplicationFilterChain.java:166)
	at org.springframework.web.filter.FormContentFilter.doFilterInternal(FormContentFilter.java:93)
	at org.springframework.web.filter.OncePerRequestFilter.doFilter(OncePerRequestFilter.java:119)
	at org.apache.catalina.core.ApplicationFilterChain.internalDoFilter(ApplicationFilterChain.java:193)
	at org.apache.catalina.core.ApplicationFilterChain.doFilter(ApplicationFilterChain.java:166)
	at org.springframework.web.filter.CharacterEncodingFilter.doFilterInternal(CharacterEncodingFilter.java:201)
	at org.springframework.web.filter.OncePerRequestFilter.doFilter(OncePerRequestFilter.java:119)
	at org.apache.catalina.core.ApplicationFilterChain.internalDoFilter(ApplicationFilterChain.java:193)
	at org.apache.catalina.core.ApplicationFilterChain.doFilter(ApplicationFilterChain.java:166)
	at org.apache.catalina.core.StandardWrapperValve.invoke(StandardWrapperValve.java:202)
	at org.apache.catalina.core.StandardContextValve.invoke(StandardContextValve.java:96)
	at org.apache.catalina.authenticator.AuthenticatorBase.invoke(AuthenticatorBase.java:526)
	at org.apache.catalina.core.StandardHostValve.invoke(StandardHostValve.java:139)
	at org.apache.catalina.valves.ErrorReportValve.invoke(ErrorReportValve.java:92)
	at org.apache.catalina.core.StandardEngineValve.invoke(StandardEngineValve.java:74)
	at org.apache.catalina.connector.CoyoteAdapter.service(CoyoteAdapter.java:343)
	at org.apache.coyote.http11.Http11Processor.service(Http11Processor.java:408)
	at org.apache.coyote.AbstractProcessorLight.process(AbstractProcessorLight.java:66)
	at org.apache.coyote.AbstractProtocol$ConnectionHandler.process(AbstractProtocol.java:861)
	at org.apache.tomcat.util.net.NioEndpoint$SocketProcessor.doRun(NioEndpoint.java:1579)
	at org.apache.tomcat.util.net.SocketProcessorBase.run(SocketProcessorBase.java:49)
	at java.util.concurrent.ThreadPoolExecutor.runWorker(ThreadPoolExecutor.java:1149)
	at java.util.concurrent.ThreadPoolExecutor$Worker.run(ThreadPoolExecutor.java:624)
	at org.apache.tomcat.util.threads.TaskThread$WrappingRunnable.run(TaskThread.java:61)
	at java.lang.Thread.run(Thread.java:748)
Caused by: org.apache.http.conn.HttpHostConnectException: Connect to 10.129.45.44:9000 [/10.129.45.44] failed: Connection refused: connect
	at org.apache.http.impl.conn.DefaultHttpClientConnectionOperator.connect(DefaultHttpClientConnectionOperator.java:156)
	at org.apache.http.impl.conn.PoolingHttpClientConnectionManager.connect(PoolingHttpClientConnectionManager.java:376)
	at org.apache.http.impl.execchain.MainClientExec.establishRoute(MainClientExec.java:393)
	at org.apache.http.impl.execchain.MainClientExec.execute(MainClientExec.java:236)
	at org.apache.http.impl.execchain.ProtocolExec.execute(ProtocolExec.java:186)
	at org.apache.http.impl.execchain.RetryExec.execute(RetryExec.java:89)
	at org.apache.http.impl.execchain.RedirectExec.execute(RedirectExec.java:110)
	at org.apache.http.impl.client.InternalHttpClient.doExecute(InternalHttpClient.java:185)
	at org.apache.http.impl.client.CloseableHttpClient.execute(CloseableHttpClient.java:83)
	at org.apache.http.impl.client.CloseableHttpClient.execute(CloseableHttpClient.java:56)
	at org.springframework.http.client.HttpComponentsClientHttpRequest.executeInternal(HttpComponentsClientHttpRequest.java:87)
	at org.springframework.http.client.AbstractBufferingClientHttpRequest.executeInternal(AbstractBufferingClientHttpRequest.java:48)
	at org.springframework.http.client.AbstractClientHttpRequest.execute(AbstractClientHttpRequest.java:53)
	at org.springframework.web.client.RestTemplate.doExecute(RestTemplate.java:742)
	... 106 common frames omitted
Caused by: java.net.ConnectException: Connection refused: connect
	at java.net.DualStackPlainSocketImpl.waitForConnect(Native Method)
	at java.net.DualStackPlainSocketImpl.socketConnect(DualStackPlainSocketImpl.java:85)
	at java.net.AbstractPlainSocketImpl.doConnect(AbstractPlainSocketImpl.java:350)
	at java.net.AbstractPlainSocketImpl.connectToAddress(AbstractPlainSocketImpl.java:206)
	at java.net.AbstractPlainSocketImpl.connect(AbstractPlainSocketImpl.java:188)
	at java.net.PlainSocketImpl.connect(PlainSocketImpl.java:172)
	at java.net.SocksSocketImpl.connect(SocksSocketImpl.java:392)
	at java.net.Socket.connect(Socket.java:589)
	at org.apache.http.conn.socket.PlainConnectionSocketFactory.connectSocket(PlainConnectionSocketFactory.java:75)
	at org.apache.http.impl.conn.DefaultHttpClientConnectionOperator.connect(DefaultHttpClientConnectionOperator.java:142)
	... 119 common frames omitted
2026-01-19 21:45:02.384 [taskScheduler-7] WARN  c.q.federated.service.FederatedCoordinatorService - Node 11 marked as inactive due to heartbeat timeout
2026-01-19 21:45:02.384 [taskScheduler-7] WARN  c.q.federated.service.FederatedCoordinatorService - Node 111 marked as inactive due to heartbeat timeout
2026-01-19 21:45:07.405 [taskScheduler-7] WARN  c.q.federated.service.FederatedCoordinatorService - Node 11 marked as inactive due to heartbeat timeout
2026-01-19 21:45:07.405 [taskScheduler-7] WARN  c.q.federated.service.FederatedCoordinatorService - Node 111 marked as inactive due to heartbeat timeout
2026-01-19 21:45:12.422 [taskScheduler-7] WARN  c.q.federated.service.FederatedCoordinatorService - Node 11 marked as inactive due to heartbeat timeout
2026-01-19 21:45:12.422 [taskScheduler-7] WARN  c.q.federated.service.FederatedCoordinatorService - Node 111 marked as inactive due to heartbeat timeout
2026-01-19 21:45:16.171 [http-nio-8081-exec-3] WARN  com.qczy.federated.flower.FlowerServerManager - Failed to query remote Flower status for job: b99ed807-5862-496a-8d70-7e95b47089cc
org.springframework.web.client.ResourceAccessException: I/O error on GET request for "http://10.129.45.44:9000/status": Connect to 10.129.45.44:9000 [/10.129.45.44] failed: Connection refused: connect; nested exception is org.apache.http.conn.HttpHostConnectException: Connect to 10.129.45.44:9000 [/10.129.45.44] failed: Connection refused: connect
	at org.springframework.web.client.RestTemplate.doExecute(RestTemplate.java:751)
	at org.springframework.web.client.RestTemplate.execute(RestTemplate.java:677)
	at org.springframework.web.client.RestTemplate.getForEntity(RestTemplate.java:345)
	at com.qczy.federated.flower.FlowerServerManager.isServerRunning(FlowerServerManager.java:99)
	at com.qczy.federated.service.FederatedCoordinatorService.deleteJob(FederatedCoordinatorService.java:498)
	at com.qczy.federated.service.FederatedCoordinatorService$$FastClassBySpringCGLIB$$15e232f6.invoke(<generated>)
	at org.springframework.cglib.proxy.MethodProxy.invoke(MethodProxy.java:218)
	at org.springframework.aop.framework.CglibAopProxy$CglibMethodInvocation.invokeJoinpoint(CglibAopProxy.java:769)
	at org.springframework.aop.framework.ReflectiveMethodInvocation.proceed(ReflectiveMethodInvocation.java:163)
	at org.springframework.aop.framework.CglibAopProxy$CglibMethodInvocation.proceed(CglibAopProxy.java:747)
	at org.springframework.transaction.interceptor.TransactionAspectSupport.invokeWithinTransaction(TransactionAspectSupport.java:366)
	at org.springframework.transaction.interceptor.TransactionInterceptor.invoke(TransactionInterceptor.java:99)
	at org.springframework.aop.framework.ReflectiveMethodInvocation.proceed(ReflectiveMethodInvocation.java:186)
	at org.springframework.aop.framework.CglibAopProxy$CglibMethodInvocation.proceed(CglibAopProxy.java:747)
	at org.springframework.aop.framework.CglibAopProxy$DynamicAdvisedInterceptor.intercept(CglibAopProxy.java:689)
	at com.qczy.federated.service.FederatedCoordinatorService$$EnhancerBySpringCGLIB$$68c3aa7a.deleteJob(<generated>)
	at com.qczy.federated.controller.FederatedController.deleteJob(FederatedController.java:97)
	at sun.reflect.NativeMethodAccessorImpl.invoke0(Native Method)
	at sun.reflect.NativeMethodAccessorImpl.invoke(NativeMethodAccessorImpl.java:62)
	at sun.reflect.DelegatingMethodAccessorImpl.invoke(DelegatingMethodAccessorImpl.java:43)
	at java.lang.reflect.Method.invoke(Method.java:498)
	at org.springframework.web.method.support.InvocableHandlerMethod.doInvoke(InvocableHandlerMethod.java:190)
	at org.springframework.web.method.support.InvocableHandlerMethod.invokeForRequest(InvocableHandlerMethod.java:138)
	at org.springframework.web.servlet.mvc.method.annotation.ServletInvocableHandlerMethod.invokeAndHandle(ServletInvocableHandlerMethod.java:106)
	at org.springframework.web.servlet.mvc.method.annotation.RequestMappingHandlerAdapter.invokeHandlerMethod(RequestMappingHandlerAdapter.java:888)
	at org.springframework.web.servlet.mvc.method.annotation.RequestMappingHandlerAdapter.handleInternal(RequestMappingHandlerAdapter.java:793)
	at org.springframework.web.servlet.mvc.method.AbstractHandlerMethodAdapter.handle(AbstractHandlerMethodAdapter.java:87)
	at org.springframework.web.servlet.DispatcherServlet.doDispatch(DispatcherServlet.java:1040)
	at org.springframework.web.servlet.DispatcherServlet.doService(DispatcherServlet.java:943)
	at org.springframework.web.servlet.FrameworkServlet.processRequest(FrameworkServlet.java:1006)
	at org.springframework.web.servlet.FrameworkServlet.doDelete(FrameworkServlet.java:931)
	at javax.servlet.http.HttpServlet.service(HttpServlet.java:666)
	at org.springframework.web.servlet.FrameworkServlet.service(FrameworkServlet.java:883)
	at javax.servlet.http.HttpServlet.service(HttpServlet.java:741)
	at org.apache.catalina.core.ApplicationFilterChain.internalDoFilter(ApplicationFilterChain.java:231)
	at org.apache.catalina.core.ApplicationFilterChain.doFilter(ApplicationFilterChain.java:166)
	at org.apache.tomcat.websocket.server.WsFilter.doFilter(WsFilter.java:53)
	at org.apache.catalina.core.ApplicationFilterChain.internalDoFilter(ApplicationFilterChain.java:193)
	at org.apache.catalina.core.ApplicationFilterChain.doFilter(ApplicationFilterChain.java:166)
	at org.springframework.web.filter.OncePerRequestFilter.doFilter(OncePerRequestFilter.java:113)
	at org.apache.catalina.core.ApplicationFilterChain.internalDoFilter(ApplicationFilterChain.java:193)
	at org.apache.catalina.core.ApplicationFilterChain.doFilter(ApplicationFilterChain.java:166)
	at org.springframework.security.web.FilterChainProxy$VirtualFilterChain.doFilter(FilterChainProxy.java:320)
	at org.springframework.security.web.access.intercept.FilterSecurityInterceptor.invoke(FilterSecurityInterceptor.java:126)
	at org.springframework.security.web.access.intercept.FilterSecurityInterceptor.doFilter(FilterSecurityInterceptor.java:90)
	at org.springframework.security.web.FilterChainProxy$VirtualFilterChain.doFilter(FilterChainProxy.java:334)
	at org.springframework.security.web.access.ExceptionTranslationFilter.doFilter(ExceptionTranslationFilter.java:118)
	at org.springframework.security.web.FilterChainProxy$VirtualFilterChain.doFilter(FilterChainProxy.java:334)
	at org.springframework.security.web.session.SessionManagementFilter.doFilter(SessionManagementFilter.java:137)
	at org.springframework.security.web.FilterChainProxy$VirtualFilterChain.doFilter(FilterChainProxy.java:334)
	at org.springframework.security.web.authentication.AnonymousAuthenticationFilter.doFilter(AnonymousAuthenticationFilter.java:111)
	at org.springframework.security.web.FilterChainProxy$VirtualFilterChain.doFilter(FilterChainProxy.java:334)
	at org.springframework.security.web.servletapi.SecurityContextHolderAwareRequestFilter.doFilter(SecurityContextHolderAwareRequestFilter.java:158)
	at org.springframework.security.web.FilterChainProxy$VirtualFilterChain.doFilter(FilterChainProxy.java:334)
	at org.springframework.security.web.savedrequest.RequestCacheAwareFilter.doFilter(RequestCacheAwareFilter.java:63)
	at org.springframework.security.web.FilterChainProxy$VirtualFilterChain.doFilter(FilterChainProxy.java:334)
	at com.qczy.filter.JwtAuthenticationTokenFilter.doFilterInternal(JwtAuthenticationTokenFilter.java:68)
	at org.springframework.web.filter.OncePerRequestFilter.doFilter(OncePerRequestFilter.java:119)
	at org.springframework.security.web.FilterChainProxy$VirtualFilterChain.doFilter(FilterChainProxy.java:334)
	at org.springframework.security.web.authentication.logout.LogoutFilter.doFilter(LogoutFilter.java:116)
	at org.springframework.security.web.FilterChainProxy$VirtualFilterChain.doFilter(FilterChainProxy.java:334)
	at org.springframework.web.filter.CorsFilter.doFilterInternal(CorsFilter.java:92)
	at org.springframework.web.filter.OncePerRequestFilter.doFilter(OncePerRequestFilter.java:119)
	at org.springframework.security.web.FilterChainProxy$VirtualFilterChain.doFilter(FilterChainProxy.java:334)
	at org.springframework.security.web.header.HeaderWriterFilter.doHeadersAfter(HeaderWriterFilter.java:92)
	at org.springframework.security.web.header.HeaderWriterFilter.doFilterInternal(HeaderWriterFilter.java:77)
	at org.springframework.web.filter.OncePerRequestFilter.doFilter(OncePerRequestFilter.java:119)
	at org.springframework.security.web.FilterChainProxy$VirtualFilterChain.doFilter(FilterChainProxy.java:334)
	at org.springframework.security.web.context.SecurityContextPersistenceFilter.doFilter(SecurityContextPersistenceFilter.java:105)
	at org.springframework.security.web.FilterChainProxy$VirtualFilterChain.doFilter(FilterChainProxy.java:334)
	at org.springframework.security.web.context.request.async.WebAsyncManagerIntegrationFilter.doFilterInternal(WebAsyncManagerIntegrationFilter.java:56)
	at org.springframework.web.filter.OncePerRequestFilter.doFilter(OncePerRequestFilter.java:119)
	at org.springframework.security.web.FilterChainProxy$VirtualFilterChain.doFilter(FilterChainProxy.java:334)
	at org.springframework.security.web.FilterChainProxy.doFilterInternal(FilterChainProxy.java:215)
	at org.springframework.security.web.FilterChainProxy.doFilter(FilterChainProxy.java:178)
	at org.springframework.web.filter.DelegatingFilterProxy.invokeDelegate(DelegatingFilterProxy.java:358)
	at org.springframework.web.filter.DelegatingFilterProxy.doFilter(DelegatingFilterProxy.java:271)
	at org.apache.catalina.core.ApplicationFilterChain.internalDoFilter(ApplicationFilterChain.java:193)
	at org.apache.catalina.core.ApplicationFilterChain.doFilter(ApplicationFilterChain.java:166)
	at org.springframework.web.filter.RequestContextFilter.doFilterInternal(RequestContextFilter.java:100)
	at org.springframework.web.filter.OncePerRequestFilter.doFilter(OncePerRequestFilter.java:119)
	at org.apache.catalina.core.ApplicationFilterChain.internalDoFilter(ApplicationFilterChain.java:193)
	at org.apache.catalina.core.ApplicationFilterChain.doFilter(ApplicationFilterChain.java:166)
	at org.springframework.web.filter.FormContentFilter.doFilterInternal(FormContentFilter.java:93)
	at org.springframework.web.filter.OncePerRequestFilter.doFilter(OncePerRequestFilter.java:119)
	at org.apache.catalina.core.ApplicationFilterChain.internalDoFilter(ApplicationFilterChain.java:193)
	at org.apache.catalina.core.ApplicationFilterChain.doFilter(ApplicationFilterChain.java:166)
	at org.springframework.web.filter.CharacterEncodingFilter.doFilterInternal(CharacterEncodingFilter.java:201)
	at org.springframework.web.filter.OncePerRequestFilter.doFilter(OncePerRequestFilter.java:119)
	at org.apache.catalina.core.ApplicationFilterChain.internalDoFilter(ApplicationFilterChain.java:193)
	at org.apache.catalina.core.ApplicationFilterChain.doFilter(ApplicationFilterChain.java:166)
	at org.apache.catalina.core.StandardWrapperValve.invoke(StandardWrapperValve.java:202)
	at org.apache.catalina.core.StandardContextValve.invoke(StandardContextValve.java:96)
	at org.apache.catalina.authenticator.AuthenticatorBase.invoke(AuthenticatorBase.java:526)
	at org.apache.catalina.core.StandardHostValve.invoke(StandardHostValve.java:139)
	at org.apache.catalina.valves.ErrorReportValve.invoke(ErrorReportValve.java:92)
	at org.apache.catalina.core.StandardEngineValve.invoke(StandardEngineValve.java:74)
	at org.apache.catalina.connector.CoyoteAdapter.service(CoyoteAdapter.java:343)
	at org.apache.coyote.http11.Http11Processor.service(Http11Processor.java:408)
	at org.apache.coyote.AbstractProcessorLight.process(AbstractProcessorLight.java:66)
	at org.apache.coyote.AbstractProtocol$ConnectionHandler.process(AbstractProtocol.java:861)
	at org.apache.tomcat.util.net.NioEndpoint$SocketProcessor.doRun(NioEndpoint.java:1579)
	at org.apache.tomcat.util.net.SocketProcessorBase.run(SocketProcessorBase.java:49)
	at java.util.concurrent.ThreadPoolExecutor.runWorker(ThreadPoolExecutor.java:1149)
	at java.util.concurrent.ThreadPoolExecutor$Worker.run(ThreadPoolExecutor.java:624)
	at org.apache.tomcat.util.threads.TaskThread$WrappingRunnable.run(TaskThread.java:61)
	at java.lang.Thread.run(Thread.java:748)
Caused by: org.apache.http.conn.HttpHostConnectException: Connect to 10.129.45.44:9000 [/10.129.45.44] failed: Connection refused: connect
	at org.apache.http.impl.conn.DefaultHttpClientConnectionOperator.connect(DefaultHttpClientConnectionOperator.java:156)
	at org.apache.http.impl.conn.PoolingHttpClientConnectionManager.connect(PoolingHttpClientConnectionManager.java:376)
	at org.apache.http.impl.execchain.MainClientExec.establishRoute(MainClientExec.java:393)
	at org.apache.http.impl.execchain.MainClientExec.execute(MainClientExec.java:236)
	at org.apache.http.impl.execchain.ProtocolExec.execute(ProtocolExec.java:186)
	at org.apache.http.impl.execchain.RetryExec.execute(RetryExec.java:89)
	at org.apache.http.impl.execchain.RedirectExec.execute(RedirectExec.java:110)
	at org.apache.http.impl.client.InternalHttpClient.doExecute(InternalHttpClient.java:185)
	at org.apache.http.impl.client.CloseableHttpClient.execute(CloseableHttpClient.java:83)
	at org.apache.http.impl.client.CloseableHttpClient.execute(CloseableHttpClient.java:56)
	at org.springframework.http.client.HttpComponentsClientHttpRequest.executeInternal(HttpComponentsClientHttpRequest.java:87)
	at org.springframework.http.client.AbstractBufferingClientHttpRequest.executeInternal(AbstractBufferingClientHttpRequest.java:48)
	at org.springframework.http.client.AbstractClientHttpRequest.execute(AbstractClientHttpRequest.java:53)
	at org.springframework.web.client.RestTemplate.doExecute(RestTemplate.java:742)
	... 106 common frames omitted
Caused by: java.net.ConnectException: Connection refused: connect
	at java.net.DualStackPlainSocketImpl.waitForConnect(Native Method)
	at java.net.DualStackPlainSocketImpl.socketConnect(DualStackPlainSocketImpl.java:85)
	at java.net.AbstractPlainSocketImpl.doConnect(AbstractPlainSocketImpl.java:350)
	at java.net.AbstractPlainSocketImpl.connectToAddress(AbstractPlainSocketImpl.java:206)
	at java.net.AbstractPlainSocketImpl.connect(AbstractPlainSocketImpl.java:188)
	at java.net.PlainSocketImpl.connect(PlainSocketImpl.java:172)
	at java.net.SocksSocketImpl.connect(SocksSocketImpl.java:392)
	at java.net.Socket.connect(Socket.java:589)
	at org.apache.http.conn.socket.PlainConnectionSocketFactory.connectSocket(PlainConnectionSocketFactory.java:75)
	at org.apache.http.impl.conn.DefaultHttpClientConnectionOperator.connect(DefaultHttpClientConnectionOperator.java:142)
	... 119 common frames omitted
2026-01-19 21:45:17.438 [taskScheduler-7] WARN  c.q.federated.service.FederatedCoordinatorService - Node 11 marked as inactive due to heartbeat timeout
2026-01-19 21:45:17.438 [taskScheduler-7] WARN  c.q.federated.service.FederatedCoordinatorService - Node 111 marked as inactive due to heartbeat timeout
2026-01-19 21:45:22.444 [taskScheduler-7] WARN  c.q.federated.service.FederatedCoordinatorService - Node 11 marked as inactive due to heartbeat timeout
2026-01-19 21:45:22.445 [taskScheduler-7] WARN  c.q.federated.service.FederatedCoordinatorService - Node 111 marked as inactive due to heartbeat timeout
2026-01-19 21:45:27.462 [taskScheduler-7] WARN  c.q.federated.service.FederatedCoordinatorService - Node 11 marked as inactive due to heartbeat timeout
2026-01-19 21:45:27.462 [taskScheduler-7] WARN  c.q.federated.service.FederatedCoordinatorService - Node 111 marked as inactive due to heartbeat timeout
2026-01-19 21:45:32.472 [taskScheduler-7] WARN  c.q.federated.service.FederatedCoordinatorService - Node 11 marked as inactive due to heartbeat timeout
2026-01-19 21:45:32.473 [taskScheduler-7] WARN  c.q.federated.service.FederatedCoordinatorService - Node 111 marked as inactive due to heartbeat timeout
2026-01-19 21:45:37.487 [taskScheduler-7] WARN  c.q.federated.service.FederatedCoordinatorService - Node 11 marked as inactive due to heartbeat timeout
2026-01-19 21:45:37.487 [taskScheduler-7] WARN  c.q.federated.service.FederatedCoordinatorService - Node 111 marked as inactive due to heartbeat timeout
2026-01-19 21:45:42.503 [taskScheduler-7] WARN  c.q.federated.service.FederatedCoordinatorService - Node 11 marked as inactive due to heartbeat timeout
2026-01-19 21:45:42.503 [taskScheduler-7] WARN  c.q.federated.service.FederatedCoordinatorService - Node 111 marked as inactive due to heartbeat timeout
2026-01-19 21:45:47.521 [taskScheduler-7] WARN  c.q.federated.service.FederatedCoordinatorService - Node 11 marked as inactive due to heartbeat timeout
2026-01-19 21:45:47.522 [taskScheduler-7] WARN  c.q.federated.service.FederatedCoordinatorService - Node 111 marked as inactive due to heartbeat timeout
2026-01-19 21:45:52.537 [taskScheduler-7] WARN  c.q.federated.service.FederatedCoordinatorService - Node 11 marked as inactive due to heartbeat timeout
2026-01-19 21:45:52.539 [taskScheduler-7] WARN  c.q.federated.service.FederatedCoordinatorService - Node 111 marked as inactive due to heartbeat timeout
2026-01-19 21:45:57.554 [taskScheduler-7] WARN  c.q.federated.service.FederatedCoordinatorService - Node 11 marked as inactive due to heartbeat timeout
2026-01-19 21:45:57.555 [taskScheduler-7] WARN  c.q.federated.service.FederatedCoordinatorService - Node 111 marked as inactive due to heartbeat timeout
2026-01-19 21:46:02.571 [taskScheduler-7] WARN  c.q.federated.service.FederatedCoordinatorService - Node 11 marked as inactive due to heartbeat timeout
2026-01-19 21:46:02.571 [taskScheduler-7] WARN  c.q.federated.service.FederatedCoordinatorService - Node 111 marked as inactive due to heartbeat timeout
2026-01-19 21:46:07.592 [taskScheduler-7] WARN  c.q.federated.service.FederatedCoordinatorService - Node 11 marked as inactive due to heartbeat timeout
2026-01-19 21:46:07.592 [taskScheduler-7] WARN  c.q.federated.service.FederatedCoordinatorService - Node 111 marked as inactive due to heartbeat timeout
2026-01-19 21:46:12.603 [taskScheduler-7] WARN  c.q.federated.service.FederatedCoordinatorService - Node 11 marked as inactive due to heartbeat timeout
2026-01-19 21:46:12.605 [taskScheduler-7] WARN  c.q.federated.service.FederatedCoordinatorService - Node 111 marked as inactive due to heartbeat timeout
2026-01-19 21:46:17.618 [taskScheduler-7] WARN  c.q.federated.service.FederatedCoordinatorService - Node 11 marked as inactive due to heartbeat timeout
2026-01-19 21:46:17.619 [taskScheduler-7] WARN  c.q.federated.service.FederatedCoordinatorService - Node 111 marked as inactive due to heartbeat timeout
2026-01-19 21:46:22.640 [taskScheduler-7] WARN  c.q.federated.service.FederatedCoordinatorService - Node 11 marked as inactive due to heartbeat timeout
2026-01-19 21:46:22.640 [taskScheduler-7] WARN  c.q.federated.service.FederatedCoordinatorService - Node 111 marked as inactive due to heartbeat timeout
2026-01-19 21:46:27.655 [taskScheduler-7] WARN  c.q.federated.service.FederatedCoordinatorService - Node 11 marked as inactive due to heartbeat timeout
2026-01-19 21:46:27.655 [taskScheduler-7] WARN  c.q.federated.service.FederatedCoordinatorService - Node 111 marked as inactive due to heartbeat timeout
2026-01-19 21:46:32.670 [taskScheduler-7] WARN  c.q.federated.service.FederatedCoordinatorService - Node 11 marked as inactive due to heartbeat timeout
2026-01-19 21:46:32.670 [taskScheduler-7] WARN  c.q.federated.service.FederatedCoordinatorService - Node 111 marked as inactive due to heartbeat timeout
2026-01-19 21:46:37.686 [taskScheduler-7] WARN  c.q.federated.service.FederatedCoordinatorService - Node 11 marked as inactive due to heartbeat timeout
2026-01-19 21:46:37.686 [taskScheduler-7] WARN  c.q.federated.service.FederatedCoordinatorService - Node 111 marked as inactive due to heartbeat timeout
2026-01-19 21:46:38.242 [http-nio-8081-exec-4] WARN  com.qczy.federated.flower.FlowerServerManager - Failed to query remote Flower status for job: 904d66f0-fb3e-433b-b2c8-8304621a3db0
org.springframework.web.client.ResourceAccessException: I/O error on GET request for "http://10.129.45.44:9000/status": Connect to 10.129.45.44:9000 [/10.129.45.44] failed: Connection refused: connect; nested exception is org.apache.http.conn.HttpHostConnectException: Connect to 10.129.45.44:9000 [/10.129.45.44] failed: Connection refused: connect
	at org.springframework.web.client.RestTemplate.doExecute(RestTemplate.java:751)
	at org.springframework.web.client.RestTemplate.execute(RestTemplate.java:677)
	at org.springframework.web.client.RestTemplate.getForEntity(RestTemplate.java:345)
	at com.qczy.federated.flower.FlowerServerManager.isServerRunning(FlowerServerManager.java:99)
	at com.qczy.federated.service.FederatedCoordinatorService.deleteJob(FederatedCoordinatorService.java:498)
	at com.qczy.federated.service.FederatedCoordinatorService$$FastClassBySpringCGLIB$$15e232f6.invoke(<generated>)
	at org.springframework.cglib.proxy.MethodProxy.invoke(MethodProxy.java:218)
	at org.springframework.aop.framework.CglibAopProxy$CglibMethodInvocation.invokeJoinpoint(CglibAopProxy.java:769)
	at org.springframework.aop.framework.ReflectiveMethodInvocation.proceed(ReflectiveMethodInvocation.java:163)
	at org.springframework.aop.framework.CglibAopProxy$CglibMethodInvocation.proceed(CglibAopProxy.java:747)
	at org.springframework.transaction.interceptor.TransactionAspectSupport.invokeWithinTransaction(TransactionAspectSupport.java:366)
	at org.springframework.transaction.interceptor.TransactionInterceptor.invoke(TransactionInterceptor.java:99)
	at org.springframework.aop.framework.ReflectiveMethodInvocation.proceed(ReflectiveMethodInvocation.java:186)
	at org.springframework.aop.framework.CglibAopProxy$CglibMethodInvocation.proceed(CglibAopProxy.java:747)
	at org.springframework.aop.framework.CglibAopProxy$DynamicAdvisedInterceptor.intercept(CglibAopProxy.java:689)
	at com.qczy.federated.service.FederatedCoordinatorService$$EnhancerBySpringCGLIB$$68c3aa7a.deleteJob(<generated>)
	at com.qczy.federated.controller.FederatedController.deleteJob(FederatedController.java:97)
	at sun.reflect.NativeMethodAccessorImpl.invoke0(Native Method)
	at sun.reflect.NativeMethodAccessorImpl.invoke(NativeMethodAccessorImpl.java:62)
	at sun.reflect.DelegatingMethodAccessorImpl.invoke(DelegatingMethodAccessorImpl.java:43)
	at java.lang.reflect.Method.invoke(Method.java:498)
	at org.springframework.web.method.support.InvocableHandlerMethod.doInvoke(InvocableHandlerMethod.java:190)
	at org.springframework.web.method.support.InvocableHandlerMethod.invokeForRequest(InvocableHandlerMethod.java:138)
	at org.springframework.web.servlet.mvc.method.annotation.ServletInvocableHandlerMethod.invokeAndHandle(ServletInvocableHandlerMethod.java:106)
	at org.springframework.web.servlet.mvc.method.annotation.RequestMappingHandlerAdapter.invokeHandlerMethod(RequestMappingHandlerAdapter.java:888)
	at org.springframework.web.servlet.mvc.method.annotation.RequestMappingHandlerAdapter.handleInternal(RequestMappingHandlerAdapter.java:793)
	at org.springframework.web.servlet.mvc.method.AbstractHandlerMethodAdapter.handle(AbstractHandlerMethodAdapter.java:87)
	at org.springframework.web.servlet.DispatcherServlet.doDispatch(DispatcherServlet.java:1040)
	at org.springframework.web.servlet.DispatcherServlet.doService(DispatcherServlet.java:943)
	at org.springframework.web.servlet.FrameworkServlet.processRequest(FrameworkServlet.java:1006)
	at org.springframework.web.servlet.FrameworkServlet.doDelete(FrameworkServlet.java:931)
	at javax.servlet.http.HttpServlet.service(HttpServlet.java:666)
	at org.springframework.web.servlet.FrameworkServlet.service(FrameworkServlet.java:883)
	at javax.servlet.http.HttpServlet.service(HttpServlet.java:741)
	at org.apache.catalina.core.ApplicationFilterChain.internalDoFilter(ApplicationFilterChain.java:231)
	at org.apache.catalina.core.ApplicationFilterChain.doFilter(ApplicationFilterChain.java:166)
	at org.apache.tomcat.websocket.server.WsFilter.doFilter(WsFilter.java:53)
	at org.apache.catalina.core.ApplicationFilterChain.internalDoFilter(ApplicationFilterChain.java:193)
	at org.apache.catalina.core.ApplicationFilterChain.doFilter(ApplicationFilterChain.java:166)
	at org.springframework.web.filter.OncePerRequestFilter.doFilter(OncePerRequestFilter.java:113)
	at org.apache.catalina.core.ApplicationFilterChain.internalDoFilter(ApplicationFilterChain.java:193)
	at org.apache.catalina.core.ApplicationFilterChain.doFilter(ApplicationFilterChain.java:166)
	at org.springframework.security.web.FilterChainProxy$VirtualFilterChain.doFilter(FilterChainProxy.java:320)
	at org.springframework.security.web.access.intercept.FilterSecurityInterceptor.invoke(FilterSecurityInterceptor.java:126)
	at org.springframework.security.web.access.intercept.FilterSecurityInterceptor.doFilter(FilterSecurityInterceptor.java:90)
	at org.springframework.security.web.FilterChainProxy$VirtualFilterChain.doFilter(FilterChainProxy.java:334)
	at org.springframework.security.web.access.ExceptionTranslationFilter.doFilter(ExceptionTranslationFilter.java:118)
	at org.springframework.security.web.FilterChainProxy$VirtualFilterChain.doFilter(FilterChainProxy.java:334)
	at org.springframework.security.web.session.SessionManagementFilter.doFilter(SessionManagementFilter.java:137)
	at org.springframework.security.web.FilterChainProxy$VirtualFilterChain.doFilter(FilterChainProxy.java:334)
	at org.springframework.security.web.authentication.AnonymousAuthenticationFilter.doFilter(AnonymousAuthenticationFilter.java:111)
	at org.springframework.security.web.FilterChainProxy$VirtualFilterChain.doFilter(FilterChainProxy.java:334)
	at org.springframework.security.web.servletapi.SecurityContextHolderAwareRequestFilter.doFilter(SecurityContextHolderAwareRequestFilter.java:158)
	at org.springframework.security.web.FilterChainProxy$VirtualFilterChain.doFilter(FilterChainProxy.java:334)
	at org.springframework.security.web.savedrequest.RequestCacheAwareFilter.doFilter(RequestCacheAwareFilter.java:63)
	at org.springframework.security.web.FilterChainProxy$VirtualFilterChain.doFilter(FilterChainProxy.java:334)
	at com.qczy.filter.JwtAuthenticationTokenFilter.doFilterInternal(JwtAuthenticationTokenFilter.java:68)
	at org.springframework.web.filter.OncePerRequestFilter.doFilter(OncePerRequestFilter.java:119)
	at org.springframework.security.web.FilterChainProxy$VirtualFilterChain.doFilter(FilterChainProxy.java:334)
	at org.springframework.security.web.authentication.logout.LogoutFilter.doFilter(LogoutFilter.java:116)
	at org.springframework.security.web.FilterChainProxy$VirtualFilterChain.doFilter(FilterChainProxy.java:334)
	at org.springframework.web.filter.CorsFilter.doFilterInternal(CorsFilter.java:92)
	at org.springframework.web.filter.OncePerRequestFilter.doFilter(OncePerRequestFilter.java:119)
	at org.springframework.security.web.FilterChainProxy$VirtualFilterChain.doFilter(FilterChainProxy.java:334)
	at org.springframework.security.web.header.HeaderWriterFilter.doHeadersAfter(HeaderWriterFilter.java:92)
	at org.springframework.security.web.header.HeaderWriterFilter.doFilterInternal(HeaderWriterFilter.java:77)
	at org.springframework.web.filter.OncePerRequestFilter.doFilter(OncePerRequestFilter.java:119)
	at org.springframework.security.web.FilterChainProxy$VirtualFilterChain.doFilter(FilterChainProxy.java:334)
	at org.springframework.security.web.context.SecurityContextPersistenceFilter.doFilter(SecurityContextPersistenceFilter.java:105)
	at org.springframework.security.web.FilterChainProxy$VirtualFilterChain.doFilter(FilterChainProxy.java:334)
	at org.springframework.security.web.context.request.async.WebAsyncManagerIntegrationFilter.doFilterInternal(WebAsyncManagerIntegrationFilter.java:56)
	at org.springframework.web.filter.OncePerRequestFilter.doFilter(OncePerRequestFilter.java:119)
	at org.springframework.security.web.FilterChainProxy$VirtualFilterChain.doFilter(FilterChainProxy.java:334)
	at org.springframework.security.web.FilterChainProxy.doFilterInternal(FilterChainProxy.java:215)
	at org.springframework.security.web.FilterChainProxy.doFilter(FilterChainProxy.java:178)
	at org.springframework.web.filter.DelegatingFilterProxy.invokeDelegate(DelegatingFilterProxy.java:358)
	at org.springframework.web.filter.DelegatingFilterProxy.doFilter(DelegatingFilterProxy.java:271)
	at org.apache.catalina.core.ApplicationFilterChain.internalDoFilter(ApplicationFilterChain.java:193)
	at org.apache.catalina.core.ApplicationFilterChain.doFilter(ApplicationFilterChain.java:166)
	at org.springframework.web.filter.RequestContextFilter.doFilterInternal(RequestContextFilter.java:100)
	at org.springframework.web.filter.OncePerRequestFilter.doFilter(OncePerRequestFilter.java:119)
	at org.apache.catalina.core.ApplicationFilterChain.internalDoFilter(ApplicationFilterChain.java:193)
	at org.apache.catalina.core.ApplicationFilterChain.doFilter(ApplicationFilterChain.java:166)
	at org.springframework.web.filter.FormContentFilter.doFilterInternal(FormContentFilter.java:93)
	at org.springframework.web.filter.OncePerRequestFilter.doFilter(OncePerRequestFilter.java:119)
	at org.apache.catalina.core.ApplicationFilterChain.internalDoFilter(ApplicationFilterChain.java:193)
	at org.apache.catalina.core.ApplicationFilterChain.doFilter(ApplicationFilterChain.java:166)
	at org.springframework.web.filter.CharacterEncodingFilter.doFilterInternal(CharacterEncodingFilter.java:201)
	at org.springframework.web.filter.OncePerRequestFilter.doFilter(OncePerRequestFilter.java:119)
	at org.apache.catalina.core.ApplicationFilterChain.internalDoFilter(ApplicationFilterChain.java:193)
	at org.apache.catalina.core.ApplicationFilterChain.doFilter(ApplicationFilterChain.java:166)
	at org.apache.catalina.core.StandardWrapperValve.invoke(StandardWrapperValve.java:202)
	at org.apache.catalina.core.StandardContextValve.invoke(StandardContextValve.java:96)
	at org.apache.catalina.authenticator.AuthenticatorBase.invoke(AuthenticatorBase.java:526)
	at org.apache.catalina.core.StandardHostValve.invoke(StandardHostValve.java:139)
	at org.apache.catalina.valves.ErrorReportValve.invoke(ErrorReportValve.java:92)
	at org.apache.catalina.core.StandardEngineValve.invoke(StandardEngineValve.java:74)
	at org.apache.catalina.connector.CoyoteAdapter.service(CoyoteAdapter.java:343)
	at org.apache.coyote.http11.Http11Processor.service(Http11Processor.java:408)
	at org.apache.coyote.AbstractProcessorLight.process(AbstractProcessorLight.java:66)
	at org.apache.coyote.AbstractProtocol$ConnectionHandler.process(AbstractProtocol.java:861)
	at org.apache.tomcat.util.net.NioEndpoint$SocketProcessor.doRun(NioEndpoint.java:1579)
	at org.apache.tomcat.util.net.SocketProcessorBase.run(SocketProcessorBase.java:49)
	at java.util.concurrent.ThreadPoolExecutor.runWorker(ThreadPoolExecutor.java:1149)
	at java.util.concurrent.ThreadPoolExecutor$Worker.run(ThreadPoolExecutor.java:624)
	at org.apache.tomcat.util.threads.TaskThread$WrappingRunnable.run(TaskThread.java:61)
	at java.lang.Thread.run(Thread.java:748)
Caused by: org.apache.http.conn.HttpHostConnectException: Connect to 10.129.45.44:9000 [/10.129.45.44] failed: Connection refused: connect
	at org.apache.http.impl.conn.DefaultHttpClientConnectionOperator.connect(DefaultHttpClientConnectionOperator.java:156)
	at org.apache.http.impl.conn.PoolingHttpClientConnectionManager.connect(PoolingHttpClientConnectionManager.java:376)
	at org.apache.http.impl.execchain.MainClientExec.establishRoute(MainClientExec.java:393)
	at org.apache.http.impl.execchain.MainClientExec.execute(MainClientExec.java:236)
	at org.apache.http.impl.execchain.ProtocolExec.execute(ProtocolExec.java:186)
	at org.apache.http.impl.execchain.RetryExec.execute(RetryExec.java:89)
	at org.apache.http.impl.execchain.RedirectExec.execute(RedirectExec.java:110)
	at org.apache.http.impl.client.InternalHttpClient.doExecute(InternalHttpClient.java:185)
	at org.apache.http.impl.client.CloseableHttpClient.execute(CloseableHttpClient.java:83)
	at org.apache.http.impl.client.CloseableHttpClient.execute(CloseableHttpClient.java:56)
	at org.springframework.http.client.HttpComponentsClientHttpRequest.executeInternal(HttpComponentsClientHttpRequest.java:87)
	at org.springframework.http.client.AbstractBufferingClientHttpRequest.executeInternal(AbstractBufferingClientHttpRequest.java:48)
	at org.springframework.http.client.AbstractClientHttpRequest.execute(AbstractClientHttpRequest.java:53)
	at org.springframework.web.client.RestTemplate.doExecute(RestTemplate.java:742)
	... 106 common frames omitted
Caused by: java.net.ConnectException: Connection refused: connect
	at java.net.DualStackPlainSocketImpl.waitForConnect(Native Method)
	at java.net.DualStackPlainSocketImpl.socketConnect(DualStackPlainSocketImpl.java:85)
	at java.net.AbstractPlainSocketImpl.doConnect(AbstractPlainSocketImpl.java:350)
	at java.net.AbstractPlainSocketImpl.connectToAddress(AbstractPlainSocketImpl.java:206)
	at java.net.AbstractPlainSocketImpl.connect(AbstractPlainSocketImpl.java:188)
	at java.net.PlainSocketImpl.connect(PlainSocketImpl.java:172)
	at java.net.SocksSocketImpl.connect(SocksSocketImpl.java:392)
	at java.net.Socket.connect(Socket.java:589)
	at org.apache.http.conn.socket.PlainConnectionSocketFactory.connectSocket(PlainConnectionSocketFactory.java:75)
	at org.apache.http.impl.conn.DefaultHttpClientConnectionOperator.connect(DefaultHttpClientConnectionOperator.java:142)
	... 119 common frames omitted
2026-01-19 21:46:42.101 [http-nio-8081-exec-5] WARN  com.qczy.federated.flower.FlowerServerManager - Failed to query remote Flower status for job: f2288420-1a56-40b1-957f-e6df3c30d82e
org.springframework.web.client.ResourceAccessException: I/O error on GET request for "http://10.129.45.44:9000/status": Connect to 10.129.45.44:9000 [/10.129.45.44] failed: Connection refused: connect; nested exception is org.apache.http.conn.HttpHostConnectException: Connect to 10.129.45.44:9000 [/10.129.45.44] failed: Connection refused: connect
	at org.springframework.web.client.RestTemplate.doExecute(RestTemplate.java:751)
	at org.springframework.web.client.RestTemplate.execute(RestTemplate.java:677)
	at org.springframework.web.client.RestTemplate.getForEntity(RestTemplate.java:345)
	at com.qczy.federated.flower.FlowerServerManager.isServerRunning(FlowerServerManager.java:99)
	at com.qczy.federated.service.FederatedCoordinatorService.deleteJob(FederatedCoordinatorService.java:498)
	at com.qczy.federated.service.FederatedCoordinatorService$$FastClassBySpringCGLIB$$15e232f6.invoke(<generated>)
	at org.springframework.cglib.proxy.MethodProxy.invoke(MethodProxy.java:218)
	at org.springframework.aop.framework.CglibAopProxy$CglibMethodInvocation.invokeJoinpoint(CglibAopProxy.java:769)
	at org.springframework.aop.framework.ReflectiveMethodInvocation.proceed(ReflectiveMethodInvocation.java:163)
	at org.springframework.aop.framework.CglibAopProxy$CglibMethodInvocation.proceed(CglibAopProxy.java:747)
	at org.springframework.transaction.interceptor.TransactionAspectSupport.invokeWithinTransaction(TransactionAspectSupport.java:366)
	at org.springframework.transaction.interceptor.TransactionInterceptor.invoke(TransactionInterceptor.java:99)
	at org.springframework.aop.framework.ReflectiveMethodInvocation.proceed(ReflectiveMethodInvocation.java:186)
	at org.springframework.aop.framework.CglibAopProxy$CglibMethodInvocation.proceed(CglibAopProxy.java:747)
	at org.springframework.aop.framework.CglibAopProxy$DynamicAdvisedInterceptor.intercept(CglibAopProxy.java:689)
	at com.qczy.federated.service.FederatedCoordinatorService$$EnhancerBySpringCGLIB$$68c3aa7a.deleteJob(<generated>)
	at com.qczy.federated.controller.FederatedController.deleteJob(FederatedController.java:97)
	at sun.reflect.NativeMethodAccessorImpl.invoke0(Native Method)
	at sun.reflect.NativeMethodAccessorImpl.invoke(NativeMethodAccessorImpl.java:62)
	at sun.reflect.DelegatingMethodAccessorImpl.invoke(DelegatingMethodAccessorImpl.java:43)
	at java.lang.reflect.Method.invoke(Method.java:498)
	at org.springframework.web.method.support.InvocableHandlerMethod.doInvoke(InvocableHandlerMethod.java:190)
	at org.springframework.web.method.support.InvocableHandlerMethod.invokeForRequest(InvocableHandlerMethod.java:138)
	at org.springframework.web.servlet.mvc.method.annotation.ServletInvocableHandlerMethod.invokeAndHandle(ServletInvocableHandlerMethod.java:106)
	at org.springframework.web.servlet.mvc.method.annotation.RequestMappingHandlerAdapter.invokeHandlerMethod(RequestMappingHandlerAdapter.java:888)
	at org.springframework.web.servlet.mvc.method.annotation.RequestMappingHandlerAdapter.handleInternal(RequestMappingHandlerAdapter.java:793)
	at org.springframework.web.servlet.mvc.method.AbstractHandlerMethodAdapter.handle(AbstractHandlerMethodAdapter.java:87)
	at org.springframework.web.servlet.DispatcherServlet.doDispatch(DispatcherServlet.java:1040)
	at org.springframework.web.servlet.DispatcherServlet.doService(DispatcherServlet.java:943)
	at org.springframework.web.servlet.FrameworkServlet.processRequest(FrameworkServlet.java:1006)
	at org.springframework.web.servlet.FrameworkServlet.doDelete(FrameworkServlet.java:931)
	at javax.servlet.http.HttpServlet.service(HttpServlet.java:666)
	at org.springframework.web.servlet.FrameworkServlet.service(FrameworkServlet.java:883)
	at javax.servlet.http.HttpServlet.service(HttpServlet.java:741)
	at org.apache.catalina.core.ApplicationFilterChain.internalDoFilter(ApplicationFilterChain.java:231)
	at org.apache.catalina.core.ApplicationFilterChain.doFilter(ApplicationFilterChain.java:166)
	at org.apache.tomcat.websocket.server.WsFilter.doFilter(WsFilter.java:53)
	at org.apache.catalina.core.ApplicationFilterChain.internalDoFilter(ApplicationFilterChain.java:193)
	at org.apache.catalina.core.ApplicationFilterChain.doFilter(ApplicationFilterChain.java:166)
	at org.springframework.web.filter.OncePerRequestFilter.doFilter(OncePerRequestFilter.java:113)
	at org.apache.catalina.core.ApplicationFilterChain.internalDoFilter(ApplicationFilterChain.java:193)
	at org.apache.catalina.core.ApplicationFilterChain.doFilter(ApplicationFilterChain.java:166)
	at org.springframework.security.web.FilterChainProxy$VirtualFilterChain.doFilter(FilterChainProxy.java:320)
	at org.springframework.security.web.access.intercept.FilterSecurityInterceptor.invoke(FilterSecurityInterceptor.java:126)
	at org.springframework.security.web.access.intercept.FilterSecurityInterceptor.doFilter(FilterSecurityInterceptor.java:90)
	at org.springframework.security.web.FilterChainProxy$VirtualFilterChain.doFilter(FilterChainProxy.java:334)
	at org.springframework.security.web.access.ExceptionTranslationFilter.doFilter(ExceptionTranslationFilter.java:118)
	at org.springframework.security.web.FilterChainProxy$VirtualFilterChain.doFilter(FilterChainProxy.java:334)
	at org.springframework.security.web.session.SessionManagementFilter.doFilter(SessionManagementFilter.java:137)
	at org.springframework.security.web.FilterChainProxy$VirtualFilterChain.doFilter(FilterChainProxy.java:334)
	at org.springframework.security.web.authentication.AnonymousAuthenticationFilter.doFilter(AnonymousAuthenticationFilter.java:111)
	at org.springframework.security.web.FilterChainProxy$VirtualFilterChain.doFilter(FilterChainProxy.java:334)
	at org.springframework.security.web.servletapi.SecurityContextHolderAwareRequestFilter.doFilter(SecurityContextHolderAwareRequestFilter.java:158)
	at org.springframework.security.web.FilterChainProxy$VirtualFilterChain.doFilter(FilterChainProxy.java:334)
	at org.springframework.security.web.savedrequest.RequestCacheAwareFilter.doFilter(RequestCacheAwareFilter.java:63)
	at org.springframework.security.web.FilterChainProxy$VirtualFilterChain.doFilter(FilterChainProxy.java:334)
	at com.qczy.filter.JwtAuthenticationTokenFilter.doFilterInternal(JwtAuthenticationTokenFilter.java:68)
	at org.springframework.web.filter.OncePerRequestFilter.doFilter(OncePerRequestFilter.java:119)
	at org.springframework.security.web.FilterChainProxy$VirtualFilterChain.doFilter(FilterChainProxy.java:334)
	at org.springframework.security.web.authentication.logout.LogoutFilter.doFilter(LogoutFilter.java:116)
	at org.springframework.security.web.FilterChainProxy$VirtualFilterChain.doFilter(FilterChainProxy.java:334)
	at org.springframework.web.filter.CorsFilter.doFilterInternal(CorsFilter.java:92)
	at org.springframework.web.filter.OncePerRequestFilter.doFilter(OncePerRequestFilter.java:119)
	at org.springframework.security.web.FilterChainProxy$VirtualFilterChain.doFilter(FilterChainProxy.java:334)
	at org.springframework.security.web.header.HeaderWriterFilter.doHeadersAfter(HeaderWriterFilter.java:92)
	at org.springframework.security.web.header.HeaderWriterFilter.doFilterInternal(HeaderWriterFilter.java:77)
	at org.springframework.web.filter.OncePerRequestFilter.doFilter(OncePerRequestFilter.java:119)
	at org.springframework.security.web.FilterChainProxy$VirtualFilterChain.doFilter(FilterChainProxy.java:334)
	at org.springframework.security.web.context.SecurityContextPersistenceFilter.doFilter(SecurityContextPersistenceFilter.java:105)
	at org.springframework.security.web.FilterChainProxy$VirtualFilterChain.doFilter(FilterChainProxy.java:334)
	at org.springframework.security.web.context.request.async.WebAsyncManagerIntegrationFilter.doFilterInternal(WebAsyncManagerIntegrationFilter.java:56)
	at org.springframework.web.filter.OncePerRequestFilter.doFilter(OncePerRequestFilter.java:119)
	at org.springframework.security.web.FilterChainProxy$VirtualFilterChain.doFilter(FilterChainProxy.java:334)
	at org.springframework.security.web.FilterChainProxy.doFilterInternal(FilterChainProxy.java:215)
	at org.springframework.security.web.FilterChainProxy.doFilter(FilterChainProxy.java:178)
	at org.springframework.web.filter.DelegatingFilterProxy.invokeDelegate(DelegatingFilterProxy.java:358)
	at org.springframework.web.filter.DelegatingFilterProxy.doFilter(DelegatingFilterProxy.java:271)
	at org.apache.catalina.core.ApplicationFilterChain.internalDoFilter(ApplicationFilterChain.java:193)
	at org.apache.catalina.core.ApplicationFilterChain.doFilter(ApplicationFilterChain.java:166)
	at org.springframework.web.filter.RequestContextFilter.doFilterInternal(RequestContextFilter.java:100)
	at org.springframework.web.filter.OncePerRequestFilter.doFilter(OncePerRequestFilter.java:119)
	at org.apache.catalina.core.ApplicationFilterChain.internalDoFilter(ApplicationFilterChain.java:193)
	at org.apache.catalina.core.ApplicationFilterChain.doFilter(ApplicationFilterChain.java:166)
	at org.springframework.web.filter.FormContentFilter.doFilterInternal(FormContentFilter.java:93)
	at org.springframework.web.filter.OncePerRequestFilter.doFilter(OncePerRequestFilter.java:119)
	at org.apache.catalina.core.ApplicationFilterChain.internalDoFilter(ApplicationFilterChain.java:193)
	at org.apache.catalina.core.ApplicationFilterChain.doFilter(ApplicationFilterChain.java:166)
	at org.springframework.web.filter.CharacterEncodingFilter.doFilterInternal(CharacterEncodingFilter.java:201)
	at org.springframework.web.filter.OncePerRequestFilter.doFilter(OncePerRequestFilter.java:119)
	at org.apache.catalina.core.ApplicationFilterChain.internalDoFilter(ApplicationFilterChain.java:193)
	at org.apache.catalina.core.ApplicationFilterChain.doFilter(ApplicationFilterChain.java:166)
	at org.apache.catalina.core.StandardWrapperValve.invoke(StandardWrapperValve.java:202)
	at org.apache.catalina.core.StandardContextValve.invoke(StandardContextValve.java:96)
	at org.apache.catalina.authenticator.AuthenticatorBase.invoke(AuthenticatorBase.java:526)
	at org.apache.catalina.core.StandardHostValve.invoke(StandardHostValve.java:139)
	at org.apache.catalina.valves.ErrorReportValve.invoke(ErrorReportValve.java:92)
	at org.apache.catalina.core.StandardEngineValve.invoke(StandardEngineValve.java:74)
	at org.apache.catalina.connector.CoyoteAdapter.service(CoyoteAdapter.java:343)
	at org.apache.coyote.http11.Http11Processor.service(Http11Processor.java:408)
	at org.apache.coyote.AbstractProcessorLight.process(AbstractProcessorLight.java:66)
	at org.apache.coyote.AbstractProtocol$ConnectionHandler.process(AbstractProtocol.java:861)
	at org.apache.tomcat.util.net.NioEndpoint$SocketProcessor.doRun(NioEndpoint.java:1579)
	at org.apache.tomcat.util.net.SocketProcessorBase.run(SocketProcessorBase.java:49)
	at java.util.concurrent.ThreadPoolExecutor.runWorker(ThreadPoolExecutor.java:1149)
	at java.util.concurrent.ThreadPoolExecutor$Worker.run(ThreadPoolExecutor.java:624)
	at org.apache.tomcat.util.threads.TaskThread$WrappingRunnable.run(TaskThread.java:61)
	at java.lang.Thread.run(Thread.java:748)
Caused by: org.apache.http.conn.HttpHostConnectException: Connect to 10.129.45.44:9000 [/10.129.45.44] failed: Connection refused: connect
	at org.apache.http.impl.conn.DefaultHttpClientConnectionOperator.connect(DefaultHttpClientConnectionOperator.java:156)
	at org.apache.http.impl.conn.PoolingHttpClientConnectionManager.connect(PoolingHttpClientConnectionManager.java:376)
	at org.apache.http.impl.execchain.MainClientExec.establishRoute(MainClientExec.java:393)
	at org.apache.http.impl.execchain.MainClientExec.execute(MainClientExec.java:236)
	at org.apache.http.impl.execchain.ProtocolExec.execute(ProtocolExec.java:186)
	at org.apache.http.impl.execchain.RetryExec.execute(RetryExec.java:89)
	at org.apache.http.impl.execchain.RedirectExec.execute(RedirectExec.java:110)
	at org.apache.http.impl.client.InternalHttpClient.doExecute(InternalHttpClient.java:185)
	at org.apache.http.impl.client.CloseableHttpClient.execute(CloseableHttpClient.java:83)
	at org.apache.http.impl.client.CloseableHttpClient.execute(CloseableHttpClient.java:56)
	at org.springframework.http.client.HttpComponentsClientHttpRequest.executeInternal(HttpComponentsClientHttpRequest.java:87)
	at org.springframework.http.client.AbstractBufferingClientHttpRequest.executeInternal(AbstractBufferingClientHttpRequest.java:48)
	at org.springframework.http.client.AbstractClientHttpRequest.execute(AbstractClientHttpRequest.java:53)
	at org.springframework.web.client.RestTemplate.doExecute(RestTemplate.java:742)
	... 106 common frames omitted
Caused by: java.net.ConnectException: Connection refused: connect
	at java.net.DualStackPlainSocketImpl.waitForConnect(Native Method)
	at java.net.DualStackPlainSocketImpl.socketConnect(DualStackPlainSocketImpl.java:85)
	at java.net.AbstractPlainSocketImpl.doConnect(AbstractPlainSocketImpl.java:350)
	at java.net.AbstractPlainSocketImpl.connectToAddress(AbstractPlainSocketImpl.java:206)
	at java.net.AbstractPlainSocketImpl.connect(AbstractPlainSocketImpl.java:188)
	at java.net.PlainSocketImpl.connect(PlainSocketImpl.java:172)
	at java.net.SocksSocketImpl.connect(SocksSocketImpl.java:392)
	at java.net.Socket.connect(Socket.java:589)
	at org.apache.http.conn.socket.PlainConnectionSocketFactory.connectSocket(PlainConnectionSocketFactory.java:75)
	at org.apache.http.impl.conn.DefaultHttpClientConnectionOperator.connect(DefaultHttpClientConnectionOperator.java:142)
	... 119 common frames omitted
2026-01-19 21:46:42.701 [taskScheduler-7] WARN  c.q.federated.service.FederatedCoordinatorService - Node 11 marked as inactive due to heartbeat timeout
2026-01-19 21:46:42.702 [taskScheduler-7] WARN  c.q.federated.service.FederatedCoordinatorService - Node 111 marked as inactive due to heartbeat timeout
2026-01-19 21:46:46.135 [http-nio-8081-exec-3] WARN  com.qczy.federated.flower.FlowerServerManager - Failed to query remote Flower status for job: a1b9dc08-f695-4378-9513-b96a3dcd7491
org.springframework.web.client.ResourceAccessException: I/O error on GET request for "http://10.129.45.44:9000/status": Connect to 10.129.45.44:9000 [/10.129.45.44] failed: Connection refused: connect; nested exception is org.apache.http.conn.HttpHostConnectException: Connect to 10.129.45.44:9000 [/10.129.45.44] failed: Connection refused: connect
	at org.springframework.web.client.RestTemplate.doExecute(RestTemplate.java:751)
	at org.springframework.web.client.RestTemplate.execute(RestTemplate.java:677)
	at org.springframework.web.client.RestTemplate.getForEntity(RestTemplate.java:345)
	at com.qczy.federated.flower.FlowerServerManager.isServerRunning(FlowerServerManager.java:99)
	at com.qczy.federated.service.FederatedCoordinatorService.deleteJob(FederatedCoordinatorService.java:498)
	at com.qczy.federated.service.FederatedCoordinatorService$$FastClassBySpringCGLIB$$15e232f6.invoke(<generated>)
	at org.springframework.cglib.proxy.MethodProxy.invoke(MethodProxy.java:218)
	at org.springframework.aop.framework.CglibAopProxy$CglibMethodInvocation.invokeJoinpoint(CglibAopProxy.java:769)
	at org.springframework.aop.framework.ReflectiveMethodInvocation.proceed(ReflectiveMethodInvocation.java:163)
	at org.springframework.aop.framework.CglibAopProxy$CglibMethodInvocation.proceed(CglibAopProxy.java:747)
	at org.springframework.transaction.interceptor.TransactionAspectSupport.invokeWithinTransaction(TransactionAspectSupport.java:366)
	at org.springframework.transaction.interceptor.TransactionInterceptor.invoke(TransactionInterceptor.java:99)
	at org.springframework.aop.framework.ReflectiveMethodInvocation.proceed(ReflectiveMethodInvocation.java:186)
	at org.springframework.aop.framework.CglibAopProxy$CglibMethodInvocation.proceed(CglibAopProxy.java:747)
	at org.springframework.aop.framework.CglibAopProxy$DynamicAdvisedInterceptor.intercept(CglibAopProxy.java:689)
	at com.qczy.federated.service.FederatedCoordinatorService$$EnhancerBySpringCGLIB$$68c3aa7a.deleteJob(<generated>)
	at com.qczy.federated.controller.FederatedController.deleteJob(FederatedController.java:97)
	at sun.reflect.NativeMethodAccessorImpl.invoke0(Native Method)
	at sun.reflect.NativeMethodAccessorImpl.invoke(NativeMethodAccessorImpl.java:62)
	at sun.reflect.DelegatingMethodAccessorImpl.invoke(DelegatingMethodAccessorImpl.java:43)
	at java.lang.reflect.Method.invoke(Method.java:498)
	at org.springframework.web.method.support.InvocableHandlerMethod.doInvoke(InvocableHandlerMethod.java:190)
	at org.springframework.web.method.support.InvocableHandlerMethod.invokeForRequest(InvocableHandlerMethod.java:138)
	at org.springframework.web.servlet.mvc.method.annotation.ServletInvocableHandlerMethod.invokeAndHandle(ServletInvocableHandlerMethod.java:106)
	at org.springframework.web.servlet.mvc.method.annotation.RequestMappingHandlerAdapter.invokeHandlerMethod(RequestMappingHandlerAdapter.java:888)
	at org.springframework.web.servlet.mvc.method.annotation.RequestMappingHandlerAdapter.handleInternal(RequestMappingHandlerAdapter.java:793)
	at org.springframework.web.servlet.mvc.method.AbstractHandlerMethodAdapter.handle(AbstractHandlerMethodAdapter.java:87)
	at org.springframework.web.servlet.DispatcherServlet.doDispatch(DispatcherServlet.java:1040)
	at org.springframework.web.servlet.DispatcherServlet.doService(DispatcherServlet.java:943)
	at org.springframework.web.servlet.FrameworkServlet.processRequest(FrameworkServlet.java:1006)
	at org.springframework.web.servlet.FrameworkServlet.doDelete(FrameworkServlet.java:931)
	at javax.servlet.http.HttpServlet.service(HttpServlet.java:666)
	at org.springframework.web.servlet.FrameworkServlet.service(FrameworkServlet.java:883)
	at javax.servlet.http.HttpServlet.service(HttpServlet.java:741)
	at org.apache.catalina.core.ApplicationFilterChain.internalDoFilter(ApplicationFilterChain.java:231)
	at org.apache.catalina.core.ApplicationFilterChain.doFilter(ApplicationFilterChain.java:166)
	at org.apache.tomcat.websocket.server.WsFilter.doFilter(WsFilter.java:53)
	at org.apache.catalina.core.ApplicationFilterChain.internalDoFilter(ApplicationFilterChain.java:193)
	at org.apache.catalina.core.ApplicationFilterChain.doFilter(ApplicationFilterChain.java:166)
	at org.springframework.web.filter.OncePerRequestFilter.doFilter(OncePerRequestFilter.java:113)
	at org.apache.catalina.core.ApplicationFilterChain.internalDoFilter(ApplicationFilterChain.java:193)
	at org.apache.catalina.core.ApplicationFilterChain.doFilter(ApplicationFilterChain.java:166)
	at org.springframework.security.web.FilterChainProxy$VirtualFilterChain.doFilter(FilterChainProxy.java:320)
	at org.springframework.security.web.access.intercept.FilterSecurityInterceptor.invoke(FilterSecurityInterceptor.java:126)
	at org.springframework.security.web.access.intercept.FilterSecurityInterceptor.doFilter(FilterSecurityInterceptor.java:90)
	at org.springframework.security.web.FilterChainProxy$VirtualFilterChain.doFilter(FilterChainProxy.java:334)
	at org.springframework.security.web.access.ExceptionTranslationFilter.doFilter(ExceptionTranslationFilter.java:118)
	at org.springframework.security.web.FilterChainProxy$VirtualFilterChain.doFilter(FilterChainProxy.java:334)
	at org.springframework.security.web.session.SessionManagementFilter.doFilter(SessionManagementFilter.java:137)
	at org.springframework.security.web.FilterChainProxy$VirtualFilterChain.doFilter(FilterChainProxy.java:334)
	at org.springframework.security.web.authentication.AnonymousAuthenticationFilter.doFilter(AnonymousAuthenticationFilter.java:111)
	at org.springframework.security.web.FilterChainProxy$VirtualFilterChain.doFilter(FilterChainProxy.java:334)
	at org.springframework.security.web.servletapi.SecurityContextHolderAwareRequestFilter.doFilter(SecurityContextHolderAwareRequestFilter.java:158)
	at org.springframework.security.web.FilterChainProxy$VirtualFilterChain.doFilter(FilterChainProxy.java:334)
	at org.springframework.security.web.savedrequest.RequestCacheAwareFilter.doFilter(RequestCacheAwareFilter.java:63)
	at org.springframework.security.web.FilterChainProxy$VirtualFilterChain.doFilter(FilterChainProxy.java:334)
	at com.qczy.filter.JwtAuthenticationTokenFilter.doFilterInternal(JwtAuthenticationTokenFilter.java:68)
	at org.springframework.web.filter.OncePerRequestFilter.doFilter(OncePerRequestFilter.java:119)
	at org.springframework.security.web.FilterChainProxy$VirtualFilterChain.doFilter(FilterChainProxy.java:334)
	at org.springframework.security.web.authentication.logout.LogoutFilter.doFilter(LogoutFilter.java:116)
	at org.springframework.security.web.FilterChainProxy$VirtualFilterChain.doFilter(FilterChainProxy.java:334)
	at org.springframework.web.filter.CorsFilter.doFilterInternal(CorsFilter.java:92)
	at org.springframework.web.filter.OncePerRequestFilter.doFilter(OncePerRequestFilter.java:119)
	at org.springframework.security.web.FilterChainProxy$VirtualFilterChain.doFilter(FilterChainProxy.java:334)
	at org.springframework.security.web.header.HeaderWriterFilter.doHeadersAfter(HeaderWriterFilter.java:92)
	at org.springframework.security.web.header.HeaderWriterFilter.doFilterInternal(HeaderWriterFilter.java:77)
	at org.springframework.web.filter.OncePerRequestFilter.doFilter(OncePerRequestFilter.java:119)
	at org.springframework.security.web.FilterChainProxy$VirtualFilterChain.doFilter(FilterChainProxy.java:334)
	at org.springframework.security.web.context.SecurityContextPersistenceFilter.doFilter(SecurityContextPersistenceFilter.java:105)
	at org.springframework.security.web.FilterChainProxy$VirtualFilterChain.doFilter(FilterChainProxy.java:334)
	at org.springframework.security.web.context.request.async.WebAsyncManagerIntegrationFilter.doFilterInternal(WebAsyncManagerIntegrationFilter.java:56)
	at org.springframework.web.filter.OncePerRequestFilter.doFilter(OncePerRequestFilter.java:119)
	at org.springframework.security.web.FilterChainProxy$VirtualFilterChain.doFilter(FilterChainProxy.java:334)
	at org.springframework.security.web.FilterChainProxy.doFilterInternal(FilterChainProxy.java:215)
	at org.springframework.security.web.FilterChainProxy.doFilter(FilterChainProxy.java:178)
	at org.springframework.web.filter.DelegatingFilterProxy.invokeDelegate(DelegatingFilterProxy.java:358)
	at org.springframework.web.filter.DelegatingFilterProxy.doFilter(DelegatingFilterProxy.java:271)
	at org.apache.catalina.core.ApplicationFilterChain.internalDoFilter(ApplicationFilterChain.java:193)
	at org.apache.catalina.core.ApplicationFilterChain.doFilter(ApplicationFilterChain.java:166)
	at org.springframework.web.filter.RequestContextFilter.doFilterInternal(RequestContextFilter.java:100)
	at org.springframework.web.filter.OncePerRequestFilter.doFilter(OncePerRequestFilter.java:119)
	at org.apache.catalina.core.ApplicationFilterChain.internalDoFilter(ApplicationFilterChain.java:193)
	at org.apache.catalina.core.ApplicationFilterChain.doFilter(ApplicationFilterChain.java:166)
	at org.springframework.web.filter.FormContentFilter.doFilterInternal(FormContentFilter.java:93)
	at org.springframework.web.filter.OncePerRequestFilter.doFilter(OncePerRequestFilter.java:119)
	at org.apache.catalina.core.ApplicationFilterChain.internalDoFilter(ApplicationFilterChain.java:193)
	at org.apache.catalina.core.ApplicationFilterChain.doFilter(ApplicationFilterChain.java:166)
	at org.springframework.web.filter.CharacterEncodingFilter.doFilterInternal(CharacterEncodingFilter.java:201)
	at org.springframework.web.filter.OncePerRequestFilter.doFilter(OncePerRequestFilter.java:119)
	at org.apache.catalina.core.ApplicationFilterChain.internalDoFilter(ApplicationFilterChain.java:193)
	at org.apache.catalina.core.ApplicationFilterChain.doFilter(ApplicationFilterChain.java:166)
	at org.apache.catalina.core.StandardWrapperValve.invoke(StandardWrapperValve.java:202)
	at org.apache.catalina.core.StandardContextValve.invoke(StandardContextValve.java:96)
	at org.apache.catalina.authenticator.AuthenticatorBase.invoke(AuthenticatorBase.java:526)
	at org.apache.catalina.core.StandardHostValve.invoke(StandardHostValve.java:139)
	at org.apache.catalina.valves.ErrorReportValve.invoke(ErrorReportValve.java:92)
	at org.apache.catalina.core.StandardEngineValve.invoke(StandardEngineValve.java:74)
	at org.apache.catalina.connector.CoyoteAdapter.service(CoyoteAdapter.java:343)
	at org.apache.coyote.http11.Http11Processor.service(Http11Processor.java:408)
	at org.apache.coyote.AbstractProcessorLight.process(AbstractProcessorLight.java:66)
	at org.apache.coyote.AbstractProtocol$ConnectionHandler.process(AbstractProtocol.java:861)
	at org.apache.tomcat.util.net.NioEndpoint$SocketProcessor.doRun(NioEndpoint.java:1579)
	at org.apache.tomcat.util.net.SocketProcessorBase.run(SocketProcessorBase.java:49)
	at java.util.concurrent.ThreadPoolExecutor.runWorker(ThreadPoolExecutor.java:1149)
	at java.util.concurrent.ThreadPoolExecutor$Worker.run(ThreadPoolExecutor.java:624)
	at org.apache.tomcat.util.threads.TaskThread$WrappingRunnable.run(TaskThread.java:61)
	at java.lang.Thread.run(Thread.java:748)
Caused by: org.apache.http.conn.HttpHostConnectException: Connect to 10.129.45.44:9000 [/10.129.45.44] failed: Connection refused: connect
	at org.apache.http.impl.conn.DefaultHttpClientConnectionOperator.connect(DefaultHttpClientConnectionOperator.java:156)
	at org.apache.http.impl.conn.PoolingHttpClientConnectionManager.connect(PoolingHttpClientConnectionManager.java:376)
	at org.apache.http.impl.execchain.MainClientExec.establishRoute(MainClientExec.java:393)
	at org.apache.http.impl.execchain.MainClientExec.execute(MainClientExec.java:236)
	at org.apache.http.impl.execchain.ProtocolExec.execute(ProtocolExec.java:186)
	at org.apache.http.impl.execchain.RetryExec.execute(RetryExec.java:89)
	at org.apache.http.impl.execchain.RedirectExec.execute(RedirectExec.java:110)
	at org.apache.http.impl.client.InternalHttpClient.doExecute(InternalHttpClient.java:185)
	at org.apache.http.impl.client.CloseableHttpClient.execute(CloseableHttpClient.java:83)
	at org.apache.http.impl.client.CloseableHttpClient.execute(CloseableHttpClient.java:56)
	at org.springframework.http.client.HttpComponentsClientHttpRequest.executeInternal(HttpComponentsClientHttpRequest.java:87)
	at org.springframework.http.client.AbstractBufferingClientHttpRequest.executeInternal(AbstractBufferingClientHttpRequest.java:48)
	at org.springframework.http.client.AbstractClientHttpRequest.execute(AbstractClientHttpRequest.java:53)
	at org.springframework.web.client.RestTemplate.doExecute(RestTemplate.java:742)
	... 106 common frames omitted
Caused by: java.net.ConnectException: Connection refused: connect
	at java.net.DualStackPlainSocketImpl.waitForConnect(Native Method)
	at java.net.DualStackPlainSocketImpl.socketConnect(DualStackPlainSocketImpl.java:85)
	at java.net.AbstractPlainSocketImpl.doConnect(AbstractPlainSocketImpl.java:350)
	at java.net.AbstractPlainSocketImpl.connectToAddress(AbstractPlainSocketImpl.java:206)
	at java.net.AbstractPlainSocketImpl.connect(AbstractPlainSocketImpl.java:188)
	at java.net.PlainSocketImpl.connect(PlainSocketImpl.java:172)
	at java.net.SocksSocketImpl.connect(SocksSocketImpl.java:392)
	at java.net.Socket.connect(Socket.java:589)
	at org.apache.http.conn.socket.PlainConnectionSocketFactory.connectSocket(PlainConnectionSocketFactory.java:75)
	at org.apache.http.impl.conn.DefaultHttpClientConnectionOperator.connect(DefaultHttpClientConnectionOperator.java:142)
	... 119 common frames omitted
2026-01-19 21:46:47.720 [taskScheduler-7] WARN  c.q.federated.service.FederatedCoordinatorService - Node 11 marked as inactive due to heartbeat timeout
2026-01-19 21:46:47.721 [taskScheduler-7] WARN  c.q.federated.service.FederatedCoordinatorService - Node 111 marked as inactive due to heartbeat timeout
2026-01-19 21:46:50.203 [http-nio-8081-exec-5] WARN  com.qczy.federated.flower.FlowerServerManager - Failed to query remote Flower status for job: 63505037-0761-4689-bb5f-3e537ee1b933
org.springframework.web.client.ResourceAccessException: I/O error on GET request for "http://10.129.45.44:9000/status": Connect to 10.129.45.44:9000 [/10.129.45.44] failed: Connection refused: connect; nested exception is org.apache.http.conn.HttpHostConnectException: Connect to 10.129.45.44:9000 [/10.129.45.44] failed: Connection refused: connect
	at org.springframework.web.client.RestTemplate.doExecute(RestTemplate.java:751)
	at org.springframework.web.client.RestTemplate.execute(RestTemplate.java:677)
	at org.springframework.web.client.RestTemplate.getForEntity(RestTemplate.java:345)
	at com.qczy.federated.flower.FlowerServerManager.isServerRunning(FlowerServerManager.java:99)
	at com.qczy.federated.service.FederatedCoordinatorService.deleteJob(FederatedCoordinatorService.java:498)
	at com.qczy.federated.service.FederatedCoordinatorService$$FastClassBySpringCGLIB$$15e232f6.invoke(<generated>)
	at org.springframework.cglib.proxy.MethodProxy.invoke(MethodProxy.java:218)
	at org.springframework.aop.framework.CglibAopProxy$CglibMethodInvocation.invokeJoinpoint(CglibAopProxy.java:769)
	at org.springframework.aop.framework.ReflectiveMethodInvocation.proceed(ReflectiveMethodInvocation.java:163)
	at org.springframework.aop.framework.CglibAopProxy$CglibMethodInvocation.proceed(CglibAopProxy.java:747)
	at org.springframework.transaction.interceptor.TransactionAspectSupport.invokeWithinTransaction(TransactionAspectSupport.java:366)
	at org.springframework.transaction.interceptor.TransactionInterceptor.invoke(TransactionInterceptor.java:99)
	at org.springframework.aop.framework.ReflectiveMethodInvocation.proceed(ReflectiveMethodInvocation.java:186)
	at org.springframework.aop.framework.CglibAopProxy$CglibMethodInvocation.proceed(CglibAopProxy.java:747)
	at org.springframework.aop.framework.CglibAopProxy$DynamicAdvisedInterceptor.intercept(CglibAopProxy.java:689)
	at com.qczy.federated.service.FederatedCoordinatorService$$EnhancerBySpringCGLIB$$68c3aa7a.deleteJob(<generated>)
	at com.qczy.federated.controller.FederatedController.deleteJob(FederatedController.java:97)
	at sun.reflect.NativeMethodAccessorImpl.invoke0(Native Method)
	at sun.reflect.NativeMethodAccessorImpl.invoke(NativeMethodAccessorImpl.java:62)
	at sun.reflect.DelegatingMethodAccessorImpl.invoke(DelegatingMethodAccessorImpl.java:43)
	at java.lang.reflect.Method.invoke(Method.java:498)
	at org.springframework.web.method.support.InvocableHandlerMethod.doInvoke(InvocableHandlerMethod.java:190)
	at org.springframework.web.method.support.InvocableHandlerMethod.invokeForRequest(InvocableHandlerMethod.java:138)
	at org.springframework.web.servlet.mvc.method.annotation.ServletInvocableHandlerMethod.invokeAndHandle(ServletInvocableHandlerMethod.java:106)
	at org.springframework.web.servlet.mvc.method.annotation.RequestMappingHandlerAdapter.invokeHandlerMethod(RequestMappingHandlerAdapter.java:888)
	at org.springframework.web.servlet.mvc.method.annotation.RequestMappingHandlerAdapter.handleInternal(RequestMappingHandlerAdapter.java:793)
	at org.springframework.web.servlet.mvc.method.AbstractHandlerMethodAdapter.handle(AbstractHandlerMethodAdapter.java:87)
	at org.springframework.web.servlet.DispatcherServlet.doDispatch(DispatcherServlet.java:1040)
	at org.springframework.web.servlet.DispatcherServlet.doService(DispatcherServlet.java:943)
	at org.springframework.web.servlet.FrameworkServlet.processRequest(FrameworkServlet.java:1006)
	at org.springframework.web.servlet.FrameworkServlet.doDelete(FrameworkServlet.java:931)
	at javax.servlet.http.HttpServlet.service(HttpServlet.java:666)
	at org.springframework.web.servlet.FrameworkServlet.service(FrameworkServlet.java:883)
	at javax.servlet.http.HttpServlet.service(HttpServlet.java:741)
	at org.apache.catalina.core.ApplicationFilterChain.internalDoFilter(ApplicationFilterChain.java:231)
	at org.apache.catalina.core.ApplicationFilterChain.doFilter(ApplicationFilterChain.java:166)
	at org.apache.tomcat.websocket.server.WsFilter.doFilter(WsFilter.java:53)
	at org.apache.catalina.core.ApplicationFilterChain.internalDoFilter(ApplicationFilterChain.java:193)
	at org.apache.catalina.core.ApplicationFilterChain.doFilter(ApplicationFilterChain.java:166)
	at org.springframework.web.filter.OncePerRequestFilter.doFilter(OncePerRequestFilter.java:113)
	at org.apache.catalina.core.ApplicationFilterChain.internalDoFilter(ApplicationFilterChain.java:193)
	at org.apache.catalina.core.ApplicationFilterChain.doFilter(ApplicationFilterChain.java:166)
	at org.springframework.security.web.FilterChainProxy$VirtualFilterChain.doFilter(FilterChainProxy.java:320)
	at org.springframework.security.web.access.intercept.FilterSecurityInterceptor.invoke(FilterSecurityInterceptor.java:126)
	at org.springframework.security.web.access.intercept.FilterSecurityInterceptor.doFilter(FilterSecurityInterceptor.java:90)
	at org.springframework.security.web.FilterChainProxy$VirtualFilterChain.doFilter(FilterChainProxy.java:334)
	at org.springframework.security.web.access.ExceptionTranslationFilter.doFilter(ExceptionTranslationFilter.java:118)
	at org.springframework.security.web.FilterChainProxy$VirtualFilterChain.doFilter(FilterChainProxy.java:334)
	at org.springframework.security.web.session.SessionManagementFilter.doFilter(SessionManagementFilter.java:137)
	at org.springframework.security.web.FilterChainProxy$VirtualFilterChain.doFilter(FilterChainProxy.java:334)
	at org.springframework.security.web.authentication.AnonymousAuthenticationFilter.doFilter(AnonymousAuthenticationFilter.java:111)
	at org.springframework.security.web.FilterChainProxy$VirtualFilterChain.doFilter(FilterChainProxy.java:334)
	at org.springframework.security.web.servletapi.SecurityContextHolderAwareRequestFilter.doFilter(SecurityContextHolderAwareRequestFilter.java:158)
	at org.springframework.security.web.FilterChainProxy$VirtualFilterChain.doFilter(FilterChainProxy.java:334)
	at org.springframework.security.web.savedrequest.RequestCacheAwareFilter.doFilter(RequestCacheAwareFilter.java:63)
	at org.springframework.security.web.FilterChainProxy$VirtualFilterChain.doFilter(FilterChainProxy.java:334)
	at com.qczy.filter.JwtAuthenticationTokenFilter.doFilterInternal(JwtAuthenticationTokenFilter.java:68)
	at org.springframework.web.filter.OncePerRequestFilter.doFilter(OncePerRequestFilter.java:119)
	at org.springframework.security.web.FilterChainProxy$VirtualFilterChain.doFilter(FilterChainProxy.java:334)
	at org.springframework.security.web.authentication.logout.LogoutFilter.doFilter(LogoutFilter.java:116)
	at org.springframework.security.web.FilterChainProxy$VirtualFilterChain.doFilter(FilterChainProxy.java:334)
	at org.springframework.web.filter.CorsFilter.doFilterInternal(CorsFilter.java:92)
	at org.springframework.web.filter.OncePerRequestFilter.doFilter(OncePerRequestFilter.java:119)
	at org.springframework.security.web.FilterChainProxy$VirtualFilterChain.doFilter(FilterChainProxy.java:334)
	at org.springframework.security.web.header.HeaderWriterFilter.doHeadersAfter(HeaderWriterFilter.java:92)
	at org.springframework.security.web.header.HeaderWriterFilter.doFilterInternal(HeaderWriterFilter.java:77)
	at org.springframework.web.filter.OncePerRequestFilter.doFilter(OncePerRequestFilter.java:119)
	at org.springframework.security.web.FilterChainProxy$VirtualFilterChain.doFilter(FilterChainProxy.java:334)
	at org.springframework.security.web.context.SecurityContextPersistenceFilter.doFilter(SecurityContextPersistenceFilter.java:105)
	at org.springframework.security.web.FilterChainProxy$VirtualFilterChain.doFilter(FilterChainProxy.java:334)
	at org.springframework.security.web.context.request.async.WebAsyncManagerIntegrationFilter.doFilterInternal(WebAsyncManagerIntegrationFilter.java:56)
	at org.springframework.web.filter.OncePerRequestFilter.doFilter(OncePerRequestFilter.java:119)
	at org.springframework.security.web.FilterChainProxy$VirtualFilterChain.doFilter(FilterChainProxy.java:334)
	at org.springframework.security.web.FilterChainProxy.doFilterInternal(FilterChainProxy.java:215)
	at org.springframework.security.web.FilterChainProxy.doFilter(FilterChainProxy.java:178)
	at org.springframework.web.filter.DelegatingFilterProxy.invokeDelegate(DelegatingFilterProxy.java:358)
	at org.springframework.web.filter.DelegatingFilterProxy.doFilter(DelegatingFilterProxy.java:271)
	at org.apache.catalina.core.ApplicationFilterChain.internalDoFilter(ApplicationFilterChain.java:193)
	at org.apache.catalina.core.ApplicationFilterChain.doFilter(ApplicationFilterChain.java:166)
	at org.springframework.web.filter.RequestContextFilter.doFilterInternal(RequestContextFilter.java:100)
	at org.springframework.web.filter.OncePerRequestFilter.doFilter(OncePerRequestFilter.java:119)
	at org.apache.catalina.core.ApplicationFilterChain.internalDoFilter(ApplicationFilterChain.java:193)
	at org.apache.catalina.core.ApplicationFilterChain.doFilter(ApplicationFilterChain.java:166)
	at org.springframework.web.filter.FormContentFilter.doFilterInternal(FormContentFilter.java:93)
	at org.springframework.web.filter.OncePerRequestFilter.doFilter(OncePerRequestFilter.java:119)
	at org.apache.catalina.core.ApplicationFilterChain.internalDoFilter(ApplicationFilterChain.java:193)
	at org.apache.catalina.core.ApplicationFilterChain.doFilter(ApplicationFilterChain.java:166)
	at org.springframework.web.filter.CharacterEncodingFilter.doFilterInternal(CharacterEncodingFilter.java:201)
	at org.springframework.web.filter.OncePerRequestFilter.doFilter(OncePerRequestFilter.java:119)
	at org.apache.catalina.core.ApplicationFilterChain.internalDoFilter(ApplicationFilterChain.java:193)
	at org.apache.catalina.core.ApplicationFilterChain.doFilter(ApplicationFilterChain.java:166)
	at org.apache.catalina.core.StandardWrapperValve.invoke(StandardWrapperValve.java:202)
	at org.apache.catalina.core.StandardContextValve.invoke(StandardContextValve.java:96)
	at org.apache.catalina.authenticator.AuthenticatorBase.invoke(AuthenticatorBase.java:526)
	at org.apache.catalina.core.StandardHostValve.invoke(StandardHostValve.java:139)
	at org.apache.catalina.valves.ErrorReportValve.invoke(ErrorReportValve.java:92)
	at org.apache.catalina.core.StandardEngineValve.invoke(StandardEngineValve.java:74)
	at org.apache.catalina.connector.CoyoteAdapter.service(CoyoteAdapter.java:343)
	at org.apache.coyote.http11.Http11Processor.service(Http11Processor.java:408)
	at org.apache.coyote.AbstractProcessorLight.process(AbstractProcessorLight.java:66)
	at org.apache.coyote.AbstractProtocol$ConnectionHandler.process(AbstractProtocol.java:861)
	at org.apache.tomcat.util.net.NioEndpoint$SocketProcessor.doRun(NioEndpoint.java:1579)
	at org.apache.tomcat.util.net.SocketProcessorBase.run(SocketProcessorBase.java:49)
	at java.util.concurrent.ThreadPoolExecutor.runWorker(ThreadPoolExecutor.java:1149)
	at java.util.concurrent.ThreadPoolExecutor$Worker.run(ThreadPoolExecutor.java:624)
	at org.apache.tomcat.util.threads.TaskThread$WrappingRunnable.run(TaskThread.java:61)
	at java.lang.Thread.run(Thread.java:748)
Caused by: org.apache.http.conn.HttpHostConnectException: Connect to 10.129.45.44:9000 [/10.129.45.44] failed: Connection refused: connect
	at org.apache.http.impl.conn.DefaultHttpClientConnectionOperator.connect(DefaultHttpClientConnectionOperator.java:156)
	at org.apache.http.impl.conn.PoolingHttpClientConnectionManager.connect(PoolingHttpClientConnectionManager.java:376)
	at org.apache.http.impl.execchain.MainClientExec.establishRoute(MainClientExec.java:393)
	at org.apache.http.impl.execchain.MainClientExec.execute(MainClientExec.java:236)
	at org.apache.http.impl.execchain.ProtocolExec.execute(ProtocolExec.java:186)
	at org.apache.http.impl.execchain.RetryExec.execute(RetryExec.java:89)
	at org.apache.http.impl.execchain.RedirectExec.execute(RedirectExec.java:110)
	at org.apache.http.impl.client.InternalHttpClient.doExecute(InternalHttpClient.java:185)
	at org.apache.http.impl.client.CloseableHttpClient.execute(CloseableHttpClient.java:83)
	at org.apache.http.impl.client.CloseableHttpClient.execute(CloseableHttpClient.java:56)
	at org.springframework.http.client.HttpComponentsClientHttpRequest.executeInternal(HttpComponentsClientHttpRequest.java:87)
	at org.springframework.http.client.AbstractBufferingClientHttpRequest.executeInternal(AbstractBufferingClientHttpRequest.java:48)
	at org.springframework.http.client.AbstractClientHttpRequest.execute(AbstractClientHttpRequest.java:53)
	at org.springframework.web.client.RestTemplate.doExecute(RestTemplate.java:742)
	... 106 common frames omitted
Caused by: java.net.ConnectException: Connection refused: connect
	at java.net.DualStackPlainSocketImpl.waitForConnect(Native Method)
	at java.net.DualStackPlainSocketImpl.socketConnect(DualStackPlainSocketImpl.java:85)
	at java.net.AbstractPlainSocketImpl.doConnect(AbstractPlainSocketImpl.java:350)
	at java.net.AbstractPlainSocketImpl.connectToAddress(AbstractPlainSocketImpl.java:206)
	at java.net.AbstractPlainSocketImpl.connect(AbstractPlainSocketImpl.java:188)
	at java.net.PlainSocketImpl.connect(PlainSocketImpl.java:172)
	at java.net.SocksSocketImpl.connect(SocksSocketImpl.java:392)
	at java.net.Socket.connect(Socket.java:589)
	at org.apache.http.conn.socket.PlainConnectionSocketFactory.connectSocket(PlainConnectionSocketFactory.java:75)
	at org.apache.http.impl.conn.DefaultHttpClientConnectionOperator.connect(DefaultHttpClientConnectionOperator.java:142)
	... 119 common frames omitted
2026-01-19 21:46:52.735 [taskScheduler-7] WARN  c.q.federated.service.FederatedCoordinatorService - Node 11 marked as inactive due to heartbeat timeout
2026-01-19 21:46:52.736 [taskScheduler-7] WARN  c.q.federated.service.FederatedCoordinatorService - Node 111 marked as inactive due to heartbeat timeout
2026-01-19 21:46:55.410 [http-nio-8081-exec-10] WARN  com.qczy.federated.flower.FlowerServerManager - Failed to query remote Flower status for job: 9cb410ef-8e24-4982-87ad-c7a4215631ae
org.springframework.web.client.ResourceAccessException: I/O error on GET request for "http://10.129.45.44:9000/status": Connect to 10.129.45.44:9000 [/10.129.45.44] failed: Connection refused: connect; nested exception is org.apache.http.conn.HttpHostConnectException: Connect to 10.129.45.44:9000 [/10.129.45.44] failed: Connection refused: connect
	at org.springframework.web.client.RestTemplate.doExecute(RestTemplate.java:751)
	at org.springframework.web.client.RestTemplate.execute(RestTemplate.java:677)
	at org.springframework.web.client.RestTemplate.getForEntity(RestTemplate.java:345)
	at com.qczy.federated.flower.FlowerServerManager.isServerRunning(FlowerServerManager.java:99)
	at com.qczy.federated.service.FederatedCoordinatorService.deleteJob(FederatedCoordinatorService.java:498)
	at com.qczy.federated.service.FederatedCoordinatorService$$FastClassBySpringCGLIB$$15e232f6.invoke(<generated>)
	at org.springframework.cglib.proxy.MethodProxy.invoke(MethodProxy.java:218)
	at org.springframework.aop.framework.CglibAopProxy$CglibMethodInvocation.invokeJoinpoint(CglibAopProxy.java:769)
	at org.springframework.aop.framework.ReflectiveMethodInvocation.proceed(ReflectiveMethodInvocation.java:163)
	at org.springframework.aop.framework.CglibAopProxy$CglibMethodInvocation.proceed(CglibAopProxy.java:747)
	at org.springframework.transaction.interceptor.TransactionAspectSupport.invokeWithinTransaction(TransactionAspectSupport.java:366)
	at org.springframework.transaction.interceptor.TransactionInterceptor.invoke(TransactionInterceptor.java:99)
	at org.springframework.aop.framework.ReflectiveMethodInvocation.proceed(ReflectiveMethodInvocation.java:186)
	at org.springframework.aop.framework.CglibAopProxy$CglibMethodInvocation.proceed(CglibAopProxy.java:747)
	at org.springframework.aop.framework.CglibAopProxy$DynamicAdvisedInterceptor.intercept(CglibAopProxy.java:689)
	at com.qczy.federated.service.FederatedCoordinatorService$$EnhancerBySpringCGLIB$$68c3aa7a.deleteJob(<generated>)
	at com.qczy.federated.controller.FederatedController.deleteJob(FederatedController.java:97)
	at sun.reflect.NativeMethodAccessorImpl.invoke0(Native Method)
	at sun.reflect.NativeMethodAccessorImpl.invoke(NativeMethodAccessorImpl.java:62)
	at sun.reflect.DelegatingMethodAccessorImpl.invoke(DelegatingMethodAccessorImpl.java:43)
	at java.lang.reflect.Method.invoke(Method.java:498)
	at org.springframework.web.method.support.InvocableHandlerMethod.doInvoke(InvocableHandlerMethod.java:190)
	at org.springframework.web.method.support.InvocableHandlerMethod.invokeForRequest(InvocableHandlerMethod.java:138)
	at org.springframework.web.servlet.mvc.method.annotation.ServletInvocableHandlerMethod.invokeAndHandle(ServletInvocableHandlerMethod.java:106)
	at org.springframework.web.servlet.mvc.method.annotation.RequestMappingHandlerAdapter.invokeHandlerMethod(RequestMappingHandlerAdapter.java:888)
	at org.springframework.web.servlet.mvc.method.annotation.RequestMappingHandlerAdapter.handleInternal(RequestMappingHandlerAdapter.java:793)
	at org.springframework.web.servlet.mvc.method.AbstractHandlerMethodAdapter.handle(AbstractHandlerMethodAdapter.java:87)
	at org.springframework.web.servlet.DispatcherServlet.doDispatch(DispatcherServlet.java:1040)
	at org.springframework.web.servlet.DispatcherServlet.doService(DispatcherServlet.java:943)
	at org.springframework.web.servlet.FrameworkServlet.processRequest(FrameworkServlet.java:1006)
	at org.springframework.web.servlet.FrameworkServlet.doDelete(FrameworkServlet.java:931)
	at javax.servlet.http.HttpServlet.service(HttpServlet.java:666)
	at org.springframework.web.servlet.FrameworkServlet.service(FrameworkServlet.java:883)
	at javax.servlet.http.HttpServlet.service(HttpServlet.java:741)
	at org.apache.catalina.core.ApplicationFilterChain.internalDoFilter(ApplicationFilterChain.java:231)
	at org.apache.catalina.core.ApplicationFilterChain.doFilter(ApplicationFilterChain.java:166)
	at org.apache.tomcat.websocket.server.WsFilter.doFilter(WsFilter.java:53)
	at org.apache.catalina.core.ApplicationFilterChain.internalDoFilter(ApplicationFilterChain.java:193)
	at org.apache.catalina.core.ApplicationFilterChain.doFilter(ApplicationFilterChain.java:166)
	at org.springframework.web.filter.OncePerRequestFilter.doFilter(OncePerRequestFilter.java:113)
	at org.apache.catalina.core.ApplicationFilterChain.internalDoFilter(ApplicationFilterChain.java:193)
	at org.apache.catalina.core.ApplicationFilterChain.doFilter(ApplicationFilterChain.java:166)
	at org.springframework.security.web.FilterChainProxy$VirtualFilterChain.doFilter(FilterChainProxy.java:320)
	at org.springframework.security.web.access.intercept.FilterSecurityInterceptor.invoke(FilterSecurityInterceptor.java:126)
	at org.springframework.security.web.access.intercept.FilterSecurityInterceptor.doFilter(FilterSecurityInterceptor.java:90)
	at org.springframework.security.web.FilterChainProxy$VirtualFilterChain.doFilter(FilterChainProxy.java:334)
	at org.springframework.security.web.access.ExceptionTranslationFilter.doFilter(ExceptionTranslationFilter.java:118)
	at org.springframework.security.web.FilterChainProxy$VirtualFilterChain.doFilter(FilterChainProxy.java:334)
	at org.springframework.security.web.session.SessionManagementFilter.doFilter(SessionManagementFilter.java:137)
	at org.springframework.security.web.FilterChainProxy$VirtualFilterChain.doFilter(FilterChainProxy.java:334)
	at org.springframework.security.web.authentication.AnonymousAuthenticationFilter.doFilter(AnonymousAuthenticationFilter.java:111)
	at org.springframework.security.web.FilterChainProxy$VirtualFilterChain.doFilter(FilterChainProxy.java:334)
	at org.springframework.security.web.servletapi.SecurityContextHolderAwareRequestFilter.doFilter(SecurityContextHolderAwareRequestFilter.java:158)
	at org.springframework.security.web.FilterChainProxy$VirtualFilterChain.doFilter(FilterChainProxy.java:334)
	at org.springframework.security.web.savedrequest.RequestCacheAwareFilter.doFilter(RequestCacheAwareFilter.java:63)
	at org.springframework.security.web.FilterChainProxy$VirtualFilterChain.doFilter(FilterChainProxy.java:334)
	at com.qczy.filter.JwtAuthenticationTokenFilter.doFilterInternal(JwtAuthenticationTokenFilter.java:68)
	at org.springframework.web.filter.OncePerRequestFilter.doFilter(OncePerRequestFilter.java:119)
	at org.springframework.security.web.FilterChainProxy$VirtualFilterChain.doFilter(FilterChainProxy.java:334)
	at org.springframework.security.web.authentication.logout.LogoutFilter.doFilter(LogoutFilter.java:116)
	at org.springframework.security.web.FilterChainProxy$VirtualFilterChain.doFilter(FilterChainProxy.java:334)
	at org.springframework.web.filter.CorsFilter.doFilterInternal(CorsFilter.java:92)
	at org.springframework.web.filter.OncePerRequestFilter.doFilter(OncePerRequestFilter.java:119)
	at org.springframework.security.web.FilterChainProxy$VirtualFilterChain.doFilter(FilterChainProxy.java:334)
	at org.springframework.security.web.header.HeaderWriterFilter.doHeadersAfter(HeaderWriterFilter.java:92)
	at org.springframework.security.web.header.HeaderWriterFilter.doFilterInternal(HeaderWriterFilter.java:77)
	at org.springframework.web.filter.OncePerRequestFilter.doFilter(OncePerRequestFilter.java:119)
	at org.springframework.security.web.FilterChainProxy$VirtualFilterChain.doFilter(FilterChainProxy.java:334)
	at org.springframework.security.web.context.SecurityContextPersistenceFilter.doFilter(SecurityContextPersistenceFilter.java:105)
	at org.springframework.security.web.FilterChainProxy$VirtualFilterChain.doFilter(FilterChainProxy.java:334)
	at org.springframework.security.web.context.request.async.WebAsyncManagerIntegrationFilter.doFilterInternal(WebAsyncManagerIntegrationFilter.java:56)
	at org.springframework.web.filter.OncePerRequestFilter.doFilter(OncePerRequestFilter.java:119)
	at org.springframework.security.web.FilterChainProxy$VirtualFilterChain.doFilter(FilterChainProxy.java:334)
	at org.springframework.security.web.FilterChainProxy.doFilterInternal(FilterChainProxy.java:215)
	at org.springframework.security.web.FilterChainProxy.doFilter(FilterChainProxy.java:178)
	at org.springframework.web.filter.DelegatingFilterProxy.invokeDelegate(DelegatingFilterProxy.java:358)
	at org.springframework.web.filter.DelegatingFilterProxy.doFilter(DelegatingFilterProxy.java:271)
	at org.apache.catalina.core.ApplicationFilterChain.internalDoFilter(ApplicationFilterChain.java:193)
	at org.apache.catalina.core.ApplicationFilterChain.doFilter(ApplicationFilterChain.java:166)
	at org.springframework.web.filter.RequestContextFilter.doFilterInternal(RequestContextFilter.java:100)
	at org.springframework.web.filter.OncePerRequestFilter.doFilter(OncePerRequestFilter.java:119)
	at org.apache.catalina.core.ApplicationFilterChain.internalDoFilter(ApplicationFilterChain.java:193)
	at org.apache.catalina.core.ApplicationFilterChain.doFilter(ApplicationFilterChain.java:166)
	at org.springframework.web.filter.FormContentFilter.doFilterInternal(FormContentFilter.java:93)
	at org.springframework.web.filter.OncePerRequestFilter.doFilter(OncePerRequestFilter.java:119)
	at org.apache.catalina.core.ApplicationFilterChain.internalDoFilter(ApplicationFilterChain.java:193)
	at org.apache.catalina.core.ApplicationFilterChain.doFilter(ApplicationFilterChain.java:166)
	at org.springframework.web.filter.CharacterEncodingFilter.doFilterInternal(CharacterEncodingFilter.java:201)
	at org.springframework.web.filter.OncePerRequestFilter.doFilter(OncePerRequestFilter.java:119)
	at org.apache.catalina.core.ApplicationFilterChain.internalDoFilter(ApplicationFilterChain.java:193)
	at org.apache.catalina.core.ApplicationFilterChain.doFilter(ApplicationFilterChain.java:166)
	at org.apache.catalina.core.StandardWrapperValve.invoke(StandardWrapperValve.java:202)
	at org.apache.catalina.core.StandardContextValve.invoke(StandardContextValve.java:96)
	at org.apache.catalina.authenticator.AuthenticatorBase.invoke(AuthenticatorBase.java:526)
	at org.apache.catalina.core.StandardHostValve.invoke(StandardHostValve.java:139)
	at org.apache.catalina.valves.ErrorReportValve.invoke(ErrorReportValve.java:92)
	at org.apache.catalina.core.StandardEngineValve.invoke(StandardEngineValve.java:74)
	at org.apache.catalina.connector.CoyoteAdapter.service(CoyoteAdapter.java:343)
	at org.apache.coyote.http11.Http11Processor.service(Http11Processor.java:408)
	at org.apache.coyote.AbstractProcessorLight.process(AbstractProcessorLight.java:66)
	at org.apache.coyote.AbstractProtocol$ConnectionHandler.process(AbstractProtocol.java:861)
	at org.apache.tomcat.util.net.NioEndpoint$SocketProcessor.doRun(NioEndpoint.java:1579)
	at org.apache.tomcat.util.net.SocketProcessorBase.run(SocketProcessorBase.java:49)
	at java.util.concurrent.ThreadPoolExecutor.runWorker(ThreadPoolExecutor.java:1149)
	at java.util.concurrent.ThreadPoolExecutor$Worker.run(ThreadPoolExecutor.java:624)
	at org.apache.tomcat.util.threads.TaskThread$WrappingRunnable.run(TaskThread.java:61)
	at java.lang.Thread.run(Thread.java:748)
Caused by: org.apache.http.conn.HttpHostConnectException: Connect to 10.129.45.44:9000 [/10.129.45.44] failed: Connection refused: connect
	at org.apache.http.impl.conn.DefaultHttpClientConnectionOperator.connect(DefaultHttpClientConnectionOperator.java:156)
	at org.apache.http.impl.conn.PoolingHttpClientConnectionManager.connect(PoolingHttpClientConnectionManager.java:376)
	at org.apache.http.impl.execchain.MainClientExec.establishRoute(MainClientExec.java:393)
	at org.apache.http.impl.execchain.MainClientExec.execute(MainClientExec.java:236)
	at org.apache.http.impl.execchain.ProtocolExec.execute(ProtocolExec.java:186)
	at org.apache.http.impl.execchain.RetryExec.execute(RetryExec.java:89)
	at org.apache.http.impl.execchain.RedirectExec.execute(RedirectExec.java:110)
	at org.apache.http.impl.client.InternalHttpClient.doExecute(InternalHttpClient.java:185)
	at org.apache.http.impl.client.CloseableHttpClient.execute(CloseableHttpClient.java:83)
	at org.apache.http.impl.client.CloseableHttpClient.execute(CloseableHttpClient.java:56)
	at org.springframework.http.client.HttpComponentsClientHttpRequest.executeInternal(HttpComponentsClientHttpRequest.java:87)
	at org.springframework.http.client.AbstractBufferingClientHttpRequest.executeInternal(AbstractBufferingClientHttpRequest.java:48)
	at org.springframework.http.client.AbstractClientHttpRequest.execute(AbstractClientHttpRequest.java:53)
	at org.springframework.web.client.RestTemplate.doExecute(RestTemplate.java:742)
	... 106 common frames omitted
Caused by: java.net.ConnectException: Connection refused: connect
	at java.net.DualStackPlainSocketImpl.waitForConnect(Native Method)
	at java.net.DualStackPlainSocketImpl.socketConnect(DualStackPlainSocketImpl.java:85)
	at java.net.AbstractPlainSocketImpl.doConnect(AbstractPlainSocketImpl.java:350)
	at java.net.AbstractPlainSocketImpl.connectToAddress(AbstractPlainSocketImpl.java:206)
	at java.net.AbstractPlainSocketImpl.connect(AbstractPlainSocketImpl.java:188)
	at java.net.PlainSocketImpl.connect(PlainSocketImpl.java:172)
	at java.net.SocksSocketImpl.connect(SocksSocketImpl.java:392)
	at java.net.Socket.connect(Socket.java:589)
	at org.apache.http.conn.socket.PlainConnectionSocketFactory.connectSocket(PlainConnectionSocketFactory.java:75)
	at org.apache.http.impl.conn.DefaultHttpClientConnectionOperator.connect(DefaultHttpClientConnectionOperator.java:142)
	... 119 common frames omitted
2026-01-19 21:46:57.754 [taskScheduler-7] WARN  c.q.federated.service.FederatedCoordinatorService - Node 11 marked as inactive due to heartbeat timeout
2026-01-19 21:46:57.754 [taskScheduler-7] WARN  c.q.federated.service.FederatedCoordinatorService - Node 111 marked as inactive due to heartbeat timeout
2026-01-19 21:47:02.759 [taskScheduler-7] WARN  c.q.federated.service.FederatedCoordinatorService - Node 11 marked as inactive due to heartbeat timeout
2026-01-19 21:47:02.760 [taskScheduler-7] WARN  c.q.federated.service.FederatedCoordinatorService - Node 111 marked as inactive due to heartbeat timeout
