2026-01-14 19:08:39.449 [background-preinit] WARN  o.s.h.converter.json.Jackson2ObjectMapperBuilder - For Jackson Kotlin classes support please add "com.fasterxml.jackson.module:jackson-module-kotlin" to the classpath
2026-01-14 19:08:54.834 [main] WARN  c.b.mybatisplus.core.metadata.TableInfoHelper - Can not find table primary key in Class: "com.qczy.model.entity.OperLogEntity".
2026-01-14 19:08:58.321 [main] WARN  c.b.mybatisplus.core.metadata.TableInfoHelper - Can not find table primary key in Class: "com.qczy.model.entity.AlgorithmTaskResultEntity".
2026-01-14 19:08:59.644 [main] WARN  c.b.mybatisplus.core.metadata.TableInfoHelper - Can not find table primary key in Class: "com.qczy.model.entity.RoleMenuEntity".
2026-01-14 19:08:59.707 [main] WARN  c.b.mybatisplus.core.metadata.TableInfoHelper - Can not find table primary key in Class: "com.qczy.model.entity.RoleButtonEntity".
2026-01-14 19:09:05.401 [taskScheduler-2] WARN  c.q.federated.service.FederatedCoordinatorService - Node 11 marked as inactive due to heartbeat timeout
2026-01-14 19:09:10.471 [taskScheduler-3] WARN  c.q.federated.service.FederatedCoordinatorService - Node 11 marked as inactive due to heartbeat timeout
2026-01-14 19:09:15.489 [taskScheduler-2] WARN  c.q.federated.service.FederatedCoordinatorService - Node 11 marked as inactive due to heartbeat timeout
2026-01-14 19:09:20.504 [taskScheduler-1] WARN  c.q.federated.service.FederatedCoordinatorService - Node 11 marked as inactive due to heartbeat timeout
2026-01-14 19:09:25.512 [taskScheduler-5] WARN  c.q.federated.service.FederatedCoordinatorService - Node 11 marked as inactive due to heartbeat timeout
2026-01-14 19:09:30.529 [taskScheduler-2] WARN  c.q.federated.service.FederatedCoordinatorService - Node 11 marked as inactive due to heartbeat timeout
2026-01-14 19:09:35.545 [taskScheduler-3] WARN  c.q.federated.service.FederatedCoordinatorService - Node 11 marked as inactive due to heartbeat timeout
2026-01-14 19:09:40.561 [taskScheduler-7] WARN  c.q.federated.service.FederatedCoordinatorService - Node 11 marked as inactive due to heartbeat timeout
2026-01-14 19:09:45.574 [taskScheduler-7] WARN  c.q.federated.service.FederatedCoordinatorService - Node 11 marked as inactive due to heartbeat timeout
2026-01-14 19:09:50.603 [taskScheduler-7] WARN  c.q.federated.service.FederatedCoordinatorService - Node 11 marked as inactive due to heartbeat timeout
2026-01-14 19:09:55.617 [taskScheduler-7] WARN  c.q.federated.service.FederatedCoordinatorService - Node 11 marked as inactive due to heartbeat timeout
2026-01-14 19:10:00.677 [taskScheduler-7] WARN  c.q.federated.service.FederatedCoordinatorService - Node 11 marked as inactive due to heartbeat timeout
2026-01-14 19:10:05.691 [taskScheduler-7] WARN  c.q.federated.service.FederatedCoordinatorService - Node 11 marked as inactive due to heartbeat timeout
2026-01-14 19:10:10.704 [taskScheduler-7] WARN  c.q.federated.service.FederatedCoordinatorService - Node 11 marked as inactive due to heartbeat timeout
2026-01-14 19:10:15.713 [taskScheduler-7] WARN  c.q.federated.service.FederatedCoordinatorService - Node 11 marked as inactive due to heartbeat timeout
2026-01-14 19:10:20.736 [taskScheduler-7] WARN  c.q.federated.service.FederatedCoordinatorService - Node 11 marked as inactive due to heartbeat timeout
2026-01-14 19:10:25.753 [taskScheduler-7] WARN  c.q.federated.service.FederatedCoordinatorService - Node 11 marked as inactive due to heartbeat timeout
2026-01-14 19:10:30.774 [taskScheduler-7] WARN  c.q.federated.service.FederatedCoordinatorService - Node 11 marked as inactive due to heartbeat timeout
2026-01-14 19:10:35.788 [taskScheduler-7] WARN  c.q.federated.service.FederatedCoordinatorService - Node 11 marked as inactive due to heartbeat timeout
2026-01-14 19:10:40.797 [taskScheduler-7] WARN  c.q.federated.service.FederatedCoordinatorService - Node 11 marked as inactive due to heartbeat timeout
2026-01-14 19:10:45.816 [taskScheduler-7] WARN  c.q.federated.service.FederatedCoordinatorService - Node 11 marked as inactive due to heartbeat timeout
2026-01-14 19:10:50.827 [taskScheduler-7] WARN  c.q.federated.service.FederatedCoordinatorService - Node 11 marked as inactive due to heartbeat timeout
2026-01-14 19:10:55.835 [taskScheduler-7] WARN  c.q.federated.service.FederatedCoordinatorService - Node 11 marked as inactive due to heartbeat timeout
2026-01-14 19:11:00.842 [taskScheduler-7] WARN  c.q.federated.service.FederatedCoordinatorService - Node 11 marked as inactive due to heartbeat timeout
2026-01-14 19:11:05.858 [taskScheduler-7] WARN  c.q.federated.service.FederatedCoordinatorService - Node 11 marked as inactive due to heartbeat timeout
2026-01-14 19:11:10.876 [taskScheduler-7] WARN  c.q.federated.service.FederatedCoordinatorService - Node 11 marked as inactive due to heartbeat timeout
2026-01-14 19:11:15.892 [taskScheduler-7] WARN  c.q.federated.service.FederatedCoordinatorService - Node 11 marked as inactive due to heartbeat timeout
2026-01-14 19:11:20.909 [taskScheduler-7] WARN  c.q.federated.service.FederatedCoordinatorService - Node 11 marked as inactive due to heartbeat timeout
2026-01-14 19:11:25.927 [taskScheduler-7] WARN  c.q.federated.service.FederatedCoordinatorService - Node 11 marked as inactive due to heartbeat timeout
2026-01-14 19:11:30.941 [taskScheduler-7] WARN  c.q.federated.service.FederatedCoordinatorService - Node 11 marked as inactive due to heartbeat timeout
2026-01-14 19:11:35.959 [taskScheduler-7] WARN  c.q.federated.service.FederatedCoordinatorService - Node 11 marked as inactive due to heartbeat timeout
2026-01-14 19:11:40.969 [taskScheduler-7] WARN  c.q.federated.service.FederatedCoordinatorService - Node 11 marked as inactive due to heartbeat timeout
2026-01-14 19:11:45.987 [taskScheduler-7] WARN  c.q.federated.service.FederatedCoordinatorService - Node 11 marked as inactive due to heartbeat timeout
2026-01-14 19:11:51.007 [taskScheduler-7] WARN  c.q.federated.service.FederatedCoordinatorService - Node 11 marked as inactive due to heartbeat timeout
2026-01-14 19:11:56.026 [taskScheduler-7] WARN  c.q.federated.service.FederatedCoordinatorService - Node 11 marked as inactive due to heartbeat timeout
2026-01-14 19:12:01.044 [taskScheduler-7] WARN  c.q.federated.service.FederatedCoordinatorService - Node 11 marked as inactive due to heartbeat timeout
2026-01-14 19:12:06.054 [taskScheduler-7] WARN  c.q.federated.service.FederatedCoordinatorService - Node 11 marked as inactive due to heartbeat timeout
2026-01-14 19:12:11.071 [taskScheduler-7] WARN  c.q.federated.service.FederatedCoordinatorService - Node 11 marked as inactive due to heartbeat timeout
2026-01-14 19:12:16.090 [taskScheduler-7] WARN  c.q.federated.service.FederatedCoordinatorService - Node 11 marked as inactive due to heartbeat timeout
2026-01-14 19:12:21.106 [taskScheduler-7] WARN  c.q.federated.service.FederatedCoordinatorService - Node 11 marked as inactive due to heartbeat timeout
2026-01-14 19:12:26.116 [taskScheduler-7] WARN  c.q.federated.service.FederatedCoordinatorService - Node 11 marked as inactive due to heartbeat timeout
2026-01-14 19:12:31.123 [taskScheduler-7] WARN  c.q.federated.service.FederatedCoordinatorService - Node 11 marked as inactive due to heartbeat timeout
2026-01-14 19:12:36.140 [taskScheduler-7] WARN  c.q.federated.service.FederatedCoordinatorService - Node 11 marked as inactive due to heartbeat timeout
2026-01-14 19:12:41.156 [taskScheduler-7] WARN  c.q.federated.service.FederatedCoordinatorService - Node 11 marked as inactive due to heartbeat timeout
2026-01-14 19:12:46.174 [taskScheduler-7] WARN  c.q.federated.service.FederatedCoordinatorService - Node 11 marked as inactive due to heartbeat timeout
2026-01-14 19:12:51.189 [taskScheduler-7] WARN  c.q.federated.service.FederatedCoordinatorService - Node 11 marked as inactive due to heartbeat timeout
2026-01-14 19:12:56.206 [taskScheduler-7] WARN  c.q.federated.service.FederatedCoordinatorService - Node 11 marked as inactive due to heartbeat timeout
2026-01-14 19:13:01.211 [taskScheduler-7] WARN  c.q.federated.service.FederatedCoordinatorService - Node 11 marked as inactive due to heartbeat timeout
2026-01-14 19:13:06.226 [taskScheduler-7] WARN  c.q.federated.service.FederatedCoordinatorService - Node 11 marked as inactive due to heartbeat timeout
2026-01-14 19:13:11.239 [taskScheduler-7] WARN  c.q.federated.service.FederatedCoordinatorService - Node 11 marked as inactive due to heartbeat timeout
2026-01-14 19:13:16.245 [taskScheduler-7] WARN  c.q.federated.service.FederatedCoordinatorService - Node 11 marked as inactive due to heartbeat timeout
2026-01-14 19:13:21.263 [taskScheduler-7] WARN  c.q.federated.service.FederatedCoordinatorService - Node 11 marked as inactive due to heartbeat timeout
2026-01-14 19:13:26.275 [taskScheduler-7] WARN  c.q.federated.service.FederatedCoordinatorService - Node 11 marked as inactive due to heartbeat timeout
2026-01-14 19:13:31.283 [taskScheduler-7] WARN  c.q.federated.service.FederatedCoordinatorService - Node 11 marked as inactive due to heartbeat timeout
2026-01-14 19:13:36.294 [taskScheduler-7] WARN  c.q.federated.service.FederatedCoordinatorService - Node 11 marked as inactive due to heartbeat timeout
2026-01-14 19:13:41.306 [taskScheduler-7] WARN  c.q.federated.service.FederatedCoordinatorService - Node 11 marked as inactive due to heartbeat timeout
2026-01-14 19:13:46.319 [taskScheduler-7] WARN  c.q.federated.service.FederatedCoordinatorService - Node 11 marked as inactive due to heartbeat timeout
2026-01-14 19:13:51.334 [taskScheduler-7] WARN  c.q.federated.service.FederatedCoordinatorService - Node 11 marked as inactive due to heartbeat timeout
2026-01-14 19:13:56.354 [taskScheduler-7] WARN  c.q.federated.service.FederatedCoordinatorService - Node 11 marked as inactive due to heartbeat timeout
2026-01-14 19:14:01.371 [taskScheduler-7] WARN  c.q.federated.service.FederatedCoordinatorService - Node 11 marked as inactive due to heartbeat timeout
2026-01-14 19:14:06.387 [taskScheduler-7] WARN  c.q.federated.service.FederatedCoordinatorService - Node 11 marked as inactive due to heartbeat timeout
2026-01-14 19:14:11.396 [taskScheduler-7] WARN  c.q.federated.service.FederatedCoordinatorService - Node 11 marked as inactive due to heartbeat timeout
2026-01-14 19:14:16.404 [taskScheduler-7] WARN  c.q.federated.service.FederatedCoordinatorService - Node 11 marked as inactive due to heartbeat timeout
2026-01-14 19:14:21.419 [taskScheduler-7] WARN  c.q.federated.service.FederatedCoordinatorService - Node 11 marked as inactive due to heartbeat timeout
2026-01-14 19:14:26.435 [taskScheduler-7] WARN  c.q.federated.service.FederatedCoordinatorService - Node 11 marked as inactive due to heartbeat timeout
2026-01-14 19:14:31.448 [taskScheduler-7] WARN  c.q.federated.service.FederatedCoordinatorService - Node 11 marked as inactive due to heartbeat timeout
2026-01-14 19:14:36.454 [taskScheduler-7] WARN  c.q.federated.service.FederatedCoordinatorService - Node 11 marked as inactive due to heartbeat timeout
2026-01-14 19:14:41.467 [taskScheduler-7] WARN  c.q.federated.service.FederatedCoordinatorService - Node 11 marked as inactive due to heartbeat timeout
2026-01-14 19:14:46.481 [taskScheduler-7] WARN  c.q.federated.service.FederatedCoordinatorService - Node 11 marked as inactive due to heartbeat timeout
2026-01-14 19:14:51.500 [taskScheduler-7] WARN  c.q.federated.service.FederatedCoordinatorService - Node 11 marked as inactive due to heartbeat timeout
2026-01-14 19:14:56.519 [taskScheduler-7] WARN  c.q.federated.service.FederatedCoordinatorService - Node 11 marked as inactive due to heartbeat timeout
2026-01-14 19:15:01.532 [taskScheduler-7] WARN  c.q.federated.service.FederatedCoordinatorService - Node 11 marked as inactive due to heartbeat timeout
2026-01-14 19:15:06.553 [taskScheduler-7] WARN  c.q.federated.service.FederatedCoordinatorService - Node 11 marked as inactive due to heartbeat timeout
2026-01-14 19:15:11.568 [taskScheduler-7] WARN  c.q.federated.service.FederatedCoordinatorService - Node 11 marked as inactive due to heartbeat timeout
2026-01-14 19:15:16.576 [taskScheduler-7] WARN  c.q.federated.service.FederatedCoordinatorService - Node 11 marked as inactive due to heartbeat timeout
2026-01-14 19:15:21.585 [taskScheduler-7] WARN  c.q.federated.service.FederatedCoordinatorService - Node 11 marked as inactive due to heartbeat timeout
2026-01-14 19:15:26.602 [taskScheduler-7] WARN  c.q.federated.service.FederatedCoordinatorService - Node 11 marked as inactive due to heartbeat timeout
2026-01-14 19:15:31.618 [taskScheduler-7] WARN  c.q.federated.service.FederatedCoordinatorService - Node 11 marked as inactive due to heartbeat timeout
2026-01-14 19:15:36.632 [taskScheduler-7] WARN  c.q.federated.service.FederatedCoordinatorService - Node 11 marked as inactive due to heartbeat timeout
2026-01-14 19:15:41.650 [taskScheduler-7] WARN  c.q.federated.service.FederatedCoordinatorService - Node 11 marked as inactive due to heartbeat timeout
2026-01-14 19:15:46.666 [taskScheduler-7] WARN  c.q.federated.service.FederatedCoordinatorService - Node 11 marked as inactive due to heartbeat timeout
2026-01-14 19:15:51.684 [taskScheduler-7] WARN  c.q.federated.service.FederatedCoordinatorService - Node 11 marked as inactive due to heartbeat timeout
2026-01-14 19:15:56.694 [taskScheduler-7] WARN  c.q.federated.service.FederatedCoordinatorService - Node 11 marked as inactive due to heartbeat timeout
2026-01-14 19:16:01.700 [taskScheduler-7] WARN  c.q.federated.service.FederatedCoordinatorService - Node 11 marked as inactive due to heartbeat timeout
2026-01-14 19:16:06.716 [taskScheduler-7] WARN  c.q.federated.service.FederatedCoordinatorService - Node 11 marked as inactive due to heartbeat timeout
2026-01-14 19:16:11.733 [taskScheduler-7] WARN  c.q.federated.service.FederatedCoordinatorService - Node 11 marked as inactive due to heartbeat timeout
2026-01-14 19:16:16.744 [taskScheduler-7] WARN  c.q.federated.service.FederatedCoordinatorService - Node 11 marked as inactive due to heartbeat timeout
2026-01-14 19:16:21.755 [taskScheduler-7] WARN  c.q.federated.service.FederatedCoordinatorService - Node 11 marked as inactive due to heartbeat timeout
2026-01-14 19:16:26.761 [taskScheduler-7] WARN  c.q.federated.service.FederatedCoordinatorService - Node 11 marked as inactive due to heartbeat timeout
2026-01-14 19:16:31.767 [taskScheduler-7] WARN  c.q.federated.service.FederatedCoordinatorService - Node 11 marked as inactive due to heartbeat timeout
2026-01-14 19:16:36.777 [taskScheduler-7] WARN  c.q.federated.service.FederatedCoordinatorService - Node 11 marked as inactive due to heartbeat timeout
2026-01-14 19:16:41.789 [taskScheduler-7] WARN  c.q.federated.service.FederatedCoordinatorService - Node 11 marked as inactive due to heartbeat timeout
2026-01-14 19:16:46.816 [taskScheduler-7] WARN  c.q.federated.service.FederatedCoordinatorService - Node 11 marked as inactive due to heartbeat timeout
2026-01-14 19:16:51.833 [taskScheduler-7] WARN  c.q.federated.service.FederatedCoordinatorService - Node 11 marked as inactive due to heartbeat timeout
2026-01-14 19:16:56.851 [taskScheduler-7] WARN  c.q.federated.service.FederatedCoordinatorService - Node 11 marked as inactive due to heartbeat timeout
2026-01-14 19:17:01.863 [taskScheduler-7] WARN  c.q.federated.service.FederatedCoordinatorService - Node 11 marked as inactive due to heartbeat timeout
2026-01-14 19:17:06.882 [taskScheduler-7] WARN  c.q.federated.service.FederatedCoordinatorService - Node 11 marked as inactive due to heartbeat timeout
2026-01-14 19:17:11.897 [taskScheduler-7] WARN  c.q.federated.service.FederatedCoordinatorService - Node 11 marked as inactive due to heartbeat timeout
2026-01-14 19:17:16.904 [taskScheduler-7] WARN  c.q.federated.service.FederatedCoordinatorService - Node 11 marked as inactive due to heartbeat timeout
2026-01-14 19:17:21.912 [taskScheduler-7] WARN  c.q.federated.service.FederatedCoordinatorService - Node 11 marked as inactive due to heartbeat timeout
2026-01-14 19:17:26.932 [taskScheduler-7] WARN  c.q.federated.service.FederatedCoordinatorService - Node 11 marked as inactive due to heartbeat timeout
2026-01-14 19:17:31.951 [taskScheduler-7] WARN  c.q.federated.service.FederatedCoordinatorService - Node 11 marked as inactive due to heartbeat timeout
2026-01-14 19:17:36.967 [taskScheduler-7] WARN  c.q.federated.service.FederatedCoordinatorService - Node 11 marked as inactive due to heartbeat timeout
2026-01-14 19:17:41.976 [taskScheduler-7] WARN  c.q.federated.service.FederatedCoordinatorService - Node 11 marked as inactive due to heartbeat timeout
2026-01-14 19:17:46.991 [taskScheduler-7] WARN  c.q.federated.service.FederatedCoordinatorService - Node 11 marked as inactive due to heartbeat timeout
2026-01-14 19:17:51.998 [taskScheduler-7] WARN  c.q.federated.service.FederatedCoordinatorService - Node 11 marked as inactive due to heartbeat timeout
2026-01-14 19:17:57.015 [taskScheduler-7] WARN  c.q.federated.service.FederatedCoordinatorService - Node 11 marked as inactive due to heartbeat timeout
2026-01-14 19:18:02.024 [taskScheduler-7] WARN  c.q.federated.service.FederatedCoordinatorService - Node 11 marked as inactive due to heartbeat timeout
2026-01-14 19:18:07.035 [taskScheduler-7] WARN  c.q.federated.service.FederatedCoordinatorService - Node 11 marked as inactive due to heartbeat timeout
2026-01-14 19:18:12.043 [taskScheduler-7] WARN  c.q.federated.service.FederatedCoordinatorService - Node 11 marked as inactive due to heartbeat timeout
2026-01-14 19:18:17.064 [taskScheduler-7] WARN  c.q.federated.service.FederatedCoordinatorService - Node 11 marked as inactive due to heartbeat timeout
2026-01-14 19:18:22.083 [taskScheduler-7] WARN  c.q.federated.service.FederatedCoordinatorService - Node 11 marked as inactive due to heartbeat timeout
2026-01-14 19:18:27.095 [taskScheduler-7] WARN  c.q.federated.service.FederatedCoordinatorService - Node 11 marked as inactive due to heartbeat timeout
2026-01-14 19:18:32.113 [taskScheduler-7] WARN  c.q.federated.service.FederatedCoordinatorService - Node 11 marked as inactive due to heartbeat timeout
2026-01-14 19:18:37.127 [taskScheduler-7] WARN  c.q.federated.service.FederatedCoordinatorService - Node 11 marked as inactive due to heartbeat timeout
2026-01-14 19:18:42.139 [taskScheduler-7] WARN  c.q.federated.service.FederatedCoordinatorService - Node 11 marked as inactive due to heartbeat timeout
2026-01-14 19:18:47.151 [taskScheduler-7] WARN  c.q.federated.service.FederatedCoordinatorService - Node 11 marked as inactive due to heartbeat timeout
2026-01-14 19:18:52.172 [taskScheduler-7] WARN  c.q.federated.service.FederatedCoordinatorService - Node 11 marked as inactive due to heartbeat timeout
2026-01-14 19:18:57.185 [taskScheduler-7] WARN  c.q.federated.service.FederatedCoordinatorService - Node 11 marked as inactive due to heartbeat timeout
2026-01-14 19:19:02.192 [taskScheduler-7] WARN  c.q.federated.service.FederatedCoordinatorService - Node 11 marked as inactive due to heartbeat timeout
2026-01-14 19:19:07.202 [taskScheduler-7] WARN  c.q.federated.service.FederatedCoordinatorService - Node 11 marked as inactive due to heartbeat timeout
2026-01-14 19:19:12.211 [taskScheduler-7] WARN  c.q.federated.service.FederatedCoordinatorService - Node 11 marked as inactive due to heartbeat timeout
2026-01-14 20:55:26.986 [background-preinit] WARN  o.s.h.converter.json.Jackson2ObjectMapperBuilder - For Jackson Kotlin classes support please add "com.fasterxml.jackson.module:jackson-module-kotlin" to the classpath
2026-01-14 20:55:35.269 [main] WARN  c.b.mybatisplus.core.metadata.TableInfoHelper - Can not find table primary key in Class: "com.qczy.model.entity.OperLogEntity".
2026-01-14 20:55:38.405 [main] WARN  c.b.mybatisplus.core.metadata.TableInfoHelper - Can not find table primary key in Class: "com.qczy.model.entity.AlgorithmTaskResultEntity".
2026-01-14 20:55:39.655 [main] WARN  c.b.mybatisplus.core.metadata.TableInfoHelper - Can not find table primary key in Class: "com.qczy.model.entity.RoleMenuEntity".
2026-01-14 20:55:39.688 [main] WARN  c.b.mybatisplus.core.metadata.TableInfoHelper - Can not find table primary key in Class: "com.qczy.model.entity.RoleButtonEntity".
2026-01-14 20:55:43.576 [taskScheduler-1] WARN  c.q.federated.service.FederatedCoordinatorService - Node 11 marked as inactive due to heartbeat timeout
2026-01-14 20:55:48.644 [taskScheduler-3] WARN  c.q.federated.service.FederatedCoordinatorService - Node 11 marked as inactive due to heartbeat timeout
2026-01-14 20:55:53.664 [taskScheduler-1] WARN  c.q.federated.service.FederatedCoordinatorService - Node 11 marked as inactive due to heartbeat timeout
2026-01-14 20:55:58.683 [taskScheduler-2] WARN  c.q.federated.service.FederatedCoordinatorService - Node 11 marked as inactive due to heartbeat timeout
2026-01-14 20:56:03.693 [taskScheduler-5] WARN  c.q.federated.service.FederatedCoordinatorService - Node 11 marked as inactive due to heartbeat timeout
2026-01-14 20:56:08.708 [taskScheduler-1] WARN  c.q.federated.service.FederatedCoordinatorService - Node 11 marked as inactive due to heartbeat timeout
2026-01-14 20:56:13.730 [taskScheduler-3] WARN  c.q.federated.service.FederatedCoordinatorService - Node 11 marked as inactive due to heartbeat timeout
2026-01-14 20:56:18.745 [taskScheduler-7] WARN  c.q.federated.service.FederatedCoordinatorService - Node 11 marked as inactive due to heartbeat timeout
2026-01-14 20:56:23.757 [taskScheduler-7] WARN  c.q.federated.service.FederatedCoordinatorService - Node 11 marked as inactive due to heartbeat timeout
2026-01-14 20:56:28.772 [taskScheduler-7] WARN  c.q.federated.service.FederatedCoordinatorService - Node 11 marked as inactive due to heartbeat timeout
2026-01-14 20:56:33.788 [taskScheduler-7] WARN  c.q.federated.service.FederatedCoordinatorService - Node 11 marked as inactive due to heartbeat timeout
2026-01-14 20:56:38.802 [taskScheduler-7] WARN  c.q.federated.service.FederatedCoordinatorService - Node 11 marked as inactive due to heartbeat timeout
2026-01-14 20:56:43.810 [taskScheduler-7] WARN  c.q.federated.service.FederatedCoordinatorService - Node 11 marked as inactive due to heartbeat timeout
2026-01-14 20:56:48.819 [taskScheduler-7] WARN  c.q.federated.service.FederatedCoordinatorService - Node 11 marked as inactive due to heartbeat timeout
2026-01-14 20:56:53.825 [taskScheduler-7] WARN  c.q.federated.service.FederatedCoordinatorService - Node 11 marked as inactive due to heartbeat timeout
2026-01-14 20:56:58.846 [taskScheduler-7] WARN  c.q.federated.service.FederatedCoordinatorService - Node 11 marked as inactive due to heartbeat timeout
2026-01-14 20:57:03.859 [taskScheduler-7] WARN  c.q.federated.service.FederatedCoordinatorService - Node 11 marked as inactive due to heartbeat timeout
2026-01-14 20:57:08.873 [taskScheduler-7] WARN  c.q.federated.service.FederatedCoordinatorService - Node 11 marked as inactive due to heartbeat timeout
2026-01-14 20:57:13.889 [taskScheduler-7] WARN  c.q.federated.service.FederatedCoordinatorService - Node 11 marked as inactive due to heartbeat timeout
2026-01-14 20:57:18.895 [taskScheduler-7] WARN  c.q.federated.service.FederatedCoordinatorService - Node 11 marked as inactive due to heartbeat timeout
2026-01-14 20:57:23.911 [taskScheduler-7] WARN  c.q.federated.service.FederatedCoordinatorService - Node 11 marked as inactive due to heartbeat timeout
2026-01-14 20:57:28.923 [taskScheduler-7] WARN  c.q.federated.service.FederatedCoordinatorService - Node 11 marked as inactive due to heartbeat timeout
2026-01-14 20:57:33.938 [taskScheduler-7] WARN  c.q.federated.service.FederatedCoordinatorService - Node 11 marked as inactive due to heartbeat timeout
2026-01-14 20:57:38.948 [taskScheduler-7] WARN  c.q.federated.service.FederatedCoordinatorService - Node 11 marked as inactive due to heartbeat timeout
2026-01-14 20:57:43.954 [taskScheduler-7] WARN  c.q.federated.service.FederatedCoordinatorService - Node 11 marked as inactive due to heartbeat timeout
2026-01-14 20:57:48.964 [taskScheduler-7] WARN  c.q.federated.service.FederatedCoordinatorService - Node 11 marked as inactive due to heartbeat timeout
2026-01-14 20:57:53.977 [taskScheduler-7] WARN  c.q.federated.service.FederatedCoordinatorService - Node 11 marked as inactive due to heartbeat timeout
2026-01-14 20:57:58.996 [taskScheduler-7] WARN  c.q.federated.service.FederatedCoordinatorService - Node 11 marked as inactive due to heartbeat timeout
2026-01-14 20:58:04.008 [taskScheduler-7] WARN  c.q.federated.service.FederatedCoordinatorService - Node 11 marked as inactive due to heartbeat timeout
2026-01-14 20:58:09.018 [taskScheduler-7] WARN  c.q.federated.service.FederatedCoordinatorService - Node 11 marked as inactive due to heartbeat timeout
2026-01-14 20:58:14.027 [taskScheduler-7] WARN  c.q.federated.service.FederatedCoordinatorService - Node 11 marked as inactive due to heartbeat timeout
2026-01-14 20:58:19.037 [taskScheduler-7] WARN  c.q.federated.service.FederatedCoordinatorService - Node 11 marked as inactive due to heartbeat timeout
2026-01-14 20:58:24.054 [taskScheduler-7] WARN  c.q.federated.service.FederatedCoordinatorService - Node 11 marked as inactive due to heartbeat timeout
2026-01-14 20:58:29.065 [taskScheduler-7] WARN  c.q.federated.service.FederatedCoordinatorService - Node 11 marked as inactive due to heartbeat timeout
2026-01-14 20:58:34.072 [taskScheduler-7] WARN  c.q.federated.service.FederatedCoordinatorService - Node 11 marked as inactive due to heartbeat timeout
2026-01-14 20:58:39.089 [taskScheduler-7] WARN  c.q.federated.service.FederatedCoordinatorService - Node 11 marked as inactive due to heartbeat timeout
2026-01-14 20:58:44.103 [taskScheduler-7] WARN  c.q.federated.service.FederatedCoordinatorService - Node 11 marked as inactive due to heartbeat timeout
2026-01-14 20:58:49.112 [taskScheduler-7] WARN  c.q.federated.service.FederatedCoordinatorService - Node 11 marked as inactive due to heartbeat timeout
2026-01-14 20:58:54.131 [taskScheduler-7] WARN  c.q.federated.service.FederatedCoordinatorService - Node 11 marked as inactive due to heartbeat timeout
2026-01-14 20:58:59.137 [taskScheduler-7] WARN  c.q.federated.service.FederatedCoordinatorService - Node 11 marked as inactive due to heartbeat timeout
2026-01-14 20:59:04.152 [taskScheduler-7] WARN  c.q.federated.service.FederatedCoordinatorService - Node 11 marked as inactive due to heartbeat timeout
2026-01-14 20:59:09.160 [taskScheduler-7] WARN  c.q.federated.service.FederatedCoordinatorService - Node 11 marked as inactive due to heartbeat timeout
2026-01-14 20:59:14.169 [taskScheduler-7] WARN  c.q.federated.service.FederatedCoordinatorService - Node 11 marked as inactive due to heartbeat timeout
2026-01-14 20:59:19.179 [taskScheduler-7] WARN  c.q.federated.service.FederatedCoordinatorService - Node 11 marked as inactive due to heartbeat timeout
2026-01-14 20:59:24.199 [taskScheduler-7] WARN  c.q.federated.service.FederatedCoordinatorService - Node 11 marked as inactive due to heartbeat timeout
2026-01-14 20:59:29.215 [taskScheduler-7] WARN  c.q.federated.service.FederatedCoordinatorService - Node 11 marked as inactive due to heartbeat timeout
2026-01-14 20:59:34.225 [taskScheduler-7] WARN  c.q.federated.service.FederatedCoordinatorService - Node 11 marked as inactive due to heartbeat timeout
2026-01-14 20:59:39.237 [taskScheduler-7] WARN  c.q.federated.service.FederatedCoordinatorService - Node 11 marked as inactive due to heartbeat timeout
2026-01-14 20:59:44.253 [taskScheduler-7] WARN  c.q.federated.service.FederatedCoordinatorService - Node 11 marked as inactive due to heartbeat timeout
2026-01-14 20:59:49.262 [taskScheduler-7] WARN  c.q.federated.service.FederatedCoordinatorService - Node 11 marked as inactive due to heartbeat timeout
2026-01-14 20:59:54.271 [taskScheduler-7] WARN  c.q.federated.service.FederatedCoordinatorService - Node 11 marked as inactive due to heartbeat timeout
2026-01-14 20:59:59.279 [taskScheduler-7] WARN  c.q.federated.service.FederatedCoordinatorService - Node 11 marked as inactive due to heartbeat timeout
2026-01-14 21:00:04.287 [taskScheduler-7] WARN  c.q.federated.service.FederatedCoordinatorService - Node 11 marked as inactive due to heartbeat timeout
2026-01-14 21:00:09.305 [taskScheduler-7] WARN  c.q.federated.service.FederatedCoordinatorService - Node 11 marked as inactive due to heartbeat timeout
2026-01-14 21:00:14.317 [taskScheduler-7] WARN  c.q.federated.service.FederatedCoordinatorService - Node 11 marked as inactive due to heartbeat timeout
2026-01-14 21:00:19.334 [taskScheduler-7] WARN  c.q.federated.service.FederatedCoordinatorService - Node 11 marked as inactive due to heartbeat timeout
2026-01-14 21:00:24.351 [taskScheduler-7] WARN  c.q.federated.service.FederatedCoordinatorService - Node 11 marked as inactive due to heartbeat timeout
2026-01-14 21:00:29.368 [taskScheduler-7] WARN  c.q.federated.service.FederatedCoordinatorService - Node 11 marked as inactive due to heartbeat timeout
2026-01-14 21:00:34.378 [taskScheduler-7] WARN  c.q.federated.service.FederatedCoordinatorService - Node 11 marked as inactive due to heartbeat timeout
2026-01-14 21:00:39.391 [taskScheduler-7] WARN  c.q.federated.service.FederatedCoordinatorService - Node 11 marked as inactive due to heartbeat timeout
2026-01-14 21:00:44.402 [taskScheduler-7] WARN  c.q.federated.service.FederatedCoordinatorService - Node 11 marked as inactive due to heartbeat timeout
2026-01-14 21:00:49.418 [taskScheduler-7] WARN  c.q.federated.service.FederatedCoordinatorService - Node 11 marked as inactive due to heartbeat timeout
2026-01-14 21:00:54.435 [taskScheduler-7] WARN  c.q.federated.service.FederatedCoordinatorService - Node 11 marked as inactive due to heartbeat timeout
2026-01-14 21:00:59.445 [taskScheduler-7] WARN  c.q.federated.service.FederatedCoordinatorService - Node 11 marked as inactive due to heartbeat timeout
2026-01-14 21:01:04.450 [taskScheduler-7] WARN  c.q.federated.service.FederatedCoordinatorService - Node 11 marked as inactive due to heartbeat timeout
2026-01-14 21:01:09.467 [taskScheduler-7] WARN  c.q.federated.service.FederatedCoordinatorService - Node 11 marked as inactive due to heartbeat timeout
2026-01-14 21:01:14.484 [taskScheduler-7] WARN  c.q.federated.service.FederatedCoordinatorService - Node 11 marked as inactive due to heartbeat timeout
2026-01-14 21:01:19.492 [taskScheduler-7] WARN  c.q.federated.service.FederatedCoordinatorService - Node 11 marked as inactive due to heartbeat timeout
2026-01-14 21:01:24.512 [taskScheduler-7] WARN  c.q.federated.service.FederatedCoordinatorService - Node 11 marked as inactive due to heartbeat timeout
2026-01-14 21:01:29.520 [taskScheduler-7] WARN  c.q.federated.service.FederatedCoordinatorService - Node 11 marked as inactive due to heartbeat timeout
2026-01-14 21:01:34.526 [taskScheduler-7] WARN  c.q.federated.service.FederatedCoordinatorService - Node 11 marked as inactive due to heartbeat timeout
2026-01-14 21:01:39.540 [taskScheduler-7] WARN  c.q.federated.service.FederatedCoordinatorService - Node 11 marked as inactive due to heartbeat timeout
2026-01-14 21:01:44.549 [taskScheduler-7] WARN  c.q.federated.service.FederatedCoordinatorService - Node 11 marked as inactive due to heartbeat timeout
2026-01-14 21:01:49.563 [taskScheduler-7] WARN  c.q.federated.service.FederatedCoordinatorService - Node 11 marked as inactive due to heartbeat timeout
2026-01-14 21:01:54.583 [taskScheduler-7] WARN  c.q.federated.service.FederatedCoordinatorService - Node 11 marked as inactive due to heartbeat timeout
2026-01-14 21:01:59.588 [taskScheduler-7] WARN  c.q.federated.service.FederatedCoordinatorService - Node 11 marked as inactive due to heartbeat timeout
2026-01-14 21:02:04.602 [taskScheduler-7] WARN  c.q.federated.service.FederatedCoordinatorService - Node 11 marked as inactive due to heartbeat timeout
2026-01-14 21:02:09.614 [taskScheduler-7] WARN  c.q.federated.service.FederatedCoordinatorService - Node 11 marked as inactive due to heartbeat timeout
2026-01-14 21:02:14.622 [taskScheduler-7] WARN  c.q.federated.service.FederatedCoordinatorService - Node 11 marked as inactive due to heartbeat timeout
2026-01-14 21:02:19.649 [taskScheduler-7] WARN  c.q.federated.service.FederatedCoordinatorService - Node 11 marked as inactive due to heartbeat timeout
2026-01-14 21:02:24.665 [taskScheduler-7] WARN  c.q.federated.service.FederatedCoordinatorService - Node 11 marked as inactive due to heartbeat timeout
2026-01-14 21:02:29.673 [taskScheduler-7] WARN  c.q.federated.service.FederatedCoordinatorService - Node 11 marked as inactive due to heartbeat timeout
2026-01-14 21:02:34.699 [taskScheduler-7] WARN  c.q.federated.service.FederatedCoordinatorService - Node 11 marked as inactive due to heartbeat timeout
2026-01-14 21:02:39.718 [taskScheduler-7] WARN  c.q.federated.service.FederatedCoordinatorService - Node 11 marked as inactive due to heartbeat timeout
2026-01-14 21:02:44.726 [taskScheduler-7] WARN  c.q.federated.service.FederatedCoordinatorService - Node 11 marked as inactive due to heartbeat timeout
2026-01-14 21:02:49.733 [taskScheduler-7] WARN  c.q.federated.service.FederatedCoordinatorService - Node 11 marked as inactive due to heartbeat timeout
2026-01-14 21:02:54.749 [taskScheduler-7] WARN  c.q.federated.service.FederatedCoordinatorService - Node 11 marked as inactive due to heartbeat timeout
2026-01-14 21:02:59.759 [taskScheduler-7] WARN  c.q.federated.service.FederatedCoordinatorService - Node 11 marked as inactive due to heartbeat timeout
2026-01-14 21:03:04.775 [taskScheduler-7] WARN  c.q.federated.service.FederatedCoordinatorService - Node 11 marked as inactive due to heartbeat timeout
2026-01-14 21:03:09.795 [taskScheduler-7] WARN  c.q.federated.service.FederatedCoordinatorService - Node 11 marked as inactive due to heartbeat timeout
2026-01-14 21:03:14.812 [taskScheduler-7] WARN  c.q.federated.service.FederatedCoordinatorService - Node 11 marked as inactive due to heartbeat timeout
2026-01-14 21:03:19.832 [taskScheduler-7] WARN  c.q.federated.service.FederatedCoordinatorService - Node 11 marked as inactive due to heartbeat timeout
2026-01-14 21:03:24.839 [taskScheduler-7] WARN  c.q.federated.service.FederatedCoordinatorService - Node 11 marked as inactive due to heartbeat timeout
2026-01-14 21:03:29.847 [taskScheduler-7] WARN  c.q.federated.service.FederatedCoordinatorService - Node 11 marked as inactive due to heartbeat timeout
2026-01-14 21:03:34.863 [taskScheduler-7] WARN  c.q.federated.service.FederatedCoordinatorService - Node 11 marked as inactive due to heartbeat timeout
2026-01-14 21:03:39.876 [taskScheduler-7] WARN  c.q.federated.service.FederatedCoordinatorService - Node 11 marked as inactive due to heartbeat timeout
2026-01-14 21:03:44.895 [taskScheduler-7] WARN  c.q.federated.service.FederatedCoordinatorService - Node 11 marked as inactive due to heartbeat timeout
2026-01-14 21:03:49.909 [taskScheduler-7] WARN  c.q.federated.service.FederatedCoordinatorService - Node 11 marked as inactive due to heartbeat timeout
2026-01-14 21:03:54.920 [taskScheduler-7] WARN  c.q.federated.service.FederatedCoordinatorService - Node 11 marked as inactive due to heartbeat timeout
2026-01-14 21:03:59.939 [taskScheduler-7] WARN  c.q.federated.service.FederatedCoordinatorService - Node 11 marked as inactive due to heartbeat timeout
2026-01-14 21:04:04.949 [taskScheduler-7] WARN  c.q.federated.service.FederatedCoordinatorService - Node 11 marked as inactive due to heartbeat timeout
2026-01-14 21:04:09.959 [taskScheduler-7] WARN  c.q.federated.service.FederatedCoordinatorService - Node 11 marked as inactive due to heartbeat timeout
2026-01-14 21:04:14.968 [taskScheduler-7] WARN  c.q.federated.service.FederatedCoordinatorService - Node 11 marked as inactive due to heartbeat timeout
2026-01-14 21:04:19.980 [taskScheduler-7] WARN  c.q.federated.service.FederatedCoordinatorService - Node 11 marked as inactive due to heartbeat timeout
2026-01-14 21:04:24.996 [taskScheduler-7] WARN  c.q.federated.service.FederatedCoordinatorService - Node 11 marked as inactive due to heartbeat timeout
2026-01-14 21:04:30.012 [taskScheduler-7] WARN  c.q.federated.service.FederatedCoordinatorService - Node 11 marked as inactive due to heartbeat timeout
2026-01-14 21:04:35.030 [taskScheduler-7] WARN  c.q.federated.service.FederatedCoordinatorService - Node 11 marked as inactive due to heartbeat timeout
2026-01-14 21:04:40.046 [taskScheduler-7] WARN  c.q.federated.service.FederatedCoordinatorService - Node 11 marked as inactive due to heartbeat timeout
2026-01-14 21:04:45.066 [taskScheduler-7] WARN  c.q.federated.service.FederatedCoordinatorService - Node 11 marked as inactive due to heartbeat timeout
2026-01-14 21:04:50.085 [taskScheduler-7] WARN  c.q.federated.service.FederatedCoordinatorService - Node 11 marked as inactive due to heartbeat timeout
2026-01-14 21:05:16.369 [background-preinit] WARN  o.s.h.converter.json.Jackson2ObjectMapperBuilder - For Jackson Kotlin classes support please add "com.fasterxml.jackson.module:jackson-module-kotlin" to the classpath
2026-01-14 21:05:23.277 [main] WARN  c.b.mybatisplus.core.metadata.TableInfoHelper - Can not find table primary key in Class: "com.qczy.model.entity.OperLogEntity".
2026-01-14 21:05:26.002 [main] WARN  c.b.mybatisplus.core.metadata.TableInfoHelper - Can not find table primary key in Class: "com.qczy.model.entity.AlgorithmTaskResultEntity".
2026-01-14 21:05:26.974 [main] WARN  c.b.mybatisplus.core.metadata.TableInfoHelper - Can not find table primary key in Class: "com.qczy.model.entity.RoleMenuEntity".
2026-01-14 21:05:27.080 [main] WARN  c.b.mybatisplus.core.metadata.TableInfoHelper - Can not find table primary key in Class: "com.qczy.model.entity.RoleButtonEntity".
2026-01-14 21:05:30.472 [taskScheduler-1] WARN  c.q.federated.service.FederatedCoordinatorService - Node 11 marked as inactive due to heartbeat timeout
2026-01-14 21:05:35.943 [taskScheduler-3] WARN  c.q.federated.service.FederatedCoordinatorService - Node 11 marked as inactive due to heartbeat timeout
2026-01-14 21:05:40.961 [taskScheduler-1] WARN  c.q.federated.service.FederatedCoordinatorService - Node 11 marked as inactive due to heartbeat timeout
2026-01-14 21:05:45.968 [taskScheduler-2] WARN  c.q.federated.service.FederatedCoordinatorService - Node 11 marked as inactive due to heartbeat timeout
2026-01-14 21:05:50.981 [taskScheduler-5] WARN  c.q.federated.service.FederatedCoordinatorService - Node 11 marked as inactive due to heartbeat timeout
2026-01-14 21:05:55.994 [taskScheduler-1] WARN  c.q.federated.service.FederatedCoordinatorService - Node 11 marked as inactive due to heartbeat timeout
2026-01-14 21:06:01.011 [taskScheduler-3] WARN  c.q.federated.service.FederatedCoordinatorService - Node 11 marked as inactive due to heartbeat timeout
2026-01-14 21:06:06.027 [taskScheduler-7] WARN  c.q.federated.service.FederatedCoordinatorService - Node 11 marked as inactive due to heartbeat timeout
2026-01-14 21:06:11.043 [taskScheduler-7] WARN  c.q.federated.service.FederatedCoordinatorService - Node 11 marked as inactive due to heartbeat timeout
2026-01-14 21:06:16.055 [taskScheduler-7] WARN  c.q.federated.service.FederatedCoordinatorService - Node 11 marked as inactive due to heartbeat timeout
2026-01-14 21:06:21.064 [taskScheduler-7] WARN  c.q.federated.service.FederatedCoordinatorService - Node 11 marked as inactive due to heartbeat timeout
2026-01-14 21:06:26.079 [taskScheduler-7] WARN  c.q.federated.service.FederatedCoordinatorService - Node 11 marked as inactive due to heartbeat timeout
2026-01-14 21:06:31.092 [taskScheduler-7] WARN  c.q.federated.service.FederatedCoordinatorService - Node 11 marked as inactive due to heartbeat timeout
2026-01-14 21:06:36.102 [taskScheduler-7] WARN  c.q.federated.service.FederatedCoordinatorService - Node 11 marked as inactive due to heartbeat timeout
2026-01-14 21:06:41.117 [taskScheduler-7] WARN  c.q.federated.service.FederatedCoordinatorService - Node 11 marked as inactive due to heartbeat timeout
2026-01-14 21:06:46.139 [taskScheduler-7] WARN  c.q.federated.service.FederatedCoordinatorService - Node 11 marked as inactive due to heartbeat timeout
2026-01-14 21:06:51.159 [taskScheduler-7] WARN  c.q.federated.service.FederatedCoordinatorService - Node 11 marked as inactive due to heartbeat timeout
2026-01-14 21:06:56.176 [taskScheduler-7] WARN  c.q.federated.service.FederatedCoordinatorService - Node 11 marked as inactive due to heartbeat timeout
2026-01-14 21:07:01.196 [taskScheduler-7] WARN  c.q.federated.service.FederatedCoordinatorService - Node 11 marked as inactive due to heartbeat timeout
2026-01-14 21:07:06.208 [taskScheduler-7] WARN  c.q.federated.service.FederatedCoordinatorService - Node 11 marked as inactive due to heartbeat timeout
2026-01-14 21:07:11.225 [taskScheduler-7] WARN  c.q.federated.service.FederatedCoordinatorService - Node 11 marked as inactive due to heartbeat timeout
2026-01-14 21:07:16.245 [taskScheduler-7] WARN  c.q.federated.service.FederatedCoordinatorService - Node 11 marked as inactive due to heartbeat timeout
2026-01-14 21:07:21.257 [taskScheduler-7] WARN  c.q.federated.service.FederatedCoordinatorService - Node 11 marked as inactive due to heartbeat timeout
2026-01-14 21:07:26.275 [taskScheduler-7] WARN  c.q.federated.service.FederatedCoordinatorService - Node 11 marked as inactive due to heartbeat timeout
2026-01-14 21:07:31.295 [taskScheduler-7] WARN  c.q.federated.service.FederatedCoordinatorService - Node 11 marked as inactive due to heartbeat timeout
2026-01-14 21:07:36.309 [taskScheduler-7] WARN  c.q.federated.service.FederatedCoordinatorService - Node 11 marked as inactive due to heartbeat timeout
2026-01-14 21:07:41.326 [taskScheduler-7] WARN  c.q.federated.service.FederatedCoordinatorService - Node 11 marked as inactive due to heartbeat timeout
2026-01-14 21:07:46.331 [taskScheduler-7] WARN  c.q.federated.service.FederatedCoordinatorService - Node 11 marked as inactive due to heartbeat timeout
2026-01-14 21:07:51.338 [taskScheduler-7] WARN  c.q.federated.service.FederatedCoordinatorService - Node 11 marked as inactive due to heartbeat timeout
2026-01-14 21:07:56.359 [taskScheduler-7] WARN  c.q.federated.service.FederatedCoordinatorService - Node 11 marked as inactive due to heartbeat timeout
2026-01-14 21:07:57.794 [http-nio-8081-exec-3] WARN  com.qczy.federated.flower.FlowerServerManager - Remote Flower stop returned unexpected response for job: 79f7dba4-befe-4507-a2d9-b7d1b1914a4a
2026-01-14 21:08:01.371 [taskScheduler-7] WARN  c.q.federated.service.FederatedCoordinatorService - Node 11 marked as inactive due to heartbeat timeout
2026-01-14 21:08:06.376 [taskScheduler-7] WARN  c.q.federated.service.FederatedCoordinatorService - Node 11 marked as inactive due to heartbeat timeout
2026-01-14 21:08:11.394 [taskScheduler-7] WARN  c.q.federated.service.FederatedCoordinatorService - Node 11 marked as inactive due to heartbeat timeout
2026-01-14 21:08:16.407 [taskScheduler-7] WARN  c.q.federated.service.FederatedCoordinatorService - Node 11 marked as inactive due to heartbeat timeout
2026-01-14 21:08:21.424 [taskScheduler-7] WARN  c.q.federated.service.FederatedCoordinatorService - Node 11 marked as inactive due to heartbeat timeout
2026-01-14 21:08:26.439 [taskScheduler-7] WARN  c.q.federated.service.FederatedCoordinatorService - Node 11 marked as inactive due to heartbeat timeout
2026-01-14 21:08:31.446 [taskScheduler-7] WARN  c.q.federated.service.FederatedCoordinatorService - Node 11 marked as inactive due to heartbeat timeout
2026-01-14 21:08:36.456 [taskScheduler-7] WARN  c.q.federated.service.FederatedCoordinatorService - Node 11 marked as inactive due to heartbeat timeout
2026-01-14 21:08:41.467 [taskScheduler-7] WARN  c.q.federated.service.FederatedCoordinatorService - Node 11 marked as inactive due to heartbeat timeout
2026-01-14 21:08:46.478 [taskScheduler-7] WARN  c.q.federated.service.FederatedCoordinatorService - Node 11 marked as inactive due to heartbeat timeout
2026-01-14 21:08:51.491 [taskScheduler-7] WARN  c.q.federated.service.FederatedCoordinatorService - Node 11 marked as inactive due to heartbeat timeout
2026-01-14 21:08:56.498 [taskScheduler-7] WARN  c.q.federated.service.FederatedCoordinatorService - Node 11 marked as inactive due to heartbeat timeout
2026-01-14 21:09:01.510 [taskScheduler-7] WARN  c.q.federated.service.FederatedCoordinatorService - Node 11 marked as inactive due to heartbeat timeout
2026-01-14 21:09:06.529 [taskScheduler-7] WARN  c.q.federated.service.FederatedCoordinatorService - Node 11 marked as inactive due to heartbeat timeout
2026-01-14 21:09:11.539 [taskScheduler-7] WARN  c.q.federated.service.FederatedCoordinatorService - Node 11 marked as inactive due to heartbeat timeout
2026-01-14 21:09:16.556 [taskScheduler-7] WARN  c.q.federated.service.FederatedCoordinatorService - Node 11 marked as inactive due to heartbeat timeout
2026-01-14 21:09:21.572 [taskScheduler-7] WARN  c.q.federated.service.FederatedCoordinatorService - Node 11 marked as inactive due to heartbeat timeout
2026-01-14 21:09:26.588 [taskScheduler-7] WARN  c.q.federated.service.FederatedCoordinatorService - Node 11 marked as inactive due to heartbeat timeout
2026-01-14 21:09:31.600 [taskScheduler-7] WARN  c.q.federated.service.FederatedCoordinatorService - Node 11 marked as inactive due to heartbeat timeout
2026-01-14 21:09:36.608 [taskScheduler-7] WARN  c.q.federated.service.FederatedCoordinatorService - Node 11 marked as inactive due to heartbeat timeout
2026-01-14 21:09:41.622 [taskScheduler-7] WARN  c.q.federated.service.FederatedCoordinatorService - Node 11 marked as inactive due to heartbeat timeout
2026-01-14 21:09:46.636 [taskScheduler-7] WARN  c.q.federated.service.FederatedCoordinatorService - Node 11 marked as inactive due to heartbeat timeout
2026-01-14 21:09:51.646 [taskScheduler-7] WARN  c.q.federated.service.FederatedCoordinatorService - Node 11 marked as inactive due to heartbeat timeout
2026-01-14 21:09:56.654 [taskScheduler-7] WARN  c.q.federated.service.FederatedCoordinatorService - Node 11 marked as inactive due to heartbeat timeout
2026-01-14 21:10:01.670 [taskScheduler-7] WARN  c.q.federated.service.FederatedCoordinatorService - Node 11 marked as inactive due to heartbeat timeout
2026-01-14 21:10:06.688 [taskScheduler-7] WARN  c.q.federated.service.FederatedCoordinatorService - Node 11 marked as inactive due to heartbeat timeout
2026-01-14 21:10:11.698 [taskScheduler-7] WARN  c.q.federated.service.FederatedCoordinatorService - Node 11 marked as inactive due to heartbeat timeout
2026-01-14 21:10:16.720 [taskScheduler-7] WARN  c.q.federated.service.FederatedCoordinatorService - Node 11 marked as inactive due to heartbeat timeout
2026-01-14 21:10:21.735 [taskScheduler-7] WARN  c.q.federated.service.FederatedCoordinatorService - Node 11 marked as inactive due to heartbeat timeout
2026-01-14 21:10:26.750 [taskScheduler-7] WARN  c.q.federated.service.FederatedCoordinatorService - Node 11 marked as inactive due to heartbeat timeout
2026-01-14 21:10:31.765 [taskScheduler-7] WARN  c.q.federated.service.FederatedCoordinatorService - Node 11 marked as inactive due to heartbeat timeout
2026-01-14 21:10:36.774 [taskScheduler-7] WARN  c.q.federated.service.FederatedCoordinatorService - Node 11 marked as inactive due to heartbeat timeout
2026-01-14 21:10:41.793 [taskScheduler-7] WARN  c.q.federated.service.FederatedCoordinatorService - Node 11 marked as inactive due to heartbeat timeout
2026-01-14 21:10:46.803 [taskScheduler-7] WARN  c.q.federated.service.FederatedCoordinatorService - Node 11 marked as inactive due to heartbeat timeout
2026-01-14 21:10:51.819 [taskScheduler-7] WARN  c.q.federated.service.FederatedCoordinatorService - Node 11 marked as inactive due to heartbeat timeout
2026-01-14 21:10:56.839 [taskScheduler-7] WARN  c.q.federated.service.FederatedCoordinatorService - Node 11 marked as inactive due to heartbeat timeout
2026-01-14 21:11:01.857 [taskScheduler-7] WARN  c.q.federated.service.FederatedCoordinatorService - Node 11 marked as inactive due to heartbeat timeout
2026-01-14 21:11:06.865 [taskScheduler-7] WARN  c.q.federated.service.FederatedCoordinatorService - Node 11 marked as inactive due to heartbeat timeout
2026-01-14 21:11:11.886 [taskScheduler-7] WARN  c.q.federated.service.FederatedCoordinatorService - Node 11 marked as inactive due to heartbeat timeout
2026-01-14 21:11:16.908 [taskScheduler-7] WARN  c.q.federated.service.FederatedCoordinatorService - Node 11 marked as inactive due to heartbeat timeout
2026-01-14 21:11:21.918 [taskScheduler-7] WARN  c.q.federated.service.FederatedCoordinatorService - Node 11 marked as inactive due to heartbeat timeout
2026-01-14 21:11:26.933 [taskScheduler-7] WARN  c.q.federated.service.FederatedCoordinatorService - Node 11 marked as inactive due to heartbeat timeout
2026-01-14 21:11:31.951 [taskScheduler-7] WARN  c.q.federated.service.FederatedCoordinatorService - Node 11 marked as inactive due to heartbeat timeout
2026-01-14 21:11:36.958 [taskScheduler-7] WARN  c.q.federated.service.FederatedCoordinatorService - Node 11 marked as inactive due to heartbeat timeout
2026-01-14 21:11:41.970 [taskScheduler-7] WARN  c.q.federated.service.FederatedCoordinatorService - Node 11 marked as inactive due to heartbeat timeout
2026-01-14 21:11:46.985 [taskScheduler-7] WARN  c.q.federated.service.FederatedCoordinatorService - Node 11 marked as inactive due to heartbeat timeout
2026-01-14 21:11:51.998 [taskScheduler-7] WARN  c.q.federated.service.FederatedCoordinatorService - Node 11 marked as inactive due to heartbeat timeout
2026-01-14 21:11:57.011 [taskScheduler-7] WARN  c.q.federated.service.FederatedCoordinatorService - Node 11 marked as inactive due to heartbeat timeout
2026-01-14 21:12:02.025 [taskScheduler-7] WARN  c.q.federated.service.FederatedCoordinatorService - Node 11 marked as inactive due to heartbeat timeout
2026-01-14 21:12:07.031 [taskScheduler-7] WARN  c.q.federated.service.FederatedCoordinatorService - Node 11 marked as inactive due to heartbeat timeout
2026-01-14 21:12:12.050 [taskScheduler-7] WARN  c.q.federated.service.FederatedCoordinatorService - Node 11 marked as inactive due to heartbeat timeout
2026-01-14 21:12:17.061 [taskScheduler-7] WARN  c.q.federated.service.FederatedCoordinatorService - Node 11 marked as inactive due to heartbeat timeout
2026-01-14 21:12:22.069 [taskScheduler-7] WARN  c.q.federated.service.FederatedCoordinatorService - Node 11 marked as inactive due to heartbeat timeout
2026-01-14 21:12:27.086 [taskScheduler-7] WARN  c.q.federated.service.FederatedCoordinatorService - Node 11 marked as inactive due to heartbeat timeout
2026-01-14 21:12:32.099 [taskScheduler-7] WARN  c.q.federated.service.FederatedCoordinatorService - Node 11 marked as inactive due to heartbeat timeout
2026-01-14 21:12:37.117 [taskScheduler-7] WARN  c.q.federated.service.FederatedCoordinatorService - Node 11 marked as inactive due to heartbeat timeout
2026-01-14 21:12:42.133 [taskScheduler-7] WARN  c.q.federated.service.FederatedCoordinatorService - Node 11 marked as inactive due to heartbeat timeout
2026-01-14 21:12:47.147 [taskScheduler-7] WARN  c.q.federated.service.FederatedCoordinatorService - Node 11 marked as inactive due to heartbeat timeout
2026-01-14 21:12:52.166 [taskScheduler-7] WARN  c.q.federated.service.FederatedCoordinatorService - Node 11 marked as inactive due to heartbeat timeout
2026-01-14 21:12:57.182 [taskScheduler-7] WARN  c.q.federated.service.FederatedCoordinatorService - Node 11 marked as inactive due to heartbeat timeout
2026-01-14 21:13:02.202 [taskScheduler-7] WARN  c.q.federated.service.FederatedCoordinatorService - Node 11 marked as inactive due to heartbeat timeout
2026-01-14 21:13:07.215 [taskScheduler-7] WARN  c.q.federated.service.FederatedCoordinatorService - Node 11 marked as inactive due to heartbeat timeout
2026-01-14 21:13:12.232 [taskScheduler-7] WARN  c.q.federated.service.FederatedCoordinatorService - Node 11 marked as inactive due to heartbeat timeout
2026-01-14 21:13:17.252 [taskScheduler-7] WARN  c.q.federated.service.FederatedCoordinatorService - Node 11 marked as inactive due to heartbeat timeout
2026-01-14 21:13:22.264 [taskScheduler-7] WARN  c.q.federated.service.FederatedCoordinatorService - Node 11 marked as inactive due to heartbeat timeout
2026-01-14 21:13:27.274 [taskScheduler-7] WARN  c.q.federated.service.FederatedCoordinatorService - Node 11 marked as inactive due to heartbeat timeout
2026-01-14 21:13:32.282 [taskScheduler-7] WARN  c.q.federated.service.FederatedCoordinatorService - Node 11 marked as inactive due to heartbeat timeout
2026-01-14 21:13:37.297 [taskScheduler-7] WARN  c.q.federated.service.FederatedCoordinatorService - Node 11 marked as inactive due to heartbeat timeout
2026-01-14 21:13:42.309 [taskScheduler-7] WARN  c.q.federated.service.FederatedCoordinatorService - Node 11 marked as inactive due to heartbeat timeout
2026-01-14 21:13:47.322 [taskScheduler-7] WARN  c.q.federated.service.FederatedCoordinatorService - Node 11 marked as inactive due to heartbeat timeout
2026-01-14 21:13:52.339 [taskScheduler-7] WARN  c.q.federated.service.FederatedCoordinatorService - Node 11 marked as inactive due to heartbeat timeout
2026-01-14 21:13:57.345 [taskScheduler-7] WARN  c.q.federated.service.FederatedCoordinatorService - Node 11 marked as inactive due to heartbeat timeout
2026-01-14 21:14:02.356 [taskScheduler-7] WARN  c.q.federated.service.FederatedCoordinatorService - Node 11 marked as inactive due to heartbeat timeout
2026-01-14 21:14:07.372 [taskScheduler-7] WARN  c.q.federated.service.FederatedCoordinatorService - Node 11 marked as inactive due to heartbeat timeout
2026-01-14 21:14:12.380 [taskScheduler-7] WARN  c.q.federated.service.FederatedCoordinatorService - Node 11 marked as inactive due to heartbeat timeout
2026-01-14 21:14:17.388 [taskScheduler-7] WARN  c.q.federated.service.FederatedCoordinatorService - Node 11 marked as inactive due to heartbeat timeout
2026-01-14 21:14:22.393 [taskScheduler-7] WARN  c.q.federated.service.FederatedCoordinatorService - Node 11 marked as inactive due to heartbeat timeout
2026-01-14 21:14:27.401 [taskScheduler-7] WARN  c.q.federated.service.FederatedCoordinatorService - Node 11 marked as inactive due to heartbeat timeout
2026-01-14 21:14:32.412 [taskScheduler-7] WARN  c.q.federated.service.FederatedCoordinatorService - Node 11 marked as inactive due to heartbeat timeout
2026-01-14 21:14:37.429 [taskScheduler-7] WARN  c.q.federated.service.FederatedCoordinatorService - Node 11 marked as inactive due to heartbeat timeout
2026-01-14 21:14:42.441 [taskScheduler-7] WARN  c.q.federated.service.FederatedCoordinatorService - Node 11 marked as inactive due to heartbeat timeout
2026-01-14 21:14:47.457 [taskScheduler-7] WARN  c.q.federated.service.FederatedCoordinatorService - Node 11 marked as inactive due to heartbeat timeout
2026-01-14 21:14:52.478 [taskScheduler-7] WARN  c.q.federated.service.FederatedCoordinatorService - Node 11 marked as inactive due to heartbeat timeout
2026-01-14 21:14:57.485 [taskScheduler-7] WARN  c.q.federated.service.FederatedCoordinatorService - Node 11 marked as inactive due to heartbeat timeout
2026-01-14 21:15:02.503 [taskScheduler-7] WARN  c.q.federated.service.FederatedCoordinatorService - Node 11 marked as inactive due to heartbeat timeout
2026-01-14 21:15:07.513 [taskScheduler-7] WARN  c.q.federated.service.FederatedCoordinatorService - Node 11 marked as inactive due to heartbeat timeout
2026-01-14 21:15:12.529 [taskScheduler-7] WARN  c.q.federated.service.FederatedCoordinatorService - Node 11 marked as inactive due to heartbeat timeout
2026-01-14 21:15:17.535 [taskScheduler-7] WARN  c.q.federated.service.FederatedCoordinatorService - Node 11 marked as inactive due to heartbeat timeout
2026-01-14 21:15:22.542 [taskScheduler-7] WARN  c.q.federated.service.FederatedCoordinatorService - Node 11 marked as inactive due to heartbeat timeout
2026-01-14 21:15:27.561 [taskScheduler-7] WARN  c.q.federated.service.FederatedCoordinatorService - Node 11 marked as inactive due to heartbeat timeout
2026-01-14 21:15:32.574 [taskScheduler-7] WARN  c.q.federated.service.FederatedCoordinatorService - Node 11 marked as inactive due to heartbeat timeout
2026-01-14 21:15:37.594 [taskScheduler-7] WARN  c.q.federated.service.FederatedCoordinatorService - Node 11 marked as inactive due to heartbeat timeout
2026-01-14 21:15:42.610 [taskScheduler-7] WARN  c.q.federated.service.FederatedCoordinatorService - Node 11 marked as inactive due to heartbeat timeout
2026-01-14 21:15:47.628 [taskScheduler-7] WARN  c.q.federated.service.FederatedCoordinatorService - Node 11 marked as inactive due to heartbeat timeout
2026-01-14 21:15:52.643 [taskScheduler-7] WARN  c.q.federated.service.FederatedCoordinatorService - Node 11 marked as inactive due to heartbeat timeout
2026-01-14 21:15:57.662 [taskScheduler-7] WARN  c.q.federated.service.FederatedCoordinatorService - Node 11 marked as inactive due to heartbeat timeout
2026-01-14 21:16:02.677 [taskScheduler-7] WARN  c.q.federated.service.FederatedCoordinatorService - Node 11 marked as inactive due to heartbeat timeout
2026-01-14 21:16:07.692 [taskScheduler-7] WARN  c.q.federated.service.FederatedCoordinatorService - Node 11 marked as inactive due to heartbeat timeout
2026-01-14 21:16:12.707 [taskScheduler-7] WARN  c.q.federated.service.FederatedCoordinatorService - Node 11 marked as inactive due to heartbeat timeout
2026-01-14 21:16:17.726 [taskScheduler-7] WARN  c.q.federated.service.FederatedCoordinatorService - Node 11 marked as inactive due to heartbeat timeout
2026-01-14 21:16:22.736 [taskScheduler-7] WARN  c.q.federated.service.FederatedCoordinatorService - Node 11 marked as inactive due to heartbeat timeout
2026-01-14 21:16:27.752 [taskScheduler-7] WARN  c.q.federated.service.FederatedCoordinatorService - Node 11 marked as inactive due to heartbeat timeout
2026-01-14 21:16:32.765 [taskScheduler-7] WARN  c.q.federated.service.FederatedCoordinatorService - Node 11 marked as inactive due to heartbeat timeout
2026-01-14 21:16:37.777 [taskScheduler-7] WARN  c.q.federated.service.FederatedCoordinatorService - Node 11 marked as inactive due to heartbeat timeout
2026-01-14 21:16:42.789 [taskScheduler-7] WARN  c.q.federated.service.FederatedCoordinatorService - Node 11 marked as inactive due to heartbeat timeout
2026-01-14 21:16:47.809 [taskScheduler-7] WARN  c.q.federated.service.FederatedCoordinatorService - Node 11 marked as inactive due to heartbeat timeout
2026-01-14 21:16:52.829 [taskScheduler-7] WARN  c.q.federated.service.FederatedCoordinatorService - Node 11 marked as inactive due to heartbeat timeout
2026-01-14 21:16:57.843 [taskScheduler-7] WARN  c.q.federated.service.FederatedCoordinatorService - Node 11 marked as inactive due to heartbeat timeout
2026-01-14 21:17:02.849 [taskScheduler-7] WARN  c.q.federated.service.FederatedCoordinatorService - Node 11 marked as inactive due to heartbeat timeout
2026-01-14 21:17:07.857 [taskScheduler-7] WARN  c.q.federated.service.FederatedCoordinatorService - Node 11 marked as inactive due to heartbeat timeout
2026-01-14 21:17:12.875 [taskScheduler-7] WARN  c.q.federated.service.FederatedCoordinatorService - Node 11 marked as inactive due to heartbeat timeout
2026-01-14 21:17:17.889 [taskScheduler-7] WARN  c.q.federated.service.FederatedCoordinatorService - Node 11 marked as inactive due to heartbeat timeout
2026-01-14 21:17:22.908 [taskScheduler-7] WARN  c.q.federated.service.FederatedCoordinatorService - Node 11 marked as inactive due to heartbeat timeout
2026-01-14 21:17:27.922 [taskScheduler-7] WARN  c.q.federated.service.FederatedCoordinatorService - Node 11 marked as inactive due to heartbeat timeout
2026-01-14 21:17:32.941 [taskScheduler-7] WARN  c.q.federated.service.FederatedCoordinatorService - Node 11 marked as inactive due to heartbeat timeout
2026-01-14 21:17:37.953 [taskScheduler-7] WARN  c.q.federated.service.FederatedCoordinatorService - Node 11 marked as inactive due to heartbeat timeout
2026-01-14 21:17:42.968 [taskScheduler-7] WARN  c.q.federated.service.FederatedCoordinatorService - Node 11 marked as inactive due to heartbeat timeout
2026-01-14 21:17:47.988 [taskScheduler-7] WARN  c.q.federated.service.FederatedCoordinatorService - Node 11 marked as inactive due to heartbeat timeout
2026-01-14 21:17:53.006 [taskScheduler-7] WARN  c.q.federated.service.FederatedCoordinatorService - Node 11 marked as inactive due to heartbeat timeout
2026-01-14 21:17:58.015 [taskScheduler-7] WARN  c.q.federated.service.FederatedCoordinatorService - Node 11 marked as inactive due to heartbeat timeout
2026-01-14 21:18:03.030 [taskScheduler-7] WARN  c.q.federated.service.FederatedCoordinatorService - Node 11 marked as inactive due to heartbeat timeout
2026-01-14 21:18:08.048 [taskScheduler-7] WARN  c.q.federated.service.FederatedCoordinatorService - Node 11 marked as inactive due to heartbeat timeout
2026-01-14 21:18:13.066 [taskScheduler-7] WARN  c.q.federated.service.FederatedCoordinatorService - Node 11 marked as inactive due to heartbeat timeout
2026-01-14 21:18:18.083 [taskScheduler-7] WARN  c.q.federated.service.FederatedCoordinatorService - Node 11 marked as inactive due to heartbeat timeout
2026-01-14 21:18:23.089 [taskScheduler-7] WARN  c.q.federated.service.FederatedCoordinatorService - Node 11 marked as inactive due to heartbeat timeout
2026-01-14 21:18:28.104 [taskScheduler-7] WARN  c.q.federated.service.FederatedCoordinatorService - Node 11 marked as inactive due to heartbeat timeout
2026-01-14 21:18:33.122 [taskScheduler-7] WARN  c.q.federated.service.FederatedCoordinatorService - Node 11 marked as inactive due to heartbeat timeout
2026-01-14 21:18:38.129 [taskScheduler-7] WARN  c.q.federated.service.FederatedCoordinatorService - Node 11 marked as inactive due to heartbeat timeout
2026-01-14 21:18:43.148 [taskScheduler-7] WARN  c.q.federated.service.FederatedCoordinatorService - Node 11 marked as inactive due to heartbeat timeout
2026-01-14 21:18:48.153 [taskScheduler-7] WARN  c.q.federated.service.FederatedCoordinatorService - Node 11 marked as inactive due to heartbeat timeout
2026-01-14 21:18:53.170 [taskScheduler-7] WARN  c.q.federated.service.FederatedCoordinatorService - Node 11 marked as inactive due to heartbeat timeout
2026-01-14 21:18:58.174 [taskScheduler-7] WARN  c.q.federated.service.FederatedCoordinatorService - Node 11 marked as inactive due to heartbeat timeout
2026-01-14 21:19:03.182 [taskScheduler-7] WARN  c.q.federated.service.FederatedCoordinatorService - Node 11 marked as inactive due to heartbeat timeout
2026-01-14 21:19:08.188 [taskScheduler-7] WARN  c.q.federated.service.FederatedCoordinatorService - Node 11 marked as inactive due to heartbeat timeout
2026-01-14 21:19:13.207 [taskScheduler-7] WARN  c.q.federated.service.FederatedCoordinatorService - Node 11 marked as inactive due to heartbeat timeout
2026-01-14 21:19:18.225 [taskScheduler-7] WARN  c.q.federated.service.FederatedCoordinatorService - Node 11 marked as inactive due to heartbeat timeout
2026-01-14 21:19:23.237 [taskScheduler-7] WARN  c.q.federated.service.FederatedCoordinatorService - Node 11 marked as inactive due to heartbeat timeout
2026-01-14 21:19:28.253 [taskScheduler-7] WARN  c.q.federated.service.FederatedCoordinatorService - Node 11 marked as inactive due to heartbeat timeout
2026-01-14 21:19:33.269 [taskScheduler-7] WARN  c.q.federated.service.FederatedCoordinatorService - Node 11 marked as inactive due to heartbeat timeout
2026-01-14 21:19:38.288 [taskScheduler-7] WARN  c.q.federated.service.FederatedCoordinatorService - Node 11 marked as inactive due to heartbeat timeout
2026-01-14 21:19:43.298 [taskScheduler-7] WARN  c.q.federated.service.FederatedCoordinatorService - Node 11 marked as inactive due to heartbeat timeout
2026-01-14 21:19:48.308 [taskScheduler-7] WARN  c.q.federated.service.FederatedCoordinatorService - Node 11 marked as inactive due to heartbeat timeout
2026-01-14 21:19:53.321 [taskScheduler-7] WARN  c.q.federated.service.FederatedCoordinatorService - Node 11 marked as inactive due to heartbeat timeout
2026-01-14 21:19:58.336 [taskScheduler-7] WARN  c.q.federated.service.FederatedCoordinatorService - Node 11 marked as inactive due to heartbeat timeout
2026-01-14 21:20:03.345 [taskScheduler-7] WARN  c.q.federated.service.FederatedCoordinatorService - Node 11 marked as inactive due to heartbeat timeout
2026-01-14 21:20:08.357 [taskScheduler-7] WARN  c.q.federated.service.FederatedCoordinatorService - Node 11 marked as inactive due to heartbeat timeout
2026-01-14 21:20:13.370 [taskScheduler-7] WARN  c.q.federated.service.FederatedCoordinatorService - Node 11 marked as inactive due to heartbeat timeout
2026-01-14 21:20:18.385 [taskScheduler-7] WARN  c.q.federated.service.FederatedCoordinatorService - Node 11 marked as inactive due to heartbeat timeout
2026-01-14 21:20:23.400 [taskScheduler-7] WARN  c.q.federated.service.FederatedCoordinatorService - Node 11 marked as inactive due to heartbeat timeout
2026-01-14 21:20:28.411 [taskScheduler-7] WARN  c.q.federated.service.FederatedCoordinatorService - Node 11 marked as inactive due to heartbeat timeout
2026-01-14 21:20:33.431 [taskScheduler-7] WARN  c.q.federated.service.FederatedCoordinatorService - Node 11 marked as inactive due to heartbeat timeout
2026-01-14 21:20:38.453 [taskScheduler-7] WARN  c.q.federated.service.FederatedCoordinatorService - Node 11 marked as inactive due to heartbeat timeout
2026-01-14 21:20:43.461 [taskScheduler-7] WARN  c.q.federated.service.FederatedCoordinatorService - Node 11 marked as inactive due to heartbeat timeout
2026-01-14 21:20:48.477 [taskScheduler-7] WARN  c.q.federated.service.FederatedCoordinatorService - Node 11 marked as inactive due to heartbeat timeout
2026-01-14 21:20:53.484 [taskScheduler-7] WARN  c.q.federated.service.FederatedCoordinatorService - Node 11 marked as inactive due to heartbeat timeout
2026-01-14 21:20:58.496 [taskScheduler-7] WARN  c.q.federated.service.FederatedCoordinatorService - Node 11 marked as inactive due to heartbeat timeout
2026-01-14 21:21:03.505 [taskScheduler-7] WARN  c.q.federated.service.FederatedCoordinatorService - Node 11 marked as inactive due to heartbeat timeout
2026-01-14 21:21:08.521 [taskScheduler-7] WARN  c.q.federated.service.FederatedCoordinatorService - Node 11 marked as inactive due to heartbeat timeout
2026-01-14 21:21:13.539 [taskScheduler-7] WARN  c.q.federated.service.FederatedCoordinatorService - Node 11 marked as inactive due to heartbeat timeout
2026-01-14 21:21:18.551 [taskScheduler-7] WARN  c.q.federated.service.FederatedCoordinatorService - Node 11 marked as inactive due to heartbeat timeout
2026-01-14 21:21:23.567 [taskScheduler-7] WARN  c.q.federated.service.FederatedCoordinatorService - Node 11 marked as inactive due to heartbeat timeout
2026-01-14 21:21:28.579 [taskScheduler-7] WARN  c.q.federated.service.FederatedCoordinatorService - Node 11 marked as inactive due to heartbeat timeout
2026-01-14 21:21:33.591 [taskScheduler-7] WARN  c.q.federated.service.FederatedCoordinatorService - Node 11 marked as inactive due to heartbeat timeout
2026-01-14 21:21:38.598 [taskScheduler-7] WARN  c.q.federated.service.FederatedCoordinatorService - Node 11 marked as inactive due to heartbeat timeout
2026-01-14 21:21:43.617 [taskScheduler-7] WARN  c.q.federated.service.FederatedCoordinatorService - Node 11 marked as inactive due to heartbeat timeout
2026-01-14 21:21:48.631 [taskScheduler-7] WARN  c.q.federated.service.FederatedCoordinatorService - Node 11 marked as inactive due to heartbeat timeout
2026-01-14 21:21:53.638 [taskScheduler-7] WARN  c.q.federated.service.FederatedCoordinatorService - Node 11 marked as inactive due to heartbeat timeout
2026-01-14 21:21:58.651 [taskScheduler-7] WARN  c.q.federated.service.FederatedCoordinatorService - Node 11 marked as inactive due to heartbeat timeout
2026-01-14 21:22:03.662 [taskScheduler-7] WARN  c.q.federated.service.FederatedCoordinatorService - Node 11 marked as inactive due to heartbeat timeout
2026-01-14 21:22:08.680 [taskScheduler-7] WARN  c.q.federated.service.FederatedCoordinatorService - Node 11 marked as inactive due to heartbeat timeout
2026-01-14 21:22:13.695 [taskScheduler-7] WARN  c.q.federated.service.FederatedCoordinatorService - Node 11 marked as inactive due to heartbeat timeout
2026-01-14 21:22:18.706 [taskScheduler-7] WARN  c.q.federated.service.FederatedCoordinatorService - Node 11 marked as inactive due to heartbeat timeout
2026-01-14 21:22:23.726 [taskScheduler-7] WARN  c.q.federated.service.FederatedCoordinatorService - Node 11 marked as inactive due to heartbeat timeout
2026-01-14 21:22:28.733 [taskScheduler-7] WARN  c.q.federated.service.FederatedCoordinatorService - Node 11 marked as inactive due to heartbeat timeout
2026-01-14 21:22:33.740 [taskScheduler-7] WARN  c.q.federated.service.FederatedCoordinatorService - Node 11 marked as inactive due to heartbeat timeout
2026-01-14 21:22:38.750 [taskScheduler-7] WARN  c.q.federated.service.FederatedCoordinatorService - Node 11 marked as inactive due to heartbeat timeout
2026-01-14 21:22:43.757 [taskScheduler-7] WARN  c.q.federated.service.FederatedCoordinatorService - Node 11 marked as inactive due to heartbeat timeout
2026-01-14 21:22:48.767 [taskScheduler-7] WARN  c.q.federated.service.FederatedCoordinatorService - Node 11 marked as inactive due to heartbeat timeout
2026-01-14 21:22:53.787 [taskScheduler-7] WARN  c.q.federated.service.FederatedCoordinatorService - Node 11 marked as inactive due to heartbeat timeout
2026-01-14 21:22:58.805 [taskScheduler-7] WARN  c.q.federated.service.FederatedCoordinatorService - Node 11 marked as inactive due to heartbeat timeout
2026-01-14 21:23:03.817 [taskScheduler-7] WARN  c.q.federated.service.FederatedCoordinatorService - Node 11 marked as inactive due to heartbeat timeout
2026-01-14 21:23:08.834 [taskScheduler-7] WARN  c.q.federated.service.FederatedCoordinatorService - Node 11 marked as inactive due to heartbeat timeout
2026-01-14 21:23:13.847 [taskScheduler-7] WARN  c.q.federated.service.FederatedCoordinatorService - Node 11 marked as inactive due to heartbeat timeout
2026-01-14 21:23:18.865 [taskScheduler-7] WARN  c.q.federated.service.FederatedCoordinatorService - Node 11 marked as inactive due to heartbeat timeout
2026-01-14 21:23:23.885 [taskScheduler-7] WARN  c.q.federated.service.FederatedCoordinatorService - Node 11 marked as inactive due to heartbeat timeout
2026-01-14 21:23:28.897 [taskScheduler-7] WARN  c.q.federated.service.FederatedCoordinatorService - Node 11 marked as inactive due to heartbeat timeout
2026-01-14 21:23:33.917 [taskScheduler-7] WARN  c.q.federated.service.FederatedCoordinatorService - Node 11 marked as inactive due to heartbeat timeout
2026-01-14 21:23:38.930 [taskScheduler-7] WARN  c.q.federated.service.FederatedCoordinatorService - Node 11 marked as inactive due to heartbeat timeout
2026-01-14 21:23:43.939 [taskScheduler-7] WARN  c.q.federated.service.FederatedCoordinatorService - Node 11 marked as inactive due to heartbeat timeout
2026-01-14 21:23:48.947 [taskScheduler-7] WARN  c.q.federated.service.FederatedCoordinatorService - Node 11 marked as inactive due to heartbeat timeout
2026-01-14 21:23:53.965 [taskScheduler-7] WARN  c.q.federated.service.FederatedCoordinatorService - Node 11 marked as inactive due to heartbeat timeout
2026-01-14 21:23:58.972 [taskScheduler-7] WARN  c.q.federated.service.FederatedCoordinatorService - Node 11 marked as inactive due to heartbeat timeout
2026-01-14 21:24:03.983 [taskScheduler-7] WARN  c.q.federated.service.FederatedCoordinatorService - Node 11 marked as inactive due to heartbeat timeout
2026-01-14 21:24:08.991 [taskScheduler-7] WARN  c.q.federated.service.FederatedCoordinatorService - Node 11 marked as inactive due to heartbeat timeout
2026-01-14 21:24:13.997 [taskScheduler-7] WARN  c.q.federated.service.FederatedCoordinatorService - Node 11 marked as inactive due to heartbeat timeout
2026-01-14 21:24:19.006 [taskScheduler-7] WARN  c.q.federated.service.FederatedCoordinatorService - Node 11 marked as inactive due to heartbeat timeout
2026-01-14 21:24:24.020 [taskScheduler-7] WARN  c.q.federated.service.FederatedCoordinatorService - Node 11 marked as inactive due to heartbeat timeout
2026-01-14 21:24:29.030 [taskScheduler-7] WARN  c.q.federated.service.FederatedCoordinatorService - Node 11 marked as inactive due to heartbeat timeout
2026-01-14 21:24:34.046 [taskScheduler-7] WARN  c.q.federated.service.FederatedCoordinatorService - Node 11 marked as inactive due to heartbeat timeout
2026-01-14 21:24:39.063 [taskScheduler-7] WARN  c.q.federated.service.FederatedCoordinatorService - Node 11 marked as inactive due to heartbeat timeout
2026-01-14 21:24:44.081 [taskScheduler-7] WARN  c.q.federated.service.FederatedCoordinatorService - Node 11 marked as inactive due to heartbeat timeout
2026-01-14 21:24:49.097 [taskScheduler-7] WARN  c.q.federated.service.FederatedCoordinatorService - Node 11 marked as inactive due to heartbeat timeout
2026-01-14 21:24:54.113 [taskScheduler-7] WARN  c.q.federated.service.FederatedCoordinatorService - Node 11 marked as inactive due to heartbeat timeout
2026-01-14 21:24:59.121 [taskScheduler-7] WARN  c.q.federated.service.FederatedCoordinatorService - Node 11 marked as inactive due to heartbeat timeout
2026-01-14 21:25:04.146 [taskScheduler-7] WARN  c.q.federated.service.FederatedCoordinatorService - Node 11 marked as inactive due to heartbeat timeout
2026-01-14 21:25:09.161 [taskScheduler-7] WARN  c.q.federated.service.FederatedCoordinatorService - Node 11 marked as inactive due to heartbeat timeout
2026-01-14 21:25:14.169 [taskScheduler-7] WARN  c.q.federated.service.FederatedCoordinatorService - Node 11 marked as inactive due to heartbeat timeout
2026-01-14 21:25:19.177 [taskScheduler-7] WARN  c.q.federated.service.FederatedCoordinatorService - Node 11 marked as inactive due to heartbeat timeout
2026-01-14 21:25:24.194 [taskScheduler-7] WARN  c.q.federated.service.FederatedCoordinatorService - Node 11 marked as inactive due to heartbeat timeout
2026-01-14 21:25:29.203 [taskScheduler-7] WARN  c.q.federated.service.FederatedCoordinatorService - Node 11 marked as inactive due to heartbeat timeout
2026-01-14 21:25:34.213 [taskScheduler-7] WARN  c.q.federated.service.FederatedCoordinatorService - Node 11 marked as inactive due to heartbeat timeout
2026-01-14 21:25:39.224 [taskScheduler-7] WARN  c.q.federated.service.FederatedCoordinatorService - Node 11 marked as inactive due to heartbeat timeout
2026-01-14 21:25:44.242 [taskScheduler-7] WARN  c.q.federated.service.FederatedCoordinatorService - Node 11 marked as inactive due to heartbeat timeout
2026-01-14 21:25:49.256 [taskScheduler-7] WARN  c.q.federated.service.FederatedCoordinatorService - Node 11 marked as inactive due to heartbeat timeout
2026-01-14 21:25:54.279 [taskScheduler-7] WARN  c.q.federated.service.FederatedCoordinatorService - Node 11 marked as inactive due to heartbeat timeout
2026-01-14 21:25:59.294 [taskScheduler-7] WARN  c.q.federated.service.FederatedCoordinatorService - Node 11 marked as inactive due to heartbeat timeout
2026-01-14 21:26:04.312 [taskScheduler-7] WARN  c.q.federated.service.FederatedCoordinatorService - Node 11 marked as inactive due to heartbeat timeout
2026-01-14 21:26:09.319 [taskScheduler-7] WARN  c.q.federated.service.FederatedCoordinatorService - Node 11 marked as inactive due to heartbeat timeout
2026-01-14 21:26:14.326 [taskScheduler-7] WARN  c.q.federated.service.FederatedCoordinatorService - Node 11 marked as inactive due to heartbeat timeout
2026-01-14 21:26:19.344 [taskScheduler-7] WARN  c.q.federated.service.FederatedCoordinatorService - Node 11 marked as inactive due to heartbeat timeout
2026-01-14 21:26:24.354 [taskScheduler-7] WARN  c.q.federated.service.FederatedCoordinatorService - Node 11 marked as inactive due to heartbeat timeout
2026-01-14 21:26:29.372 [taskScheduler-7] WARN  c.q.federated.service.FederatedCoordinatorService - Node 11 marked as inactive due to heartbeat timeout
2026-01-14 21:26:34.377 [taskScheduler-7] WARN  c.q.federated.service.FederatedCoordinatorService - Node 11 marked as inactive due to heartbeat timeout
2026-01-14 21:26:39.384 [taskScheduler-7] WARN  c.q.federated.service.FederatedCoordinatorService - Node 11 marked as inactive due to heartbeat timeout
2026-01-14 21:26:44.399 [taskScheduler-7] WARN  c.q.federated.service.FederatedCoordinatorService - Node 11 marked as inactive due to heartbeat timeout
2026-01-14 21:26:49.416 [taskScheduler-7] WARN  c.q.federated.service.FederatedCoordinatorService - Node 11 marked as inactive due to heartbeat timeout
2026-01-14 21:26:54.423 [taskScheduler-7] WARN  c.q.federated.service.FederatedCoordinatorService - Node 11 marked as inactive due to heartbeat timeout
2026-01-14 21:26:59.434 [taskScheduler-7] WARN  c.q.federated.service.FederatedCoordinatorService - Node 11 marked as inactive due to heartbeat timeout
2026-01-14 21:27:04.443 [taskScheduler-7] WARN  c.q.federated.service.FederatedCoordinatorService - Node 11 marked as inactive due to heartbeat timeout
2026-01-14 21:27:09.460 [taskScheduler-7] WARN  c.q.federated.service.FederatedCoordinatorService - Node 11 marked as inactive due to heartbeat timeout
2026-01-14 21:27:14.471 [taskScheduler-7] WARN  c.q.federated.service.FederatedCoordinatorService - Node 11 marked as inactive due to heartbeat timeout
2026-01-14 21:27:19.491 [taskScheduler-7] WARN  c.q.federated.service.FederatedCoordinatorService - Node 11 marked as inactive due to heartbeat timeout
2026-01-14 21:27:24.510 [taskScheduler-7] WARN  c.q.federated.service.FederatedCoordinatorService - Node 11 marked as inactive due to heartbeat timeout
2026-01-14 21:27:29.525 [taskScheduler-7] WARN  c.q.federated.service.FederatedCoordinatorService - Node 11 marked as inactive due to heartbeat timeout
2026-01-14 21:27:34.540 [taskScheduler-7] WARN  c.q.federated.service.FederatedCoordinatorService - Node 11 marked as inactive due to heartbeat timeout
2026-01-14 21:27:39.558 [taskScheduler-7] WARN  c.q.federated.service.FederatedCoordinatorService - Node 11 marked as inactive due to heartbeat timeout
2026-01-14 21:27:44.575 [taskScheduler-7] WARN  c.q.federated.service.FederatedCoordinatorService - Node 11 marked as inactive due to heartbeat timeout
2026-01-14 21:27:49.589 [taskScheduler-7] WARN  c.q.federated.service.FederatedCoordinatorService - Node 11 marked as inactive due to heartbeat timeout
2026-01-14 21:27:54.598 [taskScheduler-7] WARN  c.q.federated.service.FederatedCoordinatorService - Node 11 marked as inactive due to heartbeat timeout
2026-01-14 21:27:59.609 [taskScheduler-7] WARN  c.q.federated.service.FederatedCoordinatorService - Node 11 marked as inactive due to heartbeat timeout
2026-01-14 21:28:04.622 [taskScheduler-7] WARN  c.q.federated.service.FederatedCoordinatorService - Node 11 marked as inactive due to heartbeat timeout
2026-01-14 21:28:09.639 [taskScheduler-7] WARN  c.q.federated.service.FederatedCoordinatorService - Node 11 marked as inactive due to heartbeat timeout
2026-01-14 21:28:14.651 [taskScheduler-7] WARN  c.q.federated.service.FederatedCoordinatorService - Node 11 marked as inactive due to heartbeat timeout
2026-01-14 21:28:19.664 [taskScheduler-7] WARN  c.q.federated.service.FederatedCoordinatorService - Node 11 marked as inactive due to heartbeat timeout
2026-01-14 21:28:24.686 [taskScheduler-7] WARN  c.q.federated.service.FederatedCoordinatorService - Node 11 marked as inactive due to heartbeat timeout
2026-01-14 21:28:29.707 [taskScheduler-7] WARN  c.q.federated.service.FederatedCoordinatorService - Node 11 marked as inactive due to heartbeat timeout
2026-01-14 21:28:34.725 [taskScheduler-7] WARN  c.q.federated.service.FederatedCoordinatorService - Node 11 marked as inactive due to heartbeat timeout
2026-01-14 21:28:39.742 [taskScheduler-7] WARN  c.q.federated.service.FederatedCoordinatorService - Node 11 marked as inactive due to heartbeat timeout
2026-01-14 21:28:44.757 [taskScheduler-7] WARN  c.q.federated.service.FederatedCoordinatorService - Node 11 marked as inactive due to heartbeat timeout
2026-01-14 21:28:49.770 [taskScheduler-7] WARN  c.q.federated.service.FederatedCoordinatorService - Node 11 marked as inactive due to heartbeat timeout
2026-01-14 21:28:54.791 [taskScheduler-7] WARN  c.q.federated.service.FederatedCoordinatorService - Node 11 marked as inactive due to heartbeat timeout
2026-01-14 21:28:59.797 [taskScheduler-7] WARN  c.q.federated.service.FederatedCoordinatorService - Node 11 marked as inactive due to heartbeat timeout
2026-01-14 21:29:04.805 [taskScheduler-7] WARN  c.q.federated.service.FederatedCoordinatorService - Node 11 marked as inactive due to heartbeat timeout
2026-01-14 21:29:09.823 [taskScheduler-7] WARN  c.q.federated.service.FederatedCoordinatorService - Node 11 marked as inactive due to heartbeat timeout
2026-01-14 21:29:14.840 [taskScheduler-7] WARN  c.q.federated.service.FederatedCoordinatorService - Node 11 marked as inactive due to heartbeat timeout
2026-01-14 21:29:19.856 [taskScheduler-7] WARN  c.q.federated.service.FederatedCoordinatorService - Node 11 marked as inactive due to heartbeat timeout
2026-01-14 21:29:24.872 [taskScheduler-7] WARN  c.q.federated.service.FederatedCoordinatorService - Node 11 marked as inactive due to heartbeat timeout
2026-01-14 21:29:29.887 [taskScheduler-7] WARN  c.q.federated.service.FederatedCoordinatorService - Node 11 marked as inactive due to heartbeat timeout
2026-01-14 21:29:34.902 [taskScheduler-7] WARN  c.q.federated.service.FederatedCoordinatorService - Node 11 marked as inactive due to heartbeat timeout
2026-01-14 21:29:39.917 [taskScheduler-7] WARN  c.q.federated.service.FederatedCoordinatorService - Node 11 marked as inactive due to heartbeat timeout
2026-01-14 21:29:44.928 [taskScheduler-7] WARN  c.q.federated.service.FederatedCoordinatorService - Node 11 marked as inactive due to heartbeat timeout
2026-01-14 21:29:49.934 [taskScheduler-7] WARN  c.q.federated.service.FederatedCoordinatorService - Node 11 marked as inactive due to heartbeat timeout
2026-01-14 21:29:54.938 [taskScheduler-7] WARN  c.q.federated.service.FederatedCoordinatorService - Node 11 marked as inactive due to heartbeat timeout
2026-01-14 21:29:59.945 [taskScheduler-7] WARN  c.q.federated.service.FederatedCoordinatorService - Node 11 marked as inactive due to heartbeat timeout
2026-01-14 21:30:04.956 [taskScheduler-7] WARN  c.q.federated.service.FederatedCoordinatorService - Node 11 marked as inactive due to heartbeat timeout
2026-01-14 21:30:09.971 [taskScheduler-7] WARN  c.q.federated.service.FederatedCoordinatorService - Node 11 marked as inactive due to heartbeat timeout
2026-01-14 21:30:14.987 [taskScheduler-7] WARN  c.q.federated.service.FederatedCoordinatorService - Node 11 marked as inactive due to heartbeat timeout
2026-01-14 21:30:20.007 [taskScheduler-7] WARN  c.q.federated.service.FederatedCoordinatorService - Node 11 marked as inactive due to heartbeat timeout
2026-01-14 21:30:25.025 [taskScheduler-7] WARN  c.q.federated.service.FederatedCoordinatorService - Node 11 marked as inactive due to heartbeat timeout
2026-01-14 21:30:30.037 [taskScheduler-7] WARN  c.q.federated.service.FederatedCoordinatorService - Node 11 marked as inactive due to heartbeat timeout
2026-01-14 21:30:35.052 [taskScheduler-7] WARN  c.q.federated.service.FederatedCoordinatorService - Node 11 marked as inactive due to heartbeat timeout
2026-01-14 21:30:40.062 [taskScheduler-7] WARN  c.q.federated.service.FederatedCoordinatorService - Node 11 marked as inactive due to heartbeat timeout
2026-01-14 21:30:45.081 [taskScheduler-7] WARN  c.q.federated.service.FederatedCoordinatorService - Node 11 marked as inactive due to heartbeat timeout
2026-01-14 21:30:50.103 [taskScheduler-7] WARN  c.q.federated.service.FederatedCoordinatorService - Node 11 marked as inactive due to heartbeat timeout
2026-01-14 21:30:55.109 [taskScheduler-7] WARN  c.q.federated.service.FederatedCoordinatorService - Node 11 marked as inactive due to heartbeat timeout
2026-01-14 21:31:00.124 [taskScheduler-7] WARN  c.q.federated.service.FederatedCoordinatorService - Node 11 marked as inactive due to heartbeat timeout
2026-01-14 21:31:05.140 [taskScheduler-7] WARN  c.q.federated.service.FederatedCoordinatorService - Node 11 marked as inactive due to heartbeat timeout
2026-01-14 21:31:10.148 [taskScheduler-7] WARN  c.q.federated.service.FederatedCoordinatorService - Node 11 marked as inactive due to heartbeat timeout
2026-01-14 21:31:15.171 [taskScheduler-7] WARN  c.q.federated.service.FederatedCoordinatorService - Node 11 marked as inactive due to heartbeat timeout
2026-01-14 21:31:20.185 [taskScheduler-7] WARN  c.q.federated.service.FederatedCoordinatorService - Node 11 marked as inactive due to heartbeat timeout
2026-01-14 21:31:25.196 [taskScheduler-7] WARN  c.q.federated.service.FederatedCoordinatorService - Node 11 marked as inactive due to heartbeat timeout
2026-01-14 21:31:30.209 [taskScheduler-7] WARN  c.q.federated.service.FederatedCoordinatorService - Node 11 marked as inactive due to heartbeat timeout
2026-01-14 21:31:35.216 [taskScheduler-7] WARN  c.q.federated.service.FederatedCoordinatorService - Node 11 marked as inactive due to heartbeat timeout
2026-01-14 21:31:40.234 [taskScheduler-7] WARN  c.q.federated.service.FederatedCoordinatorService - Node 11 marked as inactive due to heartbeat timeout
2026-01-14 21:31:45.253 [taskScheduler-7] WARN  c.q.federated.service.FederatedCoordinatorService - Node 11 marked as inactive due to heartbeat timeout
2026-01-14 21:31:50.268 [taskScheduler-7] WARN  c.q.federated.service.FederatedCoordinatorService - Node 11 marked as inactive due to heartbeat timeout
2026-01-14 21:31:55.284 [taskScheduler-7] WARN  c.q.federated.service.FederatedCoordinatorService - Node 11 marked as inactive due to heartbeat timeout
2026-01-14 21:32:00.300 [taskScheduler-7] WARN  c.q.federated.service.FederatedCoordinatorService - Node 11 marked as inactive due to heartbeat timeout
2026-01-14 21:32:05.311 [taskScheduler-7] WARN  c.q.federated.service.FederatedCoordinatorService - Node 11 marked as inactive due to heartbeat timeout
2026-01-14 21:32:10.323 [taskScheduler-7] WARN  c.q.federated.service.FederatedCoordinatorService - Node 11 marked as inactive due to heartbeat timeout
2026-01-14 21:32:15.332 [taskScheduler-7] WARN  c.q.federated.service.FederatedCoordinatorService - Node 11 marked as inactive due to heartbeat timeout
2026-01-14 21:32:20.345 [taskScheduler-7] WARN  c.q.federated.service.FederatedCoordinatorService - Node 11 marked as inactive due to heartbeat timeout
2026-01-14 21:32:25.359 [taskScheduler-7] WARN  c.q.federated.service.FederatedCoordinatorService - Node 11 marked as inactive due to heartbeat timeout
2026-01-14 21:32:30.374 [taskScheduler-7] WARN  c.q.federated.service.FederatedCoordinatorService - Node 11 marked as inactive due to heartbeat timeout
2026-01-14 21:32:35.384 [taskScheduler-7] WARN  c.q.federated.service.FederatedCoordinatorService - Node 11 marked as inactive due to heartbeat timeout
2026-01-14 21:32:40.417 [taskScheduler-7] WARN  c.q.federated.service.FederatedCoordinatorService - Node 11 marked as inactive due to heartbeat timeout
2026-01-14 21:32:45.432 [taskScheduler-7] WARN  c.q.federated.service.FederatedCoordinatorService - Node 11 marked as inactive due to heartbeat timeout
2026-01-14 21:32:50.449 [taskScheduler-7] WARN  c.q.federated.service.FederatedCoordinatorService - Node 11 marked as inactive due to heartbeat timeout
2026-01-14 21:32:55.456 [taskScheduler-7] WARN  c.q.federated.service.FederatedCoordinatorService - Node 11 marked as inactive due to heartbeat timeout
2026-01-14 21:33:00.464 [taskScheduler-7] WARN  c.q.federated.service.FederatedCoordinatorService - Node 11 marked as inactive due to heartbeat timeout
2026-01-14 21:33:05.483 [taskScheduler-7] WARN  c.q.federated.service.FederatedCoordinatorService - Node 11 marked as inactive due to heartbeat timeout
2026-01-14 21:33:10.498 [taskScheduler-7] WARN  c.q.federated.service.FederatedCoordinatorService - Node 11 marked as inactive due to heartbeat timeout
2026-01-14 21:33:15.518 [taskScheduler-7] WARN  c.q.federated.service.FederatedCoordinatorService - Node 11 marked as inactive due to heartbeat timeout
2026-01-14 21:33:20.528 [taskScheduler-7] WARN  c.q.federated.service.FederatedCoordinatorService - Node 11 marked as inactive due to heartbeat timeout
2026-01-14 21:33:25.548 [taskScheduler-7] WARN  c.q.federated.service.FederatedCoordinatorService - Node 11 marked as inactive due to heartbeat timeout
2026-01-14 21:33:30.563 [taskScheduler-7] WARN  c.q.federated.service.FederatedCoordinatorService - Node 11 marked as inactive due to heartbeat timeout
2026-01-14 21:33:35.583 [taskScheduler-7] WARN  c.q.federated.service.FederatedCoordinatorService - Node 11 marked as inactive due to heartbeat timeout
2026-01-14 21:33:40.597 [taskScheduler-7] WARN  c.q.federated.service.FederatedCoordinatorService - Node 11 marked as inactive due to heartbeat timeout
2026-01-14 21:33:45.610 [taskScheduler-7] WARN  c.q.federated.service.FederatedCoordinatorService - Node 11 marked as inactive due to heartbeat timeout
2026-01-14 21:33:50.624 [taskScheduler-7] WARN  c.q.federated.service.FederatedCoordinatorService - Node 11 marked as inactive due to heartbeat timeout
2026-01-14 21:33:55.636 [taskScheduler-7] WARN  c.q.federated.service.FederatedCoordinatorService - Node 11 marked as inactive due to heartbeat timeout
2026-01-14 21:34:00.653 [taskScheduler-7] WARN  c.q.federated.service.FederatedCoordinatorService - Node 11 marked as inactive due to heartbeat timeout
2026-01-14 21:34:05.670 [taskScheduler-7] WARN  c.q.federated.service.FederatedCoordinatorService - Node 11 marked as inactive due to heartbeat timeout
2026-01-14 21:34:10.682 [taskScheduler-7] WARN  c.q.federated.service.FederatedCoordinatorService - Node 11 marked as inactive due to heartbeat timeout
2026-01-14 21:34:15.697 [taskScheduler-7] WARN  c.q.federated.service.FederatedCoordinatorService - Node 11 marked as inactive due to heartbeat timeout
2026-01-14 21:34:20.714 [taskScheduler-7] WARN  c.q.federated.service.FederatedCoordinatorService - Node 11 marked as inactive due to heartbeat timeout
2026-01-14 21:34:25.732 [taskScheduler-7] WARN  c.q.federated.service.FederatedCoordinatorService - Node 11 marked as inactive due to heartbeat timeout
2026-01-14 21:34:30.746 [taskScheduler-7] WARN  c.q.federated.service.FederatedCoordinatorService - Node 11 marked as inactive due to heartbeat timeout
2026-01-14 21:34:35.757 [taskScheduler-7] WARN  c.q.federated.service.FederatedCoordinatorService - Node 11 marked as inactive due to heartbeat timeout
2026-01-14 21:34:40.773 [taskScheduler-7] WARN  c.q.federated.service.FederatedCoordinatorService - Node 11 marked as inactive due to heartbeat timeout
2026-01-14 21:34:45.779 [taskScheduler-7] WARN  c.q.federated.service.FederatedCoordinatorService - Node 11 marked as inactive due to heartbeat timeout
2026-01-14 21:34:50.797 [taskScheduler-7] WARN  c.q.federated.service.FederatedCoordinatorService - Node 11 marked as inactive due to heartbeat timeout
2026-01-14 21:34:55.810 [taskScheduler-7] WARN  c.q.federated.service.FederatedCoordinatorService - Node 11 marked as inactive due to heartbeat timeout
2026-01-14 21:35:00.819 [taskScheduler-7] WARN  c.q.federated.service.FederatedCoordinatorService - Node 11 marked as inactive due to heartbeat timeout
2026-01-14 21:35:05.829 [taskScheduler-7] WARN  c.q.federated.service.FederatedCoordinatorService - Node 11 marked as inactive due to heartbeat timeout
2026-01-14 21:35:10.847 [taskScheduler-7] WARN  c.q.federated.service.FederatedCoordinatorService - Node 11 marked as inactive due to heartbeat timeout
2026-01-14 21:35:15.859 [taskScheduler-7] WARN  c.q.federated.service.FederatedCoordinatorService - Node 11 marked as inactive due to heartbeat timeout
2026-01-14 21:35:20.872 [taskScheduler-7] WARN  c.q.federated.service.FederatedCoordinatorService - Node 11 marked as inactive due to heartbeat timeout
2026-01-14 21:35:25.886 [taskScheduler-7] WARN  c.q.federated.service.FederatedCoordinatorService - Node 11 marked as inactive due to heartbeat timeout
2026-01-14 21:35:30.892 [taskScheduler-7] WARN  c.q.federated.service.FederatedCoordinatorService - Node 11 marked as inactive due to heartbeat timeout
2026-01-14 21:35:35.909 [taskScheduler-7] WARN  c.q.federated.service.FederatedCoordinatorService - Node 11 marked as inactive due to heartbeat timeout
2026-01-14 21:35:40.928 [taskScheduler-7] WARN  c.q.federated.service.FederatedCoordinatorService - Node 11 marked as inactive due to heartbeat timeout
2026-01-14 21:35:45.945 [taskScheduler-7] WARN  c.q.federated.service.FederatedCoordinatorService - Node 11 marked as inactive due to heartbeat timeout
2026-01-14 21:35:50.952 [taskScheduler-7] WARN  c.q.federated.service.FederatedCoordinatorService - Node 11 marked as inactive due to heartbeat timeout
2026-01-14 21:35:55.960 [taskScheduler-7] WARN  c.q.federated.service.FederatedCoordinatorService - Node 11 marked as inactive due to heartbeat timeout
2026-01-14 21:36:00.969 [taskScheduler-7] WARN  c.q.federated.service.FederatedCoordinatorService - Node 11 marked as inactive due to heartbeat timeout
2026-01-14 21:36:05.978 [taskScheduler-7] WARN  c.q.federated.service.FederatedCoordinatorService - Node 11 marked as inactive due to heartbeat timeout
2026-01-14 21:36:10.993 [taskScheduler-7] WARN  c.q.federated.service.FederatedCoordinatorService - Node 11 marked as inactive due to heartbeat timeout
2026-01-14 21:36:16.008 [taskScheduler-7] WARN  c.q.federated.service.FederatedCoordinatorService - Node 11 marked as inactive due to heartbeat timeout
2026-01-14 21:36:21.028 [taskScheduler-7] WARN  c.q.federated.service.FederatedCoordinatorService - Node 11 marked as inactive due to heartbeat timeout
2026-01-14 21:36:26.040 [taskScheduler-7] WARN  c.q.federated.service.FederatedCoordinatorService - Node 11 marked as inactive due to heartbeat timeout
2026-01-14 21:36:31.046 [taskScheduler-7] WARN  c.q.federated.service.FederatedCoordinatorService - Node 11 marked as inactive due to heartbeat timeout
2026-01-14 21:36:36.060 [taskScheduler-7] WARN  c.q.federated.service.FederatedCoordinatorService - Node 11 marked as inactive due to heartbeat timeout
2026-01-14 21:36:41.067 [taskScheduler-7] WARN  c.q.federated.service.FederatedCoordinatorService - Node 11 marked as inactive due to heartbeat timeout
2026-01-14 21:36:46.077 [taskScheduler-7] WARN  c.q.federated.service.FederatedCoordinatorService - Node 11 marked as inactive due to heartbeat timeout
2026-01-14 21:36:51.091 [taskScheduler-7] WARN  c.q.federated.service.FederatedCoordinatorService - Node 11 marked as inactive due to heartbeat timeout
2026-01-14 21:36:56.111 [taskScheduler-7] WARN  c.q.federated.service.FederatedCoordinatorService - Node 11 marked as inactive due to heartbeat timeout
2026-01-14 21:37:01.129 [taskScheduler-7] WARN  c.q.federated.service.FederatedCoordinatorService - Node 11 marked as inactive due to heartbeat timeout
2026-01-14 21:37:06.135 [taskScheduler-7] WARN  c.q.federated.service.FederatedCoordinatorService - Node 11 marked as inactive due to heartbeat timeout
2026-01-14 21:37:11.153 [taskScheduler-7] WARN  c.q.federated.service.FederatedCoordinatorService - Node 11 marked as inactive due to heartbeat timeout
2026-01-14 21:37:16.158 [taskScheduler-7] WARN  c.q.federated.service.FederatedCoordinatorService - Node 11 marked as inactive due to heartbeat timeout
2026-01-14 21:37:21.175 [taskScheduler-7] WARN  c.q.federated.service.FederatedCoordinatorService - Node 11 marked as inactive due to heartbeat timeout
2026-01-14 21:37:26.185 [taskScheduler-7] WARN  c.q.federated.service.FederatedCoordinatorService - Node 11 marked as inactive due to heartbeat timeout
2026-01-14 21:37:31.201 [taskScheduler-7] WARN  c.q.federated.service.FederatedCoordinatorService - Node 11 marked as inactive due to heartbeat timeout
2026-01-14 21:37:36.207 [taskScheduler-7] WARN  c.q.federated.service.FederatedCoordinatorService - Node 11 marked as inactive due to heartbeat timeout
2026-01-14 21:37:41.225 [taskScheduler-7] WARN  c.q.federated.service.FederatedCoordinatorService - Node 11 marked as inactive due to heartbeat timeout
2026-01-14 21:37:46.241 [taskScheduler-7] WARN  c.q.federated.service.FederatedCoordinatorService - Node 11 marked as inactive due to heartbeat timeout
2026-01-14 21:37:51.246 [taskScheduler-7] WARN  c.q.federated.service.FederatedCoordinatorService - Node 11 marked as inactive due to heartbeat timeout
2026-01-14 21:37:56.257 [taskScheduler-7] WARN  c.q.federated.service.FederatedCoordinatorService - Node 11 marked as inactive due to heartbeat timeout
2026-01-14 21:38:01.274 [taskScheduler-7] WARN  c.q.federated.service.FederatedCoordinatorService - Node 11 marked as inactive due to heartbeat timeout
2026-01-14 21:38:06.286 [taskScheduler-7] WARN  c.q.federated.service.FederatedCoordinatorService - Node 11 marked as inactive due to heartbeat timeout
2026-01-14 21:38:11.305 [taskScheduler-7] WARN  c.q.federated.service.FederatedCoordinatorService - Node 11 marked as inactive due to heartbeat timeout
2026-01-14 21:38:16.325 [taskScheduler-7] WARN  c.q.federated.service.FederatedCoordinatorService - Node 11 marked as inactive due to heartbeat timeout
2026-01-14 21:38:21.333 [taskScheduler-7] WARN  c.q.federated.service.FederatedCoordinatorService - Node 11 marked as inactive due to heartbeat timeout
2026-01-14 21:38:26.350 [taskScheduler-7] WARN  c.q.federated.service.FederatedCoordinatorService - Node 11 marked as inactive due to heartbeat timeout
2026-01-14 21:38:31.364 [taskScheduler-7] WARN  c.q.federated.service.FederatedCoordinatorService - Node 11 marked as inactive due to heartbeat timeout
2026-01-14 21:38:36.371 [taskScheduler-7] WARN  c.q.federated.service.FederatedCoordinatorService - Node 11 marked as inactive due to heartbeat timeout
2026-01-14 21:38:41.379 [taskScheduler-7] WARN  c.q.federated.service.FederatedCoordinatorService - Node 11 marked as inactive due to heartbeat timeout
2026-01-14 21:38:46.392 [taskScheduler-7] WARN  c.q.federated.service.FederatedCoordinatorService - Node 11 marked as inactive due to heartbeat timeout
2026-01-14 21:38:51.407 [taskScheduler-7] WARN  c.q.federated.service.FederatedCoordinatorService - Node 11 marked as inactive due to heartbeat timeout
2026-01-14 21:38:56.420 [taskScheduler-7] WARN  c.q.federated.service.FederatedCoordinatorService - Node 11 marked as inactive due to heartbeat timeout
2026-01-14 21:39:01.426 [taskScheduler-7] WARN  c.q.federated.service.FederatedCoordinatorService - Node 11 marked as inactive due to heartbeat timeout
2026-01-14 21:39:06.439 [taskScheduler-7] WARN  c.q.federated.service.FederatedCoordinatorService - Node 11 marked as inactive due to heartbeat timeout
2026-01-14 21:39:11.453 [taskScheduler-7] WARN  c.q.federated.service.FederatedCoordinatorService - Node 11 marked as inactive due to heartbeat timeout
2026-01-14 21:39:16.464 [taskScheduler-7] WARN  c.q.federated.service.FederatedCoordinatorService - Node 11 marked as inactive due to heartbeat timeout
2026-01-14 21:39:21.473 [taskScheduler-7] WARN  c.q.federated.service.FederatedCoordinatorService - Node 11 marked as inactive due to heartbeat timeout
2026-01-14 21:39:26.491 [taskScheduler-7] WARN  c.q.federated.service.FederatedCoordinatorService - Node 11 marked as inactive due to heartbeat timeout
2026-01-14 21:39:31.507 [taskScheduler-7] WARN  c.q.federated.service.FederatedCoordinatorService - Node 11 marked as inactive due to heartbeat timeout
2026-01-14 21:39:36.527 [taskScheduler-7] WARN  c.q.federated.service.FederatedCoordinatorService - Node 11 marked as inactive due to heartbeat timeout
2026-01-14 21:39:41.539 [taskScheduler-7] WARN  c.q.federated.service.FederatedCoordinatorService - Node 11 marked as inactive due to heartbeat timeout
2026-01-14 21:39:46.553 [taskScheduler-7] WARN  c.q.federated.service.FederatedCoordinatorService - Node 11 marked as inactive due to heartbeat timeout
2026-01-14 21:39:51.572 [taskScheduler-7] WARN  c.q.federated.service.FederatedCoordinatorService - Node 11 marked as inactive due to heartbeat timeout
2026-01-14 23:53:01.625 [background-preinit] WARN  o.s.h.converter.json.Jackson2ObjectMapperBuilder - For Jackson Kotlin classes support please add "com.fasterxml.jackson.module:jackson-module-kotlin" to the classpath
2026-01-14 23:53:09.701 [main] WARN  c.b.mybatisplus.core.metadata.TableInfoHelper - Can not find table primary key in Class: "com.qczy.model.entity.OperLogEntity".
2026-01-14 23:53:16.558 [main] WARN  c.b.mybatisplus.core.metadata.TableInfoHelper - Can not find table primary key in Class: "com.qczy.model.entity.AlgorithmTaskResultEntity".
2026-01-14 23:53:18.041 [main] WARN  c.b.mybatisplus.core.metadata.TableInfoHelper - Can not find table primary key in Class: "com.qczy.model.entity.RoleMenuEntity".
2026-01-14 23:53:18.085 [main] WARN  c.b.mybatisplus.core.metadata.TableInfoHelper - Can not find table primary key in Class: "com.qczy.model.entity.RoleButtonEntity".
2026-01-14 23:53:23.129 [taskScheduler-1] WARN  c.q.federated.service.FederatedCoordinatorService - Node 11 marked as inactive due to heartbeat timeout
2026-01-14 23:53:28.217 [taskScheduler-3] WARN  c.q.federated.service.FederatedCoordinatorService - Node 11 marked as inactive due to heartbeat timeout
2026-01-14 23:53:33.230 [taskScheduler-1] WARN  c.q.federated.service.FederatedCoordinatorService - Node 11 marked as inactive due to heartbeat timeout
2026-01-14 23:53:38.260 [taskScheduler-2] WARN  c.q.federated.service.FederatedCoordinatorService - Node 11 marked as inactive due to heartbeat timeout
2026-01-14 23:53:43.280 [taskScheduler-5] WARN  c.q.federated.service.FederatedCoordinatorService - Node 11 marked as inactive due to heartbeat timeout
2026-01-14 23:53:48.293 [taskScheduler-1] WARN  c.q.federated.service.FederatedCoordinatorService - Node 11 marked as inactive due to heartbeat timeout
2026-01-14 23:53:53.303 [taskScheduler-3] WARN  c.q.federated.service.FederatedCoordinatorService - Node 11 marked as inactive due to heartbeat timeout
2026-01-14 23:53:58.311 [taskScheduler-7] WARN  c.q.federated.service.FederatedCoordinatorService - Node 11 marked as inactive due to heartbeat timeout
2026-01-14 23:54:03.329 [taskScheduler-7] WARN  c.q.federated.service.FederatedCoordinatorService - Node 11 marked as inactive due to heartbeat timeout
2026-01-14 23:54:08.339 [taskScheduler-7] WARN  c.q.federated.service.FederatedCoordinatorService - Node 11 marked as inactive due to heartbeat timeout
2026-01-14 23:54:13.356 [taskScheduler-7] WARN  c.q.federated.service.FederatedCoordinatorService - Node 11 marked as inactive due to heartbeat timeout
2026-01-14 23:54:18.363 [taskScheduler-7] WARN  c.q.federated.service.FederatedCoordinatorService - Node 11 marked as inactive due to heartbeat timeout
2026-01-14 23:54:23.379 [taskScheduler-7] WARN  c.q.federated.service.FederatedCoordinatorService - Node 11 marked as inactive due to heartbeat timeout
2026-01-14 23:54:28.396 [taskScheduler-7] WARN  c.q.federated.service.FederatedCoordinatorService - Node 11 marked as inactive due to heartbeat timeout
2026-01-14 23:54:33.412 [taskScheduler-7] WARN  c.q.federated.service.FederatedCoordinatorService - Node 11 marked as inactive due to heartbeat timeout
2026-01-14 23:54:38.428 [taskScheduler-7] WARN  c.q.federated.service.FederatedCoordinatorService - Node 11 marked as inactive due to heartbeat timeout
2026-01-14 23:54:43.447 [taskScheduler-7] WARN  c.q.federated.service.FederatedCoordinatorService - Node 11 marked as inactive due to heartbeat timeout
2026-01-14 23:54:48.467 [taskScheduler-7] WARN  c.q.federated.service.FederatedCoordinatorService - Node 11 marked as inactive due to heartbeat timeout
2026-01-14 23:54:53.479 [taskScheduler-7] WARN  c.q.federated.service.FederatedCoordinatorService - Node 11 marked as inactive due to heartbeat timeout
2026-01-14 23:54:58.496 [taskScheduler-7] WARN  c.q.federated.service.FederatedCoordinatorService - Node 11 marked as inactive due to heartbeat timeout
2026-01-14 23:55:03.514 [taskScheduler-7] WARN  c.q.federated.service.FederatedCoordinatorService - Node 11 marked as inactive due to heartbeat timeout
2026-01-14 23:55:08.532 [taskScheduler-7] WARN  c.q.federated.service.FederatedCoordinatorService - Node 11 marked as inactive due to heartbeat timeout
2026-01-14 23:55:13.545 [taskScheduler-7] WARN  c.q.federated.service.FederatedCoordinatorService - Node 11 marked as inactive due to heartbeat timeout
2026-01-14 23:55:18.555 [taskScheduler-7] WARN  c.q.federated.service.FederatedCoordinatorService - Node 11 marked as inactive due to heartbeat timeout
2026-01-14 23:55:23.571 [taskScheduler-7] WARN  c.q.federated.service.FederatedCoordinatorService - Node 11 marked as inactive due to heartbeat timeout
2026-01-14 23:55:28.579 [taskScheduler-7] WARN  c.q.federated.service.FederatedCoordinatorService - Node 11 marked as inactive due to heartbeat timeout
2026-01-14 23:55:33.588 [taskScheduler-7] WARN  c.q.federated.service.FederatedCoordinatorService - Node 11 marked as inactive due to heartbeat timeout
2026-01-14 23:55:38.597 [taskScheduler-7] WARN  c.q.federated.service.FederatedCoordinatorService - Node 11 marked as inactive due to heartbeat timeout
2026-01-14 23:55:43.612 [taskScheduler-7] WARN  c.q.federated.service.FederatedCoordinatorService - Node 11 marked as inactive due to heartbeat timeout
2026-01-14 23:55:48.624 [taskScheduler-7] WARN  c.q.federated.service.FederatedCoordinatorService - Node 11 marked as inactive due to heartbeat timeout
2026-01-14 23:55:53.646 [taskScheduler-7] WARN  c.q.federated.service.FederatedCoordinatorService - Node 11 marked as inactive due to heartbeat timeout
2026-01-14 23:55:58.677 [taskScheduler-7] WARN  c.q.federated.service.FederatedCoordinatorService - Node 11 marked as inactive due to heartbeat timeout
2026-01-14 23:56:03.694 [taskScheduler-7] WARN  c.q.federated.service.FederatedCoordinatorService - Node 11 marked as inactive due to heartbeat timeout
2026-01-14 23:56:08.710 [taskScheduler-7] WARN  c.q.federated.service.FederatedCoordinatorService - Node 11 marked as inactive due to heartbeat timeout
2026-01-14 23:56:13.718 [taskScheduler-7] WARN  c.q.federated.service.FederatedCoordinatorService - Node 11 marked as inactive due to heartbeat timeout
2026-01-14 23:56:18.730 [taskScheduler-7] WARN  c.q.federated.service.FederatedCoordinatorService - Node 11 marked as inactive due to heartbeat timeout
2026-01-14 23:56:23.761 [taskScheduler-7] WARN  c.q.federated.service.FederatedCoordinatorService - Node 11 marked as inactive due to heartbeat timeout
2026-01-14 23:56:28.779 [taskScheduler-7] WARN  c.q.federated.service.FederatedCoordinatorService - Node 11 marked as inactive due to heartbeat timeout
2026-01-14 23:56:33.795 [taskScheduler-7] WARN  c.q.federated.service.FederatedCoordinatorService - Node 11 marked as inactive due to heartbeat timeout
2026-01-14 23:56:38.810 [taskScheduler-7] WARN  c.q.federated.service.FederatedCoordinatorService - Node 11 marked as inactive due to heartbeat timeout
2026-01-14 23:56:43.821 [taskScheduler-7] WARN  c.q.federated.service.FederatedCoordinatorService - Node 11 marked as inactive due to heartbeat timeout
2026-01-14 23:56:48.840 [taskScheduler-7] WARN  c.q.federated.service.FederatedCoordinatorService - Node 11 marked as inactive due to heartbeat timeout
2026-01-14 23:56:53.846 [taskScheduler-7] WARN  c.q.federated.service.FederatedCoordinatorService - Node 11 marked as inactive due to heartbeat timeout
