2026-01-15 13:27:14.573 [background-preinit] WARN  o.s.h.converter.json.Jackson2ObjectMapperBuilder - For Jackson Kotlin classes support please add "com.fasterxml.jackson.module:jackson-module-kotlin" to the classpath
2026-01-15 13:27:28.531 [main] WARN  c.b.mybatisplus.core.metadata.TableInfoHelper - Can not find table primary key in Class: "com.qczy.model.entity.OperLogEntity".
2026-01-15 13:27:31.581 [main] WARN  c.b.mybatisplus.core.metadata.TableInfoHelper - Can not find table primary key in Class: "com.qczy.model.entity.AlgorithmTaskResultEntity".
2026-01-15 13:27:32.547 [main] WARN  c.b.mybatisplus.core.metadata.TableInfoHelper - Can not find table primary key in Class: "com.qczy.model.entity.RoleMenuEntity".
2026-01-15 13:27:32.583 [main] WARN  c.b.mybatisplus.core.metadata.TableInfoHelper - Can not find table primary key in Class: "com.qczy.model.entity.RoleButtonEntity".
2026-01-15 13:27:35.581 [taskScheduler-1] WARN  c.q.federated.service.FederatedCoordinatorService - Node 11 marked as inactive due to heartbeat timeout
2026-01-15 13:27:35.581 [taskScheduler-1] WARN  c.q.federated.service.FederatedCoordinatorService - Node 111 marked as inactive due to heartbeat timeout
2026-01-15 13:27:40.613 [taskScheduler-1] WARN  c.q.federated.service.FederatedCoordinatorService - Node 11 marked as inactive due to heartbeat timeout
2026-01-15 13:27:40.613 [taskScheduler-1] WARN  c.q.federated.service.FederatedCoordinatorService - Node 111 marked as inactive due to heartbeat timeout
2026-01-15 13:27:45.631 [taskScheduler-2] WARN  c.q.federated.service.FederatedCoordinatorService - Node 11 marked as inactive due to heartbeat timeout
2026-01-15 13:27:45.631 [taskScheduler-2] WARN  c.q.federated.service.FederatedCoordinatorService - Node 111 marked as inactive due to heartbeat timeout
2026-01-15 13:27:50.650 [taskScheduler-3] WARN  c.q.federated.service.FederatedCoordinatorService - Node 11 marked as inactive due to heartbeat timeout
2026-01-15 13:27:50.650 [taskScheduler-3] WARN  c.q.federated.service.FederatedCoordinatorService - Node 111 marked as inactive due to heartbeat timeout
2026-01-15 13:27:55.671 [taskScheduler-5] WARN  c.q.federated.service.FederatedCoordinatorService - Node 11 marked as inactive due to heartbeat timeout
2026-01-15 13:27:55.671 [taskScheduler-5] WARN  c.q.federated.service.FederatedCoordinatorService - Node 111 marked as inactive due to heartbeat timeout
2026-01-15 13:28:00.687 [taskScheduler-2] WARN  c.q.federated.service.FederatedCoordinatorService - Node 11 marked as inactive due to heartbeat timeout
2026-01-15 13:28:00.688 [taskScheduler-2] WARN  c.q.federated.service.FederatedCoordinatorService - Node 111 marked as inactive due to heartbeat timeout
2026-01-15 13:28:05.703 [taskScheduler-1] WARN  c.q.federated.service.FederatedCoordinatorService - Node 11 marked as inactive due to heartbeat timeout
2026-01-15 13:28:05.703 [taskScheduler-1] WARN  c.q.federated.service.FederatedCoordinatorService - Node 111 marked as inactive due to heartbeat timeout
2026-01-15 13:28:10.720 [taskScheduler-1] WARN  c.q.federated.service.FederatedCoordinatorService - Node 11 marked as inactive due to heartbeat timeout
2026-01-15 13:28:10.720 [taskScheduler-1] WARN  c.q.federated.service.FederatedCoordinatorService - Node 111 marked as inactive due to heartbeat timeout
2026-01-15 13:28:15.740 [taskScheduler-1] WARN  c.q.federated.service.FederatedCoordinatorService - Node 11 marked as inactive due to heartbeat timeout
2026-01-15 13:28:15.740 [taskScheduler-1] WARN  c.q.federated.service.FederatedCoordinatorService - Node 111 marked as inactive due to heartbeat timeout
2026-01-15 13:28:20.750 [taskScheduler-1] WARN  c.q.federated.service.FederatedCoordinatorService - Node 11 marked as inactive due to heartbeat timeout
2026-01-15 13:28:20.750 [taskScheduler-1] WARN  c.q.federated.service.FederatedCoordinatorService - Node 111 marked as inactive due to heartbeat timeout
2026-01-15 13:28:25.764 [taskScheduler-1] WARN  c.q.federated.service.FederatedCoordinatorService - Node 11 marked as inactive due to heartbeat timeout
2026-01-15 13:28:25.764 [taskScheduler-1] WARN  c.q.federated.service.FederatedCoordinatorService - Node 111 marked as inactive due to heartbeat timeout
2026-01-15 13:28:30.775 [taskScheduler-1] WARN  c.q.federated.service.FederatedCoordinatorService - Node 11 marked as inactive due to heartbeat timeout
2026-01-15 13:28:30.775 [taskScheduler-1] WARN  c.q.federated.service.FederatedCoordinatorService - Node 111 marked as inactive due to heartbeat timeout
2026-01-15 13:28:35.783 [taskScheduler-1] WARN  c.q.federated.service.FederatedCoordinatorService - Node 11 marked as inactive due to heartbeat timeout
2026-01-15 13:28:35.783 [taskScheduler-1] WARN  c.q.federated.service.FederatedCoordinatorService - Node 111 marked as inactive due to heartbeat timeout
2026-01-15 13:28:40.797 [taskScheduler-1] WARN  c.q.federated.service.FederatedCoordinatorService - Node 11 marked as inactive due to heartbeat timeout
2026-01-15 13:28:40.797 [taskScheduler-1] WARN  c.q.federated.service.FederatedCoordinatorService - Node 111 marked as inactive due to heartbeat timeout
2026-01-15 13:28:45.814 [taskScheduler-1] WARN  c.q.federated.service.FederatedCoordinatorService - Node 11 marked as inactive due to heartbeat timeout
2026-01-15 13:28:45.814 [taskScheduler-1] WARN  c.q.federated.service.FederatedCoordinatorService - Node 111 marked as inactive due to heartbeat timeout
2026-01-15 13:28:50.822 [taskScheduler-1] WARN  c.q.federated.service.FederatedCoordinatorService - Node 11 marked as inactive due to heartbeat timeout
2026-01-15 13:28:50.822 [taskScheduler-1] WARN  c.q.federated.service.FederatedCoordinatorService - Node 111 marked as inactive due to heartbeat timeout
2026-01-15 13:28:55.844 [taskScheduler-1] WARN  c.q.federated.service.FederatedCoordinatorService - Node 11 marked as inactive due to heartbeat timeout
2026-01-15 13:28:55.844 [taskScheduler-1] WARN  c.q.federated.service.FederatedCoordinatorService - Node 111 marked as inactive due to heartbeat timeout
2026-01-15 13:29:00.863 [taskScheduler-1] WARN  c.q.federated.service.FederatedCoordinatorService - Node 11 marked as inactive due to heartbeat timeout
2026-01-15 13:29:00.863 [taskScheduler-1] WARN  c.q.federated.service.FederatedCoordinatorService - Node 111 marked as inactive due to heartbeat timeout
2026-01-15 13:29:05.875 [taskScheduler-1] WARN  c.q.federated.service.FederatedCoordinatorService - Node 11 marked as inactive due to heartbeat timeout
2026-01-15 13:29:05.875 [taskScheduler-1] WARN  c.q.federated.service.FederatedCoordinatorService - Node 111 marked as inactive due to heartbeat timeout
2026-01-15 13:29:10.886 [taskScheduler-1] WARN  c.q.federated.service.FederatedCoordinatorService - Node 11 marked as inactive due to heartbeat timeout
2026-01-15 13:29:10.886 [taskScheduler-1] WARN  c.q.federated.service.FederatedCoordinatorService - Node 111 marked as inactive due to heartbeat timeout
2026-01-15 13:29:15.898 [taskScheduler-1] WARN  c.q.federated.service.FederatedCoordinatorService - Node 11 marked as inactive due to heartbeat timeout
2026-01-15 13:29:15.898 [taskScheduler-1] WARN  c.q.federated.service.FederatedCoordinatorService - Node 111 marked as inactive due to heartbeat timeout
2026-01-15 13:29:20.905 [taskScheduler-1] WARN  c.q.federated.service.FederatedCoordinatorService - Node 11 marked as inactive due to heartbeat timeout
2026-01-15 13:29:20.905 [taskScheduler-1] WARN  c.q.federated.service.FederatedCoordinatorService - Node 111 marked as inactive due to heartbeat timeout
2026-01-15 13:29:25.927 [taskScheduler-1] WARN  c.q.federated.service.FederatedCoordinatorService - Node 11 marked as inactive due to heartbeat timeout
2026-01-15 13:29:25.927 [taskScheduler-1] WARN  c.q.federated.service.FederatedCoordinatorService - Node 111 marked as inactive due to heartbeat timeout
2026-01-15 13:29:30.946 [taskScheduler-1] WARN  c.q.federated.service.FederatedCoordinatorService - Node 11 marked as inactive due to heartbeat timeout
2026-01-15 13:29:30.946 [taskScheduler-1] WARN  c.q.federated.service.FederatedCoordinatorService - Node 111 marked as inactive due to heartbeat timeout
2026-01-15 13:29:35.964 [taskScheduler-1] WARN  c.q.federated.service.FederatedCoordinatorService - Node 11 marked as inactive due to heartbeat timeout
2026-01-15 13:29:35.965 [taskScheduler-1] WARN  c.q.federated.service.FederatedCoordinatorService - Node 111 marked as inactive due to heartbeat timeout
2026-01-15 13:29:40.971 [taskScheduler-1] WARN  c.q.federated.service.FederatedCoordinatorService - Node 11 marked as inactive due to heartbeat timeout
2026-01-15 13:29:40.971 [taskScheduler-1] WARN  c.q.federated.service.FederatedCoordinatorService - Node 111 marked as inactive due to heartbeat timeout
2026-01-15 13:29:45.988 [taskScheduler-1] WARN  c.q.federated.service.FederatedCoordinatorService - Node 11 marked as inactive due to heartbeat timeout
2026-01-15 13:29:45.988 [taskScheduler-1] WARN  c.q.federated.service.FederatedCoordinatorService - Node 111 marked as inactive due to heartbeat timeout
2026-01-15 13:29:50.998 [taskScheduler-1] WARN  c.q.federated.service.FederatedCoordinatorService - Node 11 marked as inactive due to heartbeat timeout
2026-01-15 13:29:50.998 [taskScheduler-1] WARN  c.q.federated.service.FederatedCoordinatorService - Node 111 marked as inactive due to heartbeat timeout
2026-01-15 13:29:56.019 [taskScheduler-1] WARN  c.q.federated.service.FederatedCoordinatorService - Node 11 marked as inactive due to heartbeat timeout
2026-01-15 13:29:56.019 [taskScheduler-1] WARN  c.q.federated.service.FederatedCoordinatorService - Node 111 marked as inactive due to heartbeat timeout
2026-01-15 13:30:01.035 [taskScheduler-1] WARN  c.q.federated.service.FederatedCoordinatorService - Node 11 marked as inactive due to heartbeat timeout
2026-01-15 13:30:01.036 [taskScheduler-1] WARN  c.q.federated.service.FederatedCoordinatorService - Node 111 marked as inactive due to heartbeat timeout
2026-01-15 13:30:06.049 [taskScheduler-1] WARN  c.q.federated.service.FederatedCoordinatorService - Node 11 marked as inactive due to heartbeat timeout
2026-01-15 13:30:06.049 [taskScheduler-1] WARN  c.q.federated.service.FederatedCoordinatorService - Node 111 marked as inactive due to heartbeat timeout
2026-01-15 13:30:11.055 [taskScheduler-1] WARN  c.q.federated.service.FederatedCoordinatorService - Node 11 marked as inactive due to heartbeat timeout
2026-01-15 13:30:11.055 [taskScheduler-1] WARN  c.q.federated.service.FederatedCoordinatorService - Node 111 marked as inactive due to heartbeat timeout
2026-01-15 13:30:16.064 [taskScheduler-1] WARN  c.q.federated.service.FederatedCoordinatorService - Node 11 marked as inactive due to heartbeat timeout
2026-01-15 13:30:16.065 [taskScheduler-1] WARN  c.q.federated.service.FederatedCoordinatorService - Node 111 marked as inactive due to heartbeat timeout
2026-01-15 13:30:21.071 [taskScheduler-1] WARN  c.q.federated.service.FederatedCoordinatorService - Node 11 marked as inactive due to heartbeat timeout
2026-01-15 13:30:21.072 [taskScheduler-1] WARN  c.q.federated.service.FederatedCoordinatorService - Node 111 marked as inactive due to heartbeat timeout
2026-01-15 13:30:26.083 [taskScheduler-1] WARN  c.q.federated.service.FederatedCoordinatorService - Node 11 marked as inactive due to heartbeat timeout
2026-01-15 13:30:26.083 [taskScheduler-1] WARN  c.q.federated.service.FederatedCoordinatorService - Node 111 marked as inactive due to heartbeat timeout
2026-01-15 13:30:31.104 [taskScheduler-1] WARN  c.q.federated.service.FederatedCoordinatorService - Node 11 marked as inactive due to heartbeat timeout
2026-01-15 13:30:31.104 [taskScheduler-1] WARN  c.q.federated.service.FederatedCoordinatorService - Node 111 marked as inactive due to heartbeat timeout
2026-01-15 13:30:36.116 [taskScheduler-1] WARN  c.q.federated.service.FederatedCoordinatorService - Node 11 marked as inactive due to heartbeat timeout
2026-01-15 13:30:36.116 [taskScheduler-1] WARN  c.q.federated.service.FederatedCoordinatorService - Node 111 marked as inactive due to heartbeat timeout
2026-01-15 13:30:41.124 [taskScheduler-1] WARN  c.q.federated.service.FederatedCoordinatorService - Node 11 marked as inactive due to heartbeat timeout
2026-01-15 13:30:41.124 [taskScheduler-1] WARN  c.q.federated.service.FederatedCoordinatorService - Node 111 marked as inactive due to heartbeat timeout
2026-01-15 13:30:46.139 [taskScheduler-1] WARN  c.q.federated.service.FederatedCoordinatorService - Node 11 marked as inactive due to heartbeat timeout
2026-01-15 13:30:46.140 [taskScheduler-1] WARN  c.q.federated.service.FederatedCoordinatorService - Node 111 marked as inactive due to heartbeat timeout
2026-01-15 13:30:51.157 [taskScheduler-1] WARN  c.q.federated.service.FederatedCoordinatorService - Node 11 marked as inactive due to heartbeat timeout
2026-01-15 13:30:51.158 [taskScheduler-1] WARN  c.q.federated.service.FederatedCoordinatorService - Node 111 marked as inactive due to heartbeat timeout
2026-01-15 13:30:56.175 [taskScheduler-1] WARN  c.q.federated.service.FederatedCoordinatorService - Node 11 marked as inactive due to heartbeat timeout
2026-01-15 13:30:56.175 [taskScheduler-1] WARN  c.q.federated.service.FederatedCoordinatorService - Node 111 marked as inactive due to heartbeat timeout
2026-01-15 13:31:01.183 [taskScheduler-1] WARN  c.q.federated.service.FederatedCoordinatorService - Node 11 marked as inactive due to heartbeat timeout
2026-01-15 13:31:01.183 [taskScheduler-1] WARN  c.q.federated.service.FederatedCoordinatorService - Node 111 marked as inactive due to heartbeat timeout
2026-01-15 13:31:06.203 [taskScheduler-1] WARN  c.q.federated.service.FederatedCoordinatorService - Node 11 marked as inactive due to heartbeat timeout
2026-01-15 13:31:06.203 [taskScheduler-1] WARN  c.q.federated.service.FederatedCoordinatorService - Node 111 marked as inactive due to heartbeat timeout
2026-01-15 13:31:11.210 [taskScheduler-1] WARN  c.q.federated.service.FederatedCoordinatorService - Node 11 marked as inactive due to heartbeat timeout
2026-01-15 13:31:11.210 [taskScheduler-1] WARN  c.q.federated.service.FederatedCoordinatorService - Node 111 marked as inactive due to heartbeat timeout
2026-01-15 13:31:16.223 [taskScheduler-1] WARN  c.q.federated.service.FederatedCoordinatorService - Node 11 marked as inactive due to heartbeat timeout
2026-01-15 13:31:16.224 [taskScheduler-1] WARN  c.q.federated.service.FederatedCoordinatorService - Node 111 marked as inactive due to heartbeat timeout
2026-01-15 13:31:21.241 [taskScheduler-1] WARN  c.q.federated.service.FederatedCoordinatorService - Node 11 marked as inactive due to heartbeat timeout
2026-01-15 13:31:21.242 [taskScheduler-1] WARN  c.q.federated.service.FederatedCoordinatorService - Node 111 marked as inactive due to heartbeat timeout
2026-01-15 13:31:26.253 [taskScheduler-1] WARN  c.q.federated.service.FederatedCoordinatorService - Node 11 marked as inactive due to heartbeat timeout
2026-01-15 13:31:26.253 [taskScheduler-1] WARN  c.q.federated.service.FederatedCoordinatorService - Node 111 marked as inactive due to heartbeat timeout
2026-01-15 13:31:31.266 [taskScheduler-1] WARN  c.q.federated.service.FederatedCoordinatorService - Node 11 marked as inactive due to heartbeat timeout
2026-01-15 13:31:31.267 [taskScheduler-1] WARN  c.q.federated.service.FederatedCoordinatorService - Node 111 marked as inactive due to heartbeat timeout
2026-01-15 13:31:36.288 [taskScheduler-1] WARN  c.q.federated.service.FederatedCoordinatorService - Node 11 marked as inactive due to heartbeat timeout
2026-01-15 13:31:36.288 [taskScheduler-1] WARN  c.q.federated.service.FederatedCoordinatorService - Node 111 marked as inactive due to heartbeat timeout
2026-01-15 13:31:41.304 [taskScheduler-1] WARN  c.q.federated.service.FederatedCoordinatorService - Node 11 marked as inactive due to heartbeat timeout
2026-01-15 13:31:41.305 [taskScheduler-1] WARN  c.q.federated.service.FederatedCoordinatorService - Node 111 marked as inactive due to heartbeat timeout
2026-01-15 13:31:46.312 [taskScheduler-1] WARN  c.q.federated.service.FederatedCoordinatorService - Node 11 marked as inactive due to heartbeat timeout
2026-01-15 13:31:46.313 [taskScheduler-1] WARN  c.q.federated.service.FederatedCoordinatorService - Node 111 marked as inactive due to heartbeat timeout
2026-01-15 13:31:51.331 [taskScheduler-1] WARN  c.q.federated.service.FederatedCoordinatorService - Node 11 marked as inactive due to heartbeat timeout
2026-01-15 13:31:51.331 [taskScheduler-1] WARN  c.q.federated.service.FederatedCoordinatorService - Node 111 marked as inactive due to heartbeat timeout
2026-01-15 13:31:56.341 [taskScheduler-1] WARN  c.q.federated.service.FederatedCoordinatorService - Node 11 marked as inactive due to heartbeat timeout
2026-01-15 13:31:56.341 [taskScheduler-1] WARN  c.q.federated.service.FederatedCoordinatorService - Node 111 marked as inactive due to heartbeat timeout
2026-01-15 13:32:01.354 [taskScheduler-1] WARN  c.q.federated.service.FederatedCoordinatorService - Node 11 marked as inactive due to heartbeat timeout
2026-01-15 13:32:01.355 [taskScheduler-1] WARN  c.q.federated.service.FederatedCoordinatorService - Node 111 marked as inactive due to heartbeat timeout
2026-01-15 13:32:06.363 [taskScheduler-1] WARN  c.q.federated.service.FederatedCoordinatorService - Node 11 marked as inactive due to heartbeat timeout
2026-01-15 13:32:06.363 [taskScheduler-1] WARN  c.q.federated.service.FederatedCoordinatorService - Node 111 marked as inactive due to heartbeat timeout
2026-01-15 13:32:11.369 [taskScheduler-1] WARN  c.q.federated.service.FederatedCoordinatorService - Node 11 marked as inactive due to heartbeat timeout
2026-01-15 13:32:11.369 [taskScheduler-1] WARN  c.q.federated.service.FederatedCoordinatorService - Node 111 marked as inactive due to heartbeat timeout
2026-01-15 13:32:16.391 [taskScheduler-1] WARN  c.q.federated.service.FederatedCoordinatorService - Node 11 marked as inactive due to heartbeat timeout
2026-01-15 13:32:16.391 [taskScheduler-1] WARN  c.q.federated.service.FederatedCoordinatorService - Node 111 marked as inactive due to heartbeat timeout
2026-01-15 13:32:21.406 [taskScheduler-1] WARN  c.q.federated.service.FederatedCoordinatorService - Node 11 marked as inactive due to heartbeat timeout
2026-01-15 13:32:21.406 [taskScheduler-1] WARN  c.q.federated.service.FederatedCoordinatorService - Node 111 marked as inactive due to heartbeat timeout
2026-01-15 13:32:26.430 [taskScheduler-1] WARN  c.q.federated.service.FederatedCoordinatorService - Node 11 marked as inactive due to heartbeat timeout
2026-01-15 13:32:26.430 [taskScheduler-1] WARN  c.q.federated.service.FederatedCoordinatorService - Node 111 marked as inactive due to heartbeat timeout
2026-01-15 13:32:31.449 [taskScheduler-1] WARN  c.q.federated.service.FederatedCoordinatorService - Node 11 marked as inactive due to heartbeat timeout
2026-01-15 13:32:31.449 [taskScheduler-1] WARN  c.q.federated.service.FederatedCoordinatorService - Node 111 marked as inactive due to heartbeat timeout
2026-01-15 13:32:36.466 [taskScheduler-1] WARN  c.q.federated.service.FederatedCoordinatorService - Node 11 marked as inactive due to heartbeat timeout
2026-01-15 13:32:36.466 [taskScheduler-1] WARN  c.q.federated.service.FederatedCoordinatorService - Node 111 marked as inactive due to heartbeat timeout
2026-01-15 13:32:41.472 [taskScheduler-1] WARN  c.q.federated.service.FederatedCoordinatorService - Node 11 marked as inactive due to heartbeat timeout
2026-01-15 13:32:41.473 [taskScheduler-1] WARN  c.q.federated.service.FederatedCoordinatorService - Node 111 marked as inactive due to heartbeat timeout
2026-01-15 13:32:46.483 [taskScheduler-1] WARN  c.q.federated.service.FederatedCoordinatorService - Node 11 marked as inactive due to heartbeat timeout
2026-01-15 13:32:46.483 [taskScheduler-1] WARN  c.q.federated.service.FederatedCoordinatorService - Node 111 marked as inactive due to heartbeat timeout
2026-01-15 13:32:51.504 [taskScheduler-1] WARN  c.q.federated.service.FederatedCoordinatorService - Node 11 marked as inactive due to heartbeat timeout
2026-01-15 13:32:51.504 [taskScheduler-1] WARN  c.q.federated.service.FederatedCoordinatorService - Node 111 marked as inactive due to heartbeat timeout
2026-01-15 13:32:56.512 [taskScheduler-1] WARN  c.q.federated.service.FederatedCoordinatorService - Node 11 marked as inactive due to heartbeat timeout
2026-01-15 13:32:56.512 [taskScheduler-1] WARN  c.q.federated.service.FederatedCoordinatorService - Node 111 marked as inactive due to heartbeat timeout
2026-01-15 13:33:01.532 [taskScheduler-1] WARN  c.q.federated.service.FederatedCoordinatorService - Node 11 marked as inactive due to heartbeat timeout
2026-01-15 13:33:01.533 [taskScheduler-1] WARN  c.q.federated.service.FederatedCoordinatorService - Node 111 marked as inactive due to heartbeat timeout
2026-01-15 13:33:06.547 [taskScheduler-1] WARN  c.q.federated.service.FederatedCoordinatorService - Node 11 marked as inactive due to heartbeat timeout
2026-01-15 13:33:06.548 [taskScheduler-1] WARN  c.q.federated.service.FederatedCoordinatorService - Node 111 marked as inactive due to heartbeat timeout
2026-01-15 13:33:11.568 [taskScheduler-1] WARN  c.q.federated.service.FederatedCoordinatorService - Node 11 marked as inactive due to heartbeat timeout
2026-01-15 13:33:11.568 [taskScheduler-1] WARN  c.q.federated.service.FederatedCoordinatorService - Node 111 marked as inactive due to heartbeat timeout
2026-01-15 13:33:16.579 [taskScheduler-1] WARN  c.q.federated.service.FederatedCoordinatorService - Node 11 marked as inactive due to heartbeat timeout
2026-01-15 13:33:16.580 [taskScheduler-1] WARN  c.q.federated.service.FederatedCoordinatorService - Node 111 marked as inactive due to heartbeat timeout
2026-01-15 13:33:21.594 [taskScheduler-1] WARN  c.q.federated.service.FederatedCoordinatorService - Node 11 marked as inactive due to heartbeat timeout
2026-01-15 13:33:21.594 [taskScheduler-1] WARN  c.q.federated.service.FederatedCoordinatorService - Node 111 marked as inactive due to heartbeat timeout
2026-01-15 13:33:26.605 [taskScheduler-1] WARN  c.q.federated.service.FederatedCoordinatorService - Node 11 marked as inactive due to heartbeat timeout
2026-01-15 13:33:26.605 [taskScheduler-1] WARN  c.q.federated.service.FederatedCoordinatorService - Node 111 marked as inactive due to heartbeat timeout
2026-01-15 13:33:31.618 [taskScheduler-1] WARN  c.q.federated.service.FederatedCoordinatorService - Node 11 marked as inactive due to heartbeat timeout
2026-01-15 13:33:31.618 [taskScheduler-1] WARN  c.q.federated.service.FederatedCoordinatorService - Node 111 marked as inactive due to heartbeat timeout
2026-01-15 13:33:36.625 [taskScheduler-1] WARN  c.q.federated.service.FederatedCoordinatorService - Node 11 marked as inactive due to heartbeat timeout
2026-01-15 13:33:36.625 [taskScheduler-1] WARN  c.q.federated.service.FederatedCoordinatorService - Node 111 marked as inactive due to heartbeat timeout
2026-01-15 13:33:41.640 [taskScheduler-1] WARN  c.q.federated.service.FederatedCoordinatorService - Node 11 marked as inactive due to heartbeat timeout
2026-01-15 13:33:41.640 [taskScheduler-1] WARN  c.q.federated.service.FederatedCoordinatorService - Node 111 marked as inactive due to heartbeat timeout
2026-01-15 13:33:46.659 [taskScheduler-1] WARN  c.q.federated.service.FederatedCoordinatorService - Node 11 marked as inactive due to heartbeat timeout
2026-01-15 13:33:46.659 [taskScheduler-1] WARN  c.q.federated.service.FederatedCoordinatorService - Node 111 marked as inactive due to heartbeat timeout
2026-01-15 13:33:51.669 [taskScheduler-1] WARN  c.q.federated.service.FederatedCoordinatorService - Node 11 marked as inactive due to heartbeat timeout
2026-01-15 13:33:51.669 [taskScheduler-1] WARN  c.q.federated.service.FederatedCoordinatorService - Node 111 marked as inactive due to heartbeat timeout
2026-01-15 13:33:56.686 [taskScheduler-1] WARN  c.q.federated.service.FederatedCoordinatorService - Node 11 marked as inactive due to heartbeat timeout
2026-01-15 13:33:56.686 [taskScheduler-1] WARN  c.q.federated.service.FederatedCoordinatorService - Node 111 marked as inactive due to heartbeat timeout
2026-01-15 13:34:01.706 [taskScheduler-1] WARN  c.q.federated.service.FederatedCoordinatorService - Node 11 marked as inactive due to heartbeat timeout
2026-01-15 13:34:01.707 [taskScheduler-1] WARN  c.q.federated.service.FederatedCoordinatorService - Node 111 marked as inactive due to heartbeat timeout
2026-01-15 13:34:06.719 [taskScheduler-1] WARN  c.q.federated.service.FederatedCoordinatorService - Node 11 marked as inactive due to heartbeat timeout
2026-01-15 13:34:06.720 [taskScheduler-1] WARN  c.q.federated.service.FederatedCoordinatorService - Node 111 marked as inactive due to heartbeat timeout
2026-01-15 13:34:11.740 [taskScheduler-1] WARN  c.q.federated.service.FederatedCoordinatorService - Node 11 marked as inactive due to heartbeat timeout
2026-01-15 13:34:11.740 [taskScheduler-1] WARN  c.q.federated.service.FederatedCoordinatorService - Node 111 marked as inactive due to heartbeat timeout
2026-01-15 13:34:16.756 [taskScheduler-1] WARN  c.q.federated.service.FederatedCoordinatorService - Node 11 marked as inactive due to heartbeat timeout
2026-01-15 13:34:16.757 [taskScheduler-1] WARN  c.q.federated.service.FederatedCoordinatorService - Node 111 marked as inactive due to heartbeat timeout
2026-01-15 13:34:21.762 [taskScheduler-1] WARN  c.q.federated.service.FederatedCoordinatorService - Node 11 marked as inactive due to heartbeat timeout
2026-01-15 13:34:21.762 [taskScheduler-1] WARN  c.q.federated.service.FederatedCoordinatorService - Node 111 marked as inactive due to heartbeat timeout
2026-01-15 13:34:26.777 [taskScheduler-1] WARN  c.q.federated.service.FederatedCoordinatorService - Node 11 marked as inactive due to heartbeat timeout
2026-01-15 13:34:26.778 [taskScheduler-1] WARN  c.q.federated.service.FederatedCoordinatorService - Node 111 marked as inactive due to heartbeat timeout
2026-01-15 13:34:31.795 [taskScheduler-1] WARN  c.q.federated.service.FederatedCoordinatorService - Node 11 marked as inactive due to heartbeat timeout
2026-01-15 13:34:31.795 [taskScheduler-1] WARN  c.q.federated.service.FederatedCoordinatorService - Node 111 marked as inactive due to heartbeat timeout
2026-01-15 13:34:36.804 [taskScheduler-1] WARN  c.q.federated.service.FederatedCoordinatorService - Node 11 marked as inactive due to heartbeat timeout
2026-01-15 13:34:36.804 [taskScheduler-1] WARN  c.q.federated.service.FederatedCoordinatorService - Node 111 marked as inactive due to heartbeat timeout
2026-01-15 13:34:41.818 [taskScheduler-1] WARN  c.q.federated.service.FederatedCoordinatorService - Node 11 marked as inactive due to heartbeat timeout
2026-01-15 13:34:41.819 [taskScheduler-1] WARN  c.q.federated.service.FederatedCoordinatorService - Node 111 marked as inactive due to heartbeat timeout
2026-01-15 13:34:46.836 [taskScheduler-1] WARN  c.q.federated.service.FederatedCoordinatorService - Node 11 marked as inactive due to heartbeat timeout
2026-01-15 13:34:46.836 [taskScheduler-1] WARN  c.q.federated.service.FederatedCoordinatorService - Node 111 marked as inactive due to heartbeat timeout
2026-01-15 13:34:51.852 [taskScheduler-1] WARN  c.q.federated.service.FederatedCoordinatorService - Node 11 marked as inactive due to heartbeat timeout
2026-01-15 13:34:51.852 [taskScheduler-1] WARN  c.q.federated.service.FederatedCoordinatorService - Node 111 marked as inactive due to heartbeat timeout
2026-01-15 13:34:56.857 [taskScheduler-1] WARN  c.q.federated.service.FederatedCoordinatorService - Node 11 marked as inactive due to heartbeat timeout
2026-01-15 13:34:56.857 [taskScheduler-1] WARN  c.q.federated.service.FederatedCoordinatorService - Node 111 marked as inactive due to heartbeat timeout
2026-01-15 13:35:01.877 [taskScheduler-1] WARN  c.q.federated.service.FederatedCoordinatorService - Node 11 marked as inactive due to heartbeat timeout
2026-01-15 13:35:01.877 [taskScheduler-1] WARN  c.q.federated.service.FederatedCoordinatorService - Node 111 marked as inactive due to heartbeat timeout
2026-01-15 13:35:06.893 [taskScheduler-1] WARN  c.q.federated.service.FederatedCoordinatorService - Node 11 marked as inactive due to heartbeat timeout
2026-01-15 13:35:06.894 [taskScheduler-1] WARN  c.q.federated.service.FederatedCoordinatorService - Node 111 marked as inactive due to heartbeat timeout
2026-01-15 13:35:11.912 [taskScheduler-1] WARN  c.q.federated.service.FederatedCoordinatorService - Node 11 marked as inactive due to heartbeat timeout
2026-01-15 13:35:11.912 [taskScheduler-1] WARN  c.q.federated.service.FederatedCoordinatorService - Node 111 marked as inactive due to heartbeat timeout
2026-01-15 13:35:16.921 [taskScheduler-1] WARN  c.q.federated.service.FederatedCoordinatorService - Node 11 marked as inactive due to heartbeat timeout
2026-01-15 13:35:16.921 [taskScheduler-1] WARN  c.q.federated.service.FederatedCoordinatorService - Node 111 marked as inactive due to heartbeat timeout
2026-01-15 13:35:21.938 [taskScheduler-1] WARN  c.q.federated.service.FederatedCoordinatorService - Node 11 marked as inactive due to heartbeat timeout
2026-01-15 13:35:21.938 [taskScheduler-1] WARN  c.q.federated.service.FederatedCoordinatorService - Node 111 marked as inactive due to heartbeat timeout
2026-01-15 13:35:26.950 [taskScheduler-1] WARN  c.q.federated.service.FederatedCoordinatorService - Node 11 marked as inactive due to heartbeat timeout
2026-01-15 13:35:26.950 [taskScheduler-1] WARN  c.q.federated.service.FederatedCoordinatorService - Node 111 marked as inactive due to heartbeat timeout
2026-01-15 13:35:31.960 [taskScheduler-1] WARN  c.q.federated.service.FederatedCoordinatorService - Node 11 marked as inactive due to heartbeat timeout
2026-01-15 13:35:31.960 [taskScheduler-1] WARN  c.q.federated.service.FederatedCoordinatorService - Node 111 marked as inactive due to heartbeat timeout
2026-01-15 13:35:36.973 [taskScheduler-1] WARN  c.q.federated.service.FederatedCoordinatorService - Node 11 marked as inactive due to heartbeat timeout
2026-01-15 13:35:36.973 [taskScheduler-1] WARN  c.q.federated.service.FederatedCoordinatorService - Node 111 marked as inactive due to heartbeat timeout
2026-01-15 13:35:41.989 [taskScheduler-1] WARN  c.q.federated.service.FederatedCoordinatorService - Node 11 marked as inactive due to heartbeat timeout
2026-01-15 13:35:41.989 [taskScheduler-1] WARN  c.q.federated.service.FederatedCoordinatorService - Node 111 marked as inactive due to heartbeat timeout
2026-01-15 13:35:47.000 [taskScheduler-1] WARN  c.q.federated.service.FederatedCoordinatorService - Node 11 marked as inactive due to heartbeat timeout
2026-01-15 13:35:47.000 [taskScheduler-1] WARN  c.q.federated.service.FederatedCoordinatorService - Node 111 marked as inactive due to heartbeat timeout
2026-01-15 13:35:52.021 [taskScheduler-1] WARN  c.q.federated.service.FederatedCoordinatorService - Node 11 marked as inactive due to heartbeat timeout
2026-01-15 13:35:52.021 [taskScheduler-1] WARN  c.q.federated.service.FederatedCoordinatorService - Node 111 marked as inactive due to heartbeat timeout
2026-01-15 13:35:57.040 [taskScheduler-1] WARN  c.q.federated.service.FederatedCoordinatorService - Node 11 marked as inactive due to heartbeat timeout
2026-01-15 13:35:57.041 [taskScheduler-1] WARN  c.q.federated.service.FederatedCoordinatorService - Node 111 marked as inactive due to heartbeat timeout
2026-01-15 13:36:02.058 [taskScheduler-1] WARN  c.q.federated.service.FederatedCoordinatorService - Node 11 marked as inactive due to heartbeat timeout
2026-01-15 13:36:02.058 [taskScheduler-1] WARN  c.q.federated.service.FederatedCoordinatorService - Node 111 marked as inactive due to heartbeat timeout
2026-01-15 13:36:07.080 [taskScheduler-1] WARN  c.q.federated.service.FederatedCoordinatorService - Node 11 marked as inactive due to heartbeat timeout
2026-01-15 13:36:07.080 [taskScheduler-1] WARN  c.q.federated.service.FederatedCoordinatorService - Node 111 marked as inactive due to heartbeat timeout
2026-01-15 13:36:12.095 [taskScheduler-1] WARN  c.q.federated.service.FederatedCoordinatorService - Node 11 marked as inactive due to heartbeat timeout
2026-01-15 13:36:12.095 [taskScheduler-1] WARN  c.q.federated.service.FederatedCoordinatorService - Node 111 marked as inactive due to heartbeat timeout
2026-01-15 13:36:17.112 [taskScheduler-1] WARN  c.q.federated.service.FederatedCoordinatorService - Node 11 marked as inactive due to heartbeat timeout
2026-01-15 13:36:17.113 [taskScheduler-1] WARN  c.q.federated.service.FederatedCoordinatorService - Node 111 marked as inactive due to heartbeat timeout
2026-01-15 13:36:22.130 [taskScheduler-1] WARN  c.q.federated.service.FederatedCoordinatorService - Node 11 marked as inactive due to heartbeat timeout
2026-01-15 13:36:22.130 [taskScheduler-1] WARN  c.q.federated.service.FederatedCoordinatorService - Node 111 marked as inactive due to heartbeat timeout
2026-01-15 13:36:27.146 [taskScheduler-1] WARN  c.q.federated.service.FederatedCoordinatorService - Node 11 marked as inactive due to heartbeat timeout
2026-01-15 13:36:27.146 [taskScheduler-1] WARN  c.q.federated.service.FederatedCoordinatorService - Node 111 marked as inactive due to heartbeat timeout
2026-01-15 13:36:32.163 [taskScheduler-1] WARN  c.q.federated.service.FederatedCoordinatorService - Node 11 marked as inactive due to heartbeat timeout
2026-01-15 13:36:32.163 [taskScheduler-1] WARN  c.q.federated.service.FederatedCoordinatorService - Node 111 marked as inactive due to heartbeat timeout
2026-01-15 13:36:37.176 [taskScheduler-1] WARN  c.q.federated.service.FederatedCoordinatorService - Node 11 marked as inactive due to heartbeat timeout
2026-01-15 13:36:37.177 [taskScheduler-1] WARN  c.q.federated.service.FederatedCoordinatorService - Node 111 marked as inactive due to heartbeat timeout
2026-01-15 13:36:42.196 [taskScheduler-1] WARN  c.q.federated.service.FederatedCoordinatorService - Node 11 marked as inactive due to heartbeat timeout
2026-01-15 13:36:42.196 [taskScheduler-1] WARN  c.q.federated.service.FederatedCoordinatorService - Node 111 marked as inactive due to heartbeat timeout
2026-01-15 13:36:47.211 [taskScheduler-1] WARN  c.q.federated.service.FederatedCoordinatorService - Node 11 marked as inactive due to heartbeat timeout
2026-01-15 13:36:47.213 [taskScheduler-1] WARN  c.q.federated.service.FederatedCoordinatorService - Node 111 marked as inactive due to heartbeat timeout
2026-01-15 13:36:52.233 [taskScheduler-1] WARN  c.q.federated.service.FederatedCoordinatorService - Node 11 marked as inactive due to heartbeat timeout
2026-01-15 13:36:52.233 [taskScheduler-1] WARN  c.q.federated.service.FederatedCoordinatorService - Node 111 marked as inactive due to heartbeat timeout
2026-01-15 13:36:57.246 [taskScheduler-1] WARN  c.q.federated.service.FederatedCoordinatorService - Node 11 marked as inactive due to heartbeat timeout
2026-01-15 13:36:57.246 [taskScheduler-1] WARN  c.q.federated.service.FederatedCoordinatorService - Node 111 marked as inactive due to heartbeat timeout
2026-01-15 13:37:02.267 [taskScheduler-1] WARN  c.q.federated.service.FederatedCoordinatorService - Node 11 marked as inactive due to heartbeat timeout
2026-01-15 13:37:02.267 [taskScheduler-1] WARN  c.q.federated.service.FederatedCoordinatorService - Node 111 marked as inactive due to heartbeat timeout
2026-01-15 13:37:07.286 [taskScheduler-1] WARN  c.q.federated.service.FederatedCoordinatorService - Node 11 marked as inactive due to heartbeat timeout
2026-01-15 13:37:07.287 [taskScheduler-1] WARN  c.q.federated.service.FederatedCoordinatorService - Node 111 marked as inactive due to heartbeat timeout
2026-01-15 13:37:12.305 [taskScheduler-1] WARN  c.q.federated.service.FederatedCoordinatorService - Node 11 marked as inactive due to heartbeat timeout
2026-01-15 13:37:12.305 [taskScheduler-1] WARN  c.q.federated.service.FederatedCoordinatorService - Node 111 marked as inactive due to heartbeat timeout
2026-01-15 13:37:17.313 [taskScheduler-1] WARN  c.q.federated.service.FederatedCoordinatorService - Node 11 marked as inactive due to heartbeat timeout
2026-01-15 13:37:17.314 [taskScheduler-1] WARN  c.q.federated.service.FederatedCoordinatorService - Node 111 marked as inactive due to heartbeat timeout
2026-01-15 13:37:22.326 [taskScheduler-1] WARN  c.q.federated.service.FederatedCoordinatorService - Node 11 marked as inactive due to heartbeat timeout
2026-01-15 13:37:22.326 [taskScheduler-1] WARN  c.q.federated.service.FederatedCoordinatorService - Node 111 marked as inactive due to heartbeat timeout
2026-01-15 13:37:27.331 [taskScheduler-1] WARN  c.q.federated.service.FederatedCoordinatorService - Node 11 marked as inactive due to heartbeat timeout
2026-01-15 13:37:27.331 [taskScheduler-1] WARN  c.q.federated.service.FederatedCoordinatorService - Node 111 marked as inactive due to heartbeat timeout
2026-01-15 13:37:32.338 [taskScheduler-1] WARN  c.q.federated.service.FederatedCoordinatorService - Node 11 marked as inactive due to heartbeat timeout
2026-01-15 13:37:32.338 [taskScheduler-1] WARN  c.q.federated.service.FederatedCoordinatorService - Node 111 marked as inactive due to heartbeat timeout
2026-01-15 13:37:37.354 [taskScheduler-1] WARN  c.q.federated.service.FederatedCoordinatorService - Node 11 marked as inactive due to heartbeat timeout
2026-01-15 13:37:37.354 [taskScheduler-1] WARN  c.q.federated.service.FederatedCoordinatorService - Node 111 marked as inactive due to heartbeat timeout
2026-01-15 13:37:42.365 [taskScheduler-1] WARN  c.q.federated.service.FederatedCoordinatorService - Node 11 marked as inactive due to heartbeat timeout
2026-01-15 13:37:42.366 [taskScheduler-1] WARN  c.q.federated.service.FederatedCoordinatorService - Node 111 marked as inactive due to heartbeat timeout
2026-01-15 13:37:47.371 [taskScheduler-1] WARN  c.q.federated.service.FederatedCoordinatorService - Node 11 marked as inactive due to heartbeat timeout
2026-01-15 13:37:47.371 [taskScheduler-1] WARN  c.q.federated.service.FederatedCoordinatorService - Node 111 marked as inactive due to heartbeat timeout
2026-01-15 13:37:52.386 [taskScheduler-1] WARN  c.q.federated.service.FederatedCoordinatorService - Node 11 marked as inactive due to heartbeat timeout
2026-01-15 13:37:52.386 [taskScheduler-1] WARN  c.q.federated.service.FederatedCoordinatorService - Node 111 marked as inactive due to heartbeat timeout
2026-01-15 13:37:57.403 [taskScheduler-1] WARN  c.q.federated.service.FederatedCoordinatorService - Node 11 marked as inactive due to heartbeat timeout
2026-01-15 13:37:57.403 [taskScheduler-1] WARN  c.q.federated.service.FederatedCoordinatorService - Node 111 marked as inactive due to heartbeat timeout
2026-01-15 13:38:02.420 [taskScheduler-1] WARN  c.q.federated.service.FederatedCoordinatorService - Node 11 marked as inactive due to heartbeat timeout
2026-01-15 13:38:02.420 [taskScheduler-1] WARN  c.q.federated.service.FederatedCoordinatorService - Node 111 marked as inactive due to heartbeat timeout
2026-01-15 13:38:07.436 [taskScheduler-1] WARN  c.q.federated.service.FederatedCoordinatorService - Node 11 marked as inactive due to heartbeat timeout
2026-01-15 13:38:07.437 [taskScheduler-1] WARN  c.q.federated.service.FederatedCoordinatorService - Node 111 marked as inactive due to heartbeat timeout
2026-01-15 13:38:12.453 [taskScheduler-1] WARN  c.q.federated.service.FederatedCoordinatorService - Node 11 marked as inactive due to heartbeat timeout
2026-01-15 13:38:12.453 [taskScheduler-1] WARN  c.q.federated.service.FederatedCoordinatorService - Node 111 marked as inactive due to heartbeat timeout
2026-01-15 13:38:17.472 [taskScheduler-1] WARN  c.q.federated.service.FederatedCoordinatorService - Node 11 marked as inactive due to heartbeat timeout
2026-01-15 13:38:17.472 [taskScheduler-1] WARN  c.q.federated.service.FederatedCoordinatorService - Node 111 marked as inactive due to heartbeat timeout
2026-01-15 13:38:22.479 [taskScheduler-1] WARN  c.q.federated.service.FederatedCoordinatorService - Node 11 marked as inactive due to heartbeat timeout
2026-01-15 13:38:22.479 [taskScheduler-1] WARN  c.q.federated.service.FederatedCoordinatorService - Node 111 marked as inactive due to heartbeat timeout
2026-01-15 13:38:27.485 [taskScheduler-1] WARN  c.q.federated.service.FederatedCoordinatorService - Node 11 marked as inactive due to heartbeat timeout
2026-01-15 13:38:27.485 [taskScheduler-1] WARN  c.q.federated.service.FederatedCoordinatorService - Node 111 marked as inactive due to heartbeat timeout
2026-01-15 13:38:32.498 [taskScheduler-1] WARN  c.q.federated.service.FederatedCoordinatorService - Node 11 marked as inactive due to heartbeat timeout
2026-01-15 13:38:32.498 [taskScheduler-1] WARN  c.q.federated.service.FederatedCoordinatorService - Node 111 marked as inactive due to heartbeat timeout
2026-01-15 13:38:37.506 [taskScheduler-1] WARN  c.q.federated.service.FederatedCoordinatorService - Node 11 marked as inactive due to heartbeat timeout
2026-01-15 13:38:37.506 [taskScheduler-1] WARN  c.q.federated.service.FederatedCoordinatorService - Node 111 marked as inactive due to heartbeat timeout
2026-01-15 13:38:42.521 [taskScheduler-1] WARN  c.q.federated.service.FederatedCoordinatorService - Node 11 marked as inactive due to heartbeat timeout
2026-01-15 13:38:42.521 [taskScheduler-1] WARN  c.q.federated.service.FederatedCoordinatorService - Node 111 marked as inactive due to heartbeat timeout
2026-01-15 13:38:47.541 [taskScheduler-1] WARN  c.q.federated.service.FederatedCoordinatorService - Node 11 marked as inactive due to heartbeat timeout
2026-01-15 13:38:47.541 [taskScheduler-1] WARN  c.q.federated.service.FederatedCoordinatorService - Node 111 marked as inactive due to heartbeat timeout
2026-01-15 13:38:52.561 [taskScheduler-1] WARN  c.q.federated.service.FederatedCoordinatorService - Node 11 marked as inactive due to heartbeat timeout
2026-01-15 13:38:52.561 [taskScheduler-1] WARN  c.q.federated.service.FederatedCoordinatorService - Node 111 marked as inactive due to heartbeat timeout
2026-01-15 13:38:57.568 [taskScheduler-1] WARN  c.q.federated.service.FederatedCoordinatorService - Node 11 marked as inactive due to heartbeat timeout
2026-01-15 13:38:57.568 [taskScheduler-1] WARN  c.q.federated.service.FederatedCoordinatorService - Node 111 marked as inactive due to heartbeat timeout
2026-01-15 13:39:02.579 [taskScheduler-1] WARN  c.q.federated.service.FederatedCoordinatorService - Node 11 marked as inactive due to heartbeat timeout
2026-01-15 13:39:02.580 [taskScheduler-1] WARN  c.q.federated.service.FederatedCoordinatorService - Node 111 marked as inactive due to heartbeat timeout
2026-01-15 13:39:07.591 [taskScheduler-1] WARN  c.q.federated.service.FederatedCoordinatorService - Node 11 marked as inactive due to heartbeat timeout
2026-01-15 13:39:07.591 [taskScheduler-1] WARN  c.q.federated.service.FederatedCoordinatorService - Node 111 marked as inactive due to heartbeat timeout
2026-01-15 13:39:12.599 [taskScheduler-1] WARN  c.q.federated.service.FederatedCoordinatorService - Node 11 marked as inactive due to heartbeat timeout
2026-01-15 13:39:12.599 [taskScheduler-1] WARN  c.q.federated.service.FederatedCoordinatorService - Node 111 marked as inactive due to heartbeat timeout
2026-01-15 13:39:17.614 [taskScheduler-1] WARN  c.q.federated.service.FederatedCoordinatorService - Node 11 marked as inactive due to heartbeat timeout
2026-01-15 13:39:17.614 [taskScheduler-1] WARN  c.q.federated.service.FederatedCoordinatorService - Node 111 marked as inactive due to heartbeat timeout
2026-01-15 13:39:22.625 [taskScheduler-1] WARN  c.q.federated.service.FederatedCoordinatorService - Node 11 marked as inactive due to heartbeat timeout
2026-01-15 13:39:22.625 [taskScheduler-1] WARN  c.q.federated.service.FederatedCoordinatorService - Node 111 marked as inactive due to heartbeat timeout
2026-01-15 13:39:27.643 [taskScheduler-1] WARN  c.q.federated.service.FederatedCoordinatorService - Node 11 marked as inactive due to heartbeat timeout
2026-01-15 13:39:27.643 [taskScheduler-1] WARN  c.q.federated.service.FederatedCoordinatorService - Node 111 marked as inactive due to heartbeat timeout
2026-01-15 13:39:32.658 [taskScheduler-1] WARN  c.q.federated.service.FederatedCoordinatorService - Node 11 marked as inactive due to heartbeat timeout
2026-01-15 13:39:32.658 [taskScheduler-1] WARN  c.q.federated.service.FederatedCoordinatorService - Node 111 marked as inactive due to heartbeat timeout
2026-01-15 13:39:37.677 [taskScheduler-1] WARN  c.q.federated.service.FederatedCoordinatorService - Node 11 marked as inactive due to heartbeat timeout
2026-01-15 13:39:37.677 [taskScheduler-1] WARN  c.q.federated.service.FederatedCoordinatorService - Node 111 marked as inactive due to heartbeat timeout
2026-01-15 13:39:42.692 [taskScheduler-1] WARN  c.q.federated.service.FederatedCoordinatorService - Node 11 marked as inactive due to heartbeat timeout
2026-01-15 13:39:42.692 [taskScheduler-1] WARN  c.q.federated.service.FederatedCoordinatorService - Node 111 marked as inactive due to heartbeat timeout
2026-01-15 13:39:47.702 [taskScheduler-1] WARN  c.q.federated.service.FederatedCoordinatorService - Node 11 marked as inactive due to heartbeat timeout
2026-01-15 13:39:47.702 [taskScheduler-1] WARN  c.q.federated.service.FederatedCoordinatorService - Node 111 marked as inactive due to heartbeat timeout
2026-01-15 13:39:52.717 [taskScheduler-1] WARN  c.q.federated.service.FederatedCoordinatorService - Node 11 marked as inactive due to heartbeat timeout
2026-01-15 13:39:52.717 [taskScheduler-1] WARN  c.q.federated.service.FederatedCoordinatorService - Node 111 marked as inactive due to heartbeat timeout
2026-01-15 13:39:57.728 [taskScheduler-1] WARN  c.q.federated.service.FederatedCoordinatorService - Node 11 marked as inactive due to heartbeat timeout
2026-01-15 13:39:57.728 [taskScheduler-1] WARN  c.q.federated.service.FederatedCoordinatorService - Node 111 marked as inactive due to heartbeat timeout
2026-01-15 13:40:02.748 [taskScheduler-1] WARN  c.q.federated.service.FederatedCoordinatorService - Node 11 marked as inactive due to heartbeat timeout
2026-01-15 13:40:02.748 [taskScheduler-1] WARN  c.q.federated.service.FederatedCoordinatorService - Node 111 marked as inactive due to heartbeat timeout
2026-01-15 13:40:07.757 [taskScheduler-1] WARN  c.q.federated.service.FederatedCoordinatorService - Node 11 marked as inactive due to heartbeat timeout
2026-01-15 13:40:07.757 [taskScheduler-1] WARN  c.q.federated.service.FederatedCoordinatorService - Node 111 marked as inactive due to heartbeat timeout
2026-01-15 13:40:12.772 [taskScheduler-1] WARN  c.q.federated.service.FederatedCoordinatorService - Node 11 marked as inactive due to heartbeat timeout
2026-01-15 13:40:12.772 [taskScheduler-1] WARN  c.q.federated.service.FederatedCoordinatorService - Node 111 marked as inactive due to heartbeat timeout
2026-01-15 13:40:17.778 [taskScheduler-1] WARN  c.q.federated.service.FederatedCoordinatorService - Node 11 marked as inactive due to heartbeat timeout
2026-01-15 13:40:17.778 [taskScheduler-1] WARN  c.q.federated.service.FederatedCoordinatorService - Node 111 marked as inactive due to heartbeat timeout
2026-01-15 13:40:22.788 [taskScheduler-1] WARN  c.q.federated.service.FederatedCoordinatorService - Node 11 marked as inactive due to heartbeat timeout
2026-01-15 13:40:22.788 [taskScheduler-1] WARN  c.q.federated.service.FederatedCoordinatorService - Node 111 marked as inactive due to heartbeat timeout
2026-01-15 13:40:27.808 [taskScheduler-1] WARN  c.q.federated.service.FederatedCoordinatorService - Node 11 marked as inactive due to heartbeat timeout
2026-01-15 13:40:27.808 [taskScheduler-1] WARN  c.q.federated.service.FederatedCoordinatorService - Node 111 marked as inactive due to heartbeat timeout
2026-01-15 13:40:32.820 [taskScheduler-1] WARN  c.q.federated.service.FederatedCoordinatorService - Node 11 marked as inactive due to heartbeat timeout
2026-01-15 13:40:32.820 [taskScheduler-1] WARN  c.q.federated.service.FederatedCoordinatorService - Node 111 marked as inactive due to heartbeat timeout
2026-01-15 13:40:37.839 [taskScheduler-1] WARN  c.q.federated.service.FederatedCoordinatorService - Node 11 marked as inactive due to heartbeat timeout
2026-01-15 13:40:37.839 [taskScheduler-1] WARN  c.q.federated.service.FederatedCoordinatorService - Node 111 marked as inactive due to heartbeat timeout
2026-01-15 13:40:42.849 [taskScheduler-1] WARN  c.q.federated.service.FederatedCoordinatorService - Node 11 marked as inactive due to heartbeat timeout
2026-01-15 13:40:42.850 [taskScheduler-1] WARN  c.q.federated.service.FederatedCoordinatorService - Node 111 marked as inactive due to heartbeat timeout
2026-01-15 13:40:47.869 [taskScheduler-1] WARN  c.q.federated.service.FederatedCoordinatorService - Node 11 marked as inactive due to heartbeat timeout
2026-01-15 13:40:47.869 [taskScheduler-1] WARN  c.q.federated.service.FederatedCoordinatorService - Node 111 marked as inactive due to heartbeat timeout
2026-01-15 13:40:52.890 [taskScheduler-1] WARN  c.q.federated.service.FederatedCoordinatorService - Node 11 marked as inactive due to heartbeat timeout
2026-01-15 13:40:52.890 [taskScheduler-1] WARN  c.q.federated.service.FederatedCoordinatorService - Node 111 marked as inactive due to heartbeat timeout
2026-01-15 13:40:57.901 [taskScheduler-1] WARN  c.q.federated.service.FederatedCoordinatorService - Node 11 marked as inactive due to heartbeat timeout
2026-01-15 13:40:57.901 [taskScheduler-1] WARN  c.q.federated.service.FederatedCoordinatorService - Node 111 marked as inactive due to heartbeat timeout
2026-01-15 13:41:02.917 [taskScheduler-1] WARN  c.q.federated.service.FederatedCoordinatorService - Node 11 marked as inactive due to heartbeat timeout
2026-01-15 13:41:02.917 [taskScheduler-1] WARN  c.q.federated.service.FederatedCoordinatorService - Node 111 marked as inactive due to heartbeat timeout
2026-01-15 13:41:07.934 [taskScheduler-1] WARN  c.q.federated.service.FederatedCoordinatorService - Node 11 marked as inactive due to heartbeat timeout
2026-01-15 13:41:07.934 [taskScheduler-1] WARN  c.q.federated.service.FederatedCoordinatorService - Node 111 marked as inactive due to heartbeat timeout
2026-01-15 13:41:12.954 [taskScheduler-1] WARN  c.q.federated.service.FederatedCoordinatorService - Node 11 marked as inactive due to heartbeat timeout
2026-01-15 13:41:12.954 [taskScheduler-1] WARN  c.q.federated.service.FederatedCoordinatorService - Node 111 marked as inactive due to heartbeat timeout
2026-01-15 13:41:17.961 [taskScheduler-1] WARN  c.q.federated.service.FederatedCoordinatorService - Node 11 marked as inactive due to heartbeat timeout
2026-01-15 13:41:17.961 [taskScheduler-1] WARN  c.q.federated.service.FederatedCoordinatorService - Node 111 marked as inactive due to heartbeat timeout
2026-01-15 13:41:22.973 [taskScheduler-1] WARN  c.q.federated.service.FederatedCoordinatorService - Node 11 marked as inactive due to heartbeat timeout
2026-01-15 13:41:22.973 [taskScheduler-1] WARN  c.q.federated.service.FederatedCoordinatorService - Node 111 marked as inactive due to heartbeat timeout
2026-01-15 13:41:27.979 [taskScheduler-1] WARN  c.q.federated.service.FederatedCoordinatorService - Node 11 marked as inactive due to heartbeat timeout
2026-01-15 13:41:27.979 [taskScheduler-1] WARN  c.q.federated.service.FederatedCoordinatorService - Node 111 marked as inactive due to heartbeat timeout
2026-01-15 13:41:33.000 [taskScheduler-1] WARN  c.q.federated.service.FederatedCoordinatorService - Node 11 marked as inactive due to heartbeat timeout
2026-01-15 13:41:33.017 [taskScheduler-1] WARN  c.q.federated.service.FederatedCoordinatorService - Node 111 marked as inactive due to heartbeat timeout
2026-01-15 13:41:38.031 [taskScheduler-1] WARN  c.q.federated.service.FederatedCoordinatorService - Node 11 marked as inactive due to heartbeat timeout
2026-01-15 13:41:38.031 [taskScheduler-1] WARN  c.q.federated.service.FederatedCoordinatorService - Node 111 marked as inactive due to heartbeat timeout
2026-01-15 13:41:43.039 [taskScheduler-1] WARN  c.q.federated.service.FederatedCoordinatorService - Node 11 marked as inactive due to heartbeat timeout
2026-01-15 13:41:43.040 [taskScheduler-1] WARN  c.q.federated.service.FederatedCoordinatorService - Node 111 marked as inactive due to heartbeat timeout
2026-01-15 13:41:48.055 [taskScheduler-1] WARN  c.q.federated.service.FederatedCoordinatorService - Node 11 marked as inactive due to heartbeat timeout
2026-01-15 13:41:48.056 [taskScheduler-1] WARN  c.q.federated.service.FederatedCoordinatorService - Node 111 marked as inactive due to heartbeat timeout
2026-01-15 13:41:53.068 [taskScheduler-1] WARN  c.q.federated.service.FederatedCoordinatorService - Node 11 marked as inactive due to heartbeat timeout
2026-01-15 13:41:53.068 [taskScheduler-1] WARN  c.q.federated.service.FederatedCoordinatorService - Node 111 marked as inactive due to heartbeat timeout
2026-01-15 13:41:58.083 [taskScheduler-1] WARN  c.q.federated.service.FederatedCoordinatorService - Node 11 marked as inactive due to heartbeat timeout
2026-01-15 13:41:58.083 [taskScheduler-1] WARN  c.q.federated.service.FederatedCoordinatorService - Node 111 marked as inactive due to heartbeat timeout
2026-01-15 13:42:03.099 [taskScheduler-1] WARN  c.q.federated.service.FederatedCoordinatorService - Node 11 marked as inactive due to heartbeat timeout
2026-01-15 13:42:03.099 [taskScheduler-1] WARN  c.q.federated.service.FederatedCoordinatorService - Node 111 marked as inactive due to heartbeat timeout
2026-01-15 13:42:08.105 [taskScheduler-1] WARN  c.q.federated.service.FederatedCoordinatorService - Node 11 marked as inactive due to heartbeat timeout
2026-01-15 13:42:08.105 [taskScheduler-1] WARN  c.q.federated.service.FederatedCoordinatorService - Node 111 marked as inactive due to heartbeat timeout
2026-01-15 13:42:13.112 [taskScheduler-1] WARN  c.q.federated.service.FederatedCoordinatorService - Node 11 marked as inactive due to heartbeat timeout
2026-01-15 13:42:13.112 [taskScheduler-1] WARN  c.q.federated.service.FederatedCoordinatorService - Node 111 marked as inactive due to heartbeat timeout
2026-01-15 13:42:18.122 [taskScheduler-1] WARN  c.q.federated.service.FederatedCoordinatorService - Node 11 marked as inactive due to heartbeat timeout
2026-01-15 13:42:18.123 [taskScheduler-1] WARN  c.q.federated.service.FederatedCoordinatorService - Node 111 marked as inactive due to heartbeat timeout
2026-01-15 13:42:23.137 [taskScheduler-1] WARN  c.q.federated.service.FederatedCoordinatorService - Node 11 marked as inactive due to heartbeat timeout
2026-01-15 13:42:23.139 [taskScheduler-1] WARN  c.q.federated.service.FederatedCoordinatorService - Node 111 marked as inactive due to heartbeat timeout
2026-01-15 13:42:28.156 [taskScheduler-1] WARN  c.q.federated.service.FederatedCoordinatorService - Node 11 marked as inactive due to heartbeat timeout
2026-01-15 13:42:28.157 [taskScheduler-1] WARN  c.q.federated.service.FederatedCoordinatorService - Node 111 marked as inactive due to heartbeat timeout
2026-01-15 13:42:33.165 [taskScheduler-1] WARN  c.q.federated.service.FederatedCoordinatorService - Node 11 marked as inactive due to heartbeat timeout
2026-01-15 13:42:33.166 [taskScheduler-1] WARN  c.q.federated.service.FederatedCoordinatorService - Node 111 marked as inactive due to heartbeat timeout
2026-01-15 13:42:38.174 [taskScheduler-1] WARN  c.q.federated.service.FederatedCoordinatorService - Node 11 marked as inactive due to heartbeat timeout
2026-01-15 13:42:38.174 [taskScheduler-1] WARN  c.q.federated.service.FederatedCoordinatorService - Node 111 marked as inactive due to heartbeat timeout
2026-01-15 13:42:43.181 [taskScheduler-1] WARN  c.q.federated.service.FederatedCoordinatorService - Node 11 marked as inactive due to heartbeat timeout
2026-01-15 13:42:43.181 [taskScheduler-1] WARN  c.q.federated.service.FederatedCoordinatorService - Node 111 marked as inactive due to heartbeat timeout
2026-01-15 13:42:48.193 [taskScheduler-1] WARN  c.q.federated.service.FederatedCoordinatorService - Node 11 marked as inactive due to heartbeat timeout
2026-01-15 13:42:48.193 [taskScheduler-1] WARN  c.q.federated.service.FederatedCoordinatorService - Node 111 marked as inactive due to heartbeat timeout
2026-01-15 13:42:53.201 [taskScheduler-1] WARN  c.q.federated.service.FederatedCoordinatorService - Node 11 marked as inactive due to heartbeat timeout
2026-01-15 13:42:53.201 [taskScheduler-1] WARN  c.q.federated.service.FederatedCoordinatorService - Node 111 marked as inactive due to heartbeat timeout
2026-01-15 13:42:58.208 [taskScheduler-1] WARN  c.q.federated.service.FederatedCoordinatorService - Node 11 marked as inactive due to heartbeat timeout
2026-01-15 13:42:58.208 [taskScheduler-1] WARN  c.q.federated.service.FederatedCoordinatorService - Node 111 marked as inactive due to heartbeat timeout
2026-01-15 13:43:03.226 [taskScheduler-1] WARN  c.q.federated.service.FederatedCoordinatorService - Node 11 marked as inactive due to heartbeat timeout
2026-01-15 13:43:03.226 [taskScheduler-1] WARN  c.q.federated.service.FederatedCoordinatorService - Node 111 marked as inactive due to heartbeat timeout
2026-01-15 13:43:08.240 [taskScheduler-1] WARN  c.q.federated.service.FederatedCoordinatorService - Node 11 marked as inactive due to heartbeat timeout
2026-01-15 13:43:08.240 [taskScheduler-1] WARN  c.q.federated.service.FederatedCoordinatorService - Node 111 marked as inactive due to heartbeat timeout
2026-01-15 13:43:13.259 [taskScheduler-1] WARN  c.q.federated.service.FederatedCoordinatorService - Node 11 marked as inactive due to heartbeat timeout
2026-01-15 13:43:13.259 [taskScheduler-1] WARN  c.q.federated.service.FederatedCoordinatorService - Node 111 marked as inactive due to heartbeat timeout
2026-01-15 13:43:18.273 [taskScheduler-1] WARN  c.q.federated.service.FederatedCoordinatorService - Node 11 marked as inactive due to heartbeat timeout
2026-01-15 13:43:18.274 [taskScheduler-1] WARN  c.q.federated.service.FederatedCoordinatorService - Node 111 marked as inactive due to heartbeat timeout
2026-01-15 13:43:23.286 [taskScheduler-1] WARN  c.q.federated.service.FederatedCoordinatorService - Node 11 marked as inactive due to heartbeat timeout
2026-01-15 13:43:23.287 [taskScheduler-1] WARN  c.q.federated.service.FederatedCoordinatorService - Node 111 marked as inactive due to heartbeat timeout
2026-01-15 13:43:28.300 [taskScheduler-1] WARN  c.q.federated.service.FederatedCoordinatorService - Node 11 marked as inactive due to heartbeat timeout
2026-01-15 13:43:28.300 [taskScheduler-1] WARN  c.q.federated.service.FederatedCoordinatorService - Node 111 marked as inactive due to heartbeat timeout
2026-01-15 13:43:33.310 [taskScheduler-1] WARN  c.q.federated.service.FederatedCoordinatorService - Node 11 marked as inactive due to heartbeat timeout
2026-01-15 13:43:33.310 [taskScheduler-1] WARN  c.q.federated.service.FederatedCoordinatorService - Node 111 marked as inactive due to heartbeat timeout
2026-01-15 13:43:38.333 [taskScheduler-1] WARN  c.q.federated.service.FederatedCoordinatorService - Node 11 marked as inactive due to heartbeat timeout
2026-01-15 13:43:38.333 [taskScheduler-1] WARN  c.q.federated.service.FederatedCoordinatorService - Node 111 marked as inactive due to heartbeat timeout
2026-01-15 13:43:43.344 [taskScheduler-1] WARN  c.q.federated.service.FederatedCoordinatorService - Node 11 marked as inactive due to heartbeat timeout
2026-01-15 13:43:43.345 [taskScheduler-1] WARN  c.q.federated.service.FederatedCoordinatorService - Node 111 marked as inactive due to heartbeat timeout
2026-01-15 13:43:48.358 [taskScheduler-1] WARN  c.q.federated.service.FederatedCoordinatorService - Node 11 marked as inactive due to heartbeat timeout
2026-01-15 13:43:48.359 [taskScheduler-1] WARN  c.q.federated.service.FederatedCoordinatorService - Node 111 marked as inactive due to heartbeat timeout
2026-01-15 13:43:53.376 [taskScheduler-1] WARN  c.q.federated.service.FederatedCoordinatorService - Node 11 marked as inactive due to heartbeat timeout
2026-01-15 13:43:53.376 [taskScheduler-1] WARN  c.q.federated.service.FederatedCoordinatorService - Node 111 marked as inactive due to heartbeat timeout
2026-01-15 13:43:58.384 [taskScheduler-1] WARN  c.q.federated.service.FederatedCoordinatorService - Node 11 marked as inactive due to heartbeat timeout
2026-01-15 13:43:58.385 [taskScheduler-1] WARN  c.q.federated.service.FederatedCoordinatorService - Node 111 marked as inactive due to heartbeat timeout
2026-01-15 13:44:03.396 [taskScheduler-1] WARN  c.q.federated.service.FederatedCoordinatorService - Node 11 marked as inactive due to heartbeat timeout
2026-01-15 13:44:03.396 [taskScheduler-1] WARN  c.q.federated.service.FederatedCoordinatorService - Node 111 marked as inactive due to heartbeat timeout
2026-01-15 13:44:08.416 [taskScheduler-1] WARN  c.q.federated.service.FederatedCoordinatorService - Node 11 marked as inactive due to heartbeat timeout
2026-01-15 13:44:08.416 [taskScheduler-1] WARN  c.q.federated.service.FederatedCoordinatorService - Node 111 marked as inactive due to heartbeat timeout
2026-01-15 13:44:13.432 [taskScheduler-1] WARN  c.q.federated.service.FederatedCoordinatorService - Node 11 marked as inactive due to heartbeat timeout
2026-01-15 13:44:13.433 [taskScheduler-1] WARN  c.q.federated.service.FederatedCoordinatorService - Node 111 marked as inactive due to heartbeat timeout
2026-01-15 13:44:18.443 [taskScheduler-1] WARN  c.q.federated.service.FederatedCoordinatorService - Node 11 marked as inactive due to heartbeat timeout
2026-01-15 13:44:18.443 [taskScheduler-1] WARN  c.q.federated.service.FederatedCoordinatorService - Node 111 marked as inactive due to heartbeat timeout
2026-01-15 13:44:23.449 [taskScheduler-1] WARN  c.q.federated.service.FederatedCoordinatorService - Node 11 marked as inactive due to heartbeat timeout
2026-01-15 13:44:23.450 [taskScheduler-1] WARN  c.q.federated.service.FederatedCoordinatorService - Node 111 marked as inactive due to heartbeat timeout
2026-01-15 13:44:28.463 [taskScheduler-1] WARN  c.q.federated.service.FederatedCoordinatorService - Node 11 marked as inactive due to heartbeat timeout
2026-01-15 13:44:28.463 [taskScheduler-1] WARN  c.q.federated.service.FederatedCoordinatorService - Node 111 marked as inactive due to heartbeat timeout
2026-01-15 13:44:33.482 [taskScheduler-1] WARN  c.q.federated.service.FederatedCoordinatorService - Node 11 marked as inactive due to heartbeat timeout
2026-01-15 13:44:33.482 [taskScheduler-1] WARN  c.q.federated.service.FederatedCoordinatorService - Node 111 marked as inactive due to heartbeat timeout
2026-01-15 13:44:38.502 [taskScheduler-1] WARN  c.q.federated.service.FederatedCoordinatorService - Node 11 marked as inactive due to heartbeat timeout
2026-01-15 13:44:38.503 [taskScheduler-1] WARN  c.q.federated.service.FederatedCoordinatorService - Node 111 marked as inactive due to heartbeat timeout
2026-01-15 13:44:43.511 [taskScheduler-1] WARN  c.q.federated.service.FederatedCoordinatorService - Node 11 marked as inactive due to heartbeat timeout
2026-01-15 13:44:43.511 [taskScheduler-1] WARN  c.q.federated.service.FederatedCoordinatorService - Node 111 marked as inactive due to heartbeat timeout
2026-01-15 13:44:48.520 [taskScheduler-1] WARN  c.q.federated.service.FederatedCoordinatorService - Node 11 marked as inactive due to heartbeat timeout
2026-01-15 13:44:48.520 [taskScheduler-1] WARN  c.q.federated.service.FederatedCoordinatorService - Node 111 marked as inactive due to heartbeat timeout
2026-01-15 13:44:53.539 [taskScheduler-1] WARN  c.q.federated.service.FederatedCoordinatorService - Node 11 marked as inactive due to heartbeat timeout
2026-01-15 13:44:53.539 [taskScheduler-1] WARN  c.q.federated.service.FederatedCoordinatorService - Node 111 marked as inactive due to heartbeat timeout
2026-01-15 13:44:58.560 [taskScheduler-1] WARN  c.q.federated.service.FederatedCoordinatorService - Node 11 marked as inactive due to heartbeat timeout
2026-01-15 13:44:58.561 [taskScheduler-1] WARN  c.q.federated.service.FederatedCoordinatorService - Node 111 marked as inactive due to heartbeat timeout
2026-01-15 13:45:03.580 [taskScheduler-1] WARN  c.q.federated.service.FederatedCoordinatorService - Node 11 marked as inactive due to heartbeat timeout
2026-01-15 13:45:03.581 [taskScheduler-1] WARN  c.q.federated.service.FederatedCoordinatorService - Node 111 marked as inactive due to heartbeat timeout
2026-01-15 13:45:08.597 [taskScheduler-1] WARN  c.q.federated.service.FederatedCoordinatorService - Node 11 marked as inactive due to heartbeat timeout
2026-01-15 13:45:08.598 [taskScheduler-1] WARN  c.q.federated.service.FederatedCoordinatorService - Node 111 marked as inactive due to heartbeat timeout
2026-01-15 13:45:13.614 [taskScheduler-1] WARN  c.q.federated.service.FederatedCoordinatorService - Node 11 marked as inactive due to heartbeat timeout
2026-01-15 13:45:13.614 [taskScheduler-1] WARN  c.q.federated.service.FederatedCoordinatorService - Node 111 marked as inactive due to heartbeat timeout
2026-01-15 13:45:18.622 [taskScheduler-1] WARN  c.q.federated.service.FederatedCoordinatorService - Node 11 marked as inactive due to heartbeat timeout
2026-01-15 13:45:18.622 [taskScheduler-1] WARN  c.q.federated.service.FederatedCoordinatorService - Node 111 marked as inactive due to heartbeat timeout
2026-01-15 13:45:23.631 [taskScheduler-1] WARN  c.q.federated.service.FederatedCoordinatorService - Node 11 marked as inactive due to heartbeat timeout
2026-01-15 13:45:23.631 [taskScheduler-1] WARN  c.q.federated.service.FederatedCoordinatorService - Node 111 marked as inactive due to heartbeat timeout
2026-01-15 13:45:28.644 [taskScheduler-1] WARN  c.q.federated.service.FederatedCoordinatorService - Node 11 marked as inactive due to heartbeat timeout
2026-01-15 13:45:28.644 [taskScheduler-1] WARN  c.q.federated.service.FederatedCoordinatorService - Node 111 marked as inactive due to heartbeat timeout
2026-01-15 13:45:33.658 [taskScheduler-1] WARN  c.q.federated.service.FederatedCoordinatorService - Node 11 marked as inactive due to heartbeat timeout
2026-01-15 13:45:33.659 [taskScheduler-1] WARN  c.q.federated.service.FederatedCoordinatorService - Node 111 marked as inactive due to heartbeat timeout
2026-01-15 13:45:38.664 [taskScheduler-1] WARN  c.q.federated.service.FederatedCoordinatorService - Node 11 marked as inactive due to heartbeat timeout
2026-01-15 13:45:38.664 [taskScheduler-1] WARN  c.q.federated.service.FederatedCoordinatorService - Node 111 marked as inactive due to heartbeat timeout
2026-01-15 13:45:43.676 [taskScheduler-1] WARN  c.q.federated.service.FederatedCoordinatorService - Node 11 marked as inactive due to heartbeat timeout
2026-01-15 13:45:43.677 [taskScheduler-1] WARN  c.q.federated.service.FederatedCoordinatorService - Node 111 marked as inactive due to heartbeat timeout
2026-01-15 13:45:48.685 [taskScheduler-1] WARN  c.q.federated.service.FederatedCoordinatorService - Node 11 marked as inactive due to heartbeat timeout
2026-01-15 13:45:48.685 [taskScheduler-1] WARN  c.q.federated.service.FederatedCoordinatorService - Node 111 marked as inactive due to heartbeat timeout
2026-01-15 13:45:53.692 [taskScheduler-1] WARN  c.q.federated.service.FederatedCoordinatorService - Node 11 marked as inactive due to heartbeat timeout
2026-01-15 13:45:53.692 [taskScheduler-1] WARN  c.q.federated.service.FederatedCoordinatorService - Node 111 marked as inactive due to heartbeat timeout
2026-01-15 13:45:58.704 [taskScheduler-1] WARN  c.q.federated.service.FederatedCoordinatorService - Node 11 marked as inactive due to heartbeat timeout
2026-01-15 13:45:58.704 [taskScheduler-1] WARN  c.q.federated.service.FederatedCoordinatorService - Node 111 marked as inactive due to heartbeat timeout
2026-01-15 13:46:03.717 [taskScheduler-1] WARN  c.q.federated.service.FederatedCoordinatorService - Node 11 marked as inactive due to heartbeat timeout
2026-01-15 13:46:03.717 [taskScheduler-1] WARN  c.q.federated.service.FederatedCoordinatorService - Node 111 marked as inactive due to heartbeat timeout
2026-01-15 13:46:08.734 [taskScheduler-3] WARN  c.q.federated.service.FederatedCoordinatorService - Node 11 marked as inactive due to heartbeat timeout
2026-01-15 13:46:08.734 [taskScheduler-3] WARN  c.q.federated.service.FederatedCoordinatorService - Node 111 marked as inactive due to heartbeat timeout
2026-01-15 13:46:13.744 [taskScheduler-3] WARN  c.q.federated.service.FederatedCoordinatorService - Node 11 marked as inactive due to heartbeat timeout
2026-01-15 13:46:13.744 [taskScheduler-3] WARN  c.q.federated.service.FederatedCoordinatorService - Node 111 marked as inactive due to heartbeat timeout
2026-01-15 13:46:18.764 [taskScheduler-3] WARN  c.q.federated.service.FederatedCoordinatorService - Node 11 marked as inactive due to heartbeat timeout
2026-01-15 13:46:18.765 [taskScheduler-3] WARN  c.q.federated.service.FederatedCoordinatorService - Node 111 marked as inactive due to heartbeat timeout
2026-01-15 13:46:23.779 [taskScheduler-3] WARN  c.q.federated.service.FederatedCoordinatorService - Node 11 marked as inactive due to heartbeat timeout
2026-01-15 13:46:23.780 [taskScheduler-3] WARN  c.q.federated.service.FederatedCoordinatorService - Node 111 marked as inactive due to heartbeat timeout
2026-01-15 13:46:28.787 [taskScheduler-3] WARN  c.q.federated.service.FederatedCoordinatorService - Node 11 marked as inactive due to heartbeat timeout
2026-01-15 13:46:28.787 [taskScheduler-3] WARN  c.q.federated.service.FederatedCoordinatorService - Node 111 marked as inactive due to heartbeat timeout
2026-01-15 13:46:33.805 [taskScheduler-3] WARN  c.q.federated.service.FederatedCoordinatorService - Node 11 marked as inactive due to heartbeat timeout
2026-01-15 13:46:33.806 [taskScheduler-3] WARN  c.q.federated.service.FederatedCoordinatorService - Node 111 marked as inactive due to heartbeat timeout
2026-01-15 13:46:38.828 [taskScheduler-3] WARN  c.q.federated.service.FederatedCoordinatorService - Node 11 marked as inactive due to heartbeat timeout
2026-01-15 13:46:38.829 [taskScheduler-3] WARN  c.q.federated.service.FederatedCoordinatorService - Node 111 marked as inactive due to heartbeat timeout
2026-01-15 13:46:43.846 [taskScheduler-3] WARN  c.q.federated.service.FederatedCoordinatorService - Node 11 marked as inactive due to heartbeat timeout
2026-01-15 13:46:43.846 [taskScheduler-3] WARN  c.q.federated.service.FederatedCoordinatorService - Node 111 marked as inactive due to heartbeat timeout
2026-01-15 13:46:48.853 [taskScheduler-3] WARN  c.q.federated.service.FederatedCoordinatorService - Node 11 marked as inactive due to heartbeat timeout
2026-01-15 13:46:48.854 [taskScheduler-3] WARN  c.q.federated.service.FederatedCoordinatorService - Node 111 marked as inactive due to heartbeat timeout
2026-01-15 13:46:53.865 [taskScheduler-3] WARN  c.q.federated.service.FederatedCoordinatorService - Node 11 marked as inactive due to heartbeat timeout
2026-01-15 13:46:53.866 [taskScheduler-3] WARN  c.q.federated.service.FederatedCoordinatorService - Node 111 marked as inactive due to heartbeat timeout
2026-01-15 13:46:58.872 [taskScheduler-3] WARN  c.q.federated.service.FederatedCoordinatorService - Node 11 marked as inactive due to heartbeat timeout
2026-01-15 13:46:58.872 [taskScheduler-3] WARN  c.q.federated.service.FederatedCoordinatorService - Node 111 marked as inactive due to heartbeat timeout
2026-01-15 13:47:03.884 [taskScheduler-3] WARN  c.q.federated.service.FederatedCoordinatorService - Node 11 marked as inactive due to heartbeat timeout
2026-01-15 13:47:03.884 [taskScheduler-3] WARN  c.q.federated.service.FederatedCoordinatorService - Node 111 marked as inactive due to heartbeat timeout
2026-01-15 13:47:08.908 [taskScheduler-3] WARN  c.q.federated.service.FederatedCoordinatorService - Node 11 marked as inactive due to heartbeat timeout
2026-01-15 13:47:08.909 [taskScheduler-3] WARN  c.q.federated.service.FederatedCoordinatorService - Node 111 marked as inactive due to heartbeat timeout
2026-01-15 13:47:13.924 [taskScheduler-3] WARN  c.q.federated.service.FederatedCoordinatorService - Node 11 marked as inactive due to heartbeat timeout
2026-01-15 13:47:13.924 [taskScheduler-3] WARN  c.q.federated.service.FederatedCoordinatorService - Node 111 marked as inactive due to heartbeat timeout
2026-01-15 13:47:18.935 [taskScheduler-3] WARN  c.q.federated.service.FederatedCoordinatorService - Node 11 marked as inactive due to heartbeat timeout
2026-01-15 13:47:18.935 [taskScheduler-3] WARN  c.q.federated.service.FederatedCoordinatorService - Node 111 marked as inactive due to heartbeat timeout
2026-01-15 13:47:23.944 [taskScheduler-3] WARN  c.q.federated.service.FederatedCoordinatorService - Node 11 marked as inactive due to heartbeat timeout
2026-01-15 13:47:23.944 [taskScheduler-3] WARN  c.q.federated.service.FederatedCoordinatorService - Node 111 marked as inactive due to heartbeat timeout
2026-01-15 13:47:28.962 [taskScheduler-3] WARN  c.q.federated.service.FederatedCoordinatorService - Node 11 marked as inactive due to heartbeat timeout
2026-01-15 13:47:28.962 [taskScheduler-3] WARN  c.q.federated.service.FederatedCoordinatorService - Node 111 marked as inactive due to heartbeat timeout
2026-01-15 13:47:33.982 [taskScheduler-3] WARN  c.q.federated.service.FederatedCoordinatorService - Node 11 marked as inactive due to heartbeat timeout
2026-01-15 13:47:33.982 [taskScheduler-3] WARN  c.q.federated.service.FederatedCoordinatorService - Node 111 marked as inactive due to heartbeat timeout
2026-01-15 13:47:38.990 [taskScheduler-3] WARN  c.q.federated.service.FederatedCoordinatorService - Node 11 marked as inactive due to heartbeat timeout
2026-01-15 13:47:38.990 [taskScheduler-3] WARN  c.q.federated.service.FederatedCoordinatorService - Node 111 marked as inactive due to heartbeat timeout
2026-01-15 13:47:44.010 [taskScheduler-3] WARN  c.q.federated.service.FederatedCoordinatorService - Node 11 marked as inactive due to heartbeat timeout
2026-01-15 13:47:44.010 [taskScheduler-3] WARN  c.q.federated.service.FederatedCoordinatorService - Node 111 marked as inactive due to heartbeat timeout
2026-01-15 13:47:49.016 [taskScheduler-3] WARN  c.q.federated.service.FederatedCoordinatorService - Node 11 marked as inactive due to heartbeat timeout
2026-01-15 13:47:49.016 [taskScheduler-3] WARN  c.q.federated.service.FederatedCoordinatorService - Node 111 marked as inactive due to heartbeat timeout
2026-01-15 13:47:54.021 [taskScheduler-3] WARN  c.q.federated.service.FederatedCoordinatorService - Node 11 marked as inactive due to heartbeat timeout
2026-01-15 13:47:54.021 [taskScheduler-3] WARN  c.q.federated.service.FederatedCoordinatorService - Node 111 marked as inactive due to heartbeat timeout
2026-01-15 13:47:59.034 [taskScheduler-3] WARN  c.q.federated.service.FederatedCoordinatorService - Node 11 marked as inactive due to heartbeat timeout
2026-01-15 13:47:59.034 [taskScheduler-3] WARN  c.q.federated.service.FederatedCoordinatorService - Node 111 marked as inactive due to heartbeat timeout
2026-01-15 13:48:04.040 [taskScheduler-3] WARN  c.q.federated.service.FederatedCoordinatorService - Node 11 marked as inactive due to heartbeat timeout
2026-01-15 13:48:04.041 [taskScheduler-3] WARN  c.q.federated.service.FederatedCoordinatorService - Node 111 marked as inactive due to heartbeat timeout
2026-01-15 13:48:09.049 [taskScheduler-3] WARN  c.q.federated.service.FederatedCoordinatorService - Node 11 marked as inactive due to heartbeat timeout
2026-01-15 13:48:09.049 [taskScheduler-3] WARN  c.q.federated.service.FederatedCoordinatorService - Node 111 marked as inactive due to heartbeat timeout
2026-01-15 13:48:14.065 [taskScheduler-3] WARN  c.q.federated.service.FederatedCoordinatorService - Node 11 marked as inactive due to heartbeat timeout
2026-01-15 13:48:14.065 [taskScheduler-3] WARN  c.q.federated.service.FederatedCoordinatorService - Node 111 marked as inactive due to heartbeat timeout
2026-01-15 13:48:19.073 [taskScheduler-3] WARN  c.q.federated.service.FederatedCoordinatorService - Node 11 marked as inactive due to heartbeat timeout
2026-01-15 13:48:19.074 [taskScheduler-3] WARN  c.q.federated.service.FederatedCoordinatorService - Node 111 marked as inactive due to heartbeat timeout
2026-01-15 13:48:24.080 [taskScheduler-3] WARN  c.q.federated.service.FederatedCoordinatorService - Node 11 marked as inactive due to heartbeat timeout
2026-01-15 13:48:24.081 [taskScheduler-3] WARN  c.q.federated.service.FederatedCoordinatorService - Node 111 marked as inactive due to heartbeat timeout
2026-01-15 13:48:29.096 [taskScheduler-3] WARN  c.q.federated.service.FederatedCoordinatorService - Node 11 marked as inactive due to heartbeat timeout
2026-01-15 13:48:29.097 [taskScheduler-3] WARN  c.q.federated.service.FederatedCoordinatorService - Node 111 marked as inactive due to heartbeat timeout
2026-01-15 13:48:34.113 [taskScheduler-3] WARN  c.q.federated.service.FederatedCoordinatorService - Node 11 marked as inactive due to heartbeat timeout
2026-01-15 13:48:34.114 [taskScheduler-3] WARN  c.q.federated.service.FederatedCoordinatorService - Node 111 marked as inactive due to heartbeat timeout
2026-01-15 13:48:39.126 [taskScheduler-3] WARN  c.q.federated.service.FederatedCoordinatorService - Node 11 marked as inactive due to heartbeat timeout
2026-01-15 13:48:39.127 [taskScheduler-3] WARN  c.q.federated.service.FederatedCoordinatorService - Node 111 marked as inactive due to heartbeat timeout
2026-01-15 13:48:44.141 [taskScheduler-3] WARN  c.q.federated.service.FederatedCoordinatorService - Node 11 marked as inactive due to heartbeat timeout
2026-01-15 13:48:44.141 [taskScheduler-3] WARN  c.q.federated.service.FederatedCoordinatorService - Node 111 marked as inactive due to heartbeat timeout
2026-01-15 13:48:49.151 [taskScheduler-3] WARN  c.q.federated.service.FederatedCoordinatorService - Node 11 marked as inactive due to heartbeat timeout
2026-01-15 13:48:49.151 [taskScheduler-3] WARN  c.q.federated.service.FederatedCoordinatorService - Node 111 marked as inactive due to heartbeat timeout
2026-01-15 13:48:54.157 [taskScheduler-3] WARN  c.q.federated.service.FederatedCoordinatorService - Node 11 marked as inactive due to heartbeat timeout
2026-01-15 13:48:54.157 [taskScheduler-3] WARN  c.q.federated.service.FederatedCoordinatorService - Node 111 marked as inactive due to heartbeat timeout
2026-01-15 13:48:59.168 [taskScheduler-3] WARN  c.q.federated.service.FederatedCoordinatorService - Node 11 marked as inactive due to heartbeat timeout
2026-01-15 13:48:59.168 [taskScheduler-3] WARN  c.q.federated.service.FederatedCoordinatorService - Node 111 marked as inactive due to heartbeat timeout
2026-01-15 13:49:04.180 [taskScheduler-3] WARN  c.q.federated.service.FederatedCoordinatorService - Node 11 marked as inactive due to heartbeat timeout
2026-01-15 13:49:04.180 [taskScheduler-3] WARN  c.q.federated.service.FederatedCoordinatorService - Node 111 marked as inactive due to heartbeat timeout
2026-01-15 13:49:09.195 [taskScheduler-3] WARN  c.q.federated.service.FederatedCoordinatorService - Node 11 marked as inactive due to heartbeat timeout
2026-01-15 13:49:09.196 [taskScheduler-3] WARN  c.q.federated.service.FederatedCoordinatorService - Node 111 marked as inactive due to heartbeat timeout
2026-01-15 13:49:14.201 [taskScheduler-3] WARN  c.q.federated.service.FederatedCoordinatorService - Node 11 marked as inactive due to heartbeat timeout
2026-01-15 13:49:14.201 [taskScheduler-3] WARN  c.q.federated.service.FederatedCoordinatorService - Node 111 marked as inactive due to heartbeat timeout
2026-01-15 13:49:19.216 [taskScheduler-3] WARN  c.q.federated.service.FederatedCoordinatorService - Node 11 marked as inactive due to heartbeat timeout
2026-01-15 13:49:19.216 [taskScheduler-3] WARN  c.q.federated.service.FederatedCoordinatorService - Node 111 marked as inactive due to heartbeat timeout
2026-01-15 13:49:24.221 [taskScheduler-3] WARN  c.q.federated.service.FederatedCoordinatorService - Node 11 marked as inactive due to heartbeat timeout
2026-01-15 13:49:24.221 [taskScheduler-3] WARN  c.q.federated.service.FederatedCoordinatorService - Node 111 marked as inactive due to heartbeat timeout
2026-01-15 13:49:29.228 [taskScheduler-3] WARN  c.q.federated.service.FederatedCoordinatorService - Node 11 marked as inactive due to heartbeat timeout
2026-01-15 13:49:29.228 [taskScheduler-3] WARN  c.q.federated.service.FederatedCoordinatorService - Node 111 marked as inactive due to heartbeat timeout
2026-01-15 13:49:34.237 [taskScheduler-3] WARN  c.q.federated.service.FederatedCoordinatorService - Node 11 marked as inactive due to heartbeat timeout
2026-01-15 13:49:34.237 [taskScheduler-3] WARN  c.q.federated.service.FederatedCoordinatorService - Node 111 marked as inactive due to heartbeat timeout
2026-01-15 13:49:39.252 [taskScheduler-3] WARN  c.q.federated.service.FederatedCoordinatorService - Node 11 marked as inactive due to heartbeat timeout
2026-01-15 13:49:39.252 [taskScheduler-3] WARN  c.q.federated.service.FederatedCoordinatorService - Node 111 marked as inactive due to heartbeat timeout
2026-01-15 13:49:44.267 [taskScheduler-3] WARN  c.q.federated.service.FederatedCoordinatorService - Node 11 marked as inactive due to heartbeat timeout
2026-01-15 13:49:44.267 [taskScheduler-3] WARN  c.q.federated.service.FederatedCoordinatorService - Node 111 marked as inactive due to heartbeat timeout
2026-01-15 13:49:49.276 [taskScheduler-3] WARN  c.q.federated.service.FederatedCoordinatorService - Node 11 marked as inactive due to heartbeat timeout
2026-01-15 13:49:49.276 [taskScheduler-3] WARN  c.q.federated.service.FederatedCoordinatorService - Node 111 marked as inactive due to heartbeat timeout
2026-01-15 13:49:54.283 [taskScheduler-3] WARN  c.q.federated.service.FederatedCoordinatorService - Node 11 marked as inactive due to heartbeat timeout
2026-01-15 13:49:54.283 [taskScheduler-3] WARN  c.q.federated.service.FederatedCoordinatorService - Node 111 marked as inactive due to heartbeat timeout
2026-01-15 13:49:59.302 [taskScheduler-3] WARN  c.q.federated.service.FederatedCoordinatorService - Node 11 marked as inactive due to heartbeat timeout
2026-01-15 13:49:59.302 [taskScheduler-3] WARN  c.q.federated.service.FederatedCoordinatorService - Node 111 marked as inactive due to heartbeat timeout
2026-01-15 13:50:04.322 [taskScheduler-3] WARN  c.q.federated.service.FederatedCoordinatorService - Node 11 marked as inactive due to heartbeat timeout
2026-01-15 13:50:04.322 [taskScheduler-3] WARN  c.q.federated.service.FederatedCoordinatorService - Node 111 marked as inactive due to heartbeat timeout
2026-01-15 13:50:09.333 [taskScheduler-3] WARN  c.q.federated.service.FederatedCoordinatorService - Node 11 marked as inactive due to heartbeat timeout
2026-01-15 13:50:09.333 [taskScheduler-3] WARN  c.q.federated.service.FederatedCoordinatorService - Node 111 marked as inactive due to heartbeat timeout
2026-01-15 13:50:14.354 [taskScheduler-3] WARN  c.q.federated.service.FederatedCoordinatorService - Node 11 marked as inactive due to heartbeat timeout
2026-01-15 13:50:14.355 [taskScheduler-3] WARN  c.q.federated.service.FederatedCoordinatorService - Node 111 marked as inactive due to heartbeat timeout
2026-01-15 13:50:19.361 [taskScheduler-3] WARN  c.q.federated.service.FederatedCoordinatorService - Node 11 marked as inactive due to heartbeat timeout
2026-01-15 13:50:19.361 [taskScheduler-3] WARN  c.q.federated.service.FederatedCoordinatorService - Node 111 marked as inactive due to heartbeat timeout
2026-01-15 13:50:24.377 [taskScheduler-3] WARN  c.q.federated.service.FederatedCoordinatorService - Node 11 marked as inactive due to heartbeat timeout
2026-01-15 13:50:24.377 [taskScheduler-3] WARN  c.q.federated.service.FederatedCoordinatorService - Node 111 marked as inactive due to heartbeat timeout
2026-01-15 13:50:29.392 [taskScheduler-3] WARN  c.q.federated.service.FederatedCoordinatorService - Node 11 marked as inactive due to heartbeat timeout
2026-01-15 13:50:29.392 [taskScheduler-3] WARN  c.q.federated.service.FederatedCoordinatorService - Node 111 marked as inactive due to heartbeat timeout
2026-01-15 13:50:34.412 [taskScheduler-3] WARN  c.q.federated.service.FederatedCoordinatorService - Node 11 marked as inactive due to heartbeat timeout
2026-01-15 13:50:34.412 [taskScheduler-3] WARN  c.q.federated.service.FederatedCoordinatorService - Node 111 marked as inactive due to heartbeat timeout
2026-01-15 13:50:39.423 [taskScheduler-3] WARN  c.q.federated.service.FederatedCoordinatorService - Node 11 marked as inactive due to heartbeat timeout
2026-01-15 13:50:39.424 [taskScheduler-3] WARN  c.q.federated.service.FederatedCoordinatorService - Node 111 marked as inactive due to heartbeat timeout
2026-01-15 13:50:44.440 [taskScheduler-3] WARN  c.q.federated.service.FederatedCoordinatorService - Node 11 marked as inactive due to heartbeat timeout
2026-01-15 13:50:44.441 [taskScheduler-3] WARN  c.q.federated.service.FederatedCoordinatorService - Node 111 marked as inactive due to heartbeat timeout
2026-01-15 13:50:49.449 [taskScheduler-3] WARN  c.q.federated.service.FederatedCoordinatorService - Node 11 marked as inactive due to heartbeat timeout
2026-01-15 13:50:49.450 [taskScheduler-3] WARN  c.q.federated.service.FederatedCoordinatorService - Node 111 marked as inactive due to heartbeat timeout
2026-01-15 13:50:54.466 [taskScheduler-3] WARN  c.q.federated.service.FederatedCoordinatorService - Node 11 marked as inactive due to heartbeat timeout
2026-01-15 13:50:54.466 [taskScheduler-3] WARN  c.q.federated.service.FederatedCoordinatorService - Node 111 marked as inactive due to heartbeat timeout
2026-01-15 13:50:59.482 [taskScheduler-3] WARN  c.q.federated.service.FederatedCoordinatorService - Node 11 marked as inactive due to heartbeat timeout
2026-01-15 13:50:59.483 [taskScheduler-3] WARN  c.q.federated.service.FederatedCoordinatorService - Node 111 marked as inactive due to heartbeat timeout
2026-01-15 13:51:04.499 [taskScheduler-3] WARN  c.q.federated.service.FederatedCoordinatorService - Node 11 marked as inactive due to heartbeat timeout
2026-01-15 13:51:04.499 [taskScheduler-3] WARN  c.q.federated.service.FederatedCoordinatorService - Node 111 marked as inactive due to heartbeat timeout
2026-01-15 13:51:09.514 [taskScheduler-3] WARN  c.q.federated.service.FederatedCoordinatorService - Node 11 marked as inactive due to heartbeat timeout
2026-01-15 13:51:09.514 [taskScheduler-3] WARN  c.q.federated.service.FederatedCoordinatorService - Node 111 marked as inactive due to heartbeat timeout
2026-01-15 13:51:14.532 [taskScheduler-3] WARN  c.q.federated.service.FederatedCoordinatorService - Node 11 marked as inactive due to heartbeat timeout
2026-01-15 13:51:14.532 [taskScheduler-3] WARN  c.q.federated.service.FederatedCoordinatorService - Node 111 marked as inactive due to heartbeat timeout
2026-01-15 13:51:19.539 [taskScheduler-3] WARN  c.q.federated.service.FederatedCoordinatorService - Node 11 marked as inactive due to heartbeat timeout
2026-01-15 13:51:19.539 [taskScheduler-3] WARN  c.q.federated.service.FederatedCoordinatorService - Node 111 marked as inactive due to heartbeat timeout
2026-01-15 13:51:24.560 [taskScheduler-3] WARN  c.q.federated.service.FederatedCoordinatorService - Node 11 marked as inactive due to heartbeat timeout
2026-01-15 13:51:24.560 [taskScheduler-3] WARN  c.q.federated.service.FederatedCoordinatorService - Node 111 marked as inactive due to heartbeat timeout
2026-01-15 13:51:29.570 [taskScheduler-3] WARN  c.q.federated.service.FederatedCoordinatorService - Node 11 marked as inactive due to heartbeat timeout
2026-01-15 13:51:29.570 [taskScheduler-3] WARN  c.q.federated.service.FederatedCoordinatorService - Node 111 marked as inactive due to heartbeat timeout
2026-01-15 13:51:34.582 [taskScheduler-3] WARN  c.q.federated.service.FederatedCoordinatorService - Node 11 marked as inactive due to heartbeat timeout
2026-01-15 13:51:34.583 [taskScheduler-3] WARN  c.q.federated.service.FederatedCoordinatorService - Node 111 marked as inactive due to heartbeat timeout
2026-01-15 13:51:39.596 [taskScheduler-3] WARN  c.q.federated.service.FederatedCoordinatorService - Node 11 marked as inactive due to heartbeat timeout
2026-01-15 13:51:39.596 [taskScheduler-3] WARN  c.q.federated.service.FederatedCoordinatorService - Node 111 marked as inactive due to heartbeat timeout
2026-01-15 13:51:44.609 [taskScheduler-3] WARN  c.q.federated.service.FederatedCoordinatorService - Node 11 marked as inactive due to heartbeat timeout
2026-01-15 13:51:44.609 [taskScheduler-3] WARN  c.q.federated.service.FederatedCoordinatorService - Node 111 marked as inactive due to heartbeat timeout
2026-01-15 13:51:49.627 [taskScheduler-3] WARN  c.q.federated.service.FederatedCoordinatorService - Node 11 marked as inactive due to heartbeat timeout
2026-01-15 13:51:49.627 [taskScheduler-3] WARN  c.q.federated.service.FederatedCoordinatorService - Node 111 marked as inactive due to heartbeat timeout
2026-01-15 13:51:54.644 [taskScheduler-3] WARN  c.q.federated.service.FederatedCoordinatorService - Node 11 marked as inactive due to heartbeat timeout
2026-01-15 13:51:54.644 [taskScheduler-3] WARN  c.q.federated.service.FederatedCoordinatorService - Node 111 marked as inactive due to heartbeat timeout
2026-01-15 13:51:59.656 [taskScheduler-3] WARN  c.q.federated.service.FederatedCoordinatorService - Node 11 marked as inactive due to heartbeat timeout
2026-01-15 13:51:59.657 [taskScheduler-3] WARN  c.q.federated.service.FederatedCoordinatorService - Node 111 marked as inactive due to heartbeat timeout
2026-01-15 13:52:04.672 [taskScheduler-3] WARN  c.q.federated.service.FederatedCoordinatorService - Node 11 marked as inactive due to heartbeat timeout
2026-01-15 13:52:04.673 [taskScheduler-3] WARN  c.q.federated.service.FederatedCoordinatorService - Node 111 marked as inactive due to heartbeat timeout
2026-01-15 13:52:09.688 [taskScheduler-3] WARN  c.q.federated.service.FederatedCoordinatorService - Node 11 marked as inactive due to heartbeat timeout
2026-01-15 13:52:09.688 [taskScheduler-3] WARN  c.q.federated.service.FederatedCoordinatorService - Node 111 marked as inactive due to heartbeat timeout
2026-01-15 13:52:14.705 [taskScheduler-3] WARN  c.q.federated.service.FederatedCoordinatorService - Node 11 marked as inactive due to heartbeat timeout
2026-01-15 13:52:14.705 [taskScheduler-3] WARN  c.q.federated.service.FederatedCoordinatorService - Node 111 marked as inactive due to heartbeat timeout
2026-01-15 13:52:19.722 [taskScheduler-3] WARN  c.q.federated.service.FederatedCoordinatorService - Node 11 marked as inactive due to heartbeat timeout
2026-01-15 13:52:19.723 [taskScheduler-3] WARN  c.q.federated.service.FederatedCoordinatorService - Node 111 marked as inactive due to heartbeat timeout
2026-01-15 13:52:24.739 [taskScheduler-3] WARN  c.q.federated.service.FederatedCoordinatorService - Node 11 marked as inactive due to heartbeat timeout
2026-01-15 13:52:24.740 [taskScheduler-3] WARN  c.q.federated.service.FederatedCoordinatorService - Node 111 marked as inactive due to heartbeat timeout
2026-01-15 13:52:29.755 [taskScheduler-3] WARN  c.q.federated.service.FederatedCoordinatorService - Node 11 marked as inactive due to heartbeat timeout
2026-01-15 13:52:29.756 [taskScheduler-3] WARN  c.q.federated.service.FederatedCoordinatorService - Node 111 marked as inactive due to heartbeat timeout
2026-01-15 13:52:34.769 [taskScheduler-3] WARN  c.q.federated.service.FederatedCoordinatorService - Node 11 marked as inactive due to heartbeat timeout
2026-01-15 13:52:34.770 [taskScheduler-3] WARN  c.q.federated.service.FederatedCoordinatorService - Node 111 marked as inactive due to heartbeat timeout
2026-01-15 13:52:39.776 [taskScheduler-3] WARN  c.q.federated.service.FederatedCoordinatorService - Node 11 marked as inactive due to heartbeat timeout
2026-01-15 13:52:39.776 [taskScheduler-3] WARN  c.q.federated.service.FederatedCoordinatorService - Node 111 marked as inactive due to heartbeat timeout
2026-01-15 13:52:44.788 [taskScheduler-3] WARN  c.q.federated.service.FederatedCoordinatorService - Node 11 marked as inactive due to heartbeat timeout
2026-01-15 13:52:44.789 [taskScheduler-3] WARN  c.q.federated.service.FederatedCoordinatorService - Node 111 marked as inactive due to heartbeat timeout
2026-01-15 13:52:49.804 [taskScheduler-3] WARN  c.q.federated.service.FederatedCoordinatorService - Node 11 marked as inactive due to heartbeat timeout
2026-01-15 13:52:49.805 [taskScheduler-3] WARN  c.q.federated.service.FederatedCoordinatorService - Node 111 marked as inactive due to heartbeat timeout
2026-01-15 13:52:54.821 [taskScheduler-3] WARN  c.q.federated.service.FederatedCoordinatorService - Node 11 marked as inactive due to heartbeat timeout
2026-01-15 13:52:54.822 [taskScheduler-3] WARN  c.q.federated.service.FederatedCoordinatorService - Node 111 marked as inactive due to heartbeat timeout
2026-01-15 13:52:59.837 [taskScheduler-3] WARN  c.q.federated.service.FederatedCoordinatorService - Node 11 marked as inactive due to heartbeat timeout
2026-01-15 13:52:59.838 [taskScheduler-3] WARN  c.q.federated.service.FederatedCoordinatorService - Node 111 marked as inactive due to heartbeat timeout
2026-01-15 13:53:04.854 [taskScheduler-3] WARN  c.q.federated.service.FederatedCoordinatorService - Node 11 marked as inactive due to heartbeat timeout
2026-01-15 13:53:04.854 [taskScheduler-3] WARN  c.q.federated.service.FederatedCoordinatorService - Node 111 marked as inactive due to heartbeat timeout
2026-01-15 13:53:09.871 [taskScheduler-3] WARN  c.q.federated.service.FederatedCoordinatorService - Node 11 marked as inactive due to heartbeat timeout
2026-01-15 13:53:09.879 [taskScheduler-3] WARN  c.q.federated.service.FederatedCoordinatorService - Node 111 marked as inactive due to heartbeat timeout
2026-01-15 13:53:14.904 [taskScheduler-3] WARN  c.q.federated.service.FederatedCoordinatorService - Node 11 marked as inactive due to heartbeat timeout
2026-01-15 13:53:14.904 [taskScheduler-3] WARN  c.q.federated.service.FederatedCoordinatorService - Node 111 marked as inactive due to heartbeat timeout
2026-01-15 13:53:19.920 [taskScheduler-3] WARN  c.q.federated.service.FederatedCoordinatorService - Node 11 marked as inactive due to heartbeat timeout
2026-01-15 13:53:19.921 [taskScheduler-3] WARN  c.q.federated.service.FederatedCoordinatorService - Node 111 marked as inactive due to heartbeat timeout
2026-01-15 13:53:24.937 [taskScheduler-3] WARN  c.q.federated.service.FederatedCoordinatorService - Node 11 marked as inactive due to heartbeat timeout
2026-01-15 13:53:24.937 [taskScheduler-3] WARN  c.q.federated.service.FederatedCoordinatorService - Node 111 marked as inactive due to heartbeat timeout
2026-01-15 13:53:29.953 [taskScheduler-3] WARN  c.q.federated.service.FederatedCoordinatorService - Node 11 marked as inactive due to heartbeat timeout
2026-01-15 13:53:29.954 [taskScheduler-3] WARN  c.q.federated.service.FederatedCoordinatorService - Node 111 marked as inactive due to heartbeat timeout
2026-01-15 13:53:34.967 [taskScheduler-3] WARN  c.q.federated.service.FederatedCoordinatorService - Node 11 marked as inactive due to heartbeat timeout
2026-01-15 13:53:34.967 [taskScheduler-3] WARN  c.q.federated.service.FederatedCoordinatorService - Node 111 marked as inactive due to heartbeat timeout
2026-01-15 13:53:39.986 [taskScheduler-3] WARN  c.q.federated.service.FederatedCoordinatorService - Node 11 marked as inactive due to heartbeat timeout
2026-01-15 13:53:39.986 [taskScheduler-3] WARN  c.q.federated.service.FederatedCoordinatorService - Node 111 marked as inactive due to heartbeat timeout
2026-01-15 13:53:45.003 [taskScheduler-3] WARN  c.q.federated.service.FederatedCoordinatorService - Node 11 marked as inactive due to heartbeat timeout
2026-01-15 13:53:45.004 [taskScheduler-3] WARN  c.q.federated.service.FederatedCoordinatorService - Node 111 marked as inactive due to heartbeat timeout
2026-01-15 13:53:50.018 [taskScheduler-3] WARN  c.q.federated.service.FederatedCoordinatorService - Node 11 marked as inactive due to heartbeat timeout
2026-01-15 13:53:50.027 [taskScheduler-3] WARN  c.q.federated.service.FederatedCoordinatorService - Node 111 marked as inactive due to heartbeat timeout
2026-01-15 13:53:55.037 [taskScheduler-3] WARN  c.q.federated.service.FederatedCoordinatorService - Node 11 marked as inactive due to heartbeat timeout
2026-01-15 13:53:55.037 [taskScheduler-3] WARN  c.q.federated.service.FederatedCoordinatorService - Node 111 marked as inactive due to heartbeat timeout
2026-01-15 13:54:00.047 [taskScheduler-3] WARN  c.q.federated.service.FederatedCoordinatorService - Node 11 marked as inactive due to heartbeat timeout
2026-01-15 13:54:00.047 [taskScheduler-3] WARN  c.q.federated.service.FederatedCoordinatorService - Node 111 marked as inactive due to heartbeat timeout
2026-01-15 13:54:05.053 [taskScheduler-3] WARN  c.q.federated.service.FederatedCoordinatorService - Node 11 marked as inactive due to heartbeat timeout
2026-01-15 13:54:05.053 [taskScheduler-3] WARN  c.q.federated.service.FederatedCoordinatorService - Node 111 marked as inactive due to heartbeat timeout
2026-01-15 13:54:10.068 [taskScheduler-3] WARN  c.q.federated.service.FederatedCoordinatorService - Node 11 marked as inactive due to heartbeat timeout
2026-01-15 13:54:10.069 [taskScheduler-3] WARN  c.q.federated.service.FederatedCoordinatorService - Node 111 marked as inactive due to heartbeat timeout
2026-01-15 13:54:15.080 [taskScheduler-3] WARN  c.q.federated.service.FederatedCoordinatorService - Node 11 marked as inactive due to heartbeat timeout
2026-01-15 13:54:15.080 [taskScheduler-3] WARN  c.q.federated.service.FederatedCoordinatorService - Node 111 marked as inactive due to heartbeat timeout
2026-01-15 13:54:20.086 [taskScheduler-3] WARN  c.q.federated.service.FederatedCoordinatorService - Node 11 marked as inactive due to heartbeat timeout
2026-01-15 13:54:20.086 [taskScheduler-3] WARN  c.q.federated.service.FederatedCoordinatorService - Node 111 marked as inactive due to heartbeat timeout
2026-01-15 13:54:25.101 [taskScheduler-3] WARN  c.q.federated.service.FederatedCoordinatorService - Node 11 marked as inactive due to heartbeat timeout
2026-01-15 13:54:25.102 [taskScheduler-3] WARN  c.q.federated.service.FederatedCoordinatorService - Node 111 marked as inactive due to heartbeat timeout
2026-01-15 13:54:30.118 [taskScheduler-3] WARN  c.q.federated.service.FederatedCoordinatorService - Node 11 marked as inactive due to heartbeat timeout
2026-01-15 13:54:30.118 [taskScheduler-3] WARN  c.q.federated.service.FederatedCoordinatorService - Node 111 marked as inactive due to heartbeat timeout
2026-01-15 13:54:35.124 [taskScheduler-3] WARN  c.q.federated.service.FederatedCoordinatorService - Node 11 marked as inactive due to heartbeat timeout
2026-01-15 13:54:35.125 [taskScheduler-3] WARN  c.q.federated.service.FederatedCoordinatorService - Node 111 marked as inactive due to heartbeat timeout
2026-01-15 13:54:40.135 [taskScheduler-3] WARN  c.q.federated.service.FederatedCoordinatorService - Node 11 marked as inactive due to heartbeat timeout
2026-01-15 13:54:40.136 [taskScheduler-3] WARN  c.q.federated.service.FederatedCoordinatorService - Node 111 marked as inactive due to heartbeat timeout
2026-01-15 13:54:45.151 [taskScheduler-3] WARN  c.q.federated.service.FederatedCoordinatorService - Node 11 marked as inactive due to heartbeat timeout
2026-01-15 13:54:45.153 [taskScheduler-3] WARN  c.q.federated.service.FederatedCoordinatorService - Node 111 marked as inactive due to heartbeat timeout
2026-01-15 13:54:50.166 [taskScheduler-3] WARN  c.q.federated.service.FederatedCoordinatorService - Node 11 marked as inactive due to heartbeat timeout
2026-01-15 13:54:50.167 [taskScheduler-3] WARN  c.q.federated.service.FederatedCoordinatorService - Node 111 marked as inactive due to heartbeat timeout
2026-01-15 13:54:55.183 [taskScheduler-3] WARN  c.q.federated.service.FederatedCoordinatorService - Node 11 marked as inactive due to heartbeat timeout
2026-01-15 13:54:55.184 [taskScheduler-3] WARN  c.q.federated.service.FederatedCoordinatorService - Node 111 marked as inactive due to heartbeat timeout
2026-01-15 13:55:00.198 [taskScheduler-3] WARN  c.q.federated.service.FederatedCoordinatorService - Node 11 marked as inactive due to heartbeat timeout
2026-01-15 13:55:00.198 [taskScheduler-3] WARN  c.q.federated.service.FederatedCoordinatorService - Node 111 marked as inactive due to heartbeat timeout
2026-01-15 13:55:05.215 [taskScheduler-3] WARN  c.q.federated.service.FederatedCoordinatorService - Node 11 marked as inactive due to heartbeat timeout
2026-01-15 13:55:05.215 [taskScheduler-3] WARN  c.q.federated.service.FederatedCoordinatorService - Node 111 marked as inactive due to heartbeat timeout
2026-01-15 13:55:10.232 [taskScheduler-3] WARN  c.q.federated.service.FederatedCoordinatorService - Node 11 marked as inactive due to heartbeat timeout
2026-01-15 13:55:10.232 [taskScheduler-3] WARN  c.q.federated.service.FederatedCoordinatorService - Node 111 marked as inactive due to heartbeat timeout
2026-01-15 13:55:15.246 [taskScheduler-3] WARN  c.q.federated.service.FederatedCoordinatorService - Node 11 marked as inactive due to heartbeat timeout
2026-01-15 13:55:15.247 [taskScheduler-3] WARN  c.q.federated.service.FederatedCoordinatorService - Node 111 marked as inactive due to heartbeat timeout
2026-01-15 13:55:20.254 [taskScheduler-3] WARN  c.q.federated.service.FederatedCoordinatorService - Node 11 marked as inactive due to heartbeat timeout
2026-01-15 13:55:20.254 [taskScheduler-3] WARN  c.q.federated.service.FederatedCoordinatorService - Node 111 marked as inactive due to heartbeat timeout
2026-01-15 13:55:25.265 [taskScheduler-3] WARN  c.q.federated.service.FederatedCoordinatorService - Node 11 marked as inactive due to heartbeat timeout
2026-01-15 13:55:25.265 [taskScheduler-3] WARN  c.q.federated.service.FederatedCoordinatorService - Node 111 marked as inactive due to heartbeat timeout
2026-01-15 13:55:30.284 [taskScheduler-3] WARN  c.q.federated.service.FederatedCoordinatorService - Node 11 marked as inactive due to heartbeat timeout
2026-01-15 13:55:30.285 [taskScheduler-3] WARN  c.q.federated.service.FederatedCoordinatorService - Node 111 marked as inactive due to heartbeat timeout
2026-01-15 13:55:35.299 [taskScheduler-3] WARN  c.q.federated.service.FederatedCoordinatorService - Node 11 marked as inactive due to heartbeat timeout
2026-01-15 13:55:35.300 [taskScheduler-3] WARN  c.q.federated.service.FederatedCoordinatorService - Node 111 marked as inactive due to heartbeat timeout
2026-01-15 13:55:40.318 [taskScheduler-3] WARN  c.q.federated.service.FederatedCoordinatorService - Node 11 marked as inactive due to heartbeat timeout
2026-01-15 13:55:40.318 [taskScheduler-3] WARN  c.q.federated.service.FederatedCoordinatorService - Node 111 marked as inactive due to heartbeat timeout
2026-01-15 13:55:45.324 [taskScheduler-3] WARN  c.q.federated.service.FederatedCoordinatorService - Node 11 marked as inactive due to heartbeat timeout
2026-01-15 13:55:45.324 [taskScheduler-3] WARN  c.q.federated.service.FederatedCoordinatorService - Node 111 marked as inactive due to heartbeat timeout
2026-01-15 13:55:50.333 [taskScheduler-3] WARN  c.q.federated.service.FederatedCoordinatorService - Node 11 marked as inactive due to heartbeat timeout
2026-01-15 13:55:50.333 [taskScheduler-3] WARN  c.q.federated.service.FederatedCoordinatorService - Node 111 marked as inactive due to heartbeat timeout
2026-01-15 13:55:55.348 [taskScheduler-3] WARN  c.q.federated.service.FederatedCoordinatorService - Node 11 marked as inactive due to heartbeat timeout
2026-01-15 13:55:55.349 [taskScheduler-3] WARN  c.q.federated.service.FederatedCoordinatorService - Node 111 marked as inactive due to heartbeat timeout
2026-01-15 13:56:00.366 [taskScheduler-3] WARN  c.q.federated.service.FederatedCoordinatorService - Node 11 marked as inactive due to heartbeat timeout
2026-01-15 13:56:00.367 [taskScheduler-3] WARN  c.q.federated.service.FederatedCoordinatorService - Node 111 marked as inactive due to heartbeat timeout
2026-01-15 13:56:05.381 [taskScheduler-3] WARN  c.q.federated.service.FederatedCoordinatorService - Node 11 marked as inactive due to heartbeat timeout
2026-01-15 13:56:05.382 [taskScheduler-3] WARN  c.q.federated.service.FederatedCoordinatorService - Node 111 marked as inactive due to heartbeat timeout
2026-01-15 13:56:10.399 [taskScheduler-3] WARN  c.q.federated.service.FederatedCoordinatorService - Node 11 marked as inactive due to heartbeat timeout
2026-01-15 13:56:10.400 [taskScheduler-3] WARN  c.q.federated.service.FederatedCoordinatorService - Node 111 marked as inactive due to heartbeat timeout
2026-01-15 13:56:15.416 [taskScheduler-3] WARN  c.q.federated.service.FederatedCoordinatorService - Node 11 marked as inactive due to heartbeat timeout
2026-01-15 13:56:15.417 [taskScheduler-3] WARN  c.q.federated.service.FederatedCoordinatorService - Node 111 marked as inactive due to heartbeat timeout
2026-01-15 13:56:20.432 [taskScheduler-3] WARN  c.q.federated.service.FederatedCoordinatorService - Node 11 marked as inactive due to heartbeat timeout
2026-01-15 13:56:20.432 [taskScheduler-3] WARN  c.q.federated.service.FederatedCoordinatorService - Node 111 marked as inactive due to heartbeat timeout
2026-01-15 13:56:25.447 [taskScheduler-3] WARN  c.q.federated.service.FederatedCoordinatorService - Node 11 marked as inactive due to heartbeat timeout
2026-01-15 13:56:25.448 [taskScheduler-3] WARN  c.q.federated.service.FederatedCoordinatorService - Node 111 marked as inactive due to heartbeat timeout
2026-01-15 13:56:30.465 [taskScheduler-3] WARN  c.q.federated.service.FederatedCoordinatorService - Node 11 marked as inactive due to heartbeat timeout
2026-01-15 13:56:30.465 [taskScheduler-3] WARN  c.q.federated.service.FederatedCoordinatorService - Node 111 marked as inactive due to heartbeat timeout
2026-01-15 13:56:35.480 [taskScheduler-3] WARN  c.q.federated.service.FederatedCoordinatorService - Node 11 marked as inactive due to heartbeat timeout
2026-01-15 13:56:35.481 [taskScheduler-3] WARN  c.q.federated.service.FederatedCoordinatorService - Node 111 marked as inactive due to heartbeat timeout
2026-01-15 13:56:40.497 [taskScheduler-3] WARN  c.q.federated.service.FederatedCoordinatorService - Node 11 marked as inactive due to heartbeat timeout
2026-01-15 13:56:40.497 [taskScheduler-3] WARN  c.q.federated.service.FederatedCoordinatorService - Node 111 marked as inactive due to heartbeat timeout
2026-01-15 13:56:45.515 [taskScheduler-3] WARN  c.q.federated.service.FederatedCoordinatorService - Node 11 marked as inactive due to heartbeat timeout
2026-01-15 13:56:45.515 [taskScheduler-3] WARN  c.q.federated.service.FederatedCoordinatorService - Node 111 marked as inactive due to heartbeat timeout
2026-01-15 13:56:50.527 [taskScheduler-3] WARN  c.q.federated.service.FederatedCoordinatorService - Node 11 marked as inactive due to heartbeat timeout
2026-01-15 13:56:50.528 [taskScheduler-3] WARN  c.q.federated.service.FederatedCoordinatorService - Node 111 marked as inactive due to heartbeat timeout
2026-01-15 13:56:55.534 [taskScheduler-3] WARN  c.q.federated.service.FederatedCoordinatorService - Node 11 marked as inactive due to heartbeat timeout
2026-01-15 13:56:55.535 [taskScheduler-3] WARN  c.q.federated.service.FederatedCoordinatorService - Node 111 marked as inactive due to heartbeat timeout
2026-01-15 13:57:00.544 [taskScheduler-3] WARN  c.q.federated.service.FederatedCoordinatorService - Node 11 marked as inactive due to heartbeat timeout
2026-01-15 13:57:00.545 [taskScheduler-3] WARN  c.q.federated.service.FederatedCoordinatorService - Node 111 marked as inactive due to heartbeat timeout
2026-01-15 13:57:05.563 [taskScheduler-3] WARN  c.q.federated.service.FederatedCoordinatorService - Node 11 marked as inactive due to heartbeat timeout
2026-01-15 13:57:05.564 [taskScheduler-3] WARN  c.q.federated.service.FederatedCoordinatorService - Node 111 marked as inactive due to heartbeat timeout
2026-01-15 13:57:10.580 [taskScheduler-3] WARN  c.q.federated.service.FederatedCoordinatorService - Node 11 marked as inactive due to heartbeat timeout
2026-01-15 13:57:10.581 [taskScheduler-3] WARN  c.q.federated.service.FederatedCoordinatorService - Node 111 marked as inactive due to heartbeat timeout
2026-01-15 13:57:15.597 [taskScheduler-3] WARN  c.q.federated.service.FederatedCoordinatorService - Node 11 marked as inactive due to heartbeat timeout
2026-01-15 13:57:15.597 [taskScheduler-3] WARN  c.q.federated.service.FederatedCoordinatorService - Node 111 marked as inactive due to heartbeat timeout
2026-01-15 13:57:20.614 [taskScheduler-3] WARN  c.q.federated.service.FederatedCoordinatorService - Node 11 marked as inactive due to heartbeat timeout
2026-01-15 13:57:20.614 [taskScheduler-3] WARN  c.q.federated.service.FederatedCoordinatorService - Node 111 marked as inactive due to heartbeat timeout
2026-01-15 13:57:25.630 [taskScheduler-3] WARN  c.q.federated.service.FederatedCoordinatorService - Node 11 marked as inactive due to heartbeat timeout
2026-01-15 13:57:25.632 [taskScheduler-3] WARN  c.q.federated.service.FederatedCoordinatorService - Node 111 marked as inactive due to heartbeat timeout
2026-01-15 13:57:30.649 [taskScheduler-3] WARN  c.q.federated.service.FederatedCoordinatorService - Node 11 marked as inactive due to heartbeat timeout
2026-01-15 13:57:30.649 [taskScheduler-3] WARN  c.q.federated.service.FederatedCoordinatorService - Node 111 marked as inactive due to heartbeat timeout
2026-01-15 13:57:35.671 [taskScheduler-3] WARN  c.q.federated.service.FederatedCoordinatorService - Node 11 marked as inactive due to heartbeat timeout
2026-01-15 13:57:35.672 [taskScheduler-3] WARN  c.q.federated.service.FederatedCoordinatorService - Node 111 marked as inactive due to heartbeat timeout
2026-01-15 13:57:40.677 [taskScheduler-3] WARN  c.q.federated.service.FederatedCoordinatorService - Node 11 marked as inactive due to heartbeat timeout
2026-01-15 13:57:40.678 [taskScheduler-3] WARN  c.q.federated.service.FederatedCoordinatorService - Node 111 marked as inactive due to heartbeat timeout
2026-01-15 13:57:45.696 [taskScheduler-3] WARN  c.q.federated.service.FederatedCoordinatorService - Node 11 marked as inactive due to heartbeat timeout
2026-01-15 13:57:45.697 [taskScheduler-3] WARN  c.q.federated.service.FederatedCoordinatorService - Node 111 marked as inactive due to heartbeat timeout
2026-01-15 13:57:50.712 [taskScheduler-3] WARN  c.q.federated.service.FederatedCoordinatorService - Node 11 marked as inactive due to heartbeat timeout
2026-01-15 13:57:50.713 [taskScheduler-3] WARN  c.q.federated.service.FederatedCoordinatorService - Node 111 marked as inactive due to heartbeat timeout
2026-01-15 13:57:55.729 [taskScheduler-3] WARN  c.q.federated.service.FederatedCoordinatorService - Node 11 marked as inactive due to heartbeat timeout
2026-01-15 13:57:55.730 [taskScheduler-3] WARN  c.q.federated.service.FederatedCoordinatorService - Node 111 marked as inactive due to heartbeat timeout
2026-01-15 13:58:00.748 [taskScheduler-3] WARN  c.q.federated.service.FederatedCoordinatorService - Node 11 marked as inactive due to heartbeat timeout
2026-01-15 13:58:00.748 [taskScheduler-3] WARN  c.q.federated.service.FederatedCoordinatorService - Node 111 marked as inactive due to heartbeat timeout
2026-01-15 13:58:05.763 [taskScheduler-3] WARN  c.q.federated.service.FederatedCoordinatorService - Node 11 marked as inactive due to heartbeat timeout
2026-01-15 13:58:05.763 [taskScheduler-3] WARN  c.q.federated.service.FederatedCoordinatorService - Node 111 marked as inactive due to heartbeat timeout
2026-01-15 13:58:10.780 [taskScheduler-3] WARN  c.q.federated.service.FederatedCoordinatorService - Node 11 marked as inactive due to heartbeat timeout
2026-01-15 13:58:10.781 [taskScheduler-3] WARN  c.q.federated.service.FederatedCoordinatorService - Node 111 marked as inactive due to heartbeat timeout
2026-01-15 13:58:15.795 [taskScheduler-3] WARN  c.q.federated.service.FederatedCoordinatorService - Node 11 marked as inactive due to heartbeat timeout
2026-01-15 13:58:15.796 [taskScheduler-3] WARN  c.q.federated.service.FederatedCoordinatorService - Node 111 marked as inactive due to heartbeat timeout
2026-01-15 13:58:20.803 [taskScheduler-3] WARN  c.q.federated.service.FederatedCoordinatorService - Node 11 marked as inactive due to heartbeat timeout
2026-01-15 13:58:20.803 [taskScheduler-3] WARN  c.q.federated.service.FederatedCoordinatorService - Node 111 marked as inactive due to heartbeat timeout
2026-01-15 13:58:25.819 [taskScheduler-3] WARN  c.q.federated.service.FederatedCoordinatorService - Node 11 marked as inactive due to heartbeat timeout
2026-01-15 13:58:25.820 [taskScheduler-3] WARN  c.q.federated.service.FederatedCoordinatorService - Node 111 marked as inactive due to heartbeat timeout
2026-01-15 13:58:30.838 [taskScheduler-3] WARN  c.q.federated.service.FederatedCoordinatorService - Node 11 marked as inactive due to heartbeat timeout
2026-01-15 13:58:30.838 [taskScheduler-3] WARN  c.q.federated.service.FederatedCoordinatorService - Node 111 marked as inactive due to heartbeat timeout
2026-01-15 13:58:35.848 [taskScheduler-3] WARN  c.q.federated.service.FederatedCoordinatorService - Node 11 marked as inactive due to heartbeat timeout
2026-01-15 13:58:35.848 [taskScheduler-3] WARN  c.q.federated.service.FederatedCoordinatorService - Node 111 marked as inactive due to heartbeat timeout
2026-01-15 13:58:40.866 [taskScheduler-3] WARN  c.q.federated.service.FederatedCoordinatorService - Node 11 marked as inactive due to heartbeat timeout
2026-01-15 13:58:40.866 [taskScheduler-3] WARN  c.q.federated.service.FederatedCoordinatorService - Node 111 marked as inactive due to heartbeat timeout
2026-01-15 13:58:45.881 [taskScheduler-3] WARN  c.q.federated.service.FederatedCoordinatorService - Node 11 marked as inactive due to heartbeat timeout
2026-01-15 13:58:45.882 [taskScheduler-3] WARN  c.q.federated.service.FederatedCoordinatorService - Node 111 marked as inactive due to heartbeat timeout
2026-01-15 13:58:50.893 [taskScheduler-3] WARN  c.q.federated.service.FederatedCoordinatorService - Node 11 marked as inactive due to heartbeat timeout
2026-01-15 13:58:50.894 [taskScheduler-3] WARN  c.q.federated.service.FederatedCoordinatorService - Node 111 marked as inactive due to heartbeat timeout
2026-01-15 13:58:55.914 [taskScheduler-3] WARN  c.q.federated.service.FederatedCoordinatorService - Node 11 marked as inactive due to heartbeat timeout
2026-01-15 13:58:55.914 [taskScheduler-3] WARN  c.q.federated.service.FederatedCoordinatorService - Node 111 marked as inactive due to heartbeat timeout
2026-01-15 13:59:00.918 [taskScheduler-3] WARN  c.q.federated.service.FederatedCoordinatorService - Node 11 marked as inactive due to heartbeat timeout
2026-01-15 13:59:00.918 [taskScheduler-3] WARN  c.q.federated.service.FederatedCoordinatorService - Node 111 marked as inactive due to heartbeat timeout
2026-01-15 13:59:05.938 [taskScheduler-3] WARN  c.q.federated.service.FederatedCoordinatorService - Node 11 marked as inactive due to heartbeat timeout
2026-01-15 13:59:05.939 [taskScheduler-3] WARN  c.q.federated.service.FederatedCoordinatorService - Node 111 marked as inactive due to heartbeat timeout
2026-01-15 13:59:10.945 [taskScheduler-3] WARN  c.q.federated.service.FederatedCoordinatorService - Node 11 marked as inactive due to heartbeat timeout
2026-01-15 13:59:10.945 [taskScheduler-3] WARN  c.q.federated.service.FederatedCoordinatorService - Node 111 marked as inactive due to heartbeat timeout
2026-01-15 13:59:15.961 [taskScheduler-3] WARN  c.q.federated.service.FederatedCoordinatorService - Node 11 marked as inactive due to heartbeat timeout
2026-01-15 13:59:15.961 [taskScheduler-3] WARN  c.q.federated.service.FederatedCoordinatorService - Node 111 marked as inactive due to heartbeat timeout
2026-01-15 13:59:20.976 [taskScheduler-3] WARN  c.q.federated.service.FederatedCoordinatorService - Node 11 marked as inactive due to heartbeat timeout
2026-01-15 13:59:20.976 [taskScheduler-3] WARN  c.q.federated.service.FederatedCoordinatorService - Node 111 marked as inactive due to heartbeat timeout
2026-01-15 13:59:25.994 [taskScheduler-3] WARN  c.q.federated.service.FederatedCoordinatorService - Node 11 marked as inactive due to heartbeat timeout
2026-01-15 13:59:25.995 [taskScheduler-3] WARN  c.q.federated.service.FederatedCoordinatorService - Node 111 marked as inactive due to heartbeat timeout
2026-01-15 13:59:31.010 [taskScheduler-3] WARN  c.q.federated.service.FederatedCoordinatorService - Node 11 marked as inactive due to heartbeat timeout
2026-01-15 13:59:31.012 [taskScheduler-3] WARN  c.q.federated.service.FederatedCoordinatorService - Node 111 marked as inactive due to heartbeat timeout
2026-01-15 13:59:36.027 [taskScheduler-3] WARN  c.q.federated.service.FederatedCoordinatorService - Node 11 marked as inactive due to heartbeat timeout
2026-01-15 13:59:36.027 [taskScheduler-3] WARN  c.q.federated.service.FederatedCoordinatorService - Node 111 marked as inactive due to heartbeat timeout
2026-01-15 13:59:41.042 [taskScheduler-3] WARN  c.q.federated.service.FederatedCoordinatorService - Node 11 marked as inactive due to heartbeat timeout
2026-01-15 13:59:41.043 [taskScheduler-3] WARN  c.q.federated.service.FederatedCoordinatorService - Node 111 marked as inactive due to heartbeat timeout
2026-01-15 13:59:46.061 [taskScheduler-3] WARN  c.q.federated.service.FederatedCoordinatorService - Node 11 marked as inactive due to heartbeat timeout
2026-01-15 13:59:46.061 [taskScheduler-3] WARN  c.q.federated.service.FederatedCoordinatorService - Node 111 marked as inactive due to heartbeat timeout
2026-01-15 13:59:51.077 [taskScheduler-3] WARN  c.q.federated.service.FederatedCoordinatorService - Node 11 marked as inactive due to heartbeat timeout
2026-01-15 13:59:51.077 [taskScheduler-3] WARN  c.q.federated.service.FederatedCoordinatorService - Node 111 marked as inactive due to heartbeat timeout
2026-01-15 13:59:56.093 [taskScheduler-3] WARN  c.q.federated.service.FederatedCoordinatorService - Node 11 marked as inactive due to heartbeat timeout
2026-01-15 13:59:56.093 [taskScheduler-3] WARN  c.q.federated.service.FederatedCoordinatorService - Node 111 marked as inactive due to heartbeat timeout
2026-01-15 14:00:01.108 [taskScheduler-3] WARN  c.q.federated.service.FederatedCoordinatorService - Node 11 marked as inactive due to heartbeat timeout
2026-01-15 14:00:01.109 [taskScheduler-3] WARN  c.q.federated.service.FederatedCoordinatorService - Node 111 marked as inactive due to heartbeat timeout
2026-01-15 14:00:06.128 [taskScheduler-3] WARN  c.q.federated.service.FederatedCoordinatorService - Node 11 marked as inactive due to heartbeat timeout
2026-01-15 14:00:06.128 [taskScheduler-3] WARN  c.q.federated.service.FederatedCoordinatorService - Node 111 marked as inactive due to heartbeat timeout
2026-01-15 14:00:11.141 [taskScheduler-3] WARN  c.q.federated.service.FederatedCoordinatorService - Node 11 marked as inactive due to heartbeat timeout
2026-01-15 14:00:11.142 [taskScheduler-3] WARN  c.q.federated.service.FederatedCoordinatorService - Node 111 marked as inactive due to heartbeat timeout
2026-01-15 14:00:16.161 [taskScheduler-3] WARN  c.q.federated.service.FederatedCoordinatorService - Node 11 marked as inactive due to heartbeat timeout
2026-01-15 14:00:16.161 [taskScheduler-3] WARN  c.q.federated.service.FederatedCoordinatorService - Node 111 marked as inactive due to heartbeat timeout
2026-01-15 14:00:21.177 [taskScheduler-3] WARN  c.q.federated.service.FederatedCoordinatorService - Node 11 marked as inactive due to heartbeat timeout
2026-01-15 14:00:21.177 [taskScheduler-3] WARN  c.q.federated.service.FederatedCoordinatorService - Node 111 marked as inactive due to heartbeat timeout
2026-01-15 14:00:26.191 [taskScheduler-3] WARN  c.q.federated.service.FederatedCoordinatorService - Node 11 marked as inactive due to heartbeat timeout
2026-01-15 14:00:26.192 [taskScheduler-3] WARN  c.q.federated.service.FederatedCoordinatorService - Node 111 marked as inactive due to heartbeat timeout
2026-01-15 14:00:31.208 [taskScheduler-3] WARN  c.q.federated.service.FederatedCoordinatorService - Node 11 marked as inactive due to heartbeat timeout
2026-01-15 14:00:31.209 [taskScheduler-3] WARN  c.q.federated.service.FederatedCoordinatorService - Node 111 marked as inactive due to heartbeat timeout
2026-01-15 14:00:36.224 [taskScheduler-3] WARN  c.q.federated.service.FederatedCoordinatorService - Node 11 marked as inactive due to heartbeat timeout
2026-01-15 14:00:36.225 [taskScheduler-3] WARN  c.q.federated.service.FederatedCoordinatorService - Node 111 marked as inactive due to heartbeat timeout
2026-01-15 14:00:41.243 [taskScheduler-3] WARN  c.q.federated.service.FederatedCoordinatorService - Node 11 marked as inactive due to heartbeat timeout
2026-01-15 14:00:41.243 [taskScheduler-3] WARN  c.q.federated.service.FederatedCoordinatorService - Node 111 marked as inactive due to heartbeat timeout
2026-01-15 14:00:46.257 [taskScheduler-3] WARN  c.q.federated.service.FederatedCoordinatorService - Node 11 marked as inactive due to heartbeat timeout
2026-01-15 14:00:46.257 [taskScheduler-3] WARN  c.q.federated.service.FederatedCoordinatorService - Node 111 marked as inactive due to heartbeat timeout
2026-01-15 14:00:51.275 [taskScheduler-3] WARN  c.q.federated.service.FederatedCoordinatorService - Node 11 marked as inactive due to heartbeat timeout
2026-01-15 14:00:51.277 [taskScheduler-3] WARN  c.q.federated.service.FederatedCoordinatorService - Node 111 marked as inactive due to heartbeat timeout
2026-01-15 14:00:56.293 [taskScheduler-3] WARN  c.q.federated.service.FederatedCoordinatorService - Node 11 marked as inactive due to heartbeat timeout
2026-01-15 14:00:56.293 [taskScheduler-3] WARN  c.q.federated.service.FederatedCoordinatorService - Node 111 marked as inactive due to heartbeat timeout
2026-01-15 14:01:01.307 [taskScheduler-3] WARN  c.q.federated.service.FederatedCoordinatorService - Node 11 marked as inactive due to heartbeat timeout
2026-01-15 14:01:01.308 [taskScheduler-3] WARN  c.q.federated.service.FederatedCoordinatorService - Node 111 marked as inactive due to heartbeat timeout
2026-01-15 14:01:06.324 [taskScheduler-3] WARN  c.q.federated.service.FederatedCoordinatorService - Node 11 marked as inactive due to heartbeat timeout
2026-01-15 14:01:06.325 [taskScheduler-3] WARN  c.q.federated.service.FederatedCoordinatorService - Node 111 marked as inactive due to heartbeat timeout
2026-01-15 14:01:11.340 [taskScheduler-3] WARN  c.q.federated.service.FederatedCoordinatorService - Node 11 marked as inactive due to heartbeat timeout
2026-01-15 14:01:11.341 [taskScheduler-3] WARN  c.q.federated.service.FederatedCoordinatorService - Node 111 marked as inactive due to heartbeat timeout
2026-01-15 14:01:16.357 [taskScheduler-3] WARN  c.q.federated.service.FederatedCoordinatorService - Node 11 marked as inactive due to heartbeat timeout
2026-01-15 14:01:16.358 [taskScheduler-3] WARN  c.q.federated.service.FederatedCoordinatorService - Node 111 marked as inactive due to heartbeat timeout
2026-01-15 14:01:21.375 [taskScheduler-3] WARN  c.q.federated.service.FederatedCoordinatorService - Node 11 marked as inactive due to heartbeat timeout
2026-01-15 14:01:21.376 [taskScheduler-3] WARN  c.q.federated.service.FederatedCoordinatorService - Node 111 marked as inactive due to heartbeat timeout
2026-01-15 14:01:26.391 [taskScheduler-3] WARN  c.q.federated.service.FederatedCoordinatorService - Node 11 marked as inactive due to heartbeat timeout
2026-01-15 14:01:26.391 [taskScheduler-3] WARN  c.q.federated.service.FederatedCoordinatorService - Node 111 marked as inactive due to heartbeat timeout
2026-01-15 14:01:31.408 [taskScheduler-3] WARN  c.q.federated.service.FederatedCoordinatorService - Node 11 marked as inactive due to heartbeat timeout
2026-01-15 14:01:31.409 [taskScheduler-3] WARN  c.q.federated.service.FederatedCoordinatorService - Node 111 marked as inactive due to heartbeat timeout
2026-01-15 14:01:36.423 [taskScheduler-3] WARN  c.q.federated.service.FederatedCoordinatorService - Node 11 marked as inactive due to heartbeat timeout
2026-01-15 14:01:36.424 [taskScheduler-3] WARN  c.q.federated.service.FederatedCoordinatorService - Node 111 marked as inactive due to heartbeat timeout
2026-01-15 14:01:41.441 [taskScheduler-3] WARN  c.q.federated.service.FederatedCoordinatorService - Node 11 marked as inactive due to heartbeat timeout
2026-01-15 14:01:41.442 [taskScheduler-3] WARN  c.q.federated.service.FederatedCoordinatorService - Node 111 marked as inactive due to heartbeat timeout
2026-01-15 14:01:46.457 [taskScheduler-3] WARN  c.q.federated.service.FederatedCoordinatorService - Node 11 marked as inactive due to heartbeat timeout
2026-01-15 14:01:46.458 [taskScheduler-3] WARN  c.q.federated.service.FederatedCoordinatorService - Node 111 marked as inactive due to heartbeat timeout
2026-01-15 14:01:51.472 [taskScheduler-3] WARN  c.q.federated.service.FederatedCoordinatorService - Node 11 marked as inactive due to heartbeat timeout
2026-01-15 14:01:51.474 [taskScheduler-3] WARN  c.q.federated.service.FederatedCoordinatorService - Node 111 marked as inactive due to heartbeat timeout
2026-01-15 14:01:56.490 [taskScheduler-3] WARN  c.q.federated.service.FederatedCoordinatorService - Node 11 marked as inactive due to heartbeat timeout
2026-01-15 14:01:56.490 [taskScheduler-3] WARN  c.q.federated.service.FederatedCoordinatorService - Node 111 marked as inactive due to heartbeat timeout
2026-01-15 14:02:01.507 [taskScheduler-3] WARN  c.q.federated.service.FederatedCoordinatorService - Node 11 marked as inactive due to heartbeat timeout
2026-01-15 14:02:01.507 [taskScheduler-3] WARN  c.q.federated.service.FederatedCoordinatorService - Node 111 marked as inactive due to heartbeat timeout
2026-01-15 14:02:06.523 [taskScheduler-3] WARN  c.q.federated.service.FederatedCoordinatorService - Node 11 marked as inactive due to heartbeat timeout
2026-01-15 14:02:06.525 [taskScheduler-3] WARN  c.q.federated.service.FederatedCoordinatorService - Node 111 marked as inactive due to heartbeat timeout
2026-01-15 14:02:11.539 [taskScheduler-3] WARN  c.q.federated.service.FederatedCoordinatorService - Node 11 marked as inactive due to heartbeat timeout
2026-01-15 14:02:11.540 [taskScheduler-3] WARN  c.q.federated.service.FederatedCoordinatorService - Node 111 marked as inactive due to heartbeat timeout
2026-01-15 14:02:16.554 [taskScheduler-3] WARN  c.q.federated.service.FederatedCoordinatorService - Node 11 marked as inactive due to heartbeat timeout
2026-01-15 14:02:16.554 [taskScheduler-3] WARN  c.q.federated.service.FederatedCoordinatorService - Node 111 marked as inactive due to heartbeat timeout
2026-01-15 14:02:21.574 [taskScheduler-3] WARN  c.q.federated.service.FederatedCoordinatorService - Node 11 marked as inactive due to heartbeat timeout
2026-01-15 14:02:21.574 [taskScheduler-3] WARN  c.q.federated.service.FederatedCoordinatorService - Node 111 marked as inactive due to heartbeat timeout
2026-01-15 14:02:26.589 [taskScheduler-3] WARN  c.q.federated.service.FederatedCoordinatorService - Node 11 marked as inactive due to heartbeat timeout
2026-01-15 14:02:26.589 [taskScheduler-3] WARN  c.q.federated.service.FederatedCoordinatorService - Node 111 marked as inactive due to heartbeat timeout
2026-01-15 14:02:31.606 [taskScheduler-3] WARN  c.q.federated.service.FederatedCoordinatorService - Node 11 marked as inactive due to heartbeat timeout
2026-01-15 14:02:31.606 [taskScheduler-3] WARN  c.q.federated.service.FederatedCoordinatorService - Node 111 marked as inactive due to heartbeat timeout
2026-01-15 14:02:36.621 [taskScheduler-3] WARN  c.q.federated.service.FederatedCoordinatorService - Node 11 marked as inactive due to heartbeat timeout
2026-01-15 14:02:36.622 [taskScheduler-3] WARN  c.q.federated.service.FederatedCoordinatorService - Node 111 marked as inactive due to heartbeat timeout
2026-01-15 14:02:41.639 [taskScheduler-3] WARN  c.q.federated.service.FederatedCoordinatorService - Node 11 marked as inactive due to heartbeat timeout
2026-01-15 14:02:41.639 [taskScheduler-3] WARN  c.q.federated.service.FederatedCoordinatorService - Node 111 marked as inactive due to heartbeat timeout
2026-01-15 14:02:46.656 [taskScheduler-3] WARN  c.q.federated.service.FederatedCoordinatorService - Node 11 marked as inactive due to heartbeat timeout
2026-01-15 14:02:46.656 [taskScheduler-3] WARN  c.q.federated.service.FederatedCoordinatorService - Node 111 marked as inactive due to heartbeat timeout
2026-01-15 14:02:51.672 [taskScheduler-3] WARN  c.q.federated.service.FederatedCoordinatorService - Node 11 marked as inactive due to heartbeat timeout
2026-01-15 14:02:51.673 [taskScheduler-3] WARN  c.q.federated.service.FederatedCoordinatorService - Node 111 marked as inactive due to heartbeat timeout
2026-01-15 14:02:56.687 [taskScheduler-3] WARN  c.q.federated.service.FederatedCoordinatorService - Node 11 marked as inactive due to heartbeat timeout
2026-01-15 14:02:56.688 [taskScheduler-3] WARN  c.q.federated.service.FederatedCoordinatorService - Node 111 marked as inactive due to heartbeat timeout
2026-01-15 14:03:01.705 [taskScheduler-3] WARN  c.q.federated.service.FederatedCoordinatorService - Node 11 marked as inactive due to heartbeat timeout
2026-01-15 14:03:01.706 [taskScheduler-3] WARN  c.q.federated.service.FederatedCoordinatorService - Node 111 marked as inactive due to heartbeat timeout
2026-01-15 14:03:06.721 [taskScheduler-3] WARN  c.q.federated.service.FederatedCoordinatorService - Node 11 marked as inactive due to heartbeat timeout
2026-01-15 14:03:06.722 [taskScheduler-3] WARN  c.q.federated.service.FederatedCoordinatorService - Node 111 marked as inactive due to heartbeat timeout
2026-01-15 14:03:11.738 [taskScheduler-3] WARN  c.q.federated.service.FederatedCoordinatorService - Node 11 marked as inactive due to heartbeat timeout
2026-01-15 14:03:11.740 [taskScheduler-3] WARN  c.q.federated.service.FederatedCoordinatorService - Node 111 marked as inactive due to heartbeat timeout
2026-01-15 14:03:16.755 [taskScheduler-3] WARN  c.q.federated.service.FederatedCoordinatorService - Node 11 marked as inactive due to heartbeat timeout
2026-01-15 14:03:16.756 [taskScheduler-3] WARN  c.q.federated.service.FederatedCoordinatorService - Node 111 marked as inactive due to heartbeat timeout
2026-01-15 14:03:21.771 [taskScheduler-3] WARN  c.q.federated.service.FederatedCoordinatorService - Node 11 marked as inactive due to heartbeat timeout
2026-01-15 14:03:21.771 [taskScheduler-3] WARN  c.q.federated.service.FederatedCoordinatorService - Node 111 marked as inactive due to heartbeat timeout
2026-01-15 14:03:26.786 [taskScheduler-3] WARN  c.q.federated.service.FederatedCoordinatorService - Node 11 marked as inactive due to heartbeat timeout
2026-01-15 14:03:26.787 [taskScheduler-3] WARN  c.q.federated.service.FederatedCoordinatorService - Node 111 marked as inactive due to heartbeat timeout
2026-01-15 14:03:31.805 [taskScheduler-3] WARN  c.q.federated.service.FederatedCoordinatorService - Node 11 marked as inactive due to heartbeat timeout
2026-01-15 14:03:31.806 [taskScheduler-3] WARN  c.q.federated.service.FederatedCoordinatorService - Node 111 marked as inactive due to heartbeat timeout
2026-01-15 14:03:36.821 [taskScheduler-3] WARN  c.q.federated.service.FederatedCoordinatorService - Node 11 marked as inactive due to heartbeat timeout
2026-01-15 14:03:36.822 [taskScheduler-3] WARN  c.q.federated.service.FederatedCoordinatorService - Node 111 marked as inactive due to heartbeat timeout
2026-01-15 14:03:41.839 [taskScheduler-3] WARN  c.q.federated.service.FederatedCoordinatorService - Node 11 marked as inactive due to heartbeat timeout
2026-01-15 14:03:41.839 [taskScheduler-3] WARN  c.q.federated.service.FederatedCoordinatorService - Node 111 marked as inactive due to heartbeat timeout
2026-01-15 14:03:46.853 [taskScheduler-3] WARN  c.q.federated.service.FederatedCoordinatorService - Node 11 marked as inactive due to heartbeat timeout
2026-01-15 14:03:46.853 [taskScheduler-3] WARN  c.q.federated.service.FederatedCoordinatorService - Node 111 marked as inactive due to heartbeat timeout
2026-01-15 14:03:51.872 [taskScheduler-3] WARN  c.q.federated.service.FederatedCoordinatorService - Node 11 marked as inactive due to heartbeat timeout
2026-01-15 14:03:51.872 [taskScheduler-3] WARN  c.q.federated.service.FederatedCoordinatorService - Node 111 marked as inactive due to heartbeat timeout
2026-01-15 14:03:56.886 [taskScheduler-3] WARN  c.q.federated.service.FederatedCoordinatorService - Node 11 marked as inactive due to heartbeat timeout
2026-01-15 14:03:56.887 [taskScheduler-3] WARN  c.q.federated.service.FederatedCoordinatorService - Node 111 marked as inactive due to heartbeat timeout
2026-01-15 14:04:01.904 [taskScheduler-3] WARN  c.q.federated.service.FederatedCoordinatorService - Node 11 marked as inactive due to heartbeat timeout
2026-01-15 14:04:01.904 [taskScheduler-3] WARN  c.q.federated.service.FederatedCoordinatorService - Node 111 marked as inactive due to heartbeat timeout
2026-01-15 14:04:06.920 [taskScheduler-3] WARN  c.q.federated.service.FederatedCoordinatorService - Node 11 marked as inactive due to heartbeat timeout
2026-01-15 14:04:06.922 [taskScheduler-3] WARN  c.q.federated.service.FederatedCoordinatorService - Node 111 marked as inactive due to heartbeat timeout
2026-01-15 14:04:11.936 [taskScheduler-3] WARN  c.q.federated.service.FederatedCoordinatorService - Node 11 marked as inactive due to heartbeat timeout
2026-01-15 14:04:11.937 [taskScheduler-3] WARN  c.q.federated.service.FederatedCoordinatorService - Node 111 marked as inactive due to heartbeat timeout
2026-01-15 14:04:16.954 [taskScheduler-3] WARN  c.q.federated.service.FederatedCoordinatorService - Node 11 marked as inactive due to heartbeat timeout
2026-01-15 14:04:16.954 [taskScheduler-3] WARN  c.q.federated.service.FederatedCoordinatorService - Node 111 marked as inactive due to heartbeat timeout
2026-01-15 14:04:21.969 [taskScheduler-3] WARN  c.q.federated.service.FederatedCoordinatorService - Node 11 marked as inactive due to heartbeat timeout
2026-01-15 14:04:21.970 [taskScheduler-3] WARN  c.q.federated.service.FederatedCoordinatorService - Node 111 marked as inactive due to heartbeat timeout
2026-01-15 14:04:26.985 [taskScheduler-3] WARN  c.q.federated.service.FederatedCoordinatorService - Node 11 marked as inactive due to heartbeat timeout
2026-01-15 14:04:26.986 [taskScheduler-3] WARN  c.q.federated.service.FederatedCoordinatorService - Node 111 marked as inactive due to heartbeat timeout
2026-01-15 14:04:32.002 [taskScheduler-3] WARN  c.q.federated.service.FederatedCoordinatorService - Node 11 marked as inactive due to heartbeat timeout
2026-01-15 14:04:32.003 [taskScheduler-3] WARN  c.q.federated.service.FederatedCoordinatorService - Node 111 marked as inactive due to heartbeat timeout
2026-01-15 14:04:37.020 [taskScheduler-3] WARN  c.q.federated.service.FederatedCoordinatorService - Node 11 marked as inactive due to heartbeat timeout
2026-01-15 14:04:37.021 [taskScheduler-3] WARN  c.q.federated.service.FederatedCoordinatorService - Node 111 marked as inactive due to heartbeat timeout
2026-01-15 14:04:42.036 [taskScheduler-3] WARN  c.q.federated.service.FederatedCoordinatorService - Node 11 marked as inactive due to heartbeat timeout
2026-01-15 14:04:42.037 [taskScheduler-3] WARN  c.q.federated.service.FederatedCoordinatorService - Node 111 marked as inactive due to heartbeat timeout
2026-01-15 14:04:47.053 [taskScheduler-3] WARN  c.q.federated.service.FederatedCoordinatorService - Node 11 marked as inactive due to heartbeat timeout
2026-01-15 14:04:47.053 [taskScheduler-3] WARN  c.q.federated.service.FederatedCoordinatorService - Node 111 marked as inactive due to heartbeat timeout
2026-01-15 14:04:52.067 [taskScheduler-3] WARN  c.q.federated.service.FederatedCoordinatorService - Node 11 marked as inactive due to heartbeat timeout
2026-01-15 14:04:52.068 [taskScheduler-3] WARN  c.q.federated.service.FederatedCoordinatorService - Node 111 marked as inactive due to heartbeat timeout
2026-01-15 14:04:57.085 [taskScheduler-3] WARN  c.q.federated.service.FederatedCoordinatorService - Node 11 marked as inactive due to heartbeat timeout
2026-01-15 14:04:57.086 [taskScheduler-3] WARN  c.q.federated.service.FederatedCoordinatorService - Node 111 marked as inactive due to heartbeat timeout
2026-01-15 14:05:02.102 [taskScheduler-3] WARN  c.q.federated.service.FederatedCoordinatorService - Node 11 marked as inactive due to heartbeat timeout
2026-01-15 14:05:02.102 [taskScheduler-3] WARN  c.q.federated.service.FederatedCoordinatorService - Node 111 marked as inactive due to heartbeat timeout
2026-01-15 14:05:07.119 [taskScheduler-3] WARN  c.q.federated.service.FederatedCoordinatorService - Node 11 marked as inactive due to heartbeat timeout
2026-01-15 14:05:07.119 [taskScheduler-3] WARN  c.q.federated.service.FederatedCoordinatorService - Node 111 marked as inactive due to heartbeat timeout
2026-01-15 14:05:12.135 [taskScheduler-3] WARN  c.q.federated.service.FederatedCoordinatorService - Node 11 marked as inactive due to heartbeat timeout
2026-01-15 14:05:12.137 [taskScheduler-3] WARN  c.q.federated.service.FederatedCoordinatorService - Node 111 marked as inactive due to heartbeat timeout
2026-01-15 14:05:17.152 [taskScheduler-3] WARN  c.q.federated.service.FederatedCoordinatorService - Node 11 marked as inactive due to heartbeat timeout
2026-01-15 14:05:17.153 [taskScheduler-3] WARN  c.q.federated.service.FederatedCoordinatorService - Node 111 marked as inactive due to heartbeat timeout
2026-01-15 14:05:22.167 [taskScheduler-3] WARN  c.q.federated.service.FederatedCoordinatorService - Node 11 marked as inactive due to heartbeat timeout
2026-01-15 14:05:22.168 [taskScheduler-3] WARN  c.q.federated.service.FederatedCoordinatorService - Node 111 marked as inactive due to heartbeat timeout
2026-01-15 14:05:27.185 [taskScheduler-3] WARN  c.q.federated.service.FederatedCoordinatorService - Node 11 marked as inactive due to heartbeat timeout
2026-01-15 14:05:27.186 [taskScheduler-3] WARN  c.q.federated.service.FederatedCoordinatorService - Node 111 marked as inactive due to heartbeat timeout
2026-01-15 14:05:32.200 [taskScheduler-3] WARN  c.q.federated.service.FederatedCoordinatorService - Node 11 marked as inactive due to heartbeat timeout
2026-01-15 14:05:32.200 [taskScheduler-3] WARN  c.q.federated.service.FederatedCoordinatorService - Node 111 marked as inactive due to heartbeat timeout
2026-01-15 14:05:37.216 [taskScheduler-3] WARN  c.q.federated.service.FederatedCoordinatorService - Node 11 marked as inactive due to heartbeat timeout
2026-01-15 14:05:37.216 [taskScheduler-3] WARN  c.q.federated.service.FederatedCoordinatorService - Node 111 marked as inactive due to heartbeat timeout
2026-01-15 14:05:42.234 [taskScheduler-3] WARN  c.q.federated.service.FederatedCoordinatorService - Node 11 marked as inactive due to heartbeat timeout
2026-01-15 14:05:42.235 [taskScheduler-3] WARN  c.q.federated.service.FederatedCoordinatorService - Node 111 marked as inactive due to heartbeat timeout
2026-01-15 14:05:47.251 [taskScheduler-3] WARN  c.q.federated.service.FederatedCoordinatorService - Node 11 marked as inactive due to heartbeat timeout
2026-01-15 14:05:47.251 [taskScheduler-3] WARN  c.q.federated.service.FederatedCoordinatorService - Node 111 marked as inactive due to heartbeat timeout
2026-01-15 14:05:52.268 [taskScheduler-3] WARN  c.q.federated.service.FederatedCoordinatorService - Node 11 marked as inactive due to heartbeat timeout
2026-01-15 14:05:52.269 [taskScheduler-3] WARN  c.q.federated.service.FederatedCoordinatorService - Node 111 marked as inactive due to heartbeat timeout
2026-01-15 14:05:57.284 [taskScheduler-3] WARN  c.q.federated.service.FederatedCoordinatorService - Node 11 marked as inactive due to heartbeat timeout
2026-01-15 14:05:57.284 [taskScheduler-3] WARN  c.q.federated.service.FederatedCoordinatorService - Node 111 marked as inactive due to heartbeat timeout
2026-01-15 14:06:02.303 [taskScheduler-3] WARN  c.q.federated.service.FederatedCoordinatorService - Node 11 marked as inactive due to heartbeat timeout
2026-01-15 14:06:02.303 [taskScheduler-3] WARN  c.q.federated.service.FederatedCoordinatorService - Node 111 marked as inactive due to heartbeat timeout
2026-01-15 14:06:07.317 [taskScheduler-3] WARN  c.q.federated.service.FederatedCoordinatorService - Node 11 marked as inactive due to heartbeat timeout
2026-01-15 14:06:07.317 [taskScheduler-3] WARN  c.q.federated.service.FederatedCoordinatorService - Node 111 marked as inactive due to heartbeat timeout
2026-01-15 14:06:12.345 [taskScheduler-3] WARN  c.q.federated.service.FederatedCoordinatorService - Node 11 marked as inactive due to heartbeat timeout
2026-01-15 14:06:12.372 [taskScheduler-3] WARN  c.q.federated.service.FederatedCoordinatorService - Node 111 marked as inactive due to heartbeat timeout
2026-01-15 14:06:17.382 [taskScheduler-3] WARN  c.q.federated.service.FederatedCoordinatorService - Node 11 marked as inactive due to heartbeat timeout
2026-01-15 14:06:17.382 [taskScheduler-3] WARN  c.q.federated.service.FederatedCoordinatorService - Node 111 marked as inactive due to heartbeat timeout
2026-01-15 14:06:22.399 [taskScheduler-3] WARN  c.q.federated.service.FederatedCoordinatorService - Node 11 marked as inactive due to heartbeat timeout
2026-01-15 14:06:22.399 [taskScheduler-3] WARN  c.q.federated.service.FederatedCoordinatorService - Node 111 marked as inactive due to heartbeat timeout
2026-01-15 14:06:27.415 [taskScheduler-3] WARN  c.q.federated.service.FederatedCoordinatorService - Node 11 marked as inactive due to heartbeat timeout
2026-01-15 14:06:27.415 [taskScheduler-3] WARN  c.q.federated.service.FederatedCoordinatorService - Node 111 marked as inactive due to heartbeat timeout
2026-01-15 14:06:32.431 [taskScheduler-3] WARN  c.q.federated.service.FederatedCoordinatorService - Node 11 marked as inactive due to heartbeat timeout
2026-01-15 14:06:32.431 [taskScheduler-3] WARN  c.q.federated.service.FederatedCoordinatorService - Node 111 marked as inactive due to heartbeat timeout
2026-01-15 14:06:37.449 [taskScheduler-3] WARN  c.q.federated.service.FederatedCoordinatorService - Node 11 marked as inactive due to heartbeat timeout
2026-01-15 14:06:37.450 [taskScheduler-3] WARN  c.q.federated.service.FederatedCoordinatorService - Node 111 marked as inactive due to heartbeat timeout
2026-01-15 14:06:42.464 [taskScheduler-3] WARN  c.q.federated.service.FederatedCoordinatorService - Node 11 marked as inactive due to heartbeat timeout
2026-01-15 14:06:42.465 [taskScheduler-3] WARN  c.q.federated.service.FederatedCoordinatorService - Node 111 marked as inactive due to heartbeat timeout
2026-01-15 14:06:47.483 [taskScheduler-3] WARN  c.q.federated.service.FederatedCoordinatorService - Node 11 marked as inactive due to heartbeat timeout
2026-01-15 14:06:47.483 [taskScheduler-3] WARN  c.q.federated.service.FederatedCoordinatorService - Node 111 marked as inactive due to heartbeat timeout
2026-01-15 14:06:52.498 [taskScheduler-3] WARN  c.q.federated.service.FederatedCoordinatorService - Node 11 marked as inactive due to heartbeat timeout
2026-01-15 14:06:52.511 [taskScheduler-3] WARN  c.q.federated.service.FederatedCoordinatorService - Node 111 marked as inactive due to heartbeat timeout
2026-01-15 14:06:57.533 [taskScheduler-3] WARN  c.q.federated.service.FederatedCoordinatorService - Node 11 marked as inactive due to heartbeat timeout
2026-01-15 14:06:57.533 [taskScheduler-3] WARN  c.q.federated.service.FederatedCoordinatorService - Node 111 marked as inactive due to heartbeat timeout
2026-01-15 14:07:02.549 [taskScheduler-3] WARN  c.q.federated.service.FederatedCoordinatorService - Node 11 marked as inactive due to heartbeat timeout
2026-01-15 14:07:02.550 [taskScheduler-3] WARN  c.q.federated.service.FederatedCoordinatorService - Node 111 marked as inactive due to heartbeat timeout
2026-01-15 14:07:07.564 [taskScheduler-3] WARN  c.q.federated.service.FederatedCoordinatorService - Node 11 marked as inactive due to heartbeat timeout
2026-01-15 14:07:07.565 [taskScheduler-3] WARN  c.q.federated.service.FederatedCoordinatorService - Node 111 marked as inactive due to heartbeat timeout
2026-01-15 14:07:12.581 [taskScheduler-3] WARN  c.q.federated.service.FederatedCoordinatorService - Node 11 marked as inactive due to heartbeat timeout
2026-01-15 14:07:12.582 [taskScheduler-3] WARN  c.q.federated.service.FederatedCoordinatorService - Node 111 marked as inactive due to heartbeat timeout
2026-01-15 14:07:17.597 [taskScheduler-3] WARN  c.q.federated.service.FederatedCoordinatorService - Node 11 marked as inactive due to heartbeat timeout
2026-01-15 14:07:17.598 [taskScheduler-3] WARN  c.q.federated.service.FederatedCoordinatorService - Node 111 marked as inactive due to heartbeat timeout
2026-01-15 14:07:22.615 [taskScheduler-3] WARN  c.q.federated.service.FederatedCoordinatorService - Node 11 marked as inactive due to heartbeat timeout
2026-01-15 14:07:22.616 [taskScheduler-3] WARN  c.q.federated.service.FederatedCoordinatorService - Node 111 marked as inactive due to heartbeat timeout
2026-01-15 14:07:27.621 [taskScheduler-3] WARN  c.q.federated.service.FederatedCoordinatorService - Node 11 marked as inactive due to heartbeat timeout
2026-01-15 14:07:27.621 [taskScheduler-3] WARN  c.q.federated.service.FederatedCoordinatorService - Node 111 marked as inactive due to heartbeat timeout
2026-01-15 14:07:32.634 [taskScheduler-3] WARN  c.q.federated.service.FederatedCoordinatorService - Node 11 marked as inactive due to heartbeat timeout
2026-01-15 14:07:32.634 [taskScheduler-3] WARN  c.q.federated.service.FederatedCoordinatorService - Node 111 marked as inactive due to heartbeat timeout
2026-01-15 14:07:37.647 [taskScheduler-3] WARN  c.q.federated.service.FederatedCoordinatorService - Node 11 marked as inactive due to heartbeat timeout
2026-01-15 14:07:37.648 [taskScheduler-3] WARN  c.q.federated.service.FederatedCoordinatorService - Node 111 marked as inactive due to heartbeat timeout
2026-01-15 14:07:42.665 [taskScheduler-3] WARN  c.q.federated.service.FederatedCoordinatorService - Node 11 marked as inactive due to heartbeat timeout
2026-01-15 14:07:42.666 [taskScheduler-3] WARN  c.q.federated.service.FederatedCoordinatorService - Node 111 marked as inactive due to heartbeat timeout
2026-01-15 14:07:47.683 [taskScheduler-3] WARN  c.q.federated.service.FederatedCoordinatorService - Node 11 marked as inactive due to heartbeat timeout
2026-01-15 14:07:47.684 [taskScheduler-3] WARN  c.q.federated.service.FederatedCoordinatorService - Node 111 marked as inactive due to heartbeat timeout
2026-01-15 14:07:52.694 [taskScheduler-3] WARN  c.q.federated.service.FederatedCoordinatorService - Node 11 marked as inactive due to heartbeat timeout
2026-01-15 14:07:52.695 [taskScheduler-3] WARN  c.q.federated.service.FederatedCoordinatorService - Node 111 marked as inactive due to heartbeat timeout
2026-01-15 14:07:57.715 [taskScheduler-3] WARN  c.q.federated.service.FederatedCoordinatorService - Node 11 marked as inactive due to heartbeat timeout
2026-01-15 14:07:57.716 [taskScheduler-3] WARN  c.q.federated.service.FederatedCoordinatorService - Node 111 marked as inactive due to heartbeat timeout
2026-01-15 14:08:02.730 [taskScheduler-3] WARN  c.q.federated.service.FederatedCoordinatorService - Node 11 marked as inactive due to heartbeat timeout
2026-01-15 14:08:02.731 [taskScheduler-3] WARN  c.q.federated.service.FederatedCoordinatorService - Node 111 marked as inactive due to heartbeat timeout
2026-01-15 14:08:07.746 [taskScheduler-3] WARN  c.q.federated.service.FederatedCoordinatorService - Node 11 marked as inactive due to heartbeat timeout
2026-01-15 14:08:07.747 [taskScheduler-3] WARN  c.q.federated.service.FederatedCoordinatorService - Node 111 marked as inactive due to heartbeat timeout
2026-01-15 14:08:12.761 [taskScheduler-3] WARN  c.q.federated.service.FederatedCoordinatorService - Node 11 marked as inactive due to heartbeat timeout
2026-01-15 14:08:12.762 [taskScheduler-3] WARN  c.q.federated.service.FederatedCoordinatorService - Node 111 marked as inactive due to heartbeat timeout
2026-01-15 14:08:17.781 [taskScheduler-3] WARN  c.q.federated.service.FederatedCoordinatorService - Node 11 marked as inactive due to heartbeat timeout
2026-01-15 14:08:17.782 [taskScheduler-3] WARN  c.q.federated.service.FederatedCoordinatorService - Node 111 marked as inactive due to heartbeat timeout
2026-01-15 14:08:22.796 [taskScheduler-3] WARN  c.q.federated.service.FederatedCoordinatorService - Node 11 marked as inactive due to heartbeat timeout
2026-01-15 14:08:22.797 [taskScheduler-3] WARN  c.q.federated.service.FederatedCoordinatorService - Node 111 marked as inactive due to heartbeat timeout
2026-01-15 14:08:27.808 [taskScheduler-3] WARN  c.q.federated.service.FederatedCoordinatorService - Node 11 marked as inactive due to heartbeat timeout
2026-01-15 14:08:27.809 [taskScheduler-3] WARN  c.q.federated.service.FederatedCoordinatorService - Node 111 marked as inactive due to heartbeat timeout
2026-01-15 14:08:32.814 [taskScheduler-3] WARN  c.q.federated.service.FederatedCoordinatorService - Node 11 marked as inactive due to heartbeat timeout
2026-01-15 14:08:32.815 [taskScheduler-3] WARN  c.q.federated.service.FederatedCoordinatorService - Node 111 marked as inactive due to heartbeat timeout
2026-01-15 14:08:37.834 [taskScheduler-3] WARN  c.q.federated.service.FederatedCoordinatorService - Node 11 marked as inactive due to heartbeat timeout
2026-01-15 14:08:37.835 [taskScheduler-3] WARN  c.q.federated.service.FederatedCoordinatorService - Node 111 marked as inactive due to heartbeat timeout
2026-01-15 14:08:42.846 [taskScheduler-3] WARN  c.q.federated.service.FederatedCoordinatorService - Node 11 marked as inactive due to heartbeat timeout
2026-01-15 14:08:42.847 [taskScheduler-3] WARN  c.q.federated.service.FederatedCoordinatorService - Node 111 marked as inactive due to heartbeat timeout
2026-01-15 14:08:47.861 [taskScheduler-3] WARN  c.q.federated.service.FederatedCoordinatorService - Node 11 marked as inactive due to heartbeat timeout
2026-01-15 14:08:47.861 [taskScheduler-3] WARN  c.q.federated.service.FederatedCoordinatorService - Node 111 marked as inactive due to heartbeat timeout
2026-01-15 14:08:52.880 [taskScheduler-3] WARN  c.q.federated.service.FederatedCoordinatorService - Node 11 marked as inactive due to heartbeat timeout
2026-01-15 14:08:52.881 [taskScheduler-3] WARN  c.q.federated.service.FederatedCoordinatorService - Node 111 marked as inactive due to heartbeat timeout
2026-01-15 14:08:57.896 [taskScheduler-3] WARN  c.q.federated.service.FederatedCoordinatorService - Node 11 marked as inactive due to heartbeat timeout
2026-01-15 14:08:57.896 [taskScheduler-3] WARN  c.q.federated.service.FederatedCoordinatorService - Node 111 marked as inactive due to heartbeat timeout
2026-01-15 14:09:02.914 [taskScheduler-3] WARN  c.q.federated.service.FederatedCoordinatorService - Node 11 marked as inactive due to heartbeat timeout
2026-01-15 14:09:02.914 [taskScheduler-3] WARN  c.q.federated.service.FederatedCoordinatorService - Node 111 marked as inactive due to heartbeat timeout
2026-01-15 14:09:07.929 [taskScheduler-3] WARN  c.q.federated.service.FederatedCoordinatorService - Node 11 marked as inactive due to heartbeat timeout
2026-01-15 14:09:07.930 [taskScheduler-3] WARN  c.q.federated.service.FederatedCoordinatorService - Node 111 marked as inactive due to heartbeat timeout
2026-01-15 14:09:12.946 [taskScheduler-3] WARN  c.q.federated.service.FederatedCoordinatorService - Node 11 marked as inactive due to heartbeat timeout
2026-01-15 14:09:12.947 [taskScheduler-3] WARN  c.q.federated.service.FederatedCoordinatorService - Node 111 marked as inactive due to heartbeat timeout
2026-01-15 14:09:17.962 [taskScheduler-3] WARN  c.q.federated.service.FederatedCoordinatorService - Node 11 marked as inactive due to heartbeat timeout
2026-01-15 14:09:17.963 [taskScheduler-3] WARN  c.q.federated.service.FederatedCoordinatorService - Node 111 marked as inactive due to heartbeat timeout
2026-01-15 14:09:22.977 [taskScheduler-3] WARN  c.q.federated.service.FederatedCoordinatorService - Node 11 marked as inactive due to heartbeat timeout
2026-01-15 14:09:22.978 [taskScheduler-3] WARN  c.q.federated.service.FederatedCoordinatorService - Node 111 marked as inactive due to heartbeat timeout
2026-01-15 14:09:27.995 [taskScheduler-3] WARN  c.q.federated.service.FederatedCoordinatorService - Node 11 marked as inactive due to heartbeat timeout
2026-01-15 14:09:27.996 [taskScheduler-3] WARN  c.q.federated.service.FederatedCoordinatorService - Node 111 marked as inactive due to heartbeat timeout
2026-01-15 14:09:33.011 [taskScheduler-3] WARN  c.q.federated.service.FederatedCoordinatorService - Node 11 marked as inactive due to heartbeat timeout
2026-01-15 14:09:33.012 [taskScheduler-3] WARN  c.q.federated.service.FederatedCoordinatorService - Node 111 marked as inactive due to heartbeat timeout
2026-01-15 14:09:38.017 [taskScheduler-3] WARN  c.q.federated.service.FederatedCoordinatorService - Node 11 marked as inactive due to heartbeat timeout
2026-01-15 14:09:38.018 [taskScheduler-3] WARN  c.q.federated.service.FederatedCoordinatorService - Node 111 marked as inactive due to heartbeat timeout
2026-01-15 14:09:43.027 [taskScheduler-3] WARN  c.q.federated.service.FederatedCoordinatorService - Node 11 marked as inactive due to heartbeat timeout
2026-01-15 14:09:43.028 [taskScheduler-3] WARN  c.q.federated.service.FederatedCoordinatorService - Node 111 marked as inactive due to heartbeat timeout
2026-01-15 14:09:48.044 [taskScheduler-3] WARN  c.q.federated.service.FederatedCoordinatorService - Node 11 marked as inactive due to heartbeat timeout
2026-01-15 14:09:48.045 [taskScheduler-3] WARN  c.q.federated.service.FederatedCoordinatorService - Node 111 marked as inactive due to heartbeat timeout
2026-01-15 14:09:53.060 [taskScheduler-3] WARN  c.q.federated.service.FederatedCoordinatorService - Node 11 marked as inactive due to heartbeat timeout
2026-01-15 14:09:53.061 [taskScheduler-3] WARN  c.q.federated.service.FederatedCoordinatorService - Node 111 marked as inactive due to heartbeat timeout
2026-01-15 14:09:58.079 [taskScheduler-3] WARN  c.q.federated.service.FederatedCoordinatorService - Node 11 marked as inactive due to heartbeat timeout
2026-01-15 14:09:58.080 [taskScheduler-3] WARN  c.q.federated.service.FederatedCoordinatorService - Node 111 marked as inactive due to heartbeat timeout
2026-01-15 14:10:03.084 [taskScheduler-3] WARN  c.q.federated.service.FederatedCoordinatorService - Node 11 marked as inactive due to heartbeat timeout
2026-01-15 14:10:03.084 [taskScheduler-3] WARN  c.q.federated.service.FederatedCoordinatorService - Node 111 marked as inactive due to heartbeat timeout
2026-01-15 14:10:08.092 [taskScheduler-3] WARN  c.q.federated.service.FederatedCoordinatorService - Node 11 marked as inactive due to heartbeat timeout
2026-01-15 14:10:08.093 [taskScheduler-3] WARN  c.q.federated.service.FederatedCoordinatorService - Node 111 marked as inactive due to heartbeat timeout
2026-01-15 14:10:13.111 [taskScheduler-3] WARN  c.q.federated.service.FederatedCoordinatorService - Node 11 marked as inactive due to heartbeat timeout
2026-01-15 14:10:13.112 [taskScheduler-3] WARN  c.q.federated.service.FederatedCoordinatorService - Node 111 marked as inactive due to heartbeat timeout
2026-01-15 14:10:18.125 [taskScheduler-3] WARN  c.q.federated.service.FederatedCoordinatorService - Node 11 marked as inactive due to heartbeat timeout
2026-01-15 14:10:18.125 [taskScheduler-3] WARN  c.q.federated.service.FederatedCoordinatorService - Node 111 marked as inactive due to heartbeat timeout
2026-01-15 14:10:23.142 [taskScheduler-3] WARN  c.q.federated.service.FederatedCoordinatorService - Node 11 marked as inactive due to heartbeat timeout
2026-01-15 14:10:23.142 [taskScheduler-3] WARN  c.q.federated.service.FederatedCoordinatorService - Node 111 marked as inactive due to heartbeat timeout
2026-01-15 14:10:28.158 [taskScheduler-3] WARN  c.q.federated.service.FederatedCoordinatorService - Node 11 marked as inactive due to heartbeat timeout
2026-01-15 14:10:28.159 [taskScheduler-3] WARN  c.q.federated.service.FederatedCoordinatorService - Node 111 marked as inactive due to heartbeat timeout
2026-01-15 14:10:33.175 [taskScheduler-3] WARN  c.q.federated.service.FederatedCoordinatorService - Node 11 marked as inactive due to heartbeat timeout
2026-01-15 14:10:33.175 [taskScheduler-3] WARN  c.q.federated.service.FederatedCoordinatorService - Node 111 marked as inactive due to heartbeat timeout
2026-01-15 14:10:38.191 [taskScheduler-3] WARN  c.q.federated.service.FederatedCoordinatorService - Node 11 marked as inactive due to heartbeat timeout
2026-01-15 14:10:38.191 [taskScheduler-3] WARN  c.q.federated.service.FederatedCoordinatorService - Node 111 marked as inactive due to heartbeat timeout
2026-01-15 14:10:43.210 [taskScheduler-3] WARN  c.q.federated.service.FederatedCoordinatorService - Node 11 marked as inactive due to heartbeat timeout
2026-01-15 14:10:43.211 [taskScheduler-3] WARN  c.q.federated.service.FederatedCoordinatorService - Node 111 marked as inactive due to heartbeat timeout
2026-01-15 14:10:48.225 [taskScheduler-3] WARN  c.q.federated.service.FederatedCoordinatorService - Node 11 marked as inactive due to heartbeat timeout
2026-01-15 14:10:48.225 [taskScheduler-3] WARN  c.q.federated.service.FederatedCoordinatorService - Node 111 marked as inactive due to heartbeat timeout
2026-01-15 14:10:53.244 [taskScheduler-3] WARN  c.q.federated.service.FederatedCoordinatorService - Node 11 marked as inactive due to heartbeat timeout
2026-01-15 14:10:53.244 [taskScheduler-3] WARN  c.q.federated.service.FederatedCoordinatorService - Node 111 marked as inactive due to heartbeat timeout
2026-01-15 14:10:58.260 [taskScheduler-3] WARN  c.q.federated.service.FederatedCoordinatorService - Node 11 marked as inactive due to heartbeat timeout
2026-01-15 14:10:58.260 [taskScheduler-3] WARN  c.q.federated.service.FederatedCoordinatorService - Node 111 marked as inactive due to heartbeat timeout
2026-01-15 14:11:03.276 [taskScheduler-3] WARN  c.q.federated.service.FederatedCoordinatorService - Node 11 marked as inactive due to heartbeat timeout
2026-01-15 14:11:03.276 [taskScheduler-3] WARN  c.q.federated.service.FederatedCoordinatorService - Node 111 marked as inactive due to heartbeat timeout
2026-01-15 14:11:08.292 [taskScheduler-3] WARN  c.q.federated.service.FederatedCoordinatorService - Node 11 marked as inactive due to heartbeat timeout
2026-01-15 14:11:08.293 [taskScheduler-3] WARN  c.q.federated.service.FederatedCoordinatorService - Node 111 marked as inactive due to heartbeat timeout
2026-01-15 14:11:13.308 [taskScheduler-3] WARN  c.q.federated.service.FederatedCoordinatorService - Node 11 marked as inactive due to heartbeat timeout
2026-01-15 14:11:13.309 [taskScheduler-3] WARN  c.q.federated.service.FederatedCoordinatorService - Node 111 marked as inactive due to heartbeat timeout
2026-01-15 14:11:18.327 [taskScheduler-3] WARN  c.q.federated.service.FederatedCoordinatorService - Node 11 marked as inactive due to heartbeat timeout
2026-01-15 14:11:18.327 [taskScheduler-3] WARN  c.q.federated.service.FederatedCoordinatorService - Node 111 marked as inactive due to heartbeat timeout
2026-01-15 14:11:23.344 [taskScheduler-3] WARN  c.q.federated.service.FederatedCoordinatorService - Node 11 marked as inactive due to heartbeat timeout
2026-01-15 14:11:23.344 [taskScheduler-3] WARN  c.q.federated.service.FederatedCoordinatorService - Node 111 marked as inactive due to heartbeat timeout
2026-01-15 14:11:28.360 [taskScheduler-3] WARN  c.q.federated.service.FederatedCoordinatorService - Node 11 marked as inactive due to heartbeat timeout
2026-01-15 14:11:28.360 [taskScheduler-3] WARN  c.q.federated.service.FederatedCoordinatorService - Node 111 marked as inactive due to heartbeat timeout
2026-01-15 14:11:33.373 [taskScheduler-3] WARN  c.q.federated.service.FederatedCoordinatorService - Node 11 marked as inactive due to heartbeat timeout
2026-01-15 14:11:33.373 [taskScheduler-3] WARN  c.q.federated.service.FederatedCoordinatorService - Node 111 marked as inactive due to heartbeat timeout
2026-01-15 14:11:38.387 [taskScheduler-3] WARN  c.q.federated.service.FederatedCoordinatorService - Node 11 marked as inactive due to heartbeat timeout
2026-01-15 14:11:38.388 [taskScheduler-3] WARN  c.q.federated.service.FederatedCoordinatorService - Node 111 marked as inactive due to heartbeat timeout
2026-01-15 14:11:43.406 [taskScheduler-3] WARN  c.q.federated.service.FederatedCoordinatorService - Node 11 marked as inactive due to heartbeat timeout
2026-01-15 14:11:43.407 [taskScheduler-3] WARN  c.q.federated.service.FederatedCoordinatorService - Node 111 marked as inactive due to heartbeat timeout
2026-01-15 14:11:48.424 [taskScheduler-3] WARN  c.q.federated.service.FederatedCoordinatorService - Node 11 marked as inactive due to heartbeat timeout
2026-01-15 14:11:48.424 [taskScheduler-3] WARN  c.q.federated.service.FederatedCoordinatorService - Node 111 marked as inactive due to heartbeat timeout
2026-01-15 14:11:53.441 [taskScheduler-3] WARN  c.q.federated.service.FederatedCoordinatorService - Node 11 marked as inactive due to heartbeat timeout
2026-01-15 14:11:53.441 [taskScheduler-3] WARN  c.q.federated.service.FederatedCoordinatorService - Node 111 marked as inactive due to heartbeat timeout
2026-01-15 14:11:58.459 [taskScheduler-3] WARN  c.q.federated.service.FederatedCoordinatorService - Node 11 marked as inactive due to heartbeat timeout
2026-01-15 14:11:58.459 [taskScheduler-3] WARN  c.q.federated.service.FederatedCoordinatorService - Node 111 marked as inactive due to heartbeat timeout
2026-01-15 14:12:03.473 [taskScheduler-3] WARN  c.q.federated.service.FederatedCoordinatorService - Node 11 marked as inactive due to heartbeat timeout
2026-01-15 14:12:03.474 [taskScheduler-3] WARN  c.q.federated.service.FederatedCoordinatorService - Node 111 marked as inactive due to heartbeat timeout
2026-01-15 14:12:08.491 [taskScheduler-3] WARN  c.q.federated.service.FederatedCoordinatorService - Node 11 marked as inactive due to heartbeat timeout
2026-01-15 14:12:08.492 [taskScheduler-3] WARN  c.q.federated.service.FederatedCoordinatorService - Node 111 marked as inactive due to heartbeat timeout
2026-01-15 14:12:13.509 [taskScheduler-3] WARN  c.q.federated.service.FederatedCoordinatorService - Node 11 marked as inactive due to heartbeat timeout
2026-01-15 14:12:13.509 [taskScheduler-3] WARN  c.q.federated.service.FederatedCoordinatorService - Node 111 marked as inactive due to heartbeat timeout
2026-01-15 14:12:18.524 [taskScheduler-3] WARN  c.q.federated.service.FederatedCoordinatorService - Node 11 marked as inactive due to heartbeat timeout
2026-01-15 14:12:18.524 [taskScheduler-3] WARN  c.q.federated.service.FederatedCoordinatorService - Node 111 marked as inactive due to heartbeat timeout
2026-01-15 14:12:23.538 [taskScheduler-3] WARN  c.q.federated.service.FederatedCoordinatorService - Node 11 marked as inactive due to heartbeat timeout
2026-01-15 14:12:23.539 [taskScheduler-3] WARN  c.q.federated.service.FederatedCoordinatorService - Node 111 marked as inactive due to heartbeat timeout
2026-01-15 14:12:28.555 [taskScheduler-3] WARN  c.q.federated.service.FederatedCoordinatorService - Node 11 marked as inactive due to heartbeat timeout
2026-01-15 14:12:28.556 [taskScheduler-3] WARN  c.q.federated.service.FederatedCoordinatorService - Node 111 marked as inactive due to heartbeat timeout
2026-01-15 14:12:33.574 [taskScheduler-3] WARN  c.q.federated.service.FederatedCoordinatorService - Node 11 marked as inactive due to heartbeat timeout
2026-01-15 14:12:33.575 [taskScheduler-3] WARN  c.q.federated.service.FederatedCoordinatorService - Node 111 marked as inactive due to heartbeat timeout
2026-01-15 14:12:38.590 [taskScheduler-3] WARN  c.q.federated.service.FederatedCoordinatorService - Node 11 marked as inactive due to heartbeat timeout
2026-01-15 14:12:38.591 [taskScheduler-3] WARN  c.q.federated.service.FederatedCoordinatorService - Node 111 marked as inactive due to heartbeat timeout
2026-01-15 14:12:43.607 [taskScheduler-3] WARN  c.q.federated.service.FederatedCoordinatorService - Node 11 marked as inactive due to heartbeat timeout
2026-01-15 14:12:43.607 [taskScheduler-3] WARN  c.q.federated.service.FederatedCoordinatorService - Node 111 marked as inactive due to heartbeat timeout
2026-01-15 14:12:48.624 [taskScheduler-3] WARN  c.q.federated.service.FederatedCoordinatorService - Node 11 marked as inactive due to heartbeat timeout
2026-01-15 14:12:48.625 [taskScheduler-3] WARN  c.q.federated.service.FederatedCoordinatorService - Node 111 marked as inactive due to heartbeat timeout
2026-01-15 14:12:53.631 [taskScheduler-3] WARN  c.q.federated.service.FederatedCoordinatorService - Node 11 marked as inactive due to heartbeat timeout
2026-01-15 14:12:53.631 [taskScheduler-3] WARN  c.q.federated.service.FederatedCoordinatorService - Node 111 marked as inactive due to heartbeat timeout
2026-01-15 14:12:58.643 [taskScheduler-3] WARN  c.q.federated.service.FederatedCoordinatorService - Node 11 marked as inactive due to heartbeat timeout
2026-01-15 14:12:58.643 [taskScheduler-3] WARN  c.q.federated.service.FederatedCoordinatorService - Node 111 marked as inactive due to heartbeat timeout
2026-01-15 14:13:03.658 [taskScheduler-3] WARN  c.q.federated.service.FederatedCoordinatorService - Node 11 marked as inactive due to heartbeat timeout
2026-01-15 14:13:03.659 [taskScheduler-3] WARN  c.q.federated.service.FederatedCoordinatorService - Node 111 marked as inactive due to heartbeat timeout
2026-01-15 14:13:08.671 [taskScheduler-3] WARN  c.q.federated.service.FederatedCoordinatorService - Node 11 marked as inactive due to heartbeat timeout
2026-01-15 14:13:08.672 [taskScheduler-3] WARN  c.q.federated.service.FederatedCoordinatorService - Node 111 marked as inactive due to heartbeat timeout
2026-01-15 14:13:13.681 [taskScheduler-3] WARN  c.q.federated.service.FederatedCoordinatorService - Node 11 marked as inactive due to heartbeat timeout
2026-01-15 14:13:13.681 [taskScheduler-3] WARN  c.q.federated.service.FederatedCoordinatorService - Node 111 marked as inactive due to heartbeat timeout
2026-01-15 14:13:18.688 [taskScheduler-3] WARN  c.q.federated.service.FederatedCoordinatorService - Node 11 marked as inactive due to heartbeat timeout
2026-01-15 14:13:18.688 [taskScheduler-3] WARN  c.q.federated.service.FederatedCoordinatorService - Node 111 marked as inactive due to heartbeat timeout
2026-01-15 14:13:23.697 [taskScheduler-3] WARN  c.q.federated.service.FederatedCoordinatorService - Node 11 marked as inactive due to heartbeat timeout
2026-01-15 14:13:23.697 [taskScheduler-3] WARN  c.q.federated.service.FederatedCoordinatorService - Node 111 marked as inactive due to heartbeat timeout
2026-01-15 14:13:28.704 [taskScheduler-3] WARN  c.q.federated.service.FederatedCoordinatorService - Node 11 marked as inactive due to heartbeat timeout
2026-01-15 14:13:28.705 [taskScheduler-3] WARN  c.q.federated.service.FederatedCoordinatorService - Node 111 marked as inactive due to heartbeat timeout
2026-01-15 14:13:33.716 [taskScheduler-3] WARN  c.q.federated.service.FederatedCoordinatorService - Node 11 marked as inactive due to heartbeat timeout
2026-01-15 14:13:33.716 [taskScheduler-3] WARN  c.q.federated.service.FederatedCoordinatorService - Node 111 marked as inactive due to heartbeat timeout
2026-01-15 14:13:38.726 [taskScheduler-3] WARN  c.q.federated.service.FederatedCoordinatorService - Node 11 marked as inactive due to heartbeat timeout
2026-01-15 14:13:38.726 [taskScheduler-3] WARN  c.q.federated.service.FederatedCoordinatorService - Node 111 marked as inactive due to heartbeat timeout
2026-01-15 14:13:43.736 [taskScheduler-3] WARN  c.q.federated.service.FederatedCoordinatorService - Node 11 marked as inactive due to heartbeat timeout
2026-01-15 14:13:43.736 [taskScheduler-3] WARN  c.q.federated.service.FederatedCoordinatorService - Node 111 marked as inactive due to heartbeat timeout
2026-01-15 14:13:48.754 [taskScheduler-8] WARN  c.q.federated.service.FederatedCoordinatorService - Node 11 marked as inactive due to heartbeat timeout
2026-01-15 14:13:48.755 [taskScheduler-8] WARN  c.q.federated.service.FederatedCoordinatorService - Node 111 marked as inactive due to heartbeat timeout
2026-01-15 14:13:53.770 [taskScheduler-8] WARN  c.q.federated.service.FederatedCoordinatorService - Node 11 marked as inactive due to heartbeat timeout
2026-01-15 14:13:53.771 [taskScheduler-8] WARN  c.q.federated.service.FederatedCoordinatorService - Node 111 marked as inactive due to heartbeat timeout
2026-01-15 14:13:58.790 [taskScheduler-8] WARN  c.q.federated.service.FederatedCoordinatorService - Node 11 marked as inactive due to heartbeat timeout
2026-01-15 14:13:58.791 [taskScheduler-8] WARN  c.q.federated.service.FederatedCoordinatorService - Node 111 marked as inactive due to heartbeat timeout
2026-01-15 14:14:03.805 [taskScheduler-8] WARN  c.q.federated.service.FederatedCoordinatorService - Node 11 marked as inactive due to heartbeat timeout
2026-01-15 14:14:03.806 [taskScheduler-8] WARN  c.q.federated.service.FederatedCoordinatorService - Node 111 marked as inactive due to heartbeat timeout
2026-01-15 14:14:08.822 [taskScheduler-8] WARN  c.q.federated.service.FederatedCoordinatorService - Node 11 marked as inactive due to heartbeat timeout
2026-01-15 14:14:08.824 [taskScheduler-8] WARN  c.q.federated.service.FederatedCoordinatorService - Node 111 marked as inactive due to heartbeat timeout
2026-01-15 14:14:13.839 [taskScheduler-8] WARN  c.q.federated.service.FederatedCoordinatorService - Node 11 marked as inactive due to heartbeat timeout
2026-01-15 14:14:13.839 [taskScheduler-8] WARN  c.q.federated.service.FederatedCoordinatorService - Node 111 marked as inactive due to heartbeat timeout
2026-01-15 14:14:18.845 [taskScheduler-8] WARN  c.q.federated.service.FederatedCoordinatorService - Node 11 marked as inactive due to heartbeat timeout
2026-01-15 14:14:18.846 [taskScheduler-8] WARN  c.q.federated.service.FederatedCoordinatorService - Node 111 marked as inactive due to heartbeat timeout
2026-01-15 14:14:23.854 [taskScheduler-8] WARN  c.q.federated.service.FederatedCoordinatorService - Node 11 marked as inactive due to heartbeat timeout
2026-01-15 14:14:23.856 [taskScheduler-8] WARN  c.q.federated.service.FederatedCoordinatorService - Node 111 marked as inactive due to heartbeat timeout
2026-01-15 14:14:28.870 [taskScheduler-8] WARN  c.q.federated.service.FederatedCoordinatorService - Node 11 marked as inactive due to heartbeat timeout
2026-01-15 14:14:28.871 [taskScheduler-8] WARN  c.q.federated.service.FederatedCoordinatorService - Node 111 marked as inactive due to heartbeat timeout
2026-01-15 14:14:33.888 [taskScheduler-8] WARN  c.q.federated.service.FederatedCoordinatorService - Node 11 marked as inactive due to heartbeat timeout
2026-01-15 14:14:33.888 [taskScheduler-8] WARN  c.q.federated.service.FederatedCoordinatorService - Node 111 marked as inactive due to heartbeat timeout
2026-01-15 14:14:38.903 [taskScheduler-8] WARN  c.q.federated.service.FederatedCoordinatorService - Node 11 marked as inactive due to heartbeat timeout
2026-01-15 14:14:38.903 [taskScheduler-8] WARN  c.q.federated.service.FederatedCoordinatorService - Node 111 marked as inactive due to heartbeat timeout
2026-01-15 14:14:43.920 [taskScheduler-8] WARN  c.q.federated.service.FederatedCoordinatorService - Node 11 marked as inactive due to heartbeat timeout
2026-01-15 14:14:43.920 [taskScheduler-8] WARN  c.q.federated.service.FederatedCoordinatorService - Node 111 marked as inactive due to heartbeat timeout
2026-01-15 14:14:48.937 [taskScheduler-8] WARN  c.q.federated.service.FederatedCoordinatorService - Node 11 marked as inactive due to heartbeat timeout
2026-01-15 14:14:48.938 [taskScheduler-8] WARN  c.q.federated.service.FederatedCoordinatorService - Node 111 marked as inactive due to heartbeat timeout
2026-01-15 14:14:53.954 [taskScheduler-8] WARN  c.q.federated.service.FederatedCoordinatorService - Node 11 marked as inactive due to heartbeat timeout
2026-01-15 14:14:53.955 [taskScheduler-8] WARN  c.q.federated.service.FederatedCoordinatorService - Node 111 marked as inactive due to heartbeat timeout
2026-01-15 14:14:58.966 [taskScheduler-8] WARN  c.q.federated.service.FederatedCoordinatorService - Node 11 marked as inactive due to heartbeat timeout
2026-01-15 14:14:58.967 [taskScheduler-8] WARN  c.q.federated.service.FederatedCoordinatorService - Node 111 marked as inactive due to heartbeat timeout
2026-01-15 14:15:03.971 [taskScheduler-8] WARN  c.q.federated.service.FederatedCoordinatorService - Node 11 marked as inactive due to heartbeat timeout
2026-01-15 14:15:03.971 [taskScheduler-8] WARN  c.q.federated.service.FederatedCoordinatorService - Node 111 marked as inactive due to heartbeat timeout
2026-01-15 14:15:08.987 [taskScheduler-8] WARN  c.q.federated.service.FederatedCoordinatorService - Node 11 marked as inactive due to heartbeat timeout
2026-01-15 14:15:08.987 [taskScheduler-8] WARN  c.q.federated.service.FederatedCoordinatorService - Node 111 marked as inactive due to heartbeat timeout
2026-01-15 14:15:14.003 [taskScheduler-8] WARN  c.q.federated.service.FederatedCoordinatorService - Node 11 marked as inactive due to heartbeat timeout
2026-01-15 14:15:14.006 [taskScheduler-8] WARN  c.q.federated.service.FederatedCoordinatorService - Node 111 marked as inactive due to heartbeat timeout
2026-01-15 14:15:19.019 [taskScheduler-8] WARN  c.q.federated.service.FederatedCoordinatorService - Node 11 marked as inactive due to heartbeat timeout
2026-01-15 14:15:19.020 [taskScheduler-8] WARN  c.q.federated.service.FederatedCoordinatorService - Node 111 marked as inactive due to heartbeat timeout
2026-01-15 14:15:24.032 [taskScheduler-8] WARN  c.q.federated.service.FederatedCoordinatorService - Node 11 marked as inactive due to heartbeat timeout
2026-01-15 14:15:24.032 [taskScheduler-8] WARN  c.q.federated.service.FederatedCoordinatorService - Node 111 marked as inactive due to heartbeat timeout
2026-01-15 14:15:29.055 [taskScheduler-8] WARN  c.q.federated.service.FederatedCoordinatorService - Node 11 marked as inactive due to heartbeat timeout
2026-01-15 14:15:29.056 [taskScheduler-8] WARN  c.q.federated.service.FederatedCoordinatorService - Node 111 marked as inactive due to heartbeat timeout
2026-01-15 14:15:34.070 [taskScheduler-8] WARN  c.q.federated.service.FederatedCoordinatorService - Node 11 marked as inactive due to heartbeat timeout
2026-01-15 14:15:34.071 [taskScheduler-8] WARN  c.q.federated.service.FederatedCoordinatorService - Node 111 marked as inactive due to heartbeat timeout
2026-01-15 14:15:39.091 [taskScheduler-8] WARN  c.q.federated.service.FederatedCoordinatorService - Node 11 marked as inactive due to heartbeat timeout
2026-01-15 14:15:39.092 [taskScheduler-8] WARN  c.q.federated.service.FederatedCoordinatorService - Node 111 marked as inactive due to heartbeat timeout
2026-01-15 14:15:44.101 [taskScheduler-8] WARN  c.q.federated.service.FederatedCoordinatorService - Node 11 marked as inactive due to heartbeat timeout
2026-01-15 14:15:44.102 [taskScheduler-8] WARN  c.q.federated.service.FederatedCoordinatorService - Node 111 marked as inactive due to heartbeat timeout
2026-01-15 14:15:49.108 [taskScheduler-8] WARN  c.q.federated.service.FederatedCoordinatorService - Node 11 marked as inactive due to heartbeat timeout
2026-01-15 14:15:49.109 [taskScheduler-8] WARN  c.q.federated.service.FederatedCoordinatorService - Node 111 marked as inactive due to heartbeat timeout
2026-01-15 14:15:54.115 [taskScheduler-8] WARN  c.q.federated.service.FederatedCoordinatorService - Node 11 marked as inactive due to heartbeat timeout
2026-01-15 14:15:54.116 [taskScheduler-8] WARN  c.q.federated.service.FederatedCoordinatorService - Node 111 marked as inactive due to heartbeat timeout
2026-01-15 14:15:59.122 [taskScheduler-8] WARN  c.q.federated.service.FederatedCoordinatorService - Node 11 marked as inactive due to heartbeat timeout
2026-01-15 14:15:59.122 [taskScheduler-8] WARN  c.q.federated.service.FederatedCoordinatorService - Node 111 marked as inactive due to heartbeat timeout
2026-01-15 14:16:04.136 [taskScheduler-8] WARN  c.q.federated.service.FederatedCoordinatorService - Node 11 marked as inactive due to heartbeat timeout
2026-01-15 14:16:04.136 [taskScheduler-8] WARN  c.q.federated.service.FederatedCoordinatorService - Node 111 marked as inactive due to heartbeat timeout
2026-01-15 14:16:09.152 [taskScheduler-8] WARN  c.q.federated.service.FederatedCoordinatorService - Node 11 marked as inactive due to heartbeat timeout
2026-01-15 14:16:09.152 [taskScheduler-8] WARN  c.q.federated.service.FederatedCoordinatorService - Node 111 marked as inactive due to heartbeat timeout
2026-01-15 14:16:14.172 [taskScheduler-8] WARN  c.q.federated.service.FederatedCoordinatorService - Node 11 marked as inactive due to heartbeat timeout
2026-01-15 14:16:14.172 [taskScheduler-8] WARN  c.q.federated.service.FederatedCoordinatorService - Node 111 marked as inactive due to heartbeat timeout
2026-01-15 14:16:19.184 [taskScheduler-8] WARN  c.q.federated.service.FederatedCoordinatorService - Node 11 marked as inactive due to heartbeat timeout
2026-01-15 14:16:19.185 [taskScheduler-8] WARN  c.q.federated.service.FederatedCoordinatorService - Node 111 marked as inactive due to heartbeat timeout
2026-01-15 14:16:24.200 [taskScheduler-8] WARN  c.q.federated.service.FederatedCoordinatorService - Node 11 marked as inactive due to heartbeat timeout
2026-01-15 14:16:24.201 [taskScheduler-8] WARN  c.q.federated.service.FederatedCoordinatorService - Node 111 marked as inactive due to heartbeat timeout
2026-01-15 14:16:29.208 [taskScheduler-8] WARN  c.q.federated.service.FederatedCoordinatorService - Node 11 marked as inactive due to heartbeat timeout
2026-01-15 14:16:29.208 [taskScheduler-8] WARN  c.q.federated.service.FederatedCoordinatorService - Node 111 marked as inactive due to heartbeat timeout
2026-01-15 14:16:34.218 [taskScheduler-8] WARN  c.q.federated.service.FederatedCoordinatorService - Node 11 marked as inactive due to heartbeat timeout
2026-01-15 14:16:34.267 [taskScheduler-8] WARN  c.q.federated.service.FederatedCoordinatorService - Node 111 marked as inactive due to heartbeat timeout
2026-01-15 14:16:39.318 [taskScheduler-8] WARN  c.q.federated.service.FederatedCoordinatorService - Node 11 marked as inactive due to heartbeat timeout
2026-01-15 14:16:39.318 [taskScheduler-8] WARN  c.q.federated.service.FederatedCoordinatorService - Node 111 marked as inactive due to heartbeat timeout
2026-01-15 14:16:44.333 [taskScheduler-8] WARN  c.q.federated.service.FederatedCoordinatorService - Node 11 marked as inactive due to heartbeat timeout
2026-01-15 14:16:44.333 [taskScheduler-8] WARN  c.q.federated.service.FederatedCoordinatorService - Node 111 marked as inactive due to heartbeat timeout
2026-01-15 14:16:49.339 [taskScheduler-8] WARN  c.q.federated.service.FederatedCoordinatorService - Node 11 marked as inactive due to heartbeat timeout
2026-01-15 14:16:49.340 [taskScheduler-8] WARN  c.q.federated.service.FederatedCoordinatorService - Node 111 marked as inactive due to heartbeat timeout
2026-01-15 14:16:54.348 [taskScheduler-8] WARN  c.q.federated.service.FederatedCoordinatorService - Node 11 marked as inactive due to heartbeat timeout
2026-01-15 14:16:54.349 [taskScheduler-8] WARN  c.q.federated.service.FederatedCoordinatorService - Node 111 marked as inactive due to heartbeat timeout
2026-01-15 14:16:59.359 [taskScheduler-8] WARN  c.q.federated.service.FederatedCoordinatorService - Node 11 marked as inactive due to heartbeat timeout
2026-01-15 14:16:59.359 [taskScheduler-8] WARN  c.q.federated.service.FederatedCoordinatorService - Node 111 marked as inactive due to heartbeat timeout
2026-01-15 14:17:04.375 [taskScheduler-8] WARN  c.q.federated.service.FederatedCoordinatorService - Node 11 marked as inactive due to heartbeat timeout
2026-01-15 14:17:04.375 [taskScheduler-8] WARN  c.q.federated.service.FederatedCoordinatorService - Node 111 marked as inactive due to heartbeat timeout
2026-01-15 14:17:09.386 [taskScheduler-8] WARN  c.q.federated.service.FederatedCoordinatorService - Node 11 marked as inactive due to heartbeat timeout
2026-01-15 14:17:09.386 [taskScheduler-8] WARN  c.q.federated.service.FederatedCoordinatorService - Node 111 marked as inactive due to heartbeat timeout
2026-01-15 14:17:14.406 [taskScheduler-8] WARN  c.q.federated.service.FederatedCoordinatorService - Node 11 marked as inactive due to heartbeat timeout
2026-01-15 14:17:14.408 [taskScheduler-8] WARN  c.q.federated.service.FederatedCoordinatorService - Node 111 marked as inactive due to heartbeat timeout
2026-01-15 14:17:19.429 [taskScheduler-8] WARN  c.q.federated.service.FederatedCoordinatorService - Node 11 marked as inactive due to heartbeat timeout
2026-01-15 14:17:19.429 [taskScheduler-8] WARN  c.q.federated.service.FederatedCoordinatorService - Node 111 marked as inactive due to heartbeat timeout
2026-01-15 14:17:24.436 [taskScheduler-8] WARN  c.q.federated.service.FederatedCoordinatorService - Node 11 marked as inactive due to heartbeat timeout
2026-01-15 14:17:24.436 [taskScheduler-8] WARN  c.q.federated.service.FederatedCoordinatorService - Node 111 marked as inactive due to heartbeat timeout
2026-01-15 14:17:29.451 [taskScheduler-8] WARN  c.q.federated.service.FederatedCoordinatorService - Node 11 marked as inactive due to heartbeat timeout
2026-01-15 14:17:29.451 [taskScheduler-8] WARN  c.q.federated.service.FederatedCoordinatorService - Node 111 marked as inactive due to heartbeat timeout
2026-01-15 14:17:34.465 [taskScheduler-8] WARN  c.q.federated.service.FederatedCoordinatorService - Node 11 marked as inactive due to heartbeat timeout
2026-01-15 14:17:34.465 [taskScheduler-8] WARN  c.q.federated.service.FederatedCoordinatorService - Node 111 marked as inactive due to heartbeat timeout
2026-01-15 14:17:39.470 [taskScheduler-8] WARN  c.q.federated.service.FederatedCoordinatorService - Node 11 marked as inactive due to heartbeat timeout
2026-01-15 14:17:39.471 [taskScheduler-8] WARN  c.q.federated.service.FederatedCoordinatorService - Node 111 marked as inactive due to heartbeat timeout
2026-01-15 14:17:44.483 [taskScheduler-8] WARN  c.q.federated.service.FederatedCoordinatorService - Node 11 marked as inactive due to heartbeat timeout
2026-01-15 14:17:44.483 [taskScheduler-8] WARN  c.q.federated.service.FederatedCoordinatorService - Node 111 marked as inactive due to heartbeat timeout
2026-01-15 14:17:49.499 [taskScheduler-8] WARN  c.q.federated.service.FederatedCoordinatorService - Node 11 marked as inactive due to heartbeat timeout
2026-01-15 14:17:49.499 [taskScheduler-8] WARN  c.q.federated.service.FederatedCoordinatorService - Node 111 marked as inactive due to heartbeat timeout
2026-01-15 14:17:54.519 [taskScheduler-8] WARN  c.q.federated.service.FederatedCoordinatorService - Node 11 marked as inactive due to heartbeat timeout
2026-01-15 14:17:54.519 [taskScheduler-8] WARN  c.q.federated.service.FederatedCoordinatorService - Node 111 marked as inactive due to heartbeat timeout
2026-01-15 14:17:59.525 [taskScheduler-8] WARN  c.q.federated.service.FederatedCoordinatorService - Node 11 marked as inactive due to heartbeat timeout
2026-01-15 14:17:59.526 [taskScheduler-8] WARN  c.q.federated.service.FederatedCoordinatorService - Node 111 marked as inactive due to heartbeat timeout
2026-01-15 14:18:04.531 [taskScheduler-8] WARN  c.q.federated.service.FederatedCoordinatorService - Node 11 marked as inactive due to heartbeat timeout
2026-01-15 14:18:04.532 [taskScheduler-8] WARN  c.q.federated.service.FederatedCoordinatorService - Node 111 marked as inactive due to heartbeat timeout
2026-01-15 14:18:09.549 [taskScheduler-8] WARN  c.q.federated.service.FederatedCoordinatorService - Node 11 marked as inactive due to heartbeat timeout
2026-01-15 14:18:09.550 [taskScheduler-8] WARN  c.q.federated.service.FederatedCoordinatorService - Node 111 marked as inactive due to heartbeat timeout
2026-01-15 14:18:14.557 [taskScheduler-8] WARN  c.q.federated.service.FederatedCoordinatorService - Node 11 marked as inactive due to heartbeat timeout
2026-01-15 14:18:14.557 [taskScheduler-8] WARN  c.q.federated.service.FederatedCoordinatorService - Node 111 marked as inactive due to heartbeat timeout
2026-01-15 14:18:19.569 [taskScheduler-8] WARN  c.q.federated.service.FederatedCoordinatorService - Node 11 marked as inactive due to heartbeat timeout
2026-01-15 14:18:19.569 [taskScheduler-8] WARN  c.q.federated.service.FederatedCoordinatorService - Node 111 marked as inactive due to heartbeat timeout
2026-01-15 14:18:24.577 [taskScheduler-8] WARN  c.q.federated.service.FederatedCoordinatorService - Node 11 marked as inactive due to heartbeat timeout
2026-01-15 14:18:24.579 [taskScheduler-8] WARN  c.q.federated.service.FederatedCoordinatorService - Node 111 marked as inactive due to heartbeat timeout
2026-01-15 14:18:29.605 [taskScheduler-8] WARN  c.q.federated.service.FederatedCoordinatorService - Node 11 marked as inactive due to heartbeat timeout
2026-01-15 14:18:29.609 [taskScheduler-8] WARN  c.q.federated.service.FederatedCoordinatorService - Node 111 marked as inactive due to heartbeat timeout
2026-01-15 14:18:34.625 [taskScheduler-8] WARN  c.q.federated.service.FederatedCoordinatorService - Node 11 marked as inactive due to heartbeat timeout
2026-01-15 14:18:34.625 [taskScheduler-8] WARN  c.q.federated.service.FederatedCoordinatorService - Node 111 marked as inactive due to heartbeat timeout
2026-01-15 14:18:39.635 [taskScheduler-8] WARN  c.q.federated.service.FederatedCoordinatorService - Node 11 marked as inactive due to heartbeat timeout
2026-01-15 14:18:39.636 [taskScheduler-8] WARN  c.q.federated.service.FederatedCoordinatorService - Node 111 marked as inactive due to heartbeat timeout
2026-01-15 14:18:44.650 [taskScheduler-8] WARN  c.q.federated.service.FederatedCoordinatorService - Node 11 marked as inactive due to heartbeat timeout
2026-01-15 14:18:44.650 [taskScheduler-8] WARN  c.q.federated.service.FederatedCoordinatorService - Node 111 marked as inactive due to heartbeat timeout
2026-01-15 14:18:49.664 [taskScheduler-8] WARN  c.q.federated.service.FederatedCoordinatorService - Node 11 marked as inactive due to heartbeat timeout
2026-01-15 14:18:49.666 [taskScheduler-8] WARN  c.q.federated.service.FederatedCoordinatorService - Node 111 marked as inactive due to heartbeat timeout
2026-01-15 14:18:54.682 [taskScheduler-8] WARN  c.q.federated.service.FederatedCoordinatorService - Node 11 marked as inactive due to heartbeat timeout
2026-01-15 14:18:54.682 [taskScheduler-8] WARN  c.q.federated.service.FederatedCoordinatorService - Node 111 marked as inactive due to heartbeat timeout
2026-01-15 14:18:59.696 [taskScheduler-8] WARN  c.q.federated.service.FederatedCoordinatorService - Node 11 marked as inactive due to heartbeat timeout
2026-01-15 14:18:59.696 [taskScheduler-8] WARN  c.q.federated.service.FederatedCoordinatorService - Node 111 marked as inactive due to heartbeat timeout
2026-01-15 14:19:04.715 [taskScheduler-8] WARN  c.q.federated.service.FederatedCoordinatorService - Node 11 marked as inactive due to heartbeat timeout
2026-01-15 14:19:04.715 [taskScheduler-8] WARN  c.q.federated.service.FederatedCoordinatorService - Node 111 marked as inactive due to heartbeat timeout
2026-01-15 14:19:09.730 [taskScheduler-8] WARN  c.q.federated.service.FederatedCoordinatorService - Node 11 marked as inactive due to heartbeat timeout
2026-01-15 14:19:09.731 [taskScheduler-8] WARN  c.q.federated.service.FederatedCoordinatorService - Node 111 marked as inactive due to heartbeat timeout
2026-01-15 14:19:14.747 [taskScheduler-8] WARN  c.q.federated.service.FederatedCoordinatorService - Node 11 marked as inactive due to heartbeat timeout
2026-01-15 14:19:14.748 [taskScheduler-8] WARN  c.q.federated.service.FederatedCoordinatorService - Node 111 marked as inactive due to heartbeat timeout
2026-01-15 14:19:19.767 [taskScheduler-8] WARN  c.q.federated.service.FederatedCoordinatorService - Node 11 marked as inactive due to heartbeat timeout
2026-01-15 14:19:19.768 [taskScheduler-8] WARN  c.q.federated.service.FederatedCoordinatorService - Node 111 marked as inactive due to heartbeat timeout
2026-01-15 14:19:24.778 [taskScheduler-8] WARN  c.q.federated.service.FederatedCoordinatorService - Node 11 marked as inactive due to heartbeat timeout
2026-01-15 14:19:24.779 [taskScheduler-8] WARN  c.q.federated.service.FederatedCoordinatorService - Node 111 marked as inactive due to heartbeat timeout
2026-01-15 14:19:29.784 [taskScheduler-8] WARN  c.q.federated.service.FederatedCoordinatorService - Node 11 marked as inactive due to heartbeat timeout
2026-01-15 14:19:29.785 [taskScheduler-8] WARN  c.q.federated.service.FederatedCoordinatorService - Node 111 marked as inactive due to heartbeat timeout
2026-01-15 14:19:34.802 [taskScheduler-8] WARN  c.q.federated.service.FederatedCoordinatorService - Node 11 marked as inactive due to heartbeat timeout
2026-01-15 14:19:34.803 [taskScheduler-8] WARN  c.q.federated.service.FederatedCoordinatorService - Node 111 marked as inactive due to heartbeat timeout
2026-01-15 14:19:39.807 [taskScheduler-8] WARN  c.q.federated.service.FederatedCoordinatorService - Node 11 marked as inactive due to heartbeat timeout
2026-01-15 14:19:39.808 [taskScheduler-8] WARN  c.q.federated.service.FederatedCoordinatorService - Node 111 marked as inactive due to heartbeat timeout
2026-01-15 14:19:44.818 [taskScheduler-8] WARN  c.q.federated.service.FederatedCoordinatorService - Node 11 marked as inactive due to heartbeat timeout
2026-01-15 14:19:44.819 [taskScheduler-8] WARN  c.q.federated.service.FederatedCoordinatorService - Node 111 marked as inactive due to heartbeat timeout
2026-01-15 14:19:49.827 [taskScheduler-8] WARN  c.q.federated.service.FederatedCoordinatorService - Node 11 marked as inactive due to heartbeat timeout
2026-01-15 14:19:49.827 [taskScheduler-8] WARN  c.q.federated.service.FederatedCoordinatorService - Node 111 marked as inactive due to heartbeat timeout
2026-01-15 14:19:54.841 [taskScheduler-8] WARN  c.q.federated.service.FederatedCoordinatorService - Node 11 marked as inactive due to heartbeat timeout
2026-01-15 14:19:54.841 [taskScheduler-8] WARN  c.q.federated.service.FederatedCoordinatorService - Node 111 marked as inactive due to heartbeat timeout
2026-01-15 14:19:59.855 [taskScheduler-8] WARN  c.q.federated.service.FederatedCoordinatorService - Node 11 marked as inactive due to heartbeat timeout
2026-01-15 14:19:59.855 [taskScheduler-8] WARN  c.q.federated.service.FederatedCoordinatorService - Node 111 marked as inactive due to heartbeat timeout
2026-01-15 14:20:04.872 [taskScheduler-8] WARN  c.q.federated.service.FederatedCoordinatorService - Node 11 marked as inactive due to heartbeat timeout
2026-01-15 14:20:04.873 [taskScheduler-8] WARN  c.q.federated.service.FederatedCoordinatorService - Node 111 marked as inactive due to heartbeat timeout
2026-01-15 14:20:09.884 [taskScheduler-8] WARN  c.q.federated.service.FederatedCoordinatorService - Node 11 marked as inactive due to heartbeat timeout
2026-01-15 14:20:09.884 [taskScheduler-8] WARN  c.q.federated.service.FederatedCoordinatorService - Node 111 marked as inactive due to heartbeat timeout
2026-01-15 14:20:14.896 [taskScheduler-8] WARN  c.q.federated.service.FederatedCoordinatorService - Node 11 marked as inactive due to heartbeat timeout
2026-01-15 14:20:14.896 [taskScheduler-8] WARN  c.q.federated.service.FederatedCoordinatorService - Node 111 marked as inactive due to heartbeat timeout
2026-01-15 14:20:19.909 [taskScheduler-8] WARN  c.q.federated.service.FederatedCoordinatorService - Node 11 marked as inactive due to heartbeat timeout
2026-01-15 14:20:19.909 [taskScheduler-8] WARN  c.q.federated.service.FederatedCoordinatorService - Node 111 marked as inactive due to heartbeat timeout
2026-01-15 14:20:24.913 [taskScheduler-8] WARN  c.q.federated.service.FederatedCoordinatorService - Node 11 marked as inactive due to heartbeat timeout
2026-01-15 14:20:24.913 [taskScheduler-8] WARN  c.q.federated.service.FederatedCoordinatorService - Node 111 marked as inactive due to heartbeat timeout
2026-01-15 14:20:29.922 [taskScheduler-8] WARN  c.q.federated.service.FederatedCoordinatorService - Node 11 marked as inactive due to heartbeat timeout
2026-01-15 14:20:29.922 [taskScheduler-8] WARN  c.q.federated.service.FederatedCoordinatorService - Node 111 marked as inactive due to heartbeat timeout
2026-01-15 14:20:34.928 [taskScheduler-8] WARN  c.q.federated.service.FederatedCoordinatorService - Node 11 marked as inactive due to heartbeat timeout
2026-01-15 14:20:34.928 [taskScheduler-8] WARN  c.q.federated.service.FederatedCoordinatorService - Node 111 marked as inactive due to heartbeat timeout
2026-01-15 14:20:39.945 [taskScheduler-8] WARN  c.q.federated.service.FederatedCoordinatorService - Node 11 marked as inactive due to heartbeat timeout
2026-01-15 14:20:39.946 [taskScheduler-8] WARN  c.q.federated.service.FederatedCoordinatorService - Node 111 marked as inactive due to heartbeat timeout
2026-01-15 14:20:44.956 [taskScheduler-8] WARN  c.q.federated.service.FederatedCoordinatorService - Node 11 marked as inactive due to heartbeat timeout
2026-01-15 14:20:44.957 [taskScheduler-8] WARN  c.q.federated.service.FederatedCoordinatorService - Node 111 marked as inactive due to heartbeat timeout
2026-01-15 14:20:49.977 [taskScheduler-8] WARN  c.q.federated.service.FederatedCoordinatorService - Node 11 marked as inactive due to heartbeat timeout
2026-01-15 14:20:49.978 [taskScheduler-8] WARN  c.q.federated.service.FederatedCoordinatorService - Node 111 marked as inactive due to heartbeat timeout
2026-01-15 14:20:54.991 [taskScheduler-8] WARN  c.q.federated.service.FederatedCoordinatorService - Node 11 marked as inactive due to heartbeat timeout
2026-01-15 14:20:54.992 [taskScheduler-8] WARN  c.q.federated.service.FederatedCoordinatorService - Node 111 marked as inactive due to heartbeat timeout
2026-01-15 14:21:00.009 [taskScheduler-8] WARN  c.q.federated.service.FederatedCoordinatorService - Node 11 marked as inactive due to heartbeat timeout
2026-01-15 14:21:00.009 [taskScheduler-8] WARN  c.q.federated.service.FederatedCoordinatorService - Node 111 marked as inactive due to heartbeat timeout
2026-01-15 14:21:05.033 [taskScheduler-8] WARN  c.q.federated.service.FederatedCoordinatorService - Node 11 marked as inactive due to heartbeat timeout
2026-01-15 14:21:05.076 [taskScheduler-8] WARN  c.q.federated.service.FederatedCoordinatorService - Node 111 marked as inactive due to heartbeat timeout
2026-01-15 14:21:10.131 [taskScheduler-7] WARN  c.q.federated.service.FederatedCoordinatorService - Node 11 marked as inactive due to heartbeat timeout
2026-01-15 14:21:10.131 [taskScheduler-7] WARN  c.q.federated.service.FederatedCoordinatorService - Node 111 marked as inactive due to heartbeat timeout
2026-01-15 14:21:15.140 [taskScheduler-7] WARN  c.q.federated.service.FederatedCoordinatorService - Node 11 marked as inactive due to heartbeat timeout
2026-01-15 14:21:15.141 [taskScheduler-7] WARN  c.q.federated.service.FederatedCoordinatorService - Node 111 marked as inactive due to heartbeat timeout
2026-01-15 14:21:20.150 [taskScheduler-7] WARN  c.q.federated.service.FederatedCoordinatorService - Node 11 marked as inactive due to heartbeat timeout
2026-01-15 14:21:20.151 [taskScheduler-7] WARN  c.q.federated.service.FederatedCoordinatorService - Node 111 marked as inactive due to heartbeat timeout
2026-01-15 14:21:25.159 [taskScheduler-7] WARN  c.q.federated.service.FederatedCoordinatorService - Node 11 marked as inactive due to heartbeat timeout
2026-01-15 14:21:25.159 [taskScheduler-7] WARN  c.q.federated.service.FederatedCoordinatorService - Node 111 marked as inactive due to heartbeat timeout
2026-01-15 14:21:30.171 [taskScheduler-7] WARN  c.q.federated.service.FederatedCoordinatorService - Node 11 marked as inactive due to heartbeat timeout
2026-01-15 14:21:30.171 [taskScheduler-7] WARN  c.q.federated.service.FederatedCoordinatorService - Node 111 marked as inactive due to heartbeat timeout
2026-01-15 14:21:35.177 [taskScheduler-7] WARN  c.q.federated.service.FederatedCoordinatorService - Node 11 marked as inactive due to heartbeat timeout
2026-01-15 14:21:35.177 [taskScheduler-7] WARN  c.q.federated.service.FederatedCoordinatorService - Node 111 marked as inactive due to heartbeat timeout
2026-01-15 14:21:40.190 [taskScheduler-7] WARN  c.q.federated.service.FederatedCoordinatorService - Node 11 marked as inactive due to heartbeat timeout
2026-01-15 14:21:40.191 [taskScheduler-7] WARN  c.q.federated.service.FederatedCoordinatorService - Node 111 marked as inactive due to heartbeat timeout
2026-01-15 14:21:45.208 [taskScheduler-7] WARN  c.q.federated.service.FederatedCoordinatorService - Node 11 marked as inactive due to heartbeat timeout
2026-01-15 14:21:45.209 [taskScheduler-7] WARN  c.q.federated.service.FederatedCoordinatorService - Node 111 marked as inactive due to heartbeat timeout
2026-01-15 14:21:50.224 [taskScheduler-7] WARN  c.q.federated.service.FederatedCoordinatorService - Node 11 marked as inactive due to heartbeat timeout
2026-01-15 14:21:50.225 [taskScheduler-7] WARN  c.q.federated.service.FederatedCoordinatorService - Node 111 marked as inactive due to heartbeat timeout
2026-01-15 14:21:55.234 [taskScheduler-7] WARN  c.q.federated.service.FederatedCoordinatorService - Node 11 marked as inactive due to heartbeat timeout
2026-01-15 14:21:55.235 [taskScheduler-7] WARN  c.q.federated.service.FederatedCoordinatorService - Node 111 marked as inactive due to heartbeat timeout
2026-01-15 14:22:00.242 [taskScheduler-7] WARN  c.q.federated.service.FederatedCoordinatorService - Node 11 marked as inactive due to heartbeat timeout
2026-01-15 14:22:00.242 [taskScheduler-7] WARN  c.q.federated.service.FederatedCoordinatorService - Node 111 marked as inactive due to heartbeat timeout
2026-01-15 14:22:05.258 [taskScheduler-7] WARN  c.q.federated.service.FederatedCoordinatorService - Node 11 marked as inactive due to heartbeat timeout
2026-01-15 14:22:05.259 [taskScheduler-7] WARN  c.q.federated.service.FederatedCoordinatorService - Node 111 marked as inactive due to heartbeat timeout
2026-01-15 14:22:10.276 [taskScheduler-7] WARN  c.q.federated.service.FederatedCoordinatorService - Node 11 marked as inactive due to heartbeat timeout
2026-01-15 14:22:10.286 [taskScheduler-7] WARN  c.q.federated.service.FederatedCoordinatorService - Node 111 marked as inactive due to heartbeat timeout
2026-01-15 14:22:15.307 [taskScheduler-7] WARN  c.q.federated.service.FederatedCoordinatorService - Node 11 marked as inactive due to heartbeat timeout
2026-01-15 14:22:15.308 [taskScheduler-7] WARN  c.q.federated.service.FederatedCoordinatorService - Node 111 marked as inactive due to heartbeat timeout
2026-01-15 14:22:20.318 [taskScheduler-7] WARN  c.q.federated.service.FederatedCoordinatorService - Node 11 marked as inactive due to heartbeat timeout
2026-01-15 14:22:20.319 [taskScheduler-7] WARN  c.q.federated.service.FederatedCoordinatorService - Node 111 marked as inactive due to heartbeat timeout
2026-01-15 14:22:25.328 [taskScheduler-7] WARN  c.q.federated.service.FederatedCoordinatorService - Node 11 marked as inactive due to heartbeat timeout
2026-01-15 14:22:25.329 [taskScheduler-7] WARN  c.q.federated.service.FederatedCoordinatorService - Node 111 marked as inactive due to heartbeat timeout
2026-01-15 14:22:30.339 [taskScheduler-7] WARN  c.q.federated.service.FederatedCoordinatorService - Node 11 marked as inactive due to heartbeat timeout
2026-01-15 14:22:30.339 [taskScheduler-7] WARN  c.q.federated.service.FederatedCoordinatorService - Node 111 marked as inactive due to heartbeat timeout
2026-01-15 14:22:35.347 [taskScheduler-7] WARN  c.q.federated.service.FederatedCoordinatorService - Node 11 marked as inactive due to heartbeat timeout
2026-01-15 14:22:35.347 [taskScheduler-7] WARN  c.q.federated.service.FederatedCoordinatorService - Node 111 marked as inactive due to heartbeat timeout
2026-01-15 14:22:40.361 [taskScheduler-7] WARN  c.q.federated.service.FederatedCoordinatorService - Node 11 marked as inactive due to heartbeat timeout
2026-01-15 14:22:40.361 [taskScheduler-7] WARN  c.q.federated.service.FederatedCoordinatorService - Node 111 marked as inactive due to heartbeat timeout
2026-01-15 14:22:45.371 [taskScheduler-7] WARN  c.q.federated.service.FederatedCoordinatorService - Node 11 marked as inactive due to heartbeat timeout
2026-01-15 14:22:45.372 [taskScheduler-7] WARN  c.q.federated.service.FederatedCoordinatorService - Node 111 marked as inactive due to heartbeat timeout
2026-01-15 14:22:50.392 [taskScheduler-3] WARN  c.q.federated.service.FederatedCoordinatorService - Node 11 marked as inactive due to heartbeat timeout
2026-01-15 14:22:50.393 [taskScheduler-3] WARN  c.q.federated.service.FederatedCoordinatorService - Node 111 marked as inactive due to heartbeat timeout
2026-01-15 14:22:55.405 [taskScheduler-3] WARN  c.q.federated.service.FederatedCoordinatorService - Node 11 marked as inactive due to heartbeat timeout
2026-01-15 14:22:55.406 [taskScheduler-3] WARN  c.q.federated.service.FederatedCoordinatorService - Node 111 marked as inactive due to heartbeat timeout
2026-01-15 14:23:00.416 [taskScheduler-3] WARN  c.q.federated.service.FederatedCoordinatorService - Node 11 marked as inactive due to heartbeat timeout
2026-01-15 14:23:00.417 [taskScheduler-3] WARN  c.q.federated.service.FederatedCoordinatorService - Node 111 marked as inactive due to heartbeat timeout
2026-01-15 14:23:05.430 [taskScheduler-3] WARN  c.q.federated.service.FederatedCoordinatorService - Node 11 marked as inactive due to heartbeat timeout
2026-01-15 14:23:05.431 [taskScheduler-3] WARN  c.q.federated.service.FederatedCoordinatorService - Node 111 marked as inactive due to heartbeat timeout
2026-01-15 14:23:10.441 [taskScheduler-3] WARN  c.q.federated.service.FederatedCoordinatorService - Node 11 marked as inactive due to heartbeat timeout
2026-01-15 14:23:10.442 [taskScheduler-3] WARN  c.q.federated.service.FederatedCoordinatorService - Node 111 marked as inactive due to heartbeat timeout
2026-01-15 14:23:15.461 [taskScheduler-3] WARN  c.q.federated.service.FederatedCoordinatorService - Node 11 marked as inactive due to heartbeat timeout
2026-01-15 14:23:15.462 [taskScheduler-3] WARN  c.q.federated.service.FederatedCoordinatorService - Node 111 marked as inactive due to heartbeat timeout
2026-01-15 14:23:20.476 [taskScheduler-3] WARN  c.q.federated.service.FederatedCoordinatorService - Node 11 marked as inactive due to heartbeat timeout
2026-01-15 14:23:20.477 [taskScheduler-3] WARN  c.q.federated.service.FederatedCoordinatorService - Node 111 marked as inactive due to heartbeat timeout
2026-01-15 14:23:25.494 [taskScheduler-3] WARN  c.q.federated.service.FederatedCoordinatorService - Node 11 marked as inactive due to heartbeat timeout
2026-01-15 14:23:25.495 [taskScheduler-3] WARN  c.q.federated.service.FederatedCoordinatorService - Node 111 marked as inactive due to heartbeat timeout
2026-01-15 14:23:30.508 [taskScheduler-3] WARN  c.q.federated.service.FederatedCoordinatorService - Node 11 marked as inactive due to heartbeat timeout
2026-01-15 14:23:30.508 [taskScheduler-3] WARN  c.q.federated.service.FederatedCoordinatorService - Node 111 marked as inactive due to heartbeat timeout
2026-01-15 14:23:35.519 [taskScheduler-3] WARN  c.q.federated.service.FederatedCoordinatorService - Node 11 marked as inactive due to heartbeat timeout
2026-01-15 14:23:35.519 [taskScheduler-3] WARN  c.q.federated.service.FederatedCoordinatorService - Node 111 marked as inactive due to heartbeat timeout
2026-01-15 14:23:40.527 [taskScheduler-3] WARN  c.q.federated.service.FederatedCoordinatorService - Node 11 marked as inactive due to heartbeat timeout
2026-01-15 14:23:40.529 [taskScheduler-3] WARN  c.q.federated.service.FederatedCoordinatorService - Node 111 marked as inactive due to heartbeat timeout
2026-01-15 14:23:45.553 [taskScheduler-3] WARN  c.q.federated.service.FederatedCoordinatorService - Node 11 marked as inactive due to heartbeat timeout
2026-01-15 14:23:45.611 [taskScheduler-3] WARN  c.q.federated.service.FederatedCoordinatorService - Node 111 marked as inactive due to heartbeat timeout
2026-01-15 14:23:50.706 [taskScheduler-3] WARN  c.q.federated.service.FederatedCoordinatorService - Node 11 marked as inactive due to heartbeat timeout
2026-01-15 14:23:50.707 [taskScheduler-3] WARN  c.q.federated.service.FederatedCoordinatorService - Node 111 marked as inactive due to heartbeat timeout
2026-01-15 14:23:55.731 [taskScheduler-3] WARN  c.q.federated.service.FederatedCoordinatorService - Node 11 marked as inactive due to heartbeat timeout
2026-01-15 14:23:55.732 [taskScheduler-3] WARN  c.q.federated.service.FederatedCoordinatorService - Node 111 marked as inactive due to heartbeat timeout
2026-01-15 14:24:00.749 [taskScheduler-3] WARN  c.q.federated.service.FederatedCoordinatorService - Node 11 marked as inactive due to heartbeat timeout
2026-01-15 14:24:00.750 [taskScheduler-3] WARN  c.q.federated.service.FederatedCoordinatorService - Node 111 marked as inactive due to heartbeat timeout
2026-01-15 14:24:05.766 [taskScheduler-3] WARN  c.q.federated.service.FederatedCoordinatorService - Node 11 marked as inactive due to heartbeat timeout
2026-01-15 14:24:05.767 [taskScheduler-3] WARN  c.q.federated.service.FederatedCoordinatorService - Node 111 marked as inactive due to heartbeat timeout
2026-01-15 14:24:10.776 [taskScheduler-3] WARN  c.q.federated.service.FederatedCoordinatorService - Node 11 marked as inactive due to heartbeat timeout
2026-01-15 14:24:10.777 [taskScheduler-3] WARN  c.q.federated.service.FederatedCoordinatorService - Node 111 marked as inactive due to heartbeat timeout
2026-01-15 14:24:15.791 [taskScheduler-3] WARN  c.q.federated.service.FederatedCoordinatorService - Node 11 marked as inactive due to heartbeat timeout
2026-01-15 14:24:15.792 [taskScheduler-3] WARN  c.q.federated.service.FederatedCoordinatorService - Node 111 marked as inactive due to heartbeat timeout
2026-01-15 14:24:20.800 [taskScheduler-3] WARN  c.q.federated.service.FederatedCoordinatorService - Node 11 marked as inactive due to heartbeat timeout
2026-01-15 14:24:20.801 [taskScheduler-3] WARN  c.q.federated.service.FederatedCoordinatorService - Node 111 marked as inactive due to heartbeat timeout
2026-01-15 14:24:25.808 [taskScheduler-3] WARN  c.q.federated.service.FederatedCoordinatorService - Node 11 marked as inactive due to heartbeat timeout
2026-01-15 14:24:25.809 [taskScheduler-3] WARN  c.q.federated.service.FederatedCoordinatorService - Node 111 marked as inactive due to heartbeat timeout
2026-01-15 14:24:30.822 [taskScheduler-3] WARN  c.q.federated.service.FederatedCoordinatorService - Node 11 marked as inactive due to heartbeat timeout
2026-01-15 14:24:30.822 [taskScheduler-3] WARN  c.q.federated.service.FederatedCoordinatorService - Node 111 marked as inactive due to heartbeat timeout
2026-01-15 14:24:35.839 [taskScheduler-3] WARN  c.q.federated.service.FederatedCoordinatorService - Node 11 marked as inactive due to heartbeat timeout
2026-01-15 14:24:35.839 [taskScheduler-3] WARN  c.q.federated.service.FederatedCoordinatorService - Node 111 marked as inactive due to heartbeat timeout
2026-01-15 14:24:40.857 [taskScheduler-3] WARN  c.q.federated.service.FederatedCoordinatorService - Node 11 marked as inactive due to heartbeat timeout
2026-01-15 14:24:40.857 [taskScheduler-3] WARN  c.q.federated.service.FederatedCoordinatorService - Node 111 marked as inactive due to heartbeat timeout
2026-01-15 14:24:45.872 [taskScheduler-3] WARN  c.q.federated.service.FederatedCoordinatorService - Node 11 marked as inactive due to heartbeat timeout
2026-01-15 14:24:45.873 [taskScheduler-3] WARN  c.q.federated.service.FederatedCoordinatorService - Node 111 marked as inactive due to heartbeat timeout
2026-01-15 14:24:50.885 [taskScheduler-3] WARN  c.q.federated.service.FederatedCoordinatorService - Node 11 marked as inactive due to heartbeat timeout
2026-01-15 14:24:50.886 [taskScheduler-3] WARN  c.q.federated.service.FederatedCoordinatorService - Node 111 marked as inactive due to heartbeat timeout
2026-01-15 14:24:55.892 [taskScheduler-3] WARN  c.q.federated.service.FederatedCoordinatorService - Node 11 marked as inactive due to heartbeat timeout
2026-01-15 14:24:55.892 [taskScheduler-3] WARN  c.q.federated.service.FederatedCoordinatorService - Node 111 marked as inactive due to heartbeat timeout
2026-01-15 14:25:00.907 [taskScheduler-3] WARN  c.q.federated.service.FederatedCoordinatorService - Node 11 marked as inactive due to heartbeat timeout
2026-01-15 14:25:00.907 [taskScheduler-3] WARN  c.q.federated.service.FederatedCoordinatorService - Node 111 marked as inactive due to heartbeat timeout
2026-01-15 14:25:05.927 [taskScheduler-3] WARN  c.q.federated.service.FederatedCoordinatorService - Node 11 marked as inactive due to heartbeat timeout
2026-01-15 14:25:05.927 [taskScheduler-3] WARN  c.q.federated.service.FederatedCoordinatorService - Node 111 marked as inactive due to heartbeat timeout
2026-01-15 14:25:10.944 [taskScheduler-3] WARN  c.q.federated.service.FederatedCoordinatorService - Node 11 marked as inactive due to heartbeat timeout
2026-01-15 14:25:10.945 [taskScheduler-3] WARN  c.q.federated.service.FederatedCoordinatorService - Node 111 marked as inactive due to heartbeat timeout
2026-01-15 14:25:15.963 [taskScheduler-3] WARN  c.q.federated.service.FederatedCoordinatorService - Node 11 marked as inactive due to heartbeat timeout
2026-01-15 14:25:15.963 [taskScheduler-3] WARN  c.q.federated.service.FederatedCoordinatorService - Node 111 marked as inactive due to heartbeat timeout
2026-01-15 14:25:20.982 [taskScheduler-3] WARN  c.q.federated.service.FederatedCoordinatorService - Node 11 marked as inactive due to heartbeat timeout
2026-01-15 14:25:20.983 [taskScheduler-3] WARN  c.q.federated.service.FederatedCoordinatorService - Node 111 marked as inactive due to heartbeat timeout
2026-01-15 14:25:25.988 [taskScheduler-3] WARN  c.q.federated.service.FederatedCoordinatorService - Node 11 marked as inactive due to heartbeat timeout
2026-01-15 14:25:25.988 [taskScheduler-3] WARN  c.q.federated.service.FederatedCoordinatorService - Node 111 marked as inactive due to heartbeat timeout
2026-01-15 14:25:31.003 [taskScheduler-3] WARN  c.q.federated.service.FederatedCoordinatorService - Node 11 marked as inactive due to heartbeat timeout
2026-01-15 14:25:31.003 [taskScheduler-3] WARN  c.q.federated.service.FederatedCoordinatorService - Node 111 marked as inactive due to heartbeat timeout
2026-01-15 14:25:36.015 [taskScheduler-3] WARN  c.q.federated.service.FederatedCoordinatorService - Node 11 marked as inactive due to heartbeat timeout
2026-01-15 14:25:36.016 [taskScheduler-3] WARN  c.q.federated.service.FederatedCoordinatorService - Node 111 marked as inactive due to heartbeat timeout
2026-01-15 14:25:41.023 [taskScheduler-3] WARN  c.q.federated.service.FederatedCoordinatorService - Node 11 marked as inactive due to heartbeat timeout
2026-01-15 14:25:41.023 [taskScheduler-3] WARN  c.q.federated.service.FederatedCoordinatorService - Node 111 marked as inactive due to heartbeat timeout
2026-01-15 14:25:46.041 [taskScheduler-3] WARN  c.q.federated.service.FederatedCoordinatorService - Node 11 marked as inactive due to heartbeat timeout
2026-01-15 14:25:46.042 [taskScheduler-3] WARN  c.q.federated.service.FederatedCoordinatorService - Node 111 marked as inactive due to heartbeat timeout
2026-01-15 14:25:51.054 [taskScheduler-3] WARN  c.q.federated.service.FederatedCoordinatorService - Node 11 marked as inactive due to heartbeat timeout
2026-01-15 14:25:51.055 [taskScheduler-3] WARN  c.q.federated.service.FederatedCoordinatorService - Node 111 marked as inactive due to heartbeat timeout
2026-01-15 14:25:56.064 [taskScheduler-3] WARN  c.q.federated.service.FederatedCoordinatorService - Node 11 marked as inactive due to heartbeat timeout
2026-01-15 14:25:56.065 [taskScheduler-3] WARN  c.q.federated.service.FederatedCoordinatorService - Node 111 marked as inactive due to heartbeat timeout
2026-01-15 14:26:01.078 [taskScheduler-3] WARN  c.q.federated.service.FederatedCoordinatorService - Node 11 marked as inactive due to heartbeat timeout
2026-01-15 14:26:01.079 [taskScheduler-3] WARN  c.q.federated.service.FederatedCoordinatorService - Node 111 marked as inactive due to heartbeat timeout
2026-01-15 14:26:06.087 [taskScheduler-3] WARN  c.q.federated.service.FederatedCoordinatorService - Node 11 marked as inactive due to heartbeat timeout
2026-01-15 14:26:06.088 [taskScheduler-3] WARN  c.q.federated.service.FederatedCoordinatorService - Node 111 marked as inactive due to heartbeat timeout
2026-01-15 14:26:11.105 [taskScheduler-3] WARN  c.q.federated.service.FederatedCoordinatorService - Node 11 marked as inactive due to heartbeat timeout
2026-01-15 14:26:11.106 [taskScheduler-3] WARN  c.q.federated.service.FederatedCoordinatorService - Node 111 marked as inactive due to heartbeat timeout
2026-01-15 14:26:16.118 [taskScheduler-3] WARN  c.q.federated.service.FederatedCoordinatorService - Node 11 marked as inactive due to heartbeat timeout
2026-01-15 14:26:16.119 [taskScheduler-3] WARN  c.q.federated.service.FederatedCoordinatorService - Node 111 marked as inactive due to heartbeat timeout
2026-01-15 14:26:21.136 [taskScheduler-3] WARN  c.q.federated.service.FederatedCoordinatorService - Node 11 marked as inactive due to heartbeat timeout
2026-01-15 14:26:21.137 [taskScheduler-3] WARN  c.q.federated.service.FederatedCoordinatorService - Node 111 marked as inactive due to heartbeat timeout
2026-01-15 14:26:26.154 [taskScheduler-3] WARN  c.q.federated.service.FederatedCoordinatorService - Node 11 marked as inactive due to heartbeat timeout
2026-01-15 14:26:26.155 [taskScheduler-3] WARN  c.q.federated.service.FederatedCoordinatorService - Node 111 marked as inactive due to heartbeat timeout
2026-01-15 14:26:31.175 [taskScheduler-3] WARN  c.q.federated.service.FederatedCoordinatorService - Node 11 marked as inactive due to heartbeat timeout
2026-01-15 14:26:31.175 [taskScheduler-3] WARN  c.q.federated.service.FederatedCoordinatorService - Node 111 marked as inactive due to heartbeat timeout
2026-01-15 14:26:36.192 [taskScheduler-3] WARN  c.q.federated.service.FederatedCoordinatorService - Node 11 marked as inactive due to heartbeat timeout
2026-01-15 14:26:36.193 [taskScheduler-3] WARN  c.q.federated.service.FederatedCoordinatorService - Node 111 marked as inactive due to heartbeat timeout
2026-01-15 14:26:41.200 [taskScheduler-3] WARN  c.q.federated.service.FederatedCoordinatorService - Node 11 marked as inactive due to heartbeat timeout
2026-01-15 14:26:41.200 [taskScheduler-3] WARN  c.q.federated.service.FederatedCoordinatorService - Node 111 marked as inactive due to heartbeat timeout
2026-01-15 14:26:46.214 [taskScheduler-3] WARN  c.q.federated.service.FederatedCoordinatorService - Node 11 marked as inactive due to heartbeat timeout
2026-01-15 14:26:46.215 [taskScheduler-3] WARN  c.q.federated.service.FederatedCoordinatorService - Node 111 marked as inactive due to heartbeat timeout
2026-01-15 14:26:51.219 [taskScheduler-3] WARN  c.q.federated.service.FederatedCoordinatorService - Node 11 marked as inactive due to heartbeat timeout
2026-01-15 14:26:51.220 [taskScheduler-3] WARN  c.q.federated.service.FederatedCoordinatorService - Node 111 marked as inactive due to heartbeat timeout
2026-01-15 14:26:56.236 [taskScheduler-3] WARN  c.q.federated.service.FederatedCoordinatorService - Node 11 marked as inactive due to heartbeat timeout
2026-01-15 14:26:56.236 [taskScheduler-3] WARN  c.q.federated.service.FederatedCoordinatorService - Node 111 marked as inactive due to heartbeat timeout
2026-01-15 14:27:01.244 [taskScheduler-3] WARN  c.q.federated.service.FederatedCoordinatorService - Node 11 marked as inactive due to heartbeat timeout
2026-01-15 14:27:01.245 [taskScheduler-3] WARN  c.q.federated.service.FederatedCoordinatorService - Node 111 marked as inactive due to heartbeat timeout
2026-01-15 14:27:06.253 [taskScheduler-3] WARN  c.q.federated.service.FederatedCoordinatorService - Node 11 marked as inactive due to heartbeat timeout
2026-01-15 14:27:06.253 [taskScheduler-3] WARN  c.q.federated.service.FederatedCoordinatorService - Node 111 marked as inactive due to heartbeat timeout
2026-01-15 14:27:11.263 [taskScheduler-3] WARN  c.q.federated.service.FederatedCoordinatorService - Node 11 marked as inactive due to heartbeat timeout
2026-01-15 14:27:11.263 [taskScheduler-3] WARN  c.q.federated.service.FederatedCoordinatorService - Node 111 marked as inactive due to heartbeat timeout
2026-01-15 14:27:16.275 [taskScheduler-3] WARN  c.q.federated.service.FederatedCoordinatorService - Node 11 marked as inactive due to heartbeat timeout
2026-01-15 14:27:16.276 [taskScheduler-3] WARN  c.q.federated.service.FederatedCoordinatorService - Node 111 marked as inactive due to heartbeat timeout
2026-01-15 14:27:21.292 [taskScheduler-3] WARN  c.q.federated.service.FederatedCoordinatorService - Node 11 marked as inactive due to heartbeat timeout
2026-01-15 14:27:21.292 [taskScheduler-3] WARN  c.q.federated.service.FederatedCoordinatorService - Node 111 marked as inactive due to heartbeat timeout
2026-01-15 14:27:26.304 [taskScheduler-3] WARN  c.q.federated.service.FederatedCoordinatorService - Node 11 marked as inactive due to heartbeat timeout
2026-01-15 14:27:26.304 [taskScheduler-3] WARN  c.q.federated.service.FederatedCoordinatorService - Node 111 marked as inactive due to heartbeat timeout
2026-01-15 14:27:31.321 [taskScheduler-3] WARN  c.q.federated.service.FederatedCoordinatorService - Node 11 marked as inactive due to heartbeat timeout
2026-01-15 14:27:31.322 [taskScheduler-3] WARN  c.q.federated.service.FederatedCoordinatorService - Node 111 marked as inactive due to heartbeat timeout
2026-01-15 14:27:36.341 [taskScheduler-3] WARN  c.q.federated.service.FederatedCoordinatorService - Node 11 marked as inactive due to heartbeat timeout
2026-01-15 14:27:36.341 [taskScheduler-3] WARN  c.q.federated.service.FederatedCoordinatorService - Node 111 marked as inactive due to heartbeat timeout
2026-01-15 14:27:41.349 [taskScheduler-3] WARN  c.q.federated.service.FederatedCoordinatorService - Node 11 marked as inactive due to heartbeat timeout
2026-01-15 14:27:41.350 [taskScheduler-3] WARN  c.q.federated.service.FederatedCoordinatorService - Node 111 marked as inactive due to heartbeat timeout
2026-01-15 14:27:46.367 [taskScheduler-3] WARN  c.q.federated.service.FederatedCoordinatorService - Node 11 marked as inactive due to heartbeat timeout
2026-01-15 14:27:46.367 [taskScheduler-3] WARN  c.q.federated.service.FederatedCoordinatorService - Node 111 marked as inactive due to heartbeat timeout
2026-01-15 14:27:51.376 [taskScheduler-3] WARN  c.q.federated.service.FederatedCoordinatorService - Node 11 marked as inactive due to heartbeat timeout
2026-01-15 14:27:51.377 [taskScheduler-3] WARN  c.q.federated.service.FederatedCoordinatorService - Node 111 marked as inactive due to heartbeat timeout
2026-01-15 14:27:56.381 [taskScheduler-3] WARN  c.q.federated.service.FederatedCoordinatorService - Node 11 marked as inactive due to heartbeat timeout
2026-01-15 14:27:56.382 [taskScheduler-3] WARN  c.q.federated.service.FederatedCoordinatorService - Node 111 marked as inactive due to heartbeat timeout
2026-01-15 14:28:01.396 [taskScheduler-3] WARN  c.q.federated.service.FederatedCoordinatorService - Node 11 marked as inactive due to heartbeat timeout
2026-01-15 14:28:01.397 [taskScheduler-3] WARN  c.q.federated.service.FederatedCoordinatorService - Node 111 marked as inactive due to heartbeat timeout
2026-01-15 14:28:06.410 [taskScheduler-3] WARN  c.q.federated.service.FederatedCoordinatorService - Node 11 marked as inactive due to heartbeat timeout
2026-01-15 14:28:06.411 [taskScheduler-3] WARN  c.q.federated.service.FederatedCoordinatorService - Node 111 marked as inactive due to heartbeat timeout
2026-01-15 14:28:11.417 [taskScheduler-3] WARN  c.q.federated.service.FederatedCoordinatorService - Node 11 marked as inactive due to heartbeat timeout
2026-01-15 14:28:11.417 [taskScheduler-3] WARN  c.q.federated.service.FederatedCoordinatorService - Node 111 marked as inactive due to heartbeat timeout
2026-01-15 14:28:16.428 [taskScheduler-3] WARN  c.q.federated.service.FederatedCoordinatorService - Node 11 marked as inactive due to heartbeat timeout
2026-01-15 14:28:16.429 [taskScheduler-3] WARN  c.q.federated.service.FederatedCoordinatorService - Node 111 marked as inactive due to heartbeat timeout
2026-01-15 14:28:21.451 [taskScheduler-3] WARN  c.q.federated.service.FederatedCoordinatorService - Node 11 marked as inactive due to heartbeat timeout
2026-01-15 14:28:21.451 [taskScheduler-3] WARN  c.q.federated.service.FederatedCoordinatorService - Node 111 marked as inactive due to heartbeat timeout
2026-01-15 14:28:26.465 [taskScheduler-3] WARN  c.q.federated.service.FederatedCoordinatorService - Node 11 marked as inactive due to heartbeat timeout
2026-01-15 14:28:26.466 [taskScheduler-3] WARN  c.q.federated.service.FederatedCoordinatorService - Node 111 marked as inactive due to heartbeat timeout
2026-01-15 14:28:31.482 [taskScheduler-3] WARN  c.q.federated.service.FederatedCoordinatorService - Node 11 marked as inactive due to heartbeat timeout
2026-01-15 14:28:31.483 [taskScheduler-3] WARN  c.q.federated.service.FederatedCoordinatorService - Node 111 marked as inactive due to heartbeat timeout
2026-01-15 14:28:36.498 [taskScheduler-3] WARN  c.q.federated.service.FederatedCoordinatorService - Node 11 marked as inactive due to heartbeat timeout
2026-01-15 14:28:36.499 [taskScheduler-3] WARN  c.q.federated.service.FederatedCoordinatorService - Node 111 marked as inactive due to heartbeat timeout
2026-01-15 14:28:41.510 [taskScheduler-3] WARN  c.q.federated.service.FederatedCoordinatorService - Node 11 marked as inactive due to heartbeat timeout
2026-01-15 14:28:41.510 [taskScheduler-3] WARN  c.q.federated.service.FederatedCoordinatorService - Node 111 marked as inactive due to heartbeat timeout
2026-01-15 14:28:46.523 [taskScheduler-3] WARN  c.q.federated.service.FederatedCoordinatorService - Node 11 marked as inactive due to heartbeat timeout
2026-01-15 14:28:46.523 [taskScheduler-3] WARN  c.q.federated.service.FederatedCoordinatorService - Node 111 marked as inactive due to heartbeat timeout
2026-01-15 14:28:51.532 [taskScheduler-3] WARN  c.q.federated.service.FederatedCoordinatorService - Node 11 marked as inactive due to heartbeat timeout
2026-01-15 14:28:51.533 [taskScheduler-3] WARN  c.q.federated.service.FederatedCoordinatorService - Node 111 marked as inactive due to heartbeat timeout
2026-01-15 14:28:56.541 [taskScheduler-3] WARN  c.q.federated.service.FederatedCoordinatorService - Node 11 marked as inactive due to heartbeat timeout
2026-01-15 14:28:56.542 [taskScheduler-3] WARN  c.q.federated.service.FederatedCoordinatorService - Node 111 marked as inactive due to heartbeat timeout
2026-01-15 14:29:01.550 [taskScheduler-3] WARN  c.q.federated.service.FederatedCoordinatorService - Node 11 marked as inactive due to heartbeat timeout
2026-01-15 14:29:01.550 [taskScheduler-3] WARN  c.q.federated.service.FederatedCoordinatorService - Node 111 marked as inactive due to heartbeat timeout
2026-01-15 14:29:06.564 [taskScheduler-3] WARN  c.q.federated.service.FederatedCoordinatorService - Node 11 marked as inactive due to heartbeat timeout
2026-01-15 14:29:06.564 [taskScheduler-3] WARN  c.q.federated.service.FederatedCoordinatorService - Node 111 marked as inactive due to heartbeat timeout
2026-01-15 14:29:11.580 [taskScheduler-3] WARN  c.q.federated.service.FederatedCoordinatorService - Node 11 marked as inactive due to heartbeat timeout
2026-01-15 14:29:11.581 [taskScheduler-3] WARN  c.q.federated.service.FederatedCoordinatorService - Node 111 marked as inactive due to heartbeat timeout
2026-01-15 14:29:16.597 [taskScheduler-3] WARN  c.q.federated.service.FederatedCoordinatorService - Node 11 marked as inactive due to heartbeat timeout
2026-01-15 14:29:16.598 [taskScheduler-3] WARN  c.q.federated.service.FederatedCoordinatorService - Node 111 marked as inactive due to heartbeat timeout
2026-01-15 14:29:21.607 [taskScheduler-3] WARN  c.q.federated.service.FederatedCoordinatorService - Node 11 marked as inactive due to heartbeat timeout
2026-01-15 14:29:21.608 [taskScheduler-3] WARN  c.q.federated.service.FederatedCoordinatorService - Node 111 marked as inactive due to heartbeat timeout
2026-01-15 14:29:26.615 [taskScheduler-3] WARN  c.q.federated.service.FederatedCoordinatorService - Node 11 marked as inactive due to heartbeat timeout
2026-01-15 14:29:26.616 [taskScheduler-3] WARN  c.q.federated.service.FederatedCoordinatorService - Node 111 marked as inactive due to heartbeat timeout
2026-01-15 14:29:31.628 [taskScheduler-3] WARN  c.q.federated.service.FederatedCoordinatorService - Node 11 marked as inactive due to heartbeat timeout
2026-01-15 14:29:31.629 [taskScheduler-3] WARN  c.q.federated.service.FederatedCoordinatorService - Node 111 marked as inactive due to heartbeat timeout
2026-01-15 14:29:36.634 [taskScheduler-3] WARN  c.q.federated.service.FederatedCoordinatorService - Node 11 marked as inactive due to heartbeat timeout
2026-01-15 14:29:36.635 [taskScheduler-3] WARN  c.q.federated.service.FederatedCoordinatorService - Node 111 marked as inactive due to heartbeat timeout
2026-01-15 14:29:41.645 [taskScheduler-3] WARN  c.q.federated.service.FederatedCoordinatorService - Node 11 marked as inactive due to heartbeat timeout
2026-01-15 14:29:41.645 [taskScheduler-3] WARN  c.q.federated.service.FederatedCoordinatorService - Node 111 marked as inactive due to heartbeat timeout
2026-01-15 14:29:46.655 [taskScheduler-3] WARN  c.q.federated.service.FederatedCoordinatorService - Node 11 marked as inactive due to heartbeat timeout
2026-01-15 14:29:46.656 [taskScheduler-3] WARN  c.q.federated.service.FederatedCoordinatorService - Node 111 marked as inactive due to heartbeat timeout
2026-01-15 14:29:51.669 [taskScheduler-3] WARN  c.q.federated.service.FederatedCoordinatorService - Node 11 marked as inactive due to heartbeat timeout
2026-01-15 14:29:51.670 [taskScheduler-3] WARN  c.q.federated.service.FederatedCoordinatorService - Node 111 marked as inactive due to heartbeat timeout
2026-01-15 14:29:56.682 [taskScheduler-3] WARN  c.q.federated.service.FederatedCoordinatorService - Node 11 marked as inactive due to heartbeat timeout
2026-01-15 14:29:56.682 [taskScheduler-3] WARN  c.q.federated.service.FederatedCoordinatorService - Node 111 marked as inactive due to heartbeat timeout
2026-01-15 14:30:01.699 [taskScheduler-3] WARN  c.q.federated.service.FederatedCoordinatorService - Node 11 marked as inactive due to heartbeat timeout
2026-01-15 14:30:01.700 [taskScheduler-3] WARN  c.q.federated.service.FederatedCoordinatorService - Node 111 marked as inactive due to heartbeat timeout
2026-01-15 14:30:06.714 [taskScheduler-3] WARN  c.q.federated.service.FederatedCoordinatorService - Node 11 marked as inactive due to heartbeat timeout
2026-01-15 14:30:06.714 [taskScheduler-3] WARN  c.q.federated.service.FederatedCoordinatorService - Node 111 marked as inactive due to heartbeat timeout
2026-01-15 14:30:11.726 [taskScheduler-3] WARN  c.q.federated.service.FederatedCoordinatorService - Node 11 marked as inactive due to heartbeat timeout
2026-01-15 14:30:11.727 [taskScheduler-3] WARN  c.q.federated.service.FederatedCoordinatorService - Node 111 marked as inactive due to heartbeat timeout
2026-01-15 14:30:16.747 [taskScheduler-3] WARN  c.q.federated.service.FederatedCoordinatorService - Node 11 marked as inactive due to heartbeat timeout
2026-01-15 14:30:16.747 [taskScheduler-3] WARN  c.q.federated.service.FederatedCoordinatorService - Node 111 marked as inactive due to heartbeat timeout
2026-01-15 14:30:21.757 [taskScheduler-3] WARN  c.q.federated.service.FederatedCoordinatorService - Node 11 marked as inactive due to heartbeat timeout
2026-01-15 14:30:21.758 [taskScheduler-3] WARN  c.q.federated.service.FederatedCoordinatorService - Node 111 marked as inactive due to heartbeat timeout
2026-01-15 14:30:26.768 [taskScheduler-3] WARN  c.q.federated.service.FederatedCoordinatorService - Node 11 marked as inactive due to heartbeat timeout
2026-01-15 14:30:26.769 [taskScheduler-3] WARN  c.q.federated.service.FederatedCoordinatorService - Node 111 marked as inactive due to heartbeat timeout
2026-01-15 14:30:31.779 [taskScheduler-3] WARN  c.q.federated.service.FederatedCoordinatorService - Node 11 marked as inactive due to heartbeat timeout
2026-01-15 14:30:31.780 [taskScheduler-3] WARN  c.q.federated.service.FederatedCoordinatorService - Node 111 marked as inactive due to heartbeat timeout
2026-01-15 14:30:36.795 [taskScheduler-3] WARN  c.q.federated.service.FederatedCoordinatorService - Node 11 marked as inactive due to heartbeat timeout
2026-01-15 14:30:36.796 [taskScheduler-3] WARN  c.q.federated.service.FederatedCoordinatorService - Node 111 marked as inactive due to heartbeat timeout
2026-01-15 14:30:41.812 [taskScheduler-3] WARN  c.q.federated.service.FederatedCoordinatorService - Node 11 marked as inactive due to heartbeat timeout
2026-01-15 14:30:41.813 [taskScheduler-3] WARN  c.q.federated.service.FederatedCoordinatorService - Node 111 marked as inactive due to heartbeat timeout
2026-01-15 14:30:46.826 [taskScheduler-3] WARN  c.q.federated.service.FederatedCoordinatorService - Node 11 marked as inactive due to heartbeat timeout
2026-01-15 14:30:46.827 [taskScheduler-3] WARN  c.q.federated.service.FederatedCoordinatorService - Node 111 marked as inactive due to heartbeat timeout
2026-01-15 14:30:51.845 [taskScheduler-3] WARN  c.q.federated.service.FederatedCoordinatorService - Node 11 marked as inactive due to heartbeat timeout
2026-01-15 14:30:51.846 [taskScheduler-3] WARN  c.q.federated.service.FederatedCoordinatorService - Node 111 marked as inactive due to heartbeat timeout
2026-01-15 14:30:56.863 [taskScheduler-3] WARN  c.q.federated.service.FederatedCoordinatorService - Node 11 marked as inactive due to heartbeat timeout
2026-01-15 14:30:56.864 [taskScheduler-3] WARN  c.q.federated.service.FederatedCoordinatorService - Node 111 marked as inactive due to heartbeat timeout
2026-01-15 14:31:01.871 [taskScheduler-3] WARN  c.q.federated.service.FederatedCoordinatorService - Node 11 marked as inactive due to heartbeat timeout
2026-01-15 14:31:01.872 [taskScheduler-3] WARN  c.q.federated.service.FederatedCoordinatorService - Node 111 marked as inactive due to heartbeat timeout
2026-01-15 14:31:06.885 [taskScheduler-3] WARN  c.q.federated.service.FederatedCoordinatorService - Node 11 marked as inactive due to heartbeat timeout
2026-01-15 14:31:06.886 [taskScheduler-3] WARN  c.q.federated.service.FederatedCoordinatorService - Node 111 marked as inactive due to heartbeat timeout
2026-01-15 14:31:11.893 [taskScheduler-3] WARN  c.q.federated.service.FederatedCoordinatorService - Node 11 marked as inactive due to heartbeat timeout
2026-01-15 14:31:11.893 [taskScheduler-3] WARN  c.q.federated.service.FederatedCoordinatorService - Node 111 marked as inactive due to heartbeat timeout
2026-01-15 14:31:16.904 [taskScheduler-3] WARN  c.q.federated.service.FederatedCoordinatorService - Node 11 marked as inactive due to heartbeat timeout
2026-01-15 14:31:16.904 [taskScheduler-3] WARN  c.q.federated.service.FederatedCoordinatorService - Node 111 marked as inactive due to heartbeat timeout
2026-01-15 14:31:21.912 [taskScheduler-3] WARN  c.q.federated.service.FederatedCoordinatorService - Node 11 marked as inactive due to heartbeat timeout
2026-01-15 14:31:21.912 [taskScheduler-3] WARN  c.q.federated.service.FederatedCoordinatorService - Node 111 marked as inactive due to heartbeat timeout
2026-01-15 14:31:26.924 [taskScheduler-3] WARN  c.q.federated.service.FederatedCoordinatorService - Node 11 marked as inactive due to heartbeat timeout
2026-01-15 14:31:26.925 [taskScheduler-3] WARN  c.q.federated.service.FederatedCoordinatorService - Node 111 marked as inactive due to heartbeat timeout
2026-01-15 14:31:31.945 [taskScheduler-3] WARN  c.q.federated.service.FederatedCoordinatorService - Node 11 marked as inactive due to heartbeat timeout
2026-01-15 14:31:31.945 [taskScheduler-3] WARN  c.q.federated.service.FederatedCoordinatorService - Node 111 marked as inactive due to heartbeat timeout
2026-01-15 14:31:36.958 [taskScheduler-3] WARN  c.q.federated.service.FederatedCoordinatorService - Node 11 marked as inactive due to heartbeat timeout
2026-01-15 14:31:36.959 [taskScheduler-3] WARN  c.q.federated.service.FederatedCoordinatorService - Node 111 marked as inactive due to heartbeat timeout
2026-01-15 14:31:41.977 [taskScheduler-3] WARN  c.q.federated.service.FederatedCoordinatorService - Node 11 marked as inactive due to heartbeat timeout
2026-01-15 14:31:41.978 [taskScheduler-3] WARN  c.q.federated.service.FederatedCoordinatorService - Node 111 marked as inactive due to heartbeat timeout
2026-01-15 14:31:46.993 [taskScheduler-3] WARN  c.q.federated.service.FederatedCoordinatorService - Node 11 marked as inactive due to heartbeat timeout
2026-01-15 14:31:46.993 [taskScheduler-3] WARN  c.q.federated.service.FederatedCoordinatorService - Node 111 marked as inactive due to heartbeat timeout
2026-01-15 14:31:51.998 [taskScheduler-3] WARN  c.q.federated.service.FederatedCoordinatorService - Node 11 marked as inactive due to heartbeat timeout
2026-01-15 14:31:51.999 [taskScheduler-3] WARN  c.q.federated.service.FederatedCoordinatorService - Node 111 marked as inactive due to heartbeat timeout
2026-01-15 14:31:57.010 [taskScheduler-3] WARN  c.q.federated.service.FederatedCoordinatorService - Node 11 marked as inactive due to heartbeat timeout
2026-01-15 14:31:57.011 [taskScheduler-3] WARN  c.q.federated.service.FederatedCoordinatorService - Node 111 marked as inactive due to heartbeat timeout
2026-01-15 14:32:02.028 [taskScheduler-3] WARN  c.q.federated.service.FederatedCoordinatorService - Node 11 marked as inactive due to heartbeat timeout
2026-01-15 14:32:02.029 [taskScheduler-3] WARN  c.q.federated.service.FederatedCoordinatorService - Node 111 marked as inactive due to heartbeat timeout
2026-01-15 14:32:07.042 [taskScheduler-3] WARN  c.q.federated.service.FederatedCoordinatorService - Node 11 marked as inactive due to heartbeat timeout
2026-01-15 14:32:07.043 [taskScheduler-3] WARN  c.q.federated.service.FederatedCoordinatorService - Node 111 marked as inactive due to heartbeat timeout
2026-01-15 14:32:12.061 [taskScheduler-3] WARN  c.q.federated.service.FederatedCoordinatorService - Node 11 marked as inactive due to heartbeat timeout
2026-01-15 14:32:12.061 [taskScheduler-3] WARN  c.q.federated.service.FederatedCoordinatorService - Node 111 marked as inactive due to heartbeat timeout
2026-01-15 14:32:17.078 [taskScheduler-3] WARN  c.q.federated.service.FederatedCoordinatorService - Node 11 marked as inactive due to heartbeat timeout
2026-01-15 14:32:17.078 [taskScheduler-3] WARN  c.q.federated.service.FederatedCoordinatorService - Node 111 marked as inactive due to heartbeat timeout
2026-01-15 14:32:22.093 [taskScheduler-3] WARN  c.q.federated.service.FederatedCoordinatorService - Node 11 marked as inactive due to heartbeat timeout
2026-01-15 14:32:22.095 [taskScheduler-3] WARN  c.q.federated.service.FederatedCoordinatorService - Node 111 marked as inactive due to heartbeat timeout
2026-01-15 14:32:27.106 [taskScheduler-3] WARN  c.q.federated.service.FederatedCoordinatorService - Node 11 marked as inactive due to heartbeat timeout
2026-01-15 14:32:27.107 [taskScheduler-3] WARN  c.q.federated.service.FederatedCoordinatorService - Node 111 marked as inactive due to heartbeat timeout
2026-01-15 14:32:32.128 [taskScheduler-3] WARN  c.q.federated.service.FederatedCoordinatorService - Node 11 marked as inactive due to heartbeat timeout
2026-01-15 14:32:32.128 [taskScheduler-3] WARN  c.q.federated.service.FederatedCoordinatorService - Node 111 marked as inactive due to heartbeat timeout
2026-01-15 14:32:37.139 [taskScheduler-3] WARN  c.q.federated.service.FederatedCoordinatorService - Node 11 marked as inactive due to heartbeat timeout
2026-01-15 14:32:37.139 [taskScheduler-3] WARN  c.q.federated.service.FederatedCoordinatorService - Node 111 marked as inactive due to heartbeat timeout
2026-01-15 14:32:42.153 [taskScheduler-3] WARN  c.q.federated.service.FederatedCoordinatorService - Node 11 marked as inactive due to heartbeat timeout
2026-01-15 14:32:42.153 [taskScheduler-3] WARN  c.q.federated.service.FederatedCoordinatorService - Node 111 marked as inactive due to heartbeat timeout
2026-01-15 14:32:47.174 [taskScheduler-3] WARN  c.q.federated.service.FederatedCoordinatorService - Node 11 marked as inactive due to heartbeat timeout
2026-01-15 14:32:47.174 [taskScheduler-3] WARN  c.q.federated.service.FederatedCoordinatorService - Node 111 marked as inactive due to heartbeat timeout
2026-01-15 14:32:52.196 [taskScheduler-3] WARN  c.q.federated.service.FederatedCoordinatorService - Node 11 marked as inactive due to heartbeat timeout
2026-01-15 14:32:52.196 [taskScheduler-3] WARN  c.q.federated.service.FederatedCoordinatorService - Node 111 marked as inactive due to heartbeat timeout
2026-01-15 14:32:57.271 [taskScheduler-3] WARN  c.q.federated.service.FederatedCoordinatorService - Node 11 marked as inactive due to heartbeat timeout
2026-01-15 14:32:57.271 [taskScheduler-3] WARN  c.q.federated.service.FederatedCoordinatorService - Node 111 marked as inactive due to heartbeat timeout
2026-01-15 14:33:02.289 [taskScheduler-3] WARN  c.q.federated.service.FederatedCoordinatorService - Node 11 marked as inactive due to heartbeat timeout
2026-01-15 14:33:02.290 [taskScheduler-3] WARN  c.q.federated.service.FederatedCoordinatorService - Node 111 marked as inactive due to heartbeat timeout
2026-01-15 14:33:07.309 [taskScheduler-3] WARN  c.q.federated.service.FederatedCoordinatorService - Node 11 marked as inactive due to heartbeat timeout
2026-01-15 14:33:07.309 [taskScheduler-3] WARN  c.q.federated.service.FederatedCoordinatorService - Node 111 marked as inactive due to heartbeat timeout
2026-01-15 14:33:12.321 [taskScheduler-3] WARN  c.q.federated.service.FederatedCoordinatorService - Node 11 marked as inactive due to heartbeat timeout
2026-01-15 14:33:12.321 [taskScheduler-3] WARN  c.q.federated.service.FederatedCoordinatorService - Node 111 marked as inactive due to heartbeat timeout
2026-01-15 14:33:17.327 [taskScheduler-3] WARN  c.q.federated.service.FederatedCoordinatorService - Node 11 marked as inactive due to heartbeat timeout
2026-01-15 14:33:17.328 [taskScheduler-3] WARN  c.q.federated.service.FederatedCoordinatorService - Node 111 marked as inactive due to heartbeat timeout
2026-01-15 14:33:22.340 [taskScheduler-3] WARN  c.q.federated.service.FederatedCoordinatorService - Node 11 marked as inactive due to heartbeat timeout
2026-01-15 14:33:22.341 [taskScheduler-3] WARN  c.q.federated.service.FederatedCoordinatorService - Node 111 marked as inactive due to heartbeat timeout
2026-01-15 14:33:27.357 [taskScheduler-3] WARN  c.q.federated.service.FederatedCoordinatorService - Node 11 marked as inactive due to heartbeat timeout
2026-01-15 14:33:27.358 [taskScheduler-3] WARN  c.q.federated.service.FederatedCoordinatorService - Node 111 marked as inactive due to heartbeat timeout
2026-01-15 14:33:32.375 [taskScheduler-3] WARN  c.q.federated.service.FederatedCoordinatorService - Node 11 marked as inactive due to heartbeat timeout
2026-01-15 14:33:32.375 [taskScheduler-3] WARN  c.q.federated.service.FederatedCoordinatorService - Node 111 marked as inactive due to heartbeat timeout
2026-01-15 14:33:37.383 [taskScheduler-3] WARN  c.q.federated.service.FederatedCoordinatorService - Node 11 marked as inactive due to heartbeat timeout
2026-01-15 14:33:37.384 [taskScheduler-3] WARN  c.q.federated.service.FederatedCoordinatorService - Node 111 marked as inactive due to heartbeat timeout
2026-01-15 14:33:42.392 [taskScheduler-3] WARN  c.q.federated.service.FederatedCoordinatorService - Node 11 marked as inactive due to heartbeat timeout
2026-01-15 14:33:42.392 [taskScheduler-3] WARN  c.q.federated.service.FederatedCoordinatorService - Node 111 marked as inactive due to heartbeat timeout
2026-01-15 14:33:47.408 [taskScheduler-3] WARN  c.q.federated.service.FederatedCoordinatorService - Node 11 marked as inactive due to heartbeat timeout
2026-01-15 14:33:47.408 [taskScheduler-3] WARN  c.q.federated.service.FederatedCoordinatorService - Node 111 marked as inactive due to heartbeat timeout
2026-01-15 14:33:52.417 [taskScheduler-3] WARN  c.q.federated.service.FederatedCoordinatorService - Node 11 marked as inactive due to heartbeat timeout
2026-01-15 14:33:52.418 [taskScheduler-3] WARN  c.q.federated.service.FederatedCoordinatorService - Node 111 marked as inactive due to heartbeat timeout
2026-01-15 14:33:57.425 [taskScheduler-3] WARN  c.q.federated.service.FederatedCoordinatorService - Node 11 marked as inactive due to heartbeat timeout
2026-01-15 14:33:57.425 [taskScheduler-3] WARN  c.q.federated.service.FederatedCoordinatorService - Node 111 marked as inactive due to heartbeat timeout
2026-01-15 14:34:02.437 [taskScheduler-3] WARN  c.q.federated.service.FederatedCoordinatorService - Node 11 marked as inactive due to heartbeat timeout
2026-01-15 14:34:02.438 [taskScheduler-3] WARN  c.q.federated.service.FederatedCoordinatorService - Node 111 marked as inactive due to heartbeat timeout
2026-01-15 14:34:07.450 [taskScheduler-3] WARN  c.q.federated.service.FederatedCoordinatorService - Node 11 marked as inactive due to heartbeat timeout
2026-01-15 14:34:07.450 [taskScheduler-3] WARN  c.q.federated.service.FederatedCoordinatorService - Node 111 marked as inactive due to heartbeat timeout
2026-01-15 14:34:12.456 [taskScheduler-3] WARN  c.q.federated.service.FederatedCoordinatorService - Node 11 marked as inactive due to heartbeat timeout
2026-01-15 14:34:12.457 [taskScheduler-3] WARN  c.q.federated.service.FederatedCoordinatorService - Node 111 marked as inactive due to heartbeat timeout
2026-01-15 14:34:17.466 [taskScheduler-3] WARN  c.q.federated.service.FederatedCoordinatorService - Node 11 marked as inactive due to heartbeat timeout
2026-01-15 14:34:17.467 [taskScheduler-3] WARN  c.q.federated.service.FederatedCoordinatorService - Node 111 marked as inactive due to heartbeat timeout
2026-01-15 14:34:22.475 [taskScheduler-3] WARN  c.q.federated.service.FederatedCoordinatorService - Node 11 marked as inactive due to heartbeat timeout
2026-01-15 14:34:22.476 [taskScheduler-3] WARN  c.q.federated.service.FederatedCoordinatorService - Node 111 marked as inactive due to heartbeat timeout
2026-01-15 14:34:27.490 [taskScheduler-3] WARN  c.q.federated.service.FederatedCoordinatorService - Node 11 marked as inactive due to heartbeat timeout
2026-01-15 14:34:27.490 [taskScheduler-3] WARN  c.q.federated.service.FederatedCoordinatorService - Node 111 marked as inactive due to heartbeat timeout
2026-01-15 14:34:32.507 [taskScheduler-3] WARN  c.q.federated.service.FederatedCoordinatorService - Node 11 marked as inactive due to heartbeat timeout
2026-01-15 14:34:32.507 [taskScheduler-3] WARN  c.q.federated.service.FederatedCoordinatorService - Node 111 marked as inactive due to heartbeat timeout
2026-01-15 14:34:37.522 [taskScheduler-3] WARN  c.q.federated.service.FederatedCoordinatorService - Node 11 marked as inactive due to heartbeat timeout
2026-01-15 14:34:37.522 [taskScheduler-3] WARN  c.q.federated.service.FederatedCoordinatorService - Node 111 marked as inactive due to heartbeat timeout
2026-01-15 14:34:42.532 [taskScheduler-3] WARN  c.q.federated.service.FederatedCoordinatorService - Node 11 marked as inactive due to heartbeat timeout
2026-01-15 14:34:42.533 [taskScheduler-3] WARN  c.q.federated.service.FederatedCoordinatorService - Node 111 marked as inactive due to heartbeat timeout
2026-01-15 14:34:47.538 [taskScheduler-3] WARN  c.q.federated.service.FederatedCoordinatorService - Node 11 marked as inactive due to heartbeat timeout
2026-01-15 14:34:47.539 [taskScheduler-3] WARN  c.q.federated.service.FederatedCoordinatorService - Node 111 marked as inactive due to heartbeat timeout
2026-01-15 14:34:52.557 [taskScheduler-3] WARN  c.q.federated.service.FederatedCoordinatorService - Node 11 marked as inactive due to heartbeat timeout
2026-01-15 14:34:52.557 [taskScheduler-3] WARN  c.q.federated.service.FederatedCoordinatorService - Node 111 marked as inactive due to heartbeat timeout
2026-01-15 14:34:57.573 [taskScheduler-3] WARN  c.q.federated.service.FederatedCoordinatorService - Node 11 marked as inactive due to heartbeat timeout
2026-01-15 14:34:57.573 [taskScheduler-3] WARN  c.q.federated.service.FederatedCoordinatorService - Node 111 marked as inactive due to heartbeat timeout
2026-01-15 14:35:02.580 [taskScheduler-3] WARN  c.q.federated.service.FederatedCoordinatorService - Node 11 marked as inactive due to heartbeat timeout
2026-01-15 14:35:02.580 [taskScheduler-3] WARN  c.q.federated.service.FederatedCoordinatorService - Node 111 marked as inactive due to heartbeat timeout
2026-01-15 14:35:07.590 [taskScheduler-3] WARN  c.q.federated.service.FederatedCoordinatorService - Node 11 marked as inactive due to heartbeat timeout
2026-01-15 14:35:07.590 [taskScheduler-3] WARN  c.q.federated.service.FederatedCoordinatorService - Node 111 marked as inactive due to heartbeat timeout
2026-01-15 14:35:12.604 [taskScheduler-3] WARN  c.q.federated.service.FederatedCoordinatorService - Node 11 marked as inactive due to heartbeat timeout
2026-01-15 14:35:12.605 [taskScheduler-3] WARN  c.q.federated.service.FederatedCoordinatorService - Node 111 marked as inactive due to heartbeat timeout
2026-01-15 14:35:17.619 [taskScheduler-3] WARN  c.q.federated.service.FederatedCoordinatorService - Node 11 marked as inactive due to heartbeat timeout
2026-01-15 14:35:17.620 [taskScheduler-3] WARN  c.q.federated.service.FederatedCoordinatorService - Node 111 marked as inactive due to heartbeat timeout
2026-01-15 14:35:22.627 [taskScheduler-3] WARN  c.q.federated.service.FederatedCoordinatorService - Node 11 marked as inactive due to heartbeat timeout
2026-01-15 14:35:22.628 [taskScheduler-3] WARN  c.q.federated.service.FederatedCoordinatorService - Node 111 marked as inactive due to heartbeat timeout
2026-01-15 14:35:27.639 [taskScheduler-3] WARN  c.q.federated.service.FederatedCoordinatorService - Node 11 marked as inactive due to heartbeat timeout
2026-01-15 14:35:27.639 [taskScheduler-3] WARN  c.q.federated.service.FederatedCoordinatorService - Node 111 marked as inactive due to heartbeat timeout
2026-01-15 14:35:32.654 [taskScheduler-3] WARN  c.q.federated.service.FederatedCoordinatorService - Node 11 marked as inactive due to heartbeat timeout
2026-01-15 14:35:32.654 [taskScheduler-3] WARN  c.q.federated.service.FederatedCoordinatorService - Node 111 marked as inactive due to heartbeat timeout
2026-01-15 14:35:37.663 [taskScheduler-3] WARN  c.q.federated.service.FederatedCoordinatorService - Node 11 marked as inactive due to heartbeat timeout
2026-01-15 14:35:37.663 [taskScheduler-3] WARN  c.q.federated.service.FederatedCoordinatorService - Node 111 marked as inactive due to heartbeat timeout
2026-01-15 14:35:42.681 [taskScheduler-3] WARN  c.q.federated.service.FederatedCoordinatorService - Node 11 marked as inactive due to heartbeat timeout
2026-01-15 14:35:42.682 [taskScheduler-3] WARN  c.q.federated.service.FederatedCoordinatorService - Node 111 marked as inactive due to heartbeat timeout
2026-01-15 14:35:47.695 [taskScheduler-3] WARN  c.q.federated.service.FederatedCoordinatorService - Node 11 marked as inactive due to heartbeat timeout
2026-01-15 14:35:47.696 [taskScheduler-3] WARN  c.q.federated.service.FederatedCoordinatorService - Node 111 marked as inactive due to heartbeat timeout
2026-01-15 14:35:52.708 [taskScheduler-3] WARN  c.q.federated.service.FederatedCoordinatorService - Node 11 marked as inactive due to heartbeat timeout
2026-01-15 14:35:52.708 [taskScheduler-3] WARN  c.q.federated.service.FederatedCoordinatorService - Node 111 marked as inactive due to heartbeat timeout
2026-01-15 14:35:57.722 [taskScheduler-3] WARN  c.q.federated.service.FederatedCoordinatorService - Node 11 marked as inactive due to heartbeat timeout
2026-01-15 14:35:57.722 [taskScheduler-3] WARN  c.q.federated.service.FederatedCoordinatorService - Node 111 marked as inactive due to heartbeat timeout
2026-01-15 14:36:02.733 [taskScheduler-3] WARN  c.q.federated.service.FederatedCoordinatorService - Node 11 marked as inactive due to heartbeat timeout
2026-01-15 14:36:02.733 [taskScheduler-3] WARN  c.q.federated.service.FederatedCoordinatorService - Node 111 marked as inactive due to heartbeat timeout
2026-01-15 14:36:07.752 [taskScheduler-3] WARN  c.q.federated.service.FederatedCoordinatorService - Node 11 marked as inactive due to heartbeat timeout
2026-01-15 14:36:07.753 [taskScheduler-3] WARN  c.q.federated.service.FederatedCoordinatorService - Node 111 marked as inactive due to heartbeat timeout
2026-01-15 14:36:12.770 [taskScheduler-3] WARN  c.q.federated.service.FederatedCoordinatorService - Node 11 marked as inactive due to heartbeat timeout
2026-01-15 14:36:12.771 [taskScheduler-3] WARN  c.q.federated.service.FederatedCoordinatorService - Node 111 marked as inactive due to heartbeat timeout
2026-01-15 14:36:17.788 [taskScheduler-3] WARN  c.q.federated.service.FederatedCoordinatorService - Node 11 marked as inactive due to heartbeat timeout
2026-01-15 14:36:17.788 [taskScheduler-3] WARN  c.q.federated.service.FederatedCoordinatorService - Node 111 marked as inactive due to heartbeat timeout
2026-01-15 14:36:22.804 [taskScheduler-3] WARN  c.q.federated.service.FederatedCoordinatorService - Node 11 marked as inactive due to heartbeat timeout
2026-01-15 14:36:22.805 [taskScheduler-3] WARN  c.q.federated.service.FederatedCoordinatorService - Node 111 marked as inactive due to heartbeat timeout
2026-01-15 14:36:27.823 [taskScheduler-3] WARN  c.q.federated.service.FederatedCoordinatorService - Node 11 marked as inactive due to heartbeat timeout
2026-01-15 14:36:27.823 [taskScheduler-3] WARN  c.q.federated.service.FederatedCoordinatorService - Node 111 marked as inactive due to heartbeat timeout
2026-01-15 14:36:32.837 [taskScheduler-3] WARN  c.q.federated.service.FederatedCoordinatorService - Node 11 marked as inactive due to heartbeat timeout
2026-01-15 14:36:32.839 [taskScheduler-3] WARN  c.q.federated.service.FederatedCoordinatorService - Node 111 marked as inactive due to heartbeat timeout
2026-01-15 14:36:37.854 [taskScheduler-3] WARN  c.q.federated.service.FederatedCoordinatorService - Node 11 marked as inactive due to heartbeat timeout
2026-01-15 14:36:37.855 [taskScheduler-3] WARN  c.q.federated.service.FederatedCoordinatorService - Node 111 marked as inactive due to heartbeat timeout
2026-01-15 14:36:42.871 [taskScheduler-3] WARN  c.q.federated.service.FederatedCoordinatorService - Node 11 marked as inactive due to heartbeat timeout
2026-01-15 14:36:42.871 [taskScheduler-3] WARN  c.q.federated.service.FederatedCoordinatorService - Node 111 marked as inactive due to heartbeat timeout
2026-01-15 14:36:47.878 [taskScheduler-3] WARN  c.q.federated.service.FederatedCoordinatorService - Node 11 marked as inactive due to heartbeat timeout
2026-01-15 14:36:47.879 [taskScheduler-3] WARN  c.q.federated.service.FederatedCoordinatorService - Node 111 marked as inactive due to heartbeat timeout
2026-01-15 14:36:52.886 [taskScheduler-3] WARN  c.q.federated.service.FederatedCoordinatorService - Node 11 marked as inactive due to heartbeat timeout
2026-01-15 14:36:52.887 [taskScheduler-3] WARN  c.q.federated.service.FederatedCoordinatorService - Node 111 marked as inactive due to heartbeat timeout
2026-01-15 14:36:57.905 [taskScheduler-3] WARN  c.q.federated.service.FederatedCoordinatorService - Node 11 marked as inactive due to heartbeat timeout
2026-01-15 14:36:57.905 [taskScheduler-3] WARN  c.q.federated.service.FederatedCoordinatorService - Node 111 marked as inactive due to heartbeat timeout
2026-01-15 14:37:02.924 [taskScheduler-3] WARN  c.q.federated.service.FederatedCoordinatorService - Node 11 marked as inactive due to heartbeat timeout
2026-01-15 14:37:02.924 [taskScheduler-3] WARN  c.q.federated.service.FederatedCoordinatorService - Node 111 marked as inactive due to heartbeat timeout
2026-01-15 14:37:07.937 [taskScheduler-3] WARN  c.q.federated.service.FederatedCoordinatorService - Node 11 marked as inactive due to heartbeat timeout
2026-01-15 14:37:07.937 [taskScheduler-3] WARN  c.q.federated.service.FederatedCoordinatorService - Node 111 marked as inactive due to heartbeat timeout
2026-01-15 14:37:12.949 [taskScheduler-3] WARN  c.q.federated.service.FederatedCoordinatorService - Node 11 marked as inactive due to heartbeat timeout
2026-01-15 14:37:12.949 [taskScheduler-3] WARN  c.q.federated.service.FederatedCoordinatorService - Node 111 marked as inactive due to heartbeat timeout
2026-01-15 14:37:17.961 [taskScheduler-3] WARN  c.q.federated.service.FederatedCoordinatorService - Node 11 marked as inactive due to heartbeat timeout
2026-01-15 14:37:17.961 [taskScheduler-3] WARN  c.q.federated.service.FederatedCoordinatorService - Node 111 marked as inactive due to heartbeat timeout
2026-01-15 14:37:22.968 [taskScheduler-3] WARN  c.q.federated.service.FederatedCoordinatorService - Node 11 marked as inactive due to heartbeat timeout
2026-01-15 14:37:22.969 [taskScheduler-3] WARN  c.q.federated.service.FederatedCoordinatorService - Node 111 marked as inactive due to heartbeat timeout
2026-01-15 14:37:27.977 [taskScheduler-3] WARN  c.q.federated.service.FederatedCoordinatorService - Node 11 marked as inactive due to heartbeat timeout
2026-01-15 14:37:27.978 [taskScheduler-3] WARN  c.q.federated.service.FederatedCoordinatorService - Node 111 marked as inactive due to heartbeat timeout
2026-01-15 14:37:32.989 [taskScheduler-3] WARN  c.q.federated.service.FederatedCoordinatorService - Node 11 marked as inactive due to heartbeat timeout
2026-01-15 14:37:32.990 [taskScheduler-3] WARN  c.q.federated.service.FederatedCoordinatorService - Node 111 marked as inactive due to heartbeat timeout
2026-01-15 14:37:38.002 [taskScheduler-3] WARN  c.q.federated.service.FederatedCoordinatorService - Node 11 marked as inactive due to heartbeat timeout
2026-01-15 14:37:38.004 [taskScheduler-3] WARN  c.q.federated.service.FederatedCoordinatorService - Node 111 marked as inactive due to heartbeat timeout
2026-01-15 14:37:43.019 [taskScheduler-3] WARN  c.q.federated.service.FederatedCoordinatorService - Node 11 marked as inactive due to heartbeat timeout
2026-01-15 14:37:43.019 [taskScheduler-3] WARN  c.q.federated.service.FederatedCoordinatorService - Node 111 marked as inactive due to heartbeat timeout
2026-01-15 14:37:48.033 [taskScheduler-3] WARN  c.q.federated.service.FederatedCoordinatorService - Node 11 marked as inactive due to heartbeat timeout
2026-01-15 14:37:48.034 [taskScheduler-3] WARN  c.q.federated.service.FederatedCoordinatorService - Node 111 marked as inactive due to heartbeat timeout
2026-01-15 14:37:53.044 [taskScheduler-3] WARN  c.q.federated.service.FederatedCoordinatorService - Node 11 marked as inactive due to heartbeat timeout
2026-01-15 14:37:53.045 [taskScheduler-3] WARN  c.q.federated.service.FederatedCoordinatorService - Node 111 marked as inactive due to heartbeat timeout
2026-01-15 14:37:58.051 [taskScheduler-3] WARN  c.q.federated.service.FederatedCoordinatorService - Node 11 marked as inactive due to heartbeat timeout
2026-01-15 14:37:58.052 [taskScheduler-3] WARN  c.q.federated.service.FederatedCoordinatorService - Node 111 marked as inactive due to heartbeat timeout
2026-01-15 14:38:03.068 [taskScheduler-3] WARN  c.q.federated.service.FederatedCoordinatorService - Node 11 marked as inactive due to heartbeat timeout
2026-01-15 14:38:03.069 [taskScheduler-3] WARN  c.q.federated.service.FederatedCoordinatorService - Node 111 marked as inactive due to heartbeat timeout
2026-01-15 14:38:08.075 [taskScheduler-3] WARN  c.q.federated.service.FederatedCoordinatorService - Node 11 marked as inactive due to heartbeat timeout
2026-01-15 14:38:08.076 [taskScheduler-3] WARN  c.q.federated.service.FederatedCoordinatorService - Node 111 marked as inactive due to heartbeat timeout
2026-01-15 14:38:13.082 [taskScheduler-3] WARN  c.q.federated.service.FederatedCoordinatorService - Node 11 marked as inactive due to heartbeat timeout
2026-01-15 14:38:13.083 [taskScheduler-3] WARN  c.q.federated.service.FederatedCoordinatorService - Node 111 marked as inactive due to heartbeat timeout
2026-01-15 14:38:18.100 [taskScheduler-3] WARN  c.q.federated.service.FederatedCoordinatorService - Node 11 marked as inactive due to heartbeat timeout
2026-01-15 14:38:18.101 [taskScheduler-3] WARN  c.q.federated.service.FederatedCoordinatorService - Node 111 marked as inactive due to heartbeat timeout
2026-01-15 14:38:23.120 [taskScheduler-3] WARN  c.q.federated.service.FederatedCoordinatorService - Node 11 marked as inactive due to heartbeat timeout
2026-01-15 14:38:23.121 [taskScheduler-3] WARN  c.q.federated.service.FederatedCoordinatorService - Node 111 marked as inactive due to heartbeat timeout
2026-01-15 14:38:28.130 [taskScheduler-3] WARN  c.q.federated.service.FederatedCoordinatorService - Node 11 marked as inactive due to heartbeat timeout
2026-01-15 14:38:28.131 [taskScheduler-3] WARN  c.q.federated.service.FederatedCoordinatorService - Node 111 marked as inactive due to heartbeat timeout
2026-01-15 14:38:33.139 [taskScheduler-3] WARN  c.q.federated.service.FederatedCoordinatorService - Node 11 marked as inactive due to heartbeat timeout
2026-01-15 14:38:33.139 [taskScheduler-3] WARN  c.q.federated.service.FederatedCoordinatorService - Node 111 marked as inactive due to heartbeat timeout
2026-01-15 14:38:38.150 [taskScheduler-3] WARN  c.q.federated.service.FederatedCoordinatorService - Node 11 marked as inactive due to heartbeat timeout
2026-01-15 14:38:38.150 [taskScheduler-3] WARN  c.q.federated.service.FederatedCoordinatorService - Node 111 marked as inactive due to heartbeat timeout
2026-01-15 14:38:43.168 [taskScheduler-3] WARN  c.q.federated.service.FederatedCoordinatorService - Node 11 marked as inactive due to heartbeat timeout
2026-01-15 14:38:43.169 [taskScheduler-3] WARN  c.q.federated.service.FederatedCoordinatorService - Node 111 marked as inactive due to heartbeat timeout
2026-01-15 14:38:48.179 [taskScheduler-3] WARN  c.q.federated.service.FederatedCoordinatorService - Node 11 marked as inactive due to heartbeat timeout
2026-01-15 14:38:48.180 [taskScheduler-3] WARN  c.q.federated.service.FederatedCoordinatorService - Node 111 marked as inactive due to heartbeat timeout
2026-01-15 14:38:53.196 [taskScheduler-3] WARN  c.q.federated.service.FederatedCoordinatorService - Node 11 marked as inactive due to heartbeat timeout
2026-01-15 14:38:53.197 [taskScheduler-3] WARN  c.q.federated.service.FederatedCoordinatorService - Node 111 marked as inactive due to heartbeat timeout
2026-01-15 14:38:58.211 [taskScheduler-3] WARN  c.q.federated.service.FederatedCoordinatorService - Node 11 marked as inactive due to heartbeat timeout
2026-01-15 14:38:58.212 [taskScheduler-3] WARN  c.q.federated.service.FederatedCoordinatorService - Node 111 marked as inactive due to heartbeat timeout
2026-01-15 14:39:03.232 [taskScheduler-3] WARN  c.q.federated.service.FederatedCoordinatorService - Node 11 marked as inactive due to heartbeat timeout
2026-01-15 14:39:03.233 [taskScheduler-3] WARN  c.q.federated.service.FederatedCoordinatorService - Node 111 marked as inactive due to heartbeat timeout
2026-01-15 14:39:08.250 [taskScheduler-3] WARN  c.q.federated.service.FederatedCoordinatorService - Node 11 marked as inactive due to heartbeat timeout
2026-01-15 14:39:08.250 [taskScheduler-3] WARN  c.q.federated.service.FederatedCoordinatorService - Node 111 marked as inactive due to heartbeat timeout
2026-01-15 14:39:13.268 [taskScheduler-3] WARN  c.q.federated.service.FederatedCoordinatorService - Node 11 marked as inactive due to heartbeat timeout
2026-01-15 14:39:13.269 [taskScheduler-3] WARN  c.q.federated.service.FederatedCoordinatorService - Node 111 marked as inactive due to heartbeat timeout
2026-01-15 14:39:18.277 [taskScheduler-3] WARN  c.q.federated.service.FederatedCoordinatorService - Node 11 marked as inactive due to heartbeat timeout
2026-01-15 14:39:18.278 [taskScheduler-3] WARN  c.q.federated.service.FederatedCoordinatorService - Node 111 marked as inactive due to heartbeat timeout
2026-01-15 14:39:23.287 [taskScheduler-3] WARN  c.q.federated.service.FederatedCoordinatorService - Node 11 marked as inactive due to heartbeat timeout
2026-01-15 14:39:23.288 [taskScheduler-3] WARN  c.q.federated.service.FederatedCoordinatorService - Node 111 marked as inactive due to heartbeat timeout
2026-01-15 14:39:28.294 [taskScheduler-3] WARN  c.q.federated.service.FederatedCoordinatorService - Node 11 marked as inactive due to heartbeat timeout
2026-01-15 14:39:28.295 [taskScheduler-3] WARN  c.q.federated.service.FederatedCoordinatorService - Node 111 marked as inactive due to heartbeat timeout
2026-01-15 14:39:33.304 [taskScheduler-3] WARN  c.q.federated.service.FederatedCoordinatorService - Node 11 marked as inactive due to heartbeat timeout
2026-01-15 14:39:33.305 [taskScheduler-3] WARN  c.q.federated.service.FederatedCoordinatorService - Node 111 marked as inactive due to heartbeat timeout
2026-01-15 14:39:38.316 [taskScheduler-3] WARN  c.q.federated.service.FederatedCoordinatorService - Node 11 marked as inactive due to heartbeat timeout
2026-01-15 14:39:38.316 [taskScheduler-3] WARN  c.q.federated.service.FederatedCoordinatorService - Node 111 marked as inactive due to heartbeat timeout
2026-01-15 14:39:43.328 [taskScheduler-3] WARN  c.q.federated.service.FederatedCoordinatorService - Node 11 marked as inactive due to heartbeat timeout
2026-01-15 14:39:43.329 [taskScheduler-3] WARN  c.q.federated.service.FederatedCoordinatorService - Node 111 marked as inactive due to heartbeat timeout
2026-01-15 14:39:48.344 [taskScheduler-3] WARN  c.q.federated.service.FederatedCoordinatorService - Node 11 marked as inactive due to heartbeat timeout
2026-01-15 14:39:48.345 [taskScheduler-3] WARN  c.q.federated.service.FederatedCoordinatorService - Node 111 marked as inactive due to heartbeat timeout
2026-01-15 14:39:53.364 [taskScheduler-3] WARN  c.q.federated.service.FederatedCoordinatorService - Node 11 marked as inactive due to heartbeat timeout
2026-01-15 14:39:53.364 [taskScheduler-3] WARN  c.q.federated.service.FederatedCoordinatorService - Node 111 marked as inactive due to heartbeat timeout
2026-01-15 14:39:58.372 [taskScheduler-3] WARN  c.q.federated.service.FederatedCoordinatorService - Node 11 marked as inactive due to heartbeat timeout
2026-01-15 14:39:58.372 [taskScheduler-3] WARN  c.q.federated.service.FederatedCoordinatorService - Node 111 marked as inactive due to heartbeat timeout
2026-01-15 14:40:03.385 [taskScheduler-3] WARN  c.q.federated.service.FederatedCoordinatorService - Node 11 marked as inactive due to heartbeat timeout
2026-01-15 14:40:03.386 [taskScheduler-3] WARN  c.q.federated.service.FederatedCoordinatorService - Node 111 marked as inactive due to heartbeat timeout
2026-01-15 14:40:08.398 [taskScheduler-3] WARN  c.q.federated.service.FederatedCoordinatorService - Node 11 marked as inactive due to heartbeat timeout
2026-01-15 14:40:08.398 [taskScheduler-3] WARN  c.q.federated.service.FederatedCoordinatorService - Node 111 marked as inactive due to heartbeat timeout
2026-01-15 14:40:13.414 [taskScheduler-3] WARN  c.q.federated.service.FederatedCoordinatorService - Node 11 marked as inactive due to heartbeat timeout
2026-01-15 14:40:13.415 [taskScheduler-3] WARN  c.q.federated.service.FederatedCoordinatorService - Node 111 marked as inactive due to heartbeat timeout
2026-01-15 14:40:18.431 [taskScheduler-3] WARN  c.q.federated.service.FederatedCoordinatorService - Node 11 marked as inactive due to heartbeat timeout
2026-01-15 14:40:18.431 [taskScheduler-3] WARN  c.q.federated.service.FederatedCoordinatorService - Node 111 marked as inactive due to heartbeat timeout
2026-01-15 14:40:23.448 [taskScheduler-3] WARN  c.q.federated.service.FederatedCoordinatorService - Node 11 marked as inactive due to heartbeat timeout
2026-01-15 14:40:23.448 [taskScheduler-3] WARN  c.q.federated.service.FederatedCoordinatorService - Node 111 marked as inactive due to heartbeat timeout
2026-01-15 14:40:28.466 [taskScheduler-3] WARN  c.q.federated.service.FederatedCoordinatorService - Node 11 marked as inactive due to heartbeat timeout
2026-01-15 14:40:28.467 [taskScheduler-3] WARN  c.q.federated.service.FederatedCoordinatorService - Node 111 marked as inactive due to heartbeat timeout
2026-01-15 14:40:33.483 [taskScheduler-3] WARN  c.q.federated.service.FederatedCoordinatorService - Node 11 marked as inactive due to heartbeat timeout
2026-01-15 14:40:33.483 [taskScheduler-3] WARN  c.q.federated.service.FederatedCoordinatorService - Node 111 marked as inactive due to heartbeat timeout
2026-01-15 14:40:38.499 [taskScheduler-3] WARN  c.q.federated.service.FederatedCoordinatorService - Node 11 marked as inactive due to heartbeat timeout
2026-01-15 14:40:38.500 [taskScheduler-3] WARN  c.q.federated.service.FederatedCoordinatorService - Node 111 marked as inactive due to heartbeat timeout
2026-01-15 14:40:43.516 [taskScheduler-3] WARN  c.q.federated.service.FederatedCoordinatorService - Node 11 marked as inactive due to heartbeat timeout
2026-01-15 14:40:43.516 [taskScheduler-3] WARN  c.q.federated.service.FederatedCoordinatorService - Node 111 marked as inactive due to heartbeat timeout
2026-01-15 14:40:48.524 [taskScheduler-3] WARN  c.q.federated.service.FederatedCoordinatorService - Node 11 marked as inactive due to heartbeat timeout
2026-01-15 14:40:48.524 [taskScheduler-3] WARN  c.q.federated.service.FederatedCoordinatorService - Node 111 marked as inactive due to heartbeat timeout
2026-01-15 14:40:53.547 [taskScheduler-3] WARN  c.q.federated.service.FederatedCoordinatorService - Node 11 marked as inactive due to heartbeat timeout
2026-01-15 14:40:53.548 [taskScheduler-3] WARN  c.q.federated.service.FederatedCoordinatorService - Node 111 marked as inactive due to heartbeat timeout
2026-01-15 14:40:58.559 [taskScheduler-3] WARN  c.q.federated.service.FederatedCoordinatorService - Node 11 marked as inactive due to heartbeat timeout
2026-01-15 14:40:58.559 [taskScheduler-3] WARN  c.q.federated.service.FederatedCoordinatorService - Node 111 marked as inactive due to heartbeat timeout
2026-01-15 14:41:03.579 [taskScheduler-3] WARN  c.q.federated.service.FederatedCoordinatorService - Node 11 marked as inactive due to heartbeat timeout
2026-01-15 14:41:03.579 [taskScheduler-3] WARN  c.q.federated.service.FederatedCoordinatorService - Node 111 marked as inactive due to heartbeat timeout
2026-01-15 14:41:08.592 [taskScheduler-3] WARN  c.q.federated.service.FederatedCoordinatorService - Node 11 marked as inactive due to heartbeat timeout
2026-01-15 14:41:08.592 [taskScheduler-3] WARN  c.q.federated.service.FederatedCoordinatorService - Node 111 marked as inactive due to heartbeat timeout
2026-01-15 14:41:13.605 [taskScheduler-3] WARN  c.q.federated.service.FederatedCoordinatorService - Node 11 marked as inactive due to heartbeat timeout
2026-01-15 14:41:13.606 [taskScheduler-3] WARN  c.q.federated.service.FederatedCoordinatorService - Node 111 marked as inactive due to heartbeat timeout
2026-01-15 14:41:18.612 [taskScheduler-3] WARN  c.q.federated.service.FederatedCoordinatorService - Node 11 marked as inactive due to heartbeat timeout
2026-01-15 14:41:18.613 [taskScheduler-3] WARN  c.q.federated.service.FederatedCoordinatorService - Node 111 marked as inactive due to heartbeat timeout
2026-01-15 14:41:23.627 [taskScheduler-3] WARN  c.q.federated.service.FederatedCoordinatorService - Node 11 marked as inactive due to heartbeat timeout
2026-01-15 14:41:23.628 [taskScheduler-3] WARN  c.q.federated.service.FederatedCoordinatorService - Node 111 marked as inactive due to heartbeat timeout
2026-01-15 14:41:28.640 [taskScheduler-3] WARN  c.q.federated.service.FederatedCoordinatorService - Node 11 marked as inactive due to heartbeat timeout
2026-01-15 14:41:28.641 [taskScheduler-3] WARN  c.q.federated.service.FederatedCoordinatorService - Node 111 marked as inactive due to heartbeat timeout
2026-01-15 14:41:33.659 [taskScheduler-3] WARN  c.q.federated.service.FederatedCoordinatorService - Node 11 marked as inactive due to heartbeat timeout
2026-01-15 14:41:33.660 [taskScheduler-3] WARN  c.q.federated.service.FederatedCoordinatorService - Node 111 marked as inactive due to heartbeat timeout
2026-01-15 14:41:38.667 [taskScheduler-3] WARN  c.q.federated.service.FederatedCoordinatorService - Node 11 marked as inactive due to heartbeat timeout
2026-01-15 14:41:38.668 [taskScheduler-3] WARN  c.q.federated.service.FederatedCoordinatorService - Node 111 marked as inactive due to heartbeat timeout
2026-01-15 14:41:43.680 [taskScheduler-3] WARN  c.q.federated.service.FederatedCoordinatorService - Node 11 marked as inactive due to heartbeat timeout
2026-01-15 14:41:43.680 [taskScheduler-3] WARN  c.q.federated.service.FederatedCoordinatorService - Node 111 marked as inactive due to heartbeat timeout
2026-01-15 14:41:48.687 [taskScheduler-3] WARN  c.q.federated.service.FederatedCoordinatorService - Node 11 marked as inactive due to heartbeat timeout
2026-01-15 14:41:48.688 [taskScheduler-3] WARN  c.q.federated.service.FederatedCoordinatorService - Node 111 marked as inactive due to heartbeat timeout
2026-01-15 14:41:53.702 [taskScheduler-3] WARN  c.q.federated.service.FederatedCoordinatorService - Node 11 marked as inactive due to heartbeat timeout
2026-01-15 14:41:53.703 [taskScheduler-3] WARN  c.q.federated.service.FederatedCoordinatorService - Node 111 marked as inactive due to heartbeat timeout
2026-01-15 14:41:58.711 [taskScheduler-3] WARN  c.q.federated.service.FederatedCoordinatorService - Node 11 marked as inactive due to heartbeat timeout
2026-01-15 14:41:58.711 [taskScheduler-3] WARN  c.q.federated.service.FederatedCoordinatorService - Node 111 marked as inactive due to heartbeat timeout
2026-01-15 14:42:03.721 [taskScheduler-3] WARN  c.q.federated.service.FederatedCoordinatorService - Node 11 marked as inactive due to heartbeat timeout
2026-01-15 14:42:03.722 [taskScheduler-3] WARN  c.q.federated.service.FederatedCoordinatorService - Node 111 marked as inactive due to heartbeat timeout
2026-01-15 14:42:08.734 [taskScheduler-3] WARN  c.q.federated.service.FederatedCoordinatorService - Node 11 marked as inactive due to heartbeat timeout
2026-01-15 14:42:08.734 [taskScheduler-3] WARN  c.q.federated.service.FederatedCoordinatorService - Node 111 marked as inactive due to heartbeat timeout
2026-01-15 14:42:13.744 [taskScheduler-3] WARN  c.q.federated.service.FederatedCoordinatorService - Node 11 marked as inactive due to heartbeat timeout
2026-01-15 14:42:13.745 [taskScheduler-3] WARN  c.q.federated.service.FederatedCoordinatorService - Node 111 marked as inactive due to heartbeat timeout
2026-01-15 14:42:18.755 [taskScheduler-3] WARN  c.q.federated.service.FederatedCoordinatorService - Node 11 marked as inactive due to heartbeat timeout
2026-01-15 14:42:18.756 [taskScheduler-3] WARN  c.q.federated.service.FederatedCoordinatorService - Node 111 marked as inactive due to heartbeat timeout
2026-01-15 14:42:23.765 [taskScheduler-3] WARN  c.q.federated.service.FederatedCoordinatorService - Node 11 marked as inactive due to heartbeat timeout
2026-01-15 14:42:23.766 [taskScheduler-3] WARN  c.q.federated.service.FederatedCoordinatorService - Node 111 marked as inactive due to heartbeat timeout
2026-01-15 14:42:28.783 [taskScheduler-3] WARN  c.q.federated.service.FederatedCoordinatorService - Node 11 marked as inactive due to heartbeat timeout
2026-01-15 14:42:28.783 [taskScheduler-3] WARN  c.q.federated.service.FederatedCoordinatorService - Node 111 marked as inactive due to heartbeat timeout
2026-01-15 14:42:33.796 [taskScheduler-3] WARN  c.q.federated.service.FederatedCoordinatorService - Node 11 marked as inactive due to heartbeat timeout
2026-01-15 14:42:33.796 [taskScheduler-3] WARN  c.q.federated.service.FederatedCoordinatorService - Node 111 marked as inactive due to heartbeat timeout
2026-01-15 14:42:38.801 [taskScheduler-3] WARN  c.q.federated.service.FederatedCoordinatorService - Node 11 marked as inactive due to heartbeat timeout
2026-01-15 14:42:38.801 [taskScheduler-3] WARN  c.q.federated.service.FederatedCoordinatorService - Node 111 marked as inactive due to heartbeat timeout
2026-01-15 14:42:43.818 [taskScheduler-3] WARN  c.q.federated.service.FederatedCoordinatorService - Node 11 marked as inactive due to heartbeat timeout
2026-01-15 14:42:43.819 [taskScheduler-3] WARN  c.q.federated.service.FederatedCoordinatorService - Node 111 marked as inactive due to heartbeat timeout
2026-01-15 14:42:48.838 [taskScheduler-3] WARN  c.q.federated.service.FederatedCoordinatorService - Node 11 marked as inactive due to heartbeat timeout
2026-01-15 14:42:48.839 [taskScheduler-3] WARN  c.q.federated.service.FederatedCoordinatorService - Node 111 marked as inactive due to heartbeat timeout
2026-01-15 14:42:53.853 [taskScheduler-3] WARN  c.q.federated.service.FederatedCoordinatorService - Node 11 marked as inactive due to heartbeat timeout
2026-01-15 14:42:53.854 [taskScheduler-3] WARN  c.q.federated.service.FederatedCoordinatorService - Node 111 marked as inactive due to heartbeat timeout
2026-01-15 14:42:58.867 [taskScheduler-3] WARN  c.q.federated.service.FederatedCoordinatorService - Node 11 marked as inactive due to heartbeat timeout
2026-01-15 14:42:58.868 [taskScheduler-3] WARN  c.q.federated.service.FederatedCoordinatorService - Node 111 marked as inactive due to heartbeat timeout
2026-01-15 14:43:03.879 [taskScheduler-3] WARN  c.q.federated.service.FederatedCoordinatorService - Node 11 marked as inactive due to heartbeat timeout
2026-01-15 14:43:03.879 [taskScheduler-3] WARN  c.q.federated.service.FederatedCoordinatorService - Node 111 marked as inactive due to heartbeat timeout
2026-01-15 14:43:08.897 [taskScheduler-3] WARN  c.q.federated.service.FederatedCoordinatorService - Node 11 marked as inactive due to heartbeat timeout
2026-01-15 14:43:08.897 [taskScheduler-3] WARN  c.q.federated.service.FederatedCoordinatorService - Node 111 marked as inactive due to heartbeat timeout
2026-01-15 14:43:13.910 [taskScheduler-3] WARN  c.q.federated.service.FederatedCoordinatorService - Node 11 marked as inactive due to heartbeat timeout
2026-01-15 14:43:13.910 [taskScheduler-3] WARN  c.q.federated.service.FederatedCoordinatorService - Node 111 marked as inactive due to heartbeat timeout
2026-01-15 14:43:18.956 [taskScheduler-3] WARN  c.q.federated.service.FederatedCoordinatorService - Node 11 marked as inactive due to heartbeat timeout
2026-01-15 14:43:18.957 [taskScheduler-3] WARN  c.q.federated.service.FederatedCoordinatorService - Node 111 marked as inactive due to heartbeat timeout
2026-01-15 14:43:23.961 [taskScheduler-3] WARN  c.q.federated.service.FederatedCoordinatorService - Node 11 marked as inactive due to heartbeat timeout
2026-01-15 14:43:23.961 [taskScheduler-3] WARN  c.q.federated.service.FederatedCoordinatorService - Node 111 marked as inactive due to heartbeat timeout
2026-01-15 14:43:28.971 [taskScheduler-3] WARN  c.q.federated.service.FederatedCoordinatorService - Node 11 marked as inactive due to heartbeat timeout
2026-01-15 14:43:28.972 [taskScheduler-3] WARN  c.q.federated.service.FederatedCoordinatorService - Node 111 marked as inactive due to heartbeat timeout
2026-01-15 14:43:33.991 [taskScheduler-3] WARN  c.q.federated.service.FederatedCoordinatorService - Node 11 marked as inactive due to heartbeat timeout
2026-01-15 14:43:33.992 [taskScheduler-3] WARN  c.q.federated.service.FederatedCoordinatorService - Node 111 marked as inactive due to heartbeat timeout
2026-01-15 14:43:39.010 [taskScheduler-3] WARN  c.q.federated.service.FederatedCoordinatorService - Node 11 marked as inactive due to heartbeat timeout
2026-01-15 14:43:39.010 [taskScheduler-3] WARN  c.q.federated.service.FederatedCoordinatorService - Node 111 marked as inactive due to heartbeat timeout
2026-01-15 14:43:44.027 [taskScheduler-3] WARN  c.q.federated.service.FederatedCoordinatorService - Node 11 marked as inactive due to heartbeat timeout
2026-01-15 14:43:44.027 [taskScheduler-3] WARN  c.q.federated.service.FederatedCoordinatorService - Node 111 marked as inactive due to heartbeat timeout
2026-01-15 14:43:49.044 [taskScheduler-3] WARN  c.q.federated.service.FederatedCoordinatorService - Node 11 marked as inactive due to heartbeat timeout
2026-01-15 14:43:49.045 [taskScheduler-3] WARN  c.q.federated.service.FederatedCoordinatorService - Node 111 marked as inactive due to heartbeat timeout
2026-01-15 14:43:54.050 [taskScheduler-3] WARN  c.q.federated.service.FederatedCoordinatorService - Node 11 marked as inactive due to heartbeat timeout
2026-01-15 14:43:54.050 [taskScheduler-3] WARN  c.q.federated.service.FederatedCoordinatorService - Node 111 marked as inactive due to heartbeat timeout
2026-01-15 14:43:59.060 [taskScheduler-3] WARN  c.q.federated.service.FederatedCoordinatorService - Node 11 marked as inactive due to heartbeat timeout
2026-01-15 14:43:59.060 [taskScheduler-3] WARN  c.q.federated.service.FederatedCoordinatorService - Node 111 marked as inactive due to heartbeat timeout
2026-01-15 14:44:04.076 [taskScheduler-3] WARN  c.q.federated.service.FederatedCoordinatorService - Node 11 marked as inactive due to heartbeat timeout
2026-01-15 14:44:04.077 [taskScheduler-3] WARN  c.q.federated.service.FederatedCoordinatorService - Node 111 marked as inactive due to heartbeat timeout
2026-01-15 14:44:09.085 [taskScheduler-3] WARN  c.q.federated.service.FederatedCoordinatorService - Node 11 marked as inactive due to heartbeat timeout
2026-01-15 14:44:09.086 [taskScheduler-3] WARN  c.q.federated.service.FederatedCoordinatorService - Node 111 marked as inactive due to heartbeat timeout
2026-01-15 14:44:14.090 [taskScheduler-3] WARN  c.q.federated.service.FederatedCoordinatorService - Node 11 marked as inactive due to heartbeat timeout
2026-01-15 14:44:14.091 [taskScheduler-3] WARN  c.q.federated.service.FederatedCoordinatorService - Node 111 marked as inactive due to heartbeat timeout
2026-01-15 14:44:19.103 [taskScheduler-3] WARN  c.q.federated.service.FederatedCoordinatorService - Node 11 marked as inactive due to heartbeat timeout
2026-01-15 14:44:19.103 [taskScheduler-3] WARN  c.q.federated.service.FederatedCoordinatorService - Node 111 marked as inactive due to heartbeat timeout
2026-01-15 14:44:24.119 [taskScheduler-3] WARN  c.q.federated.service.FederatedCoordinatorService - Node 11 marked as inactive due to heartbeat timeout
2026-01-15 14:44:24.120 [taskScheduler-3] WARN  c.q.federated.service.FederatedCoordinatorService - Node 111 marked as inactive due to heartbeat timeout
2026-01-15 14:44:29.128 [taskScheduler-3] WARN  c.q.federated.service.FederatedCoordinatorService - Node 11 marked as inactive due to heartbeat timeout
2026-01-15 14:44:29.128 [taskScheduler-3] WARN  c.q.federated.service.FederatedCoordinatorService - Node 111 marked as inactive due to heartbeat timeout
2026-01-15 14:44:34.134 [taskScheduler-3] WARN  c.q.federated.service.FederatedCoordinatorService - Node 11 marked as inactive due to heartbeat timeout
2026-01-15 14:44:34.135 [taskScheduler-3] WARN  c.q.federated.service.FederatedCoordinatorService - Node 111 marked as inactive due to heartbeat timeout
2026-01-15 14:44:39.145 [taskScheduler-3] WARN  c.q.federated.service.FederatedCoordinatorService - Node 11 marked as inactive due to heartbeat timeout
2026-01-15 14:44:39.145 [taskScheduler-3] WARN  c.q.federated.service.FederatedCoordinatorService - Node 111 marked as inactive due to heartbeat timeout
2026-01-15 14:44:44.157 [taskScheduler-3] WARN  c.q.federated.service.FederatedCoordinatorService - Node 11 marked as inactive due to heartbeat timeout
2026-01-15 14:44:44.158 [taskScheduler-3] WARN  c.q.federated.service.FederatedCoordinatorService - Node 111 marked as inactive due to heartbeat timeout
2026-01-15 14:44:49.168 [taskScheduler-3] WARN  c.q.federated.service.FederatedCoordinatorService - Node 11 marked as inactive due to heartbeat timeout
2026-01-15 14:44:49.168 [taskScheduler-3] WARN  c.q.federated.service.FederatedCoordinatorService - Node 111 marked as inactive due to heartbeat timeout
2026-01-15 14:44:54.184 [taskScheduler-3] WARN  c.q.federated.service.FederatedCoordinatorService - Node 11 marked as inactive due to heartbeat timeout
2026-01-15 14:44:54.185 [taskScheduler-3] WARN  c.q.federated.service.FederatedCoordinatorService - Node 111 marked as inactive due to heartbeat timeout
2026-01-15 14:44:59.199 [taskScheduler-3] WARN  c.q.federated.service.FederatedCoordinatorService - Node 11 marked as inactive due to heartbeat timeout
2026-01-15 14:44:59.200 [taskScheduler-3] WARN  c.q.federated.service.FederatedCoordinatorService - Node 111 marked as inactive due to heartbeat timeout
2026-01-15 14:45:04.208 [taskScheduler-3] WARN  c.q.federated.service.FederatedCoordinatorService - Node 11 marked as inactive due to heartbeat timeout
2026-01-15 14:45:04.209 [taskScheduler-3] WARN  c.q.federated.service.FederatedCoordinatorService - Node 111 marked as inactive due to heartbeat timeout
2026-01-15 14:45:09.228 [taskScheduler-3] WARN  c.q.federated.service.FederatedCoordinatorService - Node 11 marked as inactive due to heartbeat timeout
2026-01-15 14:45:09.229 [taskScheduler-3] WARN  c.q.federated.service.FederatedCoordinatorService - Node 111 marked as inactive due to heartbeat timeout
2026-01-15 14:45:14.243 [taskScheduler-3] WARN  c.q.federated.service.FederatedCoordinatorService - Node 11 marked as inactive due to heartbeat timeout
2026-01-15 14:45:14.244 [taskScheduler-3] WARN  c.q.federated.service.FederatedCoordinatorService - Node 111 marked as inactive due to heartbeat timeout
2026-01-15 14:45:19.256 [taskScheduler-3] WARN  c.q.federated.service.FederatedCoordinatorService - Node 11 marked as inactive due to heartbeat timeout
2026-01-15 14:45:19.257 [taskScheduler-3] WARN  c.q.federated.service.FederatedCoordinatorService - Node 111 marked as inactive due to heartbeat timeout
2026-01-15 14:45:24.275 [taskScheduler-3] WARN  c.q.federated.service.FederatedCoordinatorService - Node 11 marked as inactive due to heartbeat timeout
2026-01-15 14:45:24.275 [taskScheduler-3] WARN  c.q.federated.service.FederatedCoordinatorService - Node 111 marked as inactive due to heartbeat timeout
2026-01-15 14:45:29.290 [taskScheduler-3] WARN  c.q.federated.service.FederatedCoordinatorService - Node 11 marked as inactive due to heartbeat timeout
2026-01-15 14:45:29.291 [taskScheduler-3] WARN  c.q.federated.service.FederatedCoordinatorService - Node 111 marked as inactive due to heartbeat timeout
2026-01-15 14:45:34.299 [taskScheduler-3] WARN  c.q.federated.service.FederatedCoordinatorService - Node 11 marked as inactive due to heartbeat timeout
2026-01-15 14:45:34.300 [taskScheduler-3] WARN  c.q.federated.service.FederatedCoordinatorService - Node 111 marked as inactive due to heartbeat timeout
2026-01-15 14:45:39.319 [taskScheduler-3] WARN  c.q.federated.service.FederatedCoordinatorService - Node 11 marked as inactive due to heartbeat timeout
2026-01-15 14:45:39.320 [taskScheduler-3] WARN  c.q.federated.service.FederatedCoordinatorService - Node 111 marked as inactive due to heartbeat timeout
2026-01-15 14:45:44.330 [taskScheduler-3] WARN  c.q.federated.service.FederatedCoordinatorService - Node 11 marked as inactive due to heartbeat timeout
2026-01-15 14:45:44.330 [taskScheduler-3] WARN  c.q.federated.service.FederatedCoordinatorService - Node 111 marked as inactive due to heartbeat timeout
2026-01-15 14:45:49.349 [taskScheduler-3] WARN  c.q.federated.service.FederatedCoordinatorService - Node 11 marked as inactive due to heartbeat timeout
2026-01-15 14:45:49.349 [taskScheduler-3] WARN  c.q.federated.service.FederatedCoordinatorService - Node 111 marked as inactive due to heartbeat timeout
2026-01-15 14:45:54.359 [taskScheduler-3] WARN  c.q.federated.service.FederatedCoordinatorService - Node 11 marked as inactive due to heartbeat timeout
2026-01-15 14:45:54.360 [taskScheduler-3] WARN  c.q.federated.service.FederatedCoordinatorService - Node 111 marked as inactive due to heartbeat timeout
2026-01-15 14:45:59.366 [taskScheduler-3] WARN  c.q.federated.service.FederatedCoordinatorService - Node 11 marked as inactive due to heartbeat timeout
2026-01-15 14:45:59.367 [taskScheduler-3] WARN  c.q.federated.service.FederatedCoordinatorService - Node 111 marked as inactive due to heartbeat timeout
2026-01-15 14:46:04.378 [taskScheduler-3] WARN  c.q.federated.service.FederatedCoordinatorService - Node 11 marked as inactive due to heartbeat timeout
2026-01-15 14:46:04.379 [taskScheduler-3] WARN  c.q.federated.service.FederatedCoordinatorService - Node 111 marked as inactive due to heartbeat timeout
2026-01-15 14:46:09.394 [taskScheduler-3] WARN  c.q.federated.service.FederatedCoordinatorService - Node 11 marked as inactive due to heartbeat timeout
2026-01-15 14:46:09.395 [taskScheduler-3] WARN  c.q.federated.service.FederatedCoordinatorService - Node 111 marked as inactive due to heartbeat timeout
2026-01-15 14:46:14.407 [taskScheduler-3] WARN  c.q.federated.service.FederatedCoordinatorService - Node 11 marked as inactive due to heartbeat timeout
2026-01-15 14:46:14.408 [taskScheduler-3] WARN  c.q.federated.service.FederatedCoordinatorService - Node 111 marked as inactive due to heartbeat timeout
2026-01-15 14:46:19.423 [taskScheduler-3] WARN  c.q.federated.service.FederatedCoordinatorService - Node 11 marked as inactive due to heartbeat timeout
2026-01-15 14:46:19.423 [taskScheduler-3] WARN  c.q.federated.service.FederatedCoordinatorService - Node 111 marked as inactive due to heartbeat timeout
2026-01-15 14:46:24.444 [taskScheduler-3] WARN  c.q.federated.service.FederatedCoordinatorService - Node 11 marked as inactive due to heartbeat timeout
2026-01-15 14:46:24.445 [taskScheduler-3] WARN  c.q.federated.service.FederatedCoordinatorService - Node 111 marked as inactive due to heartbeat timeout
2026-01-15 14:46:29.457 [taskScheduler-3] WARN  c.q.federated.service.FederatedCoordinatorService - Node 11 marked as inactive due to heartbeat timeout
2026-01-15 14:46:29.457 [taskScheduler-3] WARN  c.q.federated.service.FederatedCoordinatorService - Node 111 marked as inactive due to heartbeat timeout
2026-01-15 14:46:34.473 [taskScheduler-3] WARN  c.q.federated.service.FederatedCoordinatorService - Node 11 marked as inactive due to heartbeat timeout
2026-01-15 14:46:34.473 [taskScheduler-3] WARN  c.q.federated.service.FederatedCoordinatorService - Node 111 marked as inactive due to heartbeat timeout
2026-01-15 14:46:39.486 [taskScheduler-3] WARN  c.q.federated.service.FederatedCoordinatorService - Node 11 marked as inactive due to heartbeat timeout
2026-01-15 14:46:39.486 [taskScheduler-3] WARN  c.q.federated.service.FederatedCoordinatorService - Node 111 marked as inactive due to heartbeat timeout
2026-01-15 14:46:44.500 [taskScheduler-3] WARN  c.q.federated.service.FederatedCoordinatorService - Node 11 marked as inactive due to heartbeat timeout
2026-01-15 14:46:44.501 [taskScheduler-3] WARN  c.q.federated.service.FederatedCoordinatorService - Node 111 marked as inactive due to heartbeat timeout
2026-01-15 14:46:49.505 [taskScheduler-3] WARN  c.q.federated.service.FederatedCoordinatorService - Node 11 marked as inactive due to heartbeat timeout
2026-01-15 14:46:49.506 [taskScheduler-3] WARN  c.q.federated.service.FederatedCoordinatorService - Node 111 marked as inactive due to heartbeat timeout
2026-01-15 14:46:54.522 [taskScheduler-3] WARN  c.q.federated.service.FederatedCoordinatorService - Node 11 marked as inactive due to heartbeat timeout
2026-01-15 14:46:54.522 [taskScheduler-3] WARN  c.q.federated.service.FederatedCoordinatorService - Node 111 marked as inactive due to heartbeat timeout
2026-01-15 14:46:59.540 [taskScheduler-3] WARN  c.q.federated.service.FederatedCoordinatorService - Node 11 marked as inactive due to heartbeat timeout
2026-01-15 14:46:59.541 [taskScheduler-3] WARN  c.q.federated.service.FederatedCoordinatorService - Node 111 marked as inactive due to heartbeat timeout
2026-01-15 14:47:04.548 [taskScheduler-3] WARN  c.q.federated.service.FederatedCoordinatorService - Node 11 marked as inactive due to heartbeat timeout
2026-01-15 14:47:04.548 [taskScheduler-3] WARN  c.q.federated.service.FederatedCoordinatorService - Node 111 marked as inactive due to heartbeat timeout
2026-01-15 14:47:09.557 [taskScheduler-3] WARN  c.q.federated.service.FederatedCoordinatorService - Node 11 marked as inactive due to heartbeat timeout
2026-01-15 14:47:09.557 [taskScheduler-3] WARN  c.q.federated.service.FederatedCoordinatorService - Node 111 marked as inactive due to heartbeat timeout
2026-01-15 14:47:14.565 [taskScheduler-3] WARN  c.q.federated.service.FederatedCoordinatorService - Node 11 marked as inactive due to heartbeat timeout
2026-01-15 14:47:14.566 [taskScheduler-3] WARN  c.q.federated.service.FederatedCoordinatorService - Node 111 marked as inactive due to heartbeat timeout
2026-01-15 14:47:19.574 [taskScheduler-3] WARN  c.q.federated.service.FederatedCoordinatorService - Node 11 marked as inactive due to heartbeat timeout
2026-01-15 14:47:19.574 [taskScheduler-3] WARN  c.q.federated.service.FederatedCoordinatorService - Node 111 marked as inactive due to heartbeat timeout
2026-01-15 14:47:24.588 [taskScheduler-3] WARN  c.q.federated.service.FederatedCoordinatorService - Node 11 marked as inactive due to heartbeat timeout
2026-01-15 14:47:24.589 [taskScheduler-3] WARN  c.q.federated.service.FederatedCoordinatorService - Node 111 marked as inactive due to heartbeat timeout
2026-01-15 14:47:29.594 [taskScheduler-3] WARN  c.q.federated.service.FederatedCoordinatorService - Node 11 marked as inactive due to heartbeat timeout
2026-01-15 14:47:29.595 [taskScheduler-3] WARN  c.q.federated.service.FederatedCoordinatorService - Node 111 marked as inactive due to heartbeat timeout
2026-01-15 14:47:34.612 [taskScheduler-3] WARN  c.q.federated.service.FederatedCoordinatorService - Node 11 marked as inactive due to heartbeat timeout
2026-01-15 14:47:34.613 [taskScheduler-3] WARN  c.q.federated.service.FederatedCoordinatorService - Node 111 marked as inactive due to heartbeat timeout
2026-01-15 14:47:39.637 [taskScheduler-3] WARN  c.q.federated.service.FederatedCoordinatorService - Node 11 marked as inactive due to heartbeat timeout
2026-01-15 14:47:39.638 [taskScheduler-3] WARN  c.q.federated.service.FederatedCoordinatorService - Node 111 marked as inactive due to heartbeat timeout
2026-01-15 14:47:44.656 [taskScheduler-3] WARN  c.q.federated.service.FederatedCoordinatorService - Node 11 marked as inactive due to heartbeat timeout
2026-01-15 14:47:44.656 [taskScheduler-3] WARN  c.q.federated.service.FederatedCoordinatorService - Node 111 marked as inactive due to heartbeat timeout
2026-01-15 14:47:50.686 [taskScheduler-3] WARN  c.q.federated.service.FederatedCoordinatorService - Node 11 marked as inactive due to heartbeat timeout
2026-01-15 14:47:50.687 [taskScheduler-3] WARN  c.q.federated.service.FederatedCoordinatorService - Node 111 marked as inactive due to heartbeat timeout
2026-01-15 14:47:55.702 [taskScheduler-3] WARN  c.q.federated.service.FederatedCoordinatorService - Node 11 marked as inactive due to heartbeat timeout
2026-01-15 14:47:55.703 [taskScheduler-3] WARN  c.q.federated.service.FederatedCoordinatorService - Node 111 marked as inactive due to heartbeat timeout
2026-01-15 14:48:02.406 [taskScheduler-3] WARN  c.q.federated.service.FederatedCoordinatorService - Node 11 marked as inactive due to heartbeat timeout
2026-01-15 14:48:02.407 [taskScheduler-3] WARN  c.q.federated.service.FederatedCoordinatorService - Node 111 marked as inactive due to heartbeat timeout
2026-01-15 14:48:07.418 [taskScheduler-3] WARN  c.q.federated.service.FederatedCoordinatorService - Node 11 marked as inactive due to heartbeat timeout
2026-01-15 14:48:07.419 [taskScheduler-3] WARN  c.q.federated.service.FederatedCoordinatorService - Node 111 marked as inactive due to heartbeat timeout
2026-01-15 14:48:12.426 [taskScheduler-3] WARN  c.q.federated.service.FederatedCoordinatorService - Node 11 marked as inactive due to heartbeat timeout
2026-01-15 14:48:12.426 [taskScheduler-3] WARN  c.q.federated.service.FederatedCoordinatorService - Node 111 marked as inactive due to heartbeat timeout
2026-01-15 14:48:17.441 [taskScheduler-3] WARN  c.q.federated.service.FederatedCoordinatorService - Node 11 marked as inactive due to heartbeat timeout
2026-01-15 14:48:17.442 [taskScheduler-3] WARN  c.q.federated.service.FederatedCoordinatorService - Node 111 marked as inactive due to heartbeat timeout
2026-01-15 14:48:22.449 [taskScheduler-3] WARN  c.q.federated.service.FederatedCoordinatorService - Node 11 marked as inactive due to heartbeat timeout
2026-01-15 14:48:22.450 [taskScheduler-3] WARN  c.q.federated.service.FederatedCoordinatorService - Node 111 marked as inactive due to heartbeat timeout
2026-01-15 14:48:27.467 [taskScheduler-3] WARN  c.q.federated.service.FederatedCoordinatorService - Node 11 marked as inactive due to heartbeat timeout
2026-01-15 14:48:27.468 [taskScheduler-3] WARN  c.q.federated.service.FederatedCoordinatorService - Node 111 marked as inactive due to heartbeat timeout
2026-01-15 14:48:32.486 [taskScheduler-3] WARN  c.q.federated.service.FederatedCoordinatorService - Node 11 marked as inactive due to heartbeat timeout
2026-01-15 14:48:32.487 [taskScheduler-3] WARN  c.q.federated.service.FederatedCoordinatorService - Node 111 marked as inactive due to heartbeat timeout
2026-01-15 14:48:37.493 [taskScheduler-3] WARN  c.q.federated.service.FederatedCoordinatorService - Node 11 marked as inactive due to heartbeat timeout
2026-01-15 14:48:37.494 [taskScheduler-3] WARN  c.q.federated.service.FederatedCoordinatorService - Node 111 marked as inactive due to heartbeat timeout
2026-01-15 14:48:42.508 [taskScheduler-3] WARN  c.q.federated.service.FederatedCoordinatorService - Node 11 marked as inactive due to heartbeat timeout
2026-01-15 14:48:42.508 [taskScheduler-3] WARN  c.q.federated.service.FederatedCoordinatorService - Node 111 marked as inactive due to heartbeat timeout
2026-01-15 14:48:47.516 [taskScheduler-3] WARN  c.q.federated.service.FederatedCoordinatorService - Node 11 marked as inactive due to heartbeat timeout
2026-01-15 14:48:47.516 [taskScheduler-3] WARN  c.q.federated.service.FederatedCoordinatorService - Node 111 marked as inactive due to heartbeat timeout
2026-01-15 14:48:52.534 [taskScheduler-3] WARN  c.q.federated.service.FederatedCoordinatorService - Node 11 marked as inactive due to heartbeat timeout
2026-01-15 14:48:52.535 [taskScheduler-3] WARN  c.q.federated.service.FederatedCoordinatorService - Node 111 marked as inactive due to heartbeat timeout
2026-01-15 14:48:57.541 [taskScheduler-3] WARN  c.q.federated.service.FederatedCoordinatorService - Node 11 marked as inactive due to heartbeat timeout
2026-01-15 14:48:57.541 [taskScheduler-3] WARN  c.q.federated.service.FederatedCoordinatorService - Node 111 marked as inactive due to heartbeat timeout
2026-01-15 14:49:02.554 [taskScheduler-3] WARN  c.q.federated.service.FederatedCoordinatorService - Node 11 marked as inactive due to heartbeat timeout
2026-01-15 14:49:02.555 [taskScheduler-3] WARN  c.q.federated.service.FederatedCoordinatorService - Node 111 marked as inactive due to heartbeat timeout
2026-01-15 14:49:07.573 [taskScheduler-3] WARN  c.q.federated.service.FederatedCoordinatorService - Node 11 marked as inactive due to heartbeat timeout
2026-01-15 14:49:07.573 [taskScheduler-3] WARN  c.q.federated.service.FederatedCoordinatorService - Node 111 marked as inactive due to heartbeat timeout
2026-01-15 14:49:12.579 [taskScheduler-3] WARN  c.q.federated.service.FederatedCoordinatorService - Node 11 marked as inactive due to heartbeat timeout
2026-01-15 14:49:12.579 [taskScheduler-3] WARN  c.q.federated.service.FederatedCoordinatorService - Node 111 marked as inactive due to heartbeat timeout
2026-01-15 14:49:17.588 [taskScheduler-3] WARN  c.q.federated.service.FederatedCoordinatorService - Node 11 marked as inactive due to heartbeat timeout
2026-01-15 14:49:17.589 [taskScheduler-3] WARN  c.q.federated.service.FederatedCoordinatorService - Node 111 marked as inactive due to heartbeat timeout
2026-01-15 14:49:22.607 [taskScheduler-3] WARN  c.q.federated.service.FederatedCoordinatorService - Node 11 marked as inactive due to heartbeat timeout
2026-01-15 14:49:22.607 [taskScheduler-3] WARN  c.q.federated.service.FederatedCoordinatorService - Node 111 marked as inactive due to heartbeat timeout
2026-01-15 14:49:27.627 [taskScheduler-3] WARN  c.q.federated.service.FederatedCoordinatorService - Node 11 marked as inactive due to heartbeat timeout
2026-01-15 14:49:27.640 [taskScheduler-3] WARN  c.q.federated.service.FederatedCoordinatorService - Node 111 marked as inactive due to heartbeat timeout
2026-01-15 14:49:32.757 [taskScheduler-3] WARN  c.q.federated.service.FederatedCoordinatorService - Node 11 marked as inactive due to heartbeat timeout
2026-01-15 14:49:32.838 [taskScheduler-3] WARN  c.q.federated.service.FederatedCoordinatorService - Node 111 marked as inactive due to heartbeat timeout
2026-01-15 14:49:38.136 [taskScheduler-3] WARN  c.q.federated.service.FederatedCoordinatorService - Node 11 marked as inactive due to heartbeat timeout
2026-01-15 14:49:38.146 [taskScheduler-3] WARN  c.q.federated.service.FederatedCoordinatorService - Node 111 marked as inactive due to heartbeat timeout
2026-01-15 14:49:43.171 [taskScheduler-3] WARN  c.q.federated.service.FederatedCoordinatorService - Node 11 marked as inactive due to heartbeat timeout
2026-01-15 14:49:43.171 [taskScheduler-3] WARN  c.q.federated.service.FederatedCoordinatorService - Node 111 marked as inactive due to heartbeat timeout
2026-01-15 14:49:48.180 [taskScheduler-3] WARN  c.q.federated.service.FederatedCoordinatorService - Node 11 marked as inactive due to heartbeat timeout
2026-01-15 14:49:48.181 [taskScheduler-3] WARN  c.q.federated.service.FederatedCoordinatorService - Node 111 marked as inactive due to heartbeat timeout
2026-01-15 14:49:53.197 [taskScheduler-3] WARN  c.q.federated.service.FederatedCoordinatorService - Node 11 marked as inactive due to heartbeat timeout
2026-01-15 14:49:53.197 [taskScheduler-3] WARN  c.q.federated.service.FederatedCoordinatorService - Node 111 marked as inactive due to heartbeat timeout
2026-01-15 14:49:58.205 [taskScheduler-3] WARN  c.q.federated.service.FederatedCoordinatorService - Node 11 marked as inactive due to heartbeat timeout
2026-01-15 14:49:58.206 [taskScheduler-3] WARN  c.q.federated.service.FederatedCoordinatorService - Node 111 marked as inactive due to heartbeat timeout
2026-01-15 14:50:03.216 [taskScheduler-3] WARN  c.q.federated.service.FederatedCoordinatorService - Node 11 marked as inactive due to heartbeat timeout
2026-01-15 14:50:03.216 [taskScheduler-3] WARN  c.q.federated.service.FederatedCoordinatorService - Node 111 marked as inactive due to heartbeat timeout
2026-01-15 14:50:08.238 [taskScheduler-3] WARN  c.q.federated.service.FederatedCoordinatorService - Node 11 marked as inactive due to heartbeat timeout
2026-01-15 14:50:08.239 [taskScheduler-3] WARN  c.q.federated.service.FederatedCoordinatorService - Node 111 marked as inactive due to heartbeat timeout
2026-01-15 14:50:13.255 [taskScheduler-3] WARN  c.q.federated.service.FederatedCoordinatorService - Node 11 marked as inactive due to heartbeat timeout
2026-01-15 14:50:13.256 [taskScheduler-3] WARN  c.q.federated.service.FederatedCoordinatorService - Node 111 marked as inactive due to heartbeat timeout
2026-01-15 14:50:18.276 [taskScheduler-3] WARN  c.q.federated.service.FederatedCoordinatorService - Node 11 marked as inactive due to heartbeat timeout
2026-01-15 14:50:18.276 [taskScheduler-3] WARN  c.q.federated.service.FederatedCoordinatorService - Node 111 marked as inactive due to heartbeat timeout
2026-01-15 14:50:23.285 [taskScheduler-3] WARN  c.q.federated.service.FederatedCoordinatorService - Node 11 marked as inactive due to heartbeat timeout
2026-01-15 14:50:23.286 [taskScheduler-3] WARN  c.q.federated.service.FederatedCoordinatorService - Node 111 marked as inactive due to heartbeat timeout
2026-01-15 14:50:28.305 [taskScheduler-3] WARN  c.q.federated.service.FederatedCoordinatorService - Node 11 marked as inactive due to heartbeat timeout
2026-01-15 14:50:28.306 [taskScheduler-3] WARN  c.q.federated.service.FederatedCoordinatorService - Node 111 marked as inactive due to heartbeat timeout
2026-01-15 14:50:33.321 [taskScheduler-3] WARN  c.q.federated.service.FederatedCoordinatorService - Node 11 marked as inactive due to heartbeat timeout
2026-01-15 14:50:33.322 [taskScheduler-3] WARN  c.q.federated.service.FederatedCoordinatorService - Node 111 marked as inactive due to heartbeat timeout
2026-01-15 14:50:38.333 [taskScheduler-3] WARN  c.q.federated.service.FederatedCoordinatorService - Node 11 marked as inactive due to heartbeat timeout
2026-01-15 14:50:38.334 [taskScheduler-3] WARN  c.q.federated.service.FederatedCoordinatorService - Node 111 marked as inactive due to heartbeat timeout
2026-01-15 14:50:43.349 [taskScheduler-3] WARN  c.q.federated.service.FederatedCoordinatorService - Node 11 marked as inactive due to heartbeat timeout
2026-01-15 14:50:43.349 [taskScheduler-3] WARN  c.q.federated.service.FederatedCoordinatorService - Node 111 marked as inactive due to heartbeat timeout
2026-01-15 14:50:48.365 [taskScheduler-3] WARN  c.q.federated.service.FederatedCoordinatorService - Node 11 marked as inactive due to heartbeat timeout
2026-01-15 14:50:48.366 [taskScheduler-3] WARN  c.q.federated.service.FederatedCoordinatorService - Node 111 marked as inactive due to heartbeat timeout
2026-01-15 14:50:53.380 [taskScheduler-3] WARN  c.q.federated.service.FederatedCoordinatorService - Node 11 marked as inactive due to heartbeat timeout
2026-01-15 14:50:53.380 [taskScheduler-3] WARN  c.q.federated.service.FederatedCoordinatorService - Node 111 marked as inactive due to heartbeat timeout
2026-01-15 14:50:58.388 [taskScheduler-3] WARN  c.q.federated.service.FederatedCoordinatorService - Node 11 marked as inactive due to heartbeat timeout
2026-01-15 14:50:58.389 [taskScheduler-3] WARN  c.q.federated.service.FederatedCoordinatorService - Node 111 marked as inactive due to heartbeat timeout
2026-01-15 14:51:03.396 [taskScheduler-3] WARN  c.q.federated.service.FederatedCoordinatorService - Node 11 marked as inactive due to heartbeat timeout
2026-01-15 14:51:03.396 [taskScheduler-3] WARN  c.q.federated.service.FederatedCoordinatorService - Node 111 marked as inactive due to heartbeat timeout
2026-01-15 14:51:08.413 [taskScheduler-3] WARN  c.q.federated.service.FederatedCoordinatorService - Node 11 marked as inactive due to heartbeat timeout
2026-01-15 14:51:08.414 [taskScheduler-3] WARN  c.q.federated.service.FederatedCoordinatorService - Node 111 marked as inactive due to heartbeat timeout
2026-01-15 14:51:13.434 [taskScheduler-3] WARN  c.q.federated.service.FederatedCoordinatorService - Node 11 marked as inactive due to heartbeat timeout
2026-01-15 14:51:13.434 [taskScheduler-3] WARN  c.q.federated.service.FederatedCoordinatorService - Node 111 marked as inactive due to heartbeat timeout
2026-01-15 14:51:18.450 [taskScheduler-3] WARN  c.q.federated.service.FederatedCoordinatorService - Node 11 marked as inactive due to heartbeat timeout
2026-01-15 14:51:18.450 [taskScheduler-3] WARN  c.q.federated.service.FederatedCoordinatorService - Node 111 marked as inactive due to heartbeat timeout
2026-01-15 14:51:23.465 [taskScheduler-3] WARN  c.q.federated.service.FederatedCoordinatorService - Node 11 marked as inactive due to heartbeat timeout
2026-01-15 14:51:23.465 [taskScheduler-3] WARN  c.q.federated.service.FederatedCoordinatorService - Node 111 marked as inactive due to heartbeat timeout
2026-01-15 14:51:28.488 [taskScheduler-3] WARN  c.q.federated.service.FederatedCoordinatorService - Node 11 marked as inactive due to heartbeat timeout
2026-01-15 14:51:28.492 [taskScheduler-3] WARN  c.q.federated.service.FederatedCoordinatorService - Node 111 marked as inactive due to heartbeat timeout
2026-01-15 14:51:33.520 [taskScheduler-3] WARN  c.q.federated.service.FederatedCoordinatorService - Node 11 marked as inactive due to heartbeat timeout
2026-01-15 14:51:33.521 [taskScheduler-3] WARN  c.q.federated.service.FederatedCoordinatorService - Node 111 marked as inactive due to heartbeat timeout
2026-01-15 14:51:38.530 [taskScheduler-3] WARN  c.q.federated.service.FederatedCoordinatorService - Node 11 marked as inactive due to heartbeat timeout
2026-01-15 14:51:38.531 [taskScheduler-3] WARN  c.q.federated.service.FederatedCoordinatorService - Node 111 marked as inactive due to heartbeat timeout
2026-01-15 14:51:43.543 [taskScheduler-3] WARN  c.q.federated.service.FederatedCoordinatorService - Node 11 marked as inactive due to heartbeat timeout
2026-01-15 14:51:43.544 [taskScheduler-3] WARN  c.q.federated.service.FederatedCoordinatorService - Node 111 marked as inactive due to heartbeat timeout
2026-01-15 14:51:48.553 [taskScheduler-3] WARN  c.q.federated.service.FederatedCoordinatorService - Node 11 marked as inactive due to heartbeat timeout
2026-01-15 14:51:48.554 [taskScheduler-3] WARN  c.q.federated.service.FederatedCoordinatorService - Node 111 marked as inactive due to heartbeat timeout
2026-01-15 14:51:53.560 [taskScheduler-3] WARN  c.q.federated.service.FederatedCoordinatorService - Node 11 marked as inactive due to heartbeat timeout
2026-01-15 14:51:53.560 [taskScheduler-3] WARN  c.q.federated.service.FederatedCoordinatorService - Node 111 marked as inactive due to heartbeat timeout
2026-01-15 14:51:58.571 [taskScheduler-3] WARN  c.q.federated.service.FederatedCoordinatorService - Node 11 marked as inactive due to heartbeat timeout
2026-01-15 14:51:58.571 [taskScheduler-3] WARN  c.q.federated.service.FederatedCoordinatorService - Node 111 marked as inactive due to heartbeat timeout
2026-01-15 14:52:03.587 [taskScheduler-3] WARN  c.q.federated.service.FederatedCoordinatorService - Node 11 marked as inactive due to heartbeat timeout
2026-01-15 14:52:03.587 [taskScheduler-3] WARN  c.q.federated.service.FederatedCoordinatorService - Node 111 marked as inactive due to heartbeat timeout
2026-01-15 14:52:08.597 [taskScheduler-3] WARN  c.q.federated.service.FederatedCoordinatorService - Node 11 marked as inactive due to heartbeat timeout
2026-01-15 14:52:08.597 [taskScheduler-3] WARN  c.q.federated.service.FederatedCoordinatorService - Node 111 marked as inactive due to heartbeat timeout
2026-01-15 14:52:13.607 [taskScheduler-3] WARN  c.q.federated.service.FederatedCoordinatorService - Node 11 marked as inactive due to heartbeat timeout
2026-01-15 14:52:13.608 [taskScheduler-3] WARN  c.q.federated.service.FederatedCoordinatorService - Node 111 marked as inactive due to heartbeat timeout
2026-01-15 14:52:18.625 [taskScheduler-3] WARN  c.q.federated.service.FederatedCoordinatorService - Node 11 marked as inactive due to heartbeat timeout
2026-01-15 14:52:18.626 [taskScheduler-3] WARN  c.q.federated.service.FederatedCoordinatorService - Node 111 marked as inactive due to heartbeat timeout
2026-01-15 14:52:23.642 [taskScheduler-3] WARN  c.q.federated.service.FederatedCoordinatorService - Node 11 marked as inactive due to heartbeat timeout
2026-01-15 14:52:23.642 [taskScheduler-3] WARN  c.q.federated.service.FederatedCoordinatorService - Node 111 marked as inactive due to heartbeat timeout
2026-01-15 14:52:28.663 [taskScheduler-3] WARN  c.q.federated.service.FederatedCoordinatorService - Node 11 marked as inactive due to heartbeat timeout
2026-01-15 14:52:28.664 [taskScheduler-3] WARN  c.q.federated.service.FederatedCoordinatorService - Node 111 marked as inactive due to heartbeat timeout
2026-01-15 14:52:33.678 [taskScheduler-3] WARN  c.q.federated.service.FederatedCoordinatorService - Node 11 marked as inactive due to heartbeat timeout
2026-01-15 14:52:33.679 [taskScheduler-3] WARN  c.q.federated.service.FederatedCoordinatorService - Node 111 marked as inactive due to heartbeat timeout
2026-01-15 14:52:38.697 [taskScheduler-3] WARN  c.q.federated.service.FederatedCoordinatorService - Node 11 marked as inactive due to heartbeat timeout
2026-01-15 14:52:38.697 [taskScheduler-3] WARN  c.q.federated.service.FederatedCoordinatorService - Node 111 marked as inactive due to heartbeat timeout
2026-01-15 14:52:43.713 [taskScheduler-3] WARN  c.q.federated.service.FederatedCoordinatorService - Node 11 marked as inactive due to heartbeat timeout
2026-01-15 14:52:43.719 [taskScheduler-3] WARN  c.q.federated.service.FederatedCoordinatorService - Node 111 marked as inactive due to heartbeat timeout
2026-01-15 14:52:48.729 [taskScheduler-3] WARN  c.q.federated.service.FederatedCoordinatorService - Node 11 marked as inactive due to heartbeat timeout
2026-01-15 14:52:48.730 [taskScheduler-3] WARN  c.q.federated.service.FederatedCoordinatorService - Node 111 marked as inactive due to heartbeat timeout
2026-01-15 14:52:53.747 [taskScheduler-3] WARN  c.q.federated.service.FederatedCoordinatorService - Node 11 marked as inactive due to heartbeat timeout
2026-01-15 14:52:53.748 [taskScheduler-3] WARN  c.q.federated.service.FederatedCoordinatorService - Node 111 marked as inactive due to heartbeat timeout
2026-01-15 14:52:58.757 [taskScheduler-3] WARN  c.q.federated.service.FederatedCoordinatorService - Node 11 marked as inactive due to heartbeat timeout
2026-01-15 14:52:58.757 [taskScheduler-3] WARN  c.q.federated.service.FederatedCoordinatorService - Node 111 marked as inactive due to heartbeat timeout
2026-01-15 14:53:03.763 [taskScheduler-3] WARN  c.q.federated.service.FederatedCoordinatorService - Node 11 marked as inactive due to heartbeat timeout
2026-01-15 14:53:03.763 [taskScheduler-3] WARN  c.q.federated.service.FederatedCoordinatorService - Node 111 marked as inactive due to heartbeat timeout
2026-01-15 14:53:08.780 [taskScheduler-3] WARN  c.q.federated.service.FederatedCoordinatorService - Node 11 marked as inactive due to heartbeat timeout
2026-01-15 14:53:08.781 [taskScheduler-3] WARN  c.q.federated.service.FederatedCoordinatorService - Node 111 marked as inactive due to heartbeat timeout
2026-01-15 14:53:13.788 [taskScheduler-3] WARN  c.q.federated.service.FederatedCoordinatorService - Node 11 marked as inactive due to heartbeat timeout
2026-01-15 14:53:13.788 [taskScheduler-3] WARN  c.q.federated.service.FederatedCoordinatorService - Node 111 marked as inactive due to heartbeat timeout
2026-01-15 14:53:18.807 [taskScheduler-3] WARN  c.q.federated.service.FederatedCoordinatorService - Node 11 marked as inactive due to heartbeat timeout
2026-01-15 14:53:18.808 [taskScheduler-3] WARN  c.q.federated.service.FederatedCoordinatorService - Node 111 marked as inactive due to heartbeat timeout
2026-01-15 14:53:23.821 [taskScheduler-3] WARN  c.q.federated.service.FederatedCoordinatorService - Node 11 marked as inactive due to heartbeat timeout
2026-01-15 14:53:23.822 [taskScheduler-3] WARN  c.q.federated.service.FederatedCoordinatorService - Node 111 marked as inactive due to heartbeat timeout
2026-01-15 14:53:28.830 [taskScheduler-3] WARN  c.q.federated.service.FederatedCoordinatorService - Node 11 marked as inactive due to heartbeat timeout
2026-01-15 14:53:28.831 [taskScheduler-3] WARN  c.q.federated.service.FederatedCoordinatorService - Node 111 marked as inactive due to heartbeat timeout
2026-01-15 14:53:33.845 [taskScheduler-3] WARN  c.q.federated.service.FederatedCoordinatorService - Node 11 marked as inactive due to heartbeat timeout
2026-01-15 14:53:33.846 [taskScheduler-3] WARN  c.q.federated.service.FederatedCoordinatorService - Node 111 marked as inactive due to heartbeat timeout
2026-01-15 14:53:38.854 [taskScheduler-3] WARN  c.q.federated.service.FederatedCoordinatorService - Node 11 marked as inactive due to heartbeat timeout
2026-01-15 14:53:38.854 [taskScheduler-3] WARN  c.q.federated.service.FederatedCoordinatorService - Node 111 marked as inactive due to heartbeat timeout
2026-01-15 14:53:43.864 [taskScheduler-3] WARN  c.q.federated.service.FederatedCoordinatorService - Node 11 marked as inactive due to heartbeat timeout
2026-01-15 14:53:43.865 [taskScheduler-3] WARN  c.q.federated.service.FederatedCoordinatorService - Node 111 marked as inactive due to heartbeat timeout
2026-01-15 14:53:48.875 [taskScheduler-3] WARN  c.q.federated.service.FederatedCoordinatorService - Node 11 marked as inactive due to heartbeat timeout
2026-01-15 14:53:48.876 [taskScheduler-3] WARN  c.q.federated.service.FederatedCoordinatorService - Node 111 marked as inactive due to heartbeat timeout
2026-01-15 14:53:53.894 [taskScheduler-3] WARN  c.q.federated.service.FederatedCoordinatorService - Node 11 marked as inactive due to heartbeat timeout
2026-01-15 14:53:53.894 [taskScheduler-3] WARN  c.q.federated.service.FederatedCoordinatorService - Node 111 marked as inactive due to heartbeat timeout
2026-01-15 14:53:58.907 [taskScheduler-3] WARN  c.q.federated.service.FederatedCoordinatorService - Node 11 marked as inactive due to heartbeat timeout
2026-01-15 14:53:58.907 [taskScheduler-3] WARN  c.q.federated.service.FederatedCoordinatorService - Node 111 marked as inactive due to heartbeat timeout
2026-01-15 14:54:03.918 [taskScheduler-3] WARN  c.q.federated.service.FederatedCoordinatorService - Node 11 marked as inactive due to heartbeat timeout
2026-01-15 14:54:03.918 [taskScheduler-3] WARN  c.q.federated.service.FederatedCoordinatorService - Node 111 marked as inactive due to heartbeat timeout
2026-01-15 14:54:08.927 [taskScheduler-3] WARN  c.q.federated.service.FederatedCoordinatorService - Node 11 marked as inactive due to heartbeat timeout
2026-01-15 14:54:08.927 [taskScheduler-3] WARN  c.q.federated.service.FederatedCoordinatorService - Node 111 marked as inactive due to heartbeat timeout
2026-01-15 14:54:13.943 [taskScheduler-3] WARN  c.q.federated.service.FederatedCoordinatorService - Node 11 marked as inactive due to heartbeat timeout
2026-01-15 14:54:13.943 [taskScheduler-3] WARN  c.q.federated.service.FederatedCoordinatorService - Node 111 marked as inactive due to heartbeat timeout
2026-01-15 14:54:18.951 [taskScheduler-3] WARN  c.q.federated.service.FederatedCoordinatorService - Node 11 marked as inactive due to heartbeat timeout
2026-01-15 14:54:18.952 [taskScheduler-3] WARN  c.q.federated.service.FederatedCoordinatorService - Node 111 marked as inactive due to heartbeat timeout
2026-01-15 14:54:23.970 [taskScheduler-3] WARN  c.q.federated.service.FederatedCoordinatorService - Node 11 marked as inactive due to heartbeat timeout
2026-01-15 14:54:23.971 [taskScheduler-3] WARN  c.q.federated.service.FederatedCoordinatorService - Node 111 marked as inactive due to heartbeat timeout
2026-01-15 14:54:29.009 [taskScheduler-3] WARN  c.q.federated.service.FederatedCoordinatorService - Node 11 marked as inactive due to heartbeat timeout
2026-01-15 14:54:29.010 [taskScheduler-3] WARN  c.q.federated.service.FederatedCoordinatorService - Node 111 marked as inactive due to heartbeat timeout
2026-01-15 14:54:34.029 [taskScheduler-3] WARN  c.q.federated.service.FederatedCoordinatorService - Node 11 marked as inactive due to heartbeat timeout
2026-01-15 14:54:34.030 [taskScheduler-3] WARN  c.q.federated.service.FederatedCoordinatorService - Node 111 marked as inactive due to heartbeat timeout
2026-01-15 14:54:39.036 [taskScheduler-3] WARN  c.q.federated.service.FederatedCoordinatorService - Node 11 marked as inactive due to heartbeat timeout
2026-01-15 14:54:39.036 [taskScheduler-3] WARN  c.q.federated.service.FederatedCoordinatorService - Node 111 marked as inactive due to heartbeat timeout
2026-01-15 14:54:44.041 [taskScheduler-3] WARN  c.q.federated.service.FederatedCoordinatorService - Node 11 marked as inactive due to heartbeat timeout
2026-01-15 14:54:44.042 [taskScheduler-3] WARN  c.q.federated.service.FederatedCoordinatorService - Node 111 marked as inactive due to heartbeat timeout
2026-01-15 14:54:49.055 [taskScheduler-3] WARN  c.q.federated.service.FederatedCoordinatorService - Node 11 marked as inactive due to heartbeat timeout
2026-01-15 14:54:49.055 [taskScheduler-3] WARN  c.q.federated.service.FederatedCoordinatorService - Node 111 marked as inactive due to heartbeat timeout
2026-01-15 14:54:54.070 [taskScheduler-3] WARN  c.q.federated.service.FederatedCoordinatorService - Node 11 marked as inactive due to heartbeat timeout
2026-01-15 14:54:54.071 [taskScheduler-3] WARN  c.q.federated.service.FederatedCoordinatorService - Node 111 marked as inactive due to heartbeat timeout
2026-01-15 14:54:59.077 [taskScheduler-3] WARN  c.q.federated.service.FederatedCoordinatorService - Node 11 marked as inactive due to heartbeat timeout
2026-01-15 14:54:59.077 [taskScheduler-3] WARN  c.q.federated.service.FederatedCoordinatorService - Node 111 marked as inactive due to heartbeat timeout
2026-01-15 14:55:04.088 [taskScheduler-3] WARN  c.q.federated.service.FederatedCoordinatorService - Node 11 marked as inactive due to heartbeat timeout
2026-01-15 14:55:04.088 [taskScheduler-3] WARN  c.q.federated.service.FederatedCoordinatorService - Node 111 marked as inactive due to heartbeat timeout
2026-01-15 14:55:09.095 [taskScheduler-3] WARN  c.q.federated.service.FederatedCoordinatorService - Node 11 marked as inactive due to heartbeat timeout
2026-01-15 14:55:09.096 [taskScheduler-3] WARN  c.q.federated.service.FederatedCoordinatorService - Node 111 marked as inactive due to heartbeat timeout
2026-01-15 14:55:14.114 [taskScheduler-3] WARN  c.q.federated.service.FederatedCoordinatorService - Node 11 marked as inactive due to heartbeat timeout
2026-01-15 14:55:14.114 [taskScheduler-3] WARN  c.q.federated.service.FederatedCoordinatorService - Node 111 marked as inactive due to heartbeat timeout
2026-01-15 14:55:19.123 [taskScheduler-3] WARN  c.q.federated.service.FederatedCoordinatorService - Node 11 marked as inactive due to heartbeat timeout
2026-01-15 14:55:19.124 [taskScheduler-3] WARN  c.q.federated.service.FederatedCoordinatorService - Node 111 marked as inactive due to heartbeat timeout
2026-01-15 14:55:24.141 [taskScheduler-3] WARN  c.q.federated.service.FederatedCoordinatorService - Node 11 marked as inactive due to heartbeat timeout
2026-01-15 14:55:24.142 [taskScheduler-3] WARN  c.q.federated.service.FederatedCoordinatorService - Node 111 marked as inactive due to heartbeat timeout
2026-01-15 14:55:29.153 [taskScheduler-3] WARN  c.q.federated.service.FederatedCoordinatorService - Node 11 marked as inactive due to heartbeat timeout
2026-01-15 14:55:29.154 [taskScheduler-3] WARN  c.q.federated.service.FederatedCoordinatorService - Node 111 marked as inactive due to heartbeat timeout
2026-01-15 14:55:34.173 [taskScheduler-3] WARN  c.q.federated.service.FederatedCoordinatorService - Node 11 marked as inactive due to heartbeat timeout
2026-01-15 14:55:34.174 [taskScheduler-3] WARN  c.q.federated.service.FederatedCoordinatorService - Node 111 marked as inactive due to heartbeat timeout
2026-01-15 14:55:39.190 [taskScheduler-3] WARN  c.q.federated.service.FederatedCoordinatorService - Node 11 marked as inactive due to heartbeat timeout
2026-01-15 14:55:39.191 [taskScheduler-3] WARN  c.q.federated.service.FederatedCoordinatorService - Node 111 marked as inactive due to heartbeat timeout
2026-01-15 14:55:44.200 [taskScheduler-3] WARN  c.q.federated.service.FederatedCoordinatorService - Node 11 marked as inactive due to heartbeat timeout
2026-01-15 14:55:44.201 [taskScheduler-3] WARN  c.q.federated.service.FederatedCoordinatorService - Node 111 marked as inactive due to heartbeat timeout
2026-01-15 14:55:49.206 [taskScheduler-3] WARN  c.q.federated.service.FederatedCoordinatorService - Node 11 marked as inactive due to heartbeat timeout
2026-01-15 14:55:49.207 [taskScheduler-3] WARN  c.q.federated.service.FederatedCoordinatorService - Node 111 marked as inactive due to heartbeat timeout
2026-01-15 14:55:54.219 [taskScheduler-3] WARN  c.q.federated.service.FederatedCoordinatorService - Node 11 marked as inactive due to heartbeat timeout
2026-01-15 14:55:54.220 [taskScheduler-3] WARN  c.q.federated.service.FederatedCoordinatorService - Node 111 marked as inactive due to heartbeat timeout
2026-01-15 14:55:59.234 [taskScheduler-3] WARN  c.q.federated.service.FederatedCoordinatorService - Node 11 marked as inactive due to heartbeat timeout
2026-01-15 14:55:59.234 [taskScheduler-3] WARN  c.q.federated.service.FederatedCoordinatorService - Node 111 marked as inactive due to heartbeat timeout
2026-01-15 14:56:04.254 [taskScheduler-3] WARN  c.q.federated.service.FederatedCoordinatorService - Node 11 marked as inactive due to heartbeat timeout
2026-01-15 14:56:04.254 [taskScheduler-3] WARN  c.q.federated.service.FederatedCoordinatorService - Node 111 marked as inactive due to heartbeat timeout
2026-01-15 14:56:09.264 [taskScheduler-3] WARN  c.q.federated.service.FederatedCoordinatorService - Node 11 marked as inactive due to heartbeat timeout
2026-01-15 14:56:09.265 [taskScheduler-3] WARN  c.q.federated.service.FederatedCoordinatorService - Node 111 marked as inactive due to heartbeat timeout
2026-01-15 14:56:14.274 [taskScheduler-3] WARN  c.q.federated.service.FederatedCoordinatorService - Node 11 marked as inactive due to heartbeat timeout
2026-01-15 14:56:14.275 [taskScheduler-3] WARN  c.q.federated.service.FederatedCoordinatorService - Node 111 marked as inactive due to heartbeat timeout
2026-01-15 14:56:19.289 [taskScheduler-3] WARN  c.q.federated.service.FederatedCoordinatorService - Node 11 marked as inactive due to heartbeat timeout
2026-01-15 14:56:19.290 [taskScheduler-3] WARN  c.q.federated.service.FederatedCoordinatorService - Node 111 marked as inactive due to heartbeat timeout
2026-01-15 14:56:24.306 [taskScheduler-3] WARN  c.q.federated.service.FederatedCoordinatorService - Node 11 marked as inactive due to heartbeat timeout
2026-01-15 14:56:24.307 [taskScheduler-3] WARN  c.q.federated.service.FederatedCoordinatorService - Node 111 marked as inactive due to heartbeat timeout
2026-01-15 14:56:29.323 [taskScheduler-3] WARN  c.q.federated.service.FederatedCoordinatorService - Node 11 marked as inactive due to heartbeat timeout
2026-01-15 14:56:29.323 [taskScheduler-3] WARN  c.q.federated.service.FederatedCoordinatorService - Node 111 marked as inactive due to heartbeat timeout
2026-01-15 14:56:34.345 [taskScheduler-3] WARN  c.q.federated.service.FederatedCoordinatorService - Node 11 marked as inactive due to heartbeat timeout
2026-01-15 14:56:34.346 [taskScheduler-3] WARN  c.q.federated.service.FederatedCoordinatorService - Node 111 marked as inactive due to heartbeat timeout
2026-01-15 14:56:39.360 [taskScheduler-3] WARN  c.q.federated.service.FederatedCoordinatorService - Node 11 marked as inactive due to heartbeat timeout
2026-01-15 14:56:39.361 [taskScheduler-3] WARN  c.q.federated.service.FederatedCoordinatorService - Node 111 marked as inactive due to heartbeat timeout
2026-01-15 14:56:44.373 [taskScheduler-3] WARN  c.q.federated.service.FederatedCoordinatorService - Node 11 marked as inactive due to heartbeat timeout
2026-01-15 14:56:44.374 [taskScheduler-3] WARN  c.q.federated.service.FederatedCoordinatorService - Node 111 marked as inactive due to heartbeat timeout
2026-01-15 14:56:49.390 [taskScheduler-3] WARN  c.q.federated.service.FederatedCoordinatorService - Node 11 marked as inactive due to heartbeat timeout
2026-01-15 14:56:49.391 [taskScheduler-3] WARN  c.q.federated.service.FederatedCoordinatorService - Node 111 marked as inactive due to heartbeat timeout
2026-01-15 14:56:54.399 [taskScheduler-3] WARN  c.q.federated.service.FederatedCoordinatorService - Node 11 marked as inactive due to heartbeat timeout
2026-01-15 14:56:54.400 [taskScheduler-3] WARN  c.q.federated.service.FederatedCoordinatorService - Node 111 marked as inactive due to heartbeat timeout
2026-01-15 14:56:59.407 [taskScheduler-3] WARN  c.q.federated.service.FederatedCoordinatorService - Node 11 marked as inactive due to heartbeat timeout
2026-01-15 14:56:59.407 [taskScheduler-3] WARN  c.q.federated.service.FederatedCoordinatorService - Node 111 marked as inactive due to heartbeat timeout
2026-01-15 14:57:04.422 [taskScheduler-3] WARN  c.q.federated.service.FederatedCoordinatorService - Node 11 marked as inactive due to heartbeat timeout
2026-01-15 14:57:04.422 [taskScheduler-3] WARN  c.q.federated.service.FederatedCoordinatorService - Node 111 marked as inactive due to heartbeat timeout
2026-01-15 14:57:09.435 [taskScheduler-3] WARN  c.q.federated.service.FederatedCoordinatorService - Node 11 marked as inactive due to heartbeat timeout
2026-01-15 14:57:09.436 [taskScheduler-3] WARN  c.q.federated.service.FederatedCoordinatorService - Node 111 marked as inactive due to heartbeat timeout
2026-01-15 14:57:14.442 [taskScheduler-3] WARN  c.q.federated.service.FederatedCoordinatorService - Node 11 marked as inactive due to heartbeat timeout
2026-01-15 14:57:14.443 [taskScheduler-3] WARN  c.q.federated.service.FederatedCoordinatorService - Node 111 marked as inactive due to heartbeat timeout
2026-01-15 14:57:19.454 [taskScheduler-3] WARN  c.q.federated.service.FederatedCoordinatorService - Node 11 marked as inactive due to heartbeat timeout
2026-01-15 14:57:19.454 [taskScheduler-3] WARN  c.q.federated.service.FederatedCoordinatorService - Node 111 marked as inactive due to heartbeat timeout
2026-01-15 14:57:24.467 [taskScheduler-3] WARN  c.q.federated.service.FederatedCoordinatorService - Node 11 marked as inactive due to heartbeat timeout
2026-01-15 14:57:24.467 [taskScheduler-3] WARN  c.q.federated.service.FederatedCoordinatorService - Node 111 marked as inactive due to heartbeat timeout
2026-01-15 14:57:29.487 [taskScheduler-3] WARN  c.q.federated.service.FederatedCoordinatorService - Node 11 marked as inactive due to heartbeat timeout
2026-01-15 14:57:29.488 [taskScheduler-3] WARN  c.q.federated.service.FederatedCoordinatorService - Node 111 marked as inactive due to heartbeat timeout
2026-01-15 14:57:34.498 [taskScheduler-3] WARN  c.q.federated.service.FederatedCoordinatorService - Node 11 marked as inactive due to heartbeat timeout
2026-01-15 14:57:34.499 [taskScheduler-3] WARN  c.q.federated.service.FederatedCoordinatorService - Node 111 marked as inactive due to heartbeat timeout
2026-01-15 14:57:39.508 [taskScheduler-3] WARN  c.q.federated.service.FederatedCoordinatorService - Node 11 marked as inactive due to heartbeat timeout
2026-01-15 14:57:39.508 [taskScheduler-3] WARN  c.q.federated.service.FederatedCoordinatorService - Node 111 marked as inactive due to heartbeat timeout
2026-01-15 14:57:44.523 [taskScheduler-3] WARN  c.q.federated.service.FederatedCoordinatorService - Node 11 marked as inactive due to heartbeat timeout
2026-01-15 14:57:44.523 [taskScheduler-3] WARN  c.q.federated.service.FederatedCoordinatorService - Node 111 marked as inactive due to heartbeat timeout
2026-01-15 14:57:49.539 [taskScheduler-3] WARN  c.q.federated.service.FederatedCoordinatorService - Node 11 marked as inactive due to heartbeat timeout
2026-01-15 14:57:49.540 [taskScheduler-3] WARN  c.q.federated.service.FederatedCoordinatorService - Node 111 marked as inactive due to heartbeat timeout
2026-01-15 14:57:54.559 [taskScheduler-3] WARN  c.q.federated.service.FederatedCoordinatorService - Node 11 marked as inactive due to heartbeat timeout
2026-01-15 14:57:54.560 [taskScheduler-3] WARN  c.q.federated.service.FederatedCoordinatorService - Node 111 marked as inactive due to heartbeat timeout
2026-01-15 14:57:59.581 [taskScheduler-3] WARN  c.q.federated.service.FederatedCoordinatorService - Node 11 marked as inactive due to heartbeat timeout
2026-01-15 14:57:59.581 [taskScheduler-3] WARN  c.q.federated.service.FederatedCoordinatorService - Node 111 marked as inactive due to heartbeat timeout
2026-01-15 14:58:04.593 [taskScheduler-3] WARN  c.q.federated.service.FederatedCoordinatorService - Node 11 marked as inactive due to heartbeat timeout
2026-01-15 14:58:04.594 [taskScheduler-3] WARN  c.q.federated.service.FederatedCoordinatorService - Node 111 marked as inactive due to heartbeat timeout
2026-01-15 14:58:09.613 [taskScheduler-3] WARN  c.q.federated.service.FederatedCoordinatorService - Node 11 marked as inactive due to heartbeat timeout
2026-01-15 14:58:09.613 [taskScheduler-3] WARN  c.q.federated.service.FederatedCoordinatorService - Node 111 marked as inactive due to heartbeat timeout
2026-01-15 14:58:14.625 [taskScheduler-3] WARN  c.q.federated.service.FederatedCoordinatorService - Node 11 marked as inactive due to heartbeat timeout
2026-01-15 14:58:14.625 [taskScheduler-3] WARN  c.q.federated.service.FederatedCoordinatorService - Node 111 marked as inactive due to heartbeat timeout
2026-01-15 14:58:19.634 [taskScheduler-3] WARN  c.q.federated.service.FederatedCoordinatorService - Node 11 marked as inactive due to heartbeat timeout
2026-01-15 14:58:19.635 [taskScheduler-3] WARN  c.q.federated.service.FederatedCoordinatorService - Node 111 marked as inactive due to heartbeat timeout
2026-01-15 14:58:24.640 [taskScheduler-3] WARN  c.q.federated.service.FederatedCoordinatorService - Node 11 marked as inactive due to heartbeat timeout
2026-01-15 14:58:24.641 [taskScheduler-3] WARN  c.q.federated.service.FederatedCoordinatorService - Node 111 marked as inactive due to heartbeat timeout
2026-01-15 14:58:29.655 [taskScheduler-3] WARN  c.q.federated.service.FederatedCoordinatorService - Node 11 marked as inactive due to heartbeat timeout
2026-01-15 14:58:29.655 [taskScheduler-3] WARN  c.q.federated.service.FederatedCoordinatorService - Node 111 marked as inactive due to heartbeat timeout
2026-01-15 14:58:34.665 [taskScheduler-3] WARN  c.q.federated.service.FederatedCoordinatorService - Node 11 marked as inactive due to heartbeat timeout
2026-01-15 14:58:34.666 [taskScheduler-3] WARN  c.q.federated.service.FederatedCoordinatorService - Node 111 marked as inactive due to heartbeat timeout
2026-01-15 14:58:39.687 [taskScheduler-3] WARN  c.q.federated.service.FederatedCoordinatorService - Node 11 marked as inactive due to heartbeat timeout
2026-01-15 14:58:39.688 [taskScheduler-3] WARN  c.q.federated.service.FederatedCoordinatorService - Node 111 marked as inactive due to heartbeat timeout
2026-01-15 14:58:44.710 [taskScheduler-3] WARN  c.q.federated.service.FederatedCoordinatorService - Node 11 marked as inactive due to heartbeat timeout
2026-01-15 14:58:44.710 [taskScheduler-3] WARN  c.q.federated.service.FederatedCoordinatorService - Node 111 marked as inactive due to heartbeat timeout
2026-01-15 14:58:49.718 [taskScheduler-3] WARN  c.q.federated.service.FederatedCoordinatorService - Node 11 marked as inactive due to heartbeat timeout
2026-01-15 14:58:49.719 [taskScheduler-3] WARN  c.q.federated.service.FederatedCoordinatorService - Node 111 marked as inactive due to heartbeat timeout
2026-01-15 14:58:54.723 [taskScheduler-3] WARN  c.q.federated.service.FederatedCoordinatorService - Node 11 marked as inactive due to heartbeat timeout
2026-01-15 14:58:54.723 [taskScheduler-3] WARN  c.q.federated.service.FederatedCoordinatorService - Node 111 marked as inactive due to heartbeat timeout
2026-01-15 14:58:59.736 [taskScheduler-3] WARN  c.q.federated.service.FederatedCoordinatorService - Node 11 marked as inactive due to heartbeat timeout
2026-01-15 14:58:59.737 [taskScheduler-3] WARN  c.q.federated.service.FederatedCoordinatorService - Node 111 marked as inactive due to heartbeat timeout
2026-01-15 14:59:04.751 [taskScheduler-3] WARN  c.q.federated.service.FederatedCoordinatorService - Node 11 marked as inactive due to heartbeat timeout
2026-01-15 14:59:04.752 [taskScheduler-3] WARN  c.q.federated.service.FederatedCoordinatorService - Node 111 marked as inactive due to heartbeat timeout
2026-01-15 14:59:09.758 [taskScheduler-3] WARN  c.q.federated.service.FederatedCoordinatorService - Node 11 marked as inactive due to heartbeat timeout
2026-01-15 14:59:09.758 [taskScheduler-3] WARN  c.q.federated.service.FederatedCoordinatorService - Node 111 marked as inactive due to heartbeat timeout
2026-01-15 14:59:14.769 [taskScheduler-3] WARN  c.q.federated.service.FederatedCoordinatorService - Node 11 marked as inactive due to heartbeat timeout
2026-01-15 14:59:14.771 [taskScheduler-3] WARN  c.q.federated.service.FederatedCoordinatorService - Node 111 marked as inactive due to heartbeat timeout
2026-01-15 14:59:19.790 [taskScheduler-3] WARN  c.q.federated.service.FederatedCoordinatorService - Node 11 marked as inactive due to heartbeat timeout
2026-01-15 14:59:19.791 [taskScheduler-3] WARN  c.q.federated.service.FederatedCoordinatorService - Node 111 marked as inactive due to heartbeat timeout
2026-01-15 14:59:24.798 [taskScheduler-3] WARN  c.q.federated.service.FederatedCoordinatorService - Node 11 marked as inactive due to heartbeat timeout
2026-01-15 14:59:24.799 [taskScheduler-3] WARN  c.q.federated.service.FederatedCoordinatorService - Node 111 marked as inactive due to heartbeat timeout
2026-01-15 14:59:29.810 [taskScheduler-3] WARN  c.q.federated.service.FederatedCoordinatorService - Node 11 marked as inactive due to heartbeat timeout
2026-01-15 14:59:29.811 [taskScheduler-3] WARN  c.q.federated.service.FederatedCoordinatorService - Node 111 marked as inactive due to heartbeat timeout
2026-01-15 14:59:34.818 [taskScheduler-3] WARN  c.q.federated.service.FederatedCoordinatorService - Node 11 marked as inactive due to heartbeat timeout
2026-01-15 14:59:34.818 [taskScheduler-3] WARN  c.q.federated.service.FederatedCoordinatorService - Node 111 marked as inactive due to heartbeat timeout
2026-01-15 14:59:39.829 [taskScheduler-3] WARN  c.q.federated.service.FederatedCoordinatorService - Node 11 marked as inactive due to heartbeat timeout
2026-01-15 14:59:39.830 [taskScheduler-3] WARN  c.q.federated.service.FederatedCoordinatorService - Node 111 marked as inactive due to heartbeat timeout
2026-01-15 14:59:44.837 [taskScheduler-3] WARN  c.q.federated.service.FederatedCoordinatorService - Node 11 marked as inactive due to heartbeat timeout
2026-01-15 14:59:44.837 [taskScheduler-3] WARN  c.q.federated.service.FederatedCoordinatorService - Node 111 marked as inactive due to heartbeat timeout
2026-01-15 14:59:49.843 [taskScheduler-3] WARN  c.q.federated.service.FederatedCoordinatorService - Node 11 marked as inactive due to heartbeat timeout
2026-01-15 14:59:49.843 [taskScheduler-3] WARN  c.q.federated.service.FederatedCoordinatorService - Node 111 marked as inactive due to heartbeat timeout
2026-01-15 14:59:54.851 [taskScheduler-3] WARN  c.q.federated.service.FederatedCoordinatorService - Node 11 marked as inactive due to heartbeat timeout
2026-01-15 14:59:54.851 [taskScheduler-3] WARN  c.q.federated.service.FederatedCoordinatorService - Node 111 marked as inactive due to heartbeat timeout
2026-01-15 14:59:59.867 [taskScheduler-3] WARN  c.q.federated.service.FederatedCoordinatorService - Node 11 marked as inactive due to heartbeat timeout
2026-01-15 14:59:59.868 [taskScheduler-3] WARN  c.q.federated.service.FederatedCoordinatorService - Node 111 marked as inactive due to heartbeat timeout
2026-01-15 15:00:04.882 [taskScheduler-3] WARN  c.q.federated.service.FederatedCoordinatorService - Node 11 marked as inactive due to heartbeat timeout
2026-01-15 15:00:04.882 [taskScheduler-3] WARN  c.q.federated.service.FederatedCoordinatorService - Node 111 marked as inactive due to heartbeat timeout
2026-01-15 15:00:09.901 [taskScheduler-3] WARN  c.q.federated.service.FederatedCoordinatorService - Node 11 marked as inactive due to heartbeat timeout
2026-01-15 15:00:09.902 [taskScheduler-3] WARN  c.q.federated.service.FederatedCoordinatorService - Node 111 marked as inactive due to heartbeat timeout
2026-01-15 15:00:14.918 [taskScheduler-3] WARN  c.q.federated.service.FederatedCoordinatorService - Node 11 marked as inactive due to heartbeat timeout
2026-01-15 15:00:14.918 [taskScheduler-3] WARN  c.q.federated.service.FederatedCoordinatorService - Node 111 marked as inactive due to heartbeat timeout
2026-01-15 15:00:19.929 [taskScheduler-3] WARN  c.q.federated.service.FederatedCoordinatorService - Node 11 marked as inactive due to heartbeat timeout
2026-01-15 15:00:19.929 [taskScheduler-3] WARN  c.q.federated.service.FederatedCoordinatorService - Node 111 marked as inactive due to heartbeat timeout
2026-01-15 15:00:24.944 [taskScheduler-3] WARN  c.q.federated.service.FederatedCoordinatorService - Node 11 marked as inactive due to heartbeat timeout
2026-01-15 15:00:24.945 [taskScheduler-3] WARN  c.q.federated.service.FederatedCoordinatorService - Node 111 marked as inactive due to heartbeat timeout
2026-01-15 15:00:29.963 [taskScheduler-3] WARN  c.q.federated.service.FederatedCoordinatorService - Node 11 marked as inactive due to heartbeat timeout
2026-01-15 15:00:29.964 [taskScheduler-3] WARN  c.q.federated.service.FederatedCoordinatorService - Node 111 marked as inactive due to heartbeat timeout
2026-01-15 15:00:34.979 [taskScheduler-3] WARN  c.q.federated.service.FederatedCoordinatorService - Node 11 marked as inactive due to heartbeat timeout
2026-01-15 15:00:34.980 [taskScheduler-3] WARN  c.q.federated.service.FederatedCoordinatorService - Node 111 marked as inactive due to heartbeat timeout
2026-01-15 15:00:39.997 [taskScheduler-3] WARN  c.q.federated.service.FederatedCoordinatorService - Node 11 marked as inactive due to heartbeat timeout
2026-01-15 15:00:39.997 [taskScheduler-3] WARN  c.q.federated.service.FederatedCoordinatorService - Node 111 marked as inactive due to heartbeat timeout
2026-01-15 15:00:45.008 [taskScheduler-3] WARN  c.q.federated.service.FederatedCoordinatorService - Node 11 marked as inactive due to heartbeat timeout
2026-01-15 15:00:45.008 [taskScheduler-3] WARN  c.q.federated.service.FederatedCoordinatorService - Node 111 marked as inactive due to heartbeat timeout
2026-01-15 15:00:50.018 [taskScheduler-3] WARN  c.q.federated.service.FederatedCoordinatorService - Node 11 marked as inactive due to heartbeat timeout
2026-01-15 15:00:50.019 [taskScheduler-3] WARN  c.q.federated.service.FederatedCoordinatorService - Node 111 marked as inactive due to heartbeat timeout
2026-01-15 15:00:55.034 [taskScheduler-3] WARN  c.q.federated.service.FederatedCoordinatorService - Node 11 marked as inactive due to heartbeat timeout
2026-01-15 15:00:55.035 [taskScheduler-3] WARN  c.q.federated.service.FederatedCoordinatorService - Node 111 marked as inactive due to heartbeat timeout
2026-01-15 15:01:00.050 [taskScheduler-3] WARN  c.q.federated.service.FederatedCoordinatorService - Node 11 marked as inactive due to heartbeat timeout
2026-01-15 15:01:00.051 [taskScheduler-3] WARN  c.q.federated.service.FederatedCoordinatorService - Node 111 marked as inactive due to heartbeat timeout
2026-01-15 15:01:05.063 [taskScheduler-3] WARN  c.q.federated.service.FederatedCoordinatorService - Node 11 marked as inactive due to heartbeat timeout
2026-01-15 15:01:05.064 [taskScheduler-3] WARN  c.q.federated.service.FederatedCoordinatorService - Node 111 marked as inactive due to heartbeat timeout
2026-01-15 15:01:10.090 [taskScheduler-3] WARN  c.q.federated.service.FederatedCoordinatorService - Node 11 marked as inactive due to heartbeat timeout
2026-01-15 15:01:10.091 [taskScheduler-3] WARN  c.q.federated.service.FederatedCoordinatorService - Node 111 marked as inactive due to heartbeat timeout
2026-01-15 15:01:15.098 [taskScheduler-3] WARN  c.q.federated.service.FederatedCoordinatorService - Node 11 marked as inactive due to heartbeat timeout
2026-01-15 15:01:15.100 [taskScheduler-3] WARN  c.q.federated.service.FederatedCoordinatorService - Node 111 marked as inactive due to heartbeat timeout
2026-01-15 15:01:20.115 [taskScheduler-3] WARN  c.q.federated.service.FederatedCoordinatorService - Node 11 marked as inactive due to heartbeat timeout
2026-01-15 15:01:20.116 [taskScheduler-3] WARN  c.q.federated.service.FederatedCoordinatorService - Node 111 marked as inactive due to heartbeat timeout
2026-01-15 15:01:25.131 [taskScheduler-3] WARN  c.q.federated.service.FederatedCoordinatorService - Node 11 marked as inactive due to heartbeat timeout
2026-01-15 15:01:25.132 [taskScheduler-3] WARN  c.q.federated.service.FederatedCoordinatorService - Node 111 marked as inactive due to heartbeat timeout
2026-01-15 15:01:30.147 [taskScheduler-3] WARN  c.q.federated.service.FederatedCoordinatorService - Node 11 marked as inactive due to heartbeat timeout
2026-01-15 15:01:30.147 [taskScheduler-3] WARN  c.q.federated.service.FederatedCoordinatorService - Node 111 marked as inactive due to heartbeat timeout
2026-01-15 15:01:35.164 [taskScheduler-3] WARN  c.q.federated.service.FederatedCoordinatorService - Node 11 marked as inactive due to heartbeat timeout
2026-01-15 15:01:35.165 [taskScheduler-3] WARN  c.q.federated.service.FederatedCoordinatorService - Node 111 marked as inactive due to heartbeat timeout
2026-01-15 15:01:40.181 [taskScheduler-3] WARN  c.q.federated.service.FederatedCoordinatorService - Node 11 marked as inactive due to heartbeat timeout
2026-01-15 15:01:40.181 [taskScheduler-3] WARN  c.q.federated.service.FederatedCoordinatorService - Node 111 marked as inactive due to heartbeat timeout
2026-01-15 15:01:45.201 [taskScheduler-3] WARN  c.q.federated.service.FederatedCoordinatorService - Node 11 marked as inactive due to heartbeat timeout
2026-01-15 15:01:45.201 [taskScheduler-3] WARN  c.q.federated.service.FederatedCoordinatorService - Node 111 marked as inactive due to heartbeat timeout
2026-01-15 15:01:50.218 [taskScheduler-3] WARN  c.q.federated.service.FederatedCoordinatorService - Node 11 marked as inactive due to heartbeat timeout
2026-01-15 15:01:50.218 [taskScheduler-3] WARN  c.q.federated.service.FederatedCoordinatorService - Node 111 marked as inactive due to heartbeat timeout
2026-01-15 15:01:55.228 [taskScheduler-3] WARN  c.q.federated.service.FederatedCoordinatorService - Node 11 marked as inactive due to heartbeat timeout
2026-01-15 15:01:55.228 [taskScheduler-3] WARN  c.q.federated.service.FederatedCoordinatorService - Node 111 marked as inactive due to heartbeat timeout
2026-01-15 15:02:00.239 [taskScheduler-3] WARN  c.q.federated.service.FederatedCoordinatorService - Node 11 marked as inactive due to heartbeat timeout
2026-01-15 15:02:00.239 [taskScheduler-3] WARN  c.q.federated.service.FederatedCoordinatorService - Node 111 marked as inactive due to heartbeat timeout
2026-01-15 15:02:05.249 [taskScheduler-3] WARN  c.q.federated.service.FederatedCoordinatorService - Node 11 marked as inactive due to heartbeat timeout
2026-01-15 15:02:05.249 [taskScheduler-3] WARN  c.q.federated.service.FederatedCoordinatorService - Node 111 marked as inactive due to heartbeat timeout
2026-01-15 15:02:10.260 [taskScheduler-3] WARN  c.q.federated.service.FederatedCoordinatorService - Node 11 marked as inactive due to heartbeat timeout
2026-01-15 15:02:10.260 [taskScheduler-3] WARN  c.q.federated.service.FederatedCoordinatorService - Node 111 marked as inactive due to heartbeat timeout
2026-01-15 15:02:15.270 [taskScheduler-3] WARN  c.q.federated.service.FederatedCoordinatorService - Node 11 marked as inactive due to heartbeat timeout
2026-01-15 15:02:15.270 [taskScheduler-3] WARN  c.q.federated.service.FederatedCoordinatorService - Node 111 marked as inactive due to heartbeat timeout
2026-01-15 15:02:20.283 [taskScheduler-3] WARN  c.q.federated.service.FederatedCoordinatorService - Node 11 marked as inactive due to heartbeat timeout
2026-01-15 15:02:20.283 [taskScheduler-3] WARN  c.q.federated.service.FederatedCoordinatorService - Node 111 marked as inactive due to heartbeat timeout
2026-01-15 15:02:25.295 [taskScheduler-3] WARN  c.q.federated.service.FederatedCoordinatorService - Node 11 marked as inactive due to heartbeat timeout
2026-01-15 15:02:25.296 [taskScheduler-3] WARN  c.q.federated.service.FederatedCoordinatorService - Node 111 marked as inactive due to heartbeat timeout
2026-01-15 15:02:30.314 [taskScheduler-3] WARN  c.q.federated.service.FederatedCoordinatorService - Node 11 marked as inactive due to heartbeat timeout
2026-01-15 15:02:30.315 [taskScheduler-3] WARN  c.q.federated.service.FederatedCoordinatorService - Node 111 marked as inactive due to heartbeat timeout
2026-01-15 15:02:35.325 [taskScheduler-3] WARN  c.q.federated.service.FederatedCoordinatorService - Node 11 marked as inactive due to heartbeat timeout
2026-01-15 15:02:35.325 [taskScheduler-3] WARN  c.q.federated.service.FederatedCoordinatorService - Node 111 marked as inactive due to heartbeat timeout
2026-01-15 15:02:40.336 [taskScheduler-3] WARN  c.q.federated.service.FederatedCoordinatorService - Node 11 marked as inactive due to heartbeat timeout
2026-01-15 15:02:40.336 [taskScheduler-3] WARN  c.q.federated.service.FederatedCoordinatorService - Node 111 marked as inactive due to heartbeat timeout
2026-01-15 15:02:45.347 [taskScheduler-3] WARN  c.q.federated.service.FederatedCoordinatorService - Node 11 marked as inactive due to heartbeat timeout
2026-01-15 15:02:45.347 [taskScheduler-3] WARN  c.q.federated.service.FederatedCoordinatorService - Node 111 marked as inactive due to heartbeat timeout
2026-01-15 15:02:50.364 [taskScheduler-3] WARN  c.q.federated.service.FederatedCoordinatorService - Node 11 marked as inactive due to heartbeat timeout
2026-01-15 15:02:50.364 [taskScheduler-3] WARN  c.q.federated.service.FederatedCoordinatorService - Node 111 marked as inactive due to heartbeat timeout
2026-01-15 15:02:55.381 [taskScheduler-3] WARN  c.q.federated.service.FederatedCoordinatorService - Node 11 marked as inactive due to heartbeat timeout
2026-01-15 15:02:55.381 [taskScheduler-3] WARN  c.q.federated.service.FederatedCoordinatorService - Node 111 marked as inactive due to heartbeat timeout
2026-01-15 15:03:00.397 [taskScheduler-3] WARN  c.q.federated.service.FederatedCoordinatorService - Node 11 marked as inactive due to heartbeat timeout
2026-01-15 15:03:00.398 [taskScheduler-3] WARN  c.q.federated.service.FederatedCoordinatorService - Node 111 marked as inactive due to heartbeat timeout
2026-01-15 15:03:05.413 [taskScheduler-3] WARN  c.q.federated.service.FederatedCoordinatorService - Node 11 marked as inactive due to heartbeat timeout
2026-01-15 15:03:05.414 [taskScheduler-3] WARN  c.q.federated.service.FederatedCoordinatorService - Node 111 marked as inactive due to heartbeat timeout
2026-01-15 15:03:10.424 [taskScheduler-3] WARN  c.q.federated.service.FederatedCoordinatorService - Node 11 marked as inactive due to heartbeat timeout
2026-01-15 15:03:10.425 [taskScheduler-3] WARN  c.q.federated.service.FederatedCoordinatorService - Node 111 marked as inactive due to heartbeat timeout
2026-01-15 15:03:15.436 [taskScheduler-3] WARN  c.q.federated.service.FederatedCoordinatorService - Node 11 marked as inactive due to heartbeat timeout
2026-01-15 15:03:15.437 [taskScheduler-3] WARN  c.q.federated.service.FederatedCoordinatorService - Node 111 marked as inactive due to heartbeat timeout
2026-01-15 15:03:20.448 [taskScheduler-3] WARN  c.q.federated.service.FederatedCoordinatorService - Node 11 marked as inactive due to heartbeat timeout
2026-01-15 15:03:20.448 [taskScheduler-3] WARN  c.q.federated.service.FederatedCoordinatorService - Node 111 marked as inactive due to heartbeat timeout
2026-01-15 15:03:25.459 [taskScheduler-3] WARN  c.q.federated.service.FederatedCoordinatorService - Node 11 marked as inactive due to heartbeat timeout
2026-01-15 15:03:25.460 [taskScheduler-3] WARN  c.q.federated.service.FederatedCoordinatorService - Node 111 marked as inactive due to heartbeat timeout
2026-01-15 15:03:30.469 [taskScheduler-3] WARN  c.q.federated.service.FederatedCoordinatorService - Node 11 marked as inactive due to heartbeat timeout
2026-01-15 15:03:30.469 [taskScheduler-3] WARN  c.q.federated.service.FederatedCoordinatorService - Node 111 marked as inactive due to heartbeat timeout
2026-01-15 15:03:35.488 [taskScheduler-3] WARN  c.q.federated.service.FederatedCoordinatorService - Node 11 marked as inactive due to heartbeat timeout
2026-01-15 15:03:35.489 [taskScheduler-3] WARN  c.q.federated.service.FederatedCoordinatorService - Node 111 marked as inactive due to heartbeat timeout
2026-01-15 15:03:40.501 [taskScheduler-3] WARN  c.q.federated.service.FederatedCoordinatorService - Node 11 marked as inactive due to heartbeat timeout
2026-01-15 15:03:40.502 [taskScheduler-3] WARN  c.q.federated.service.FederatedCoordinatorService - Node 111 marked as inactive due to heartbeat timeout
2026-01-15 15:03:45.515 [taskScheduler-3] WARN  c.q.federated.service.FederatedCoordinatorService - Node 11 marked as inactive due to heartbeat timeout
2026-01-15 15:03:45.515 [taskScheduler-3] WARN  c.q.federated.service.FederatedCoordinatorService - Node 111 marked as inactive due to heartbeat timeout
2026-01-15 15:03:50.532 [taskScheduler-3] WARN  c.q.federated.service.FederatedCoordinatorService - Node 11 marked as inactive due to heartbeat timeout
2026-01-15 15:03:50.532 [taskScheduler-3] WARN  c.q.federated.service.FederatedCoordinatorService - Node 111 marked as inactive due to heartbeat timeout
2026-01-15 15:03:55.548 [taskScheduler-3] WARN  c.q.federated.service.FederatedCoordinatorService - Node 11 marked as inactive due to heartbeat timeout
2026-01-15 15:03:55.549 [taskScheduler-3] WARN  c.q.federated.service.FederatedCoordinatorService - Node 111 marked as inactive due to heartbeat timeout
2026-01-15 15:04:00.558 [taskScheduler-3] WARN  c.q.federated.service.FederatedCoordinatorService - Node 11 marked as inactive due to heartbeat timeout
2026-01-15 15:04:00.560 [taskScheduler-3] WARN  c.q.federated.service.FederatedCoordinatorService - Node 111 marked as inactive due to heartbeat timeout
2026-01-15 15:04:05.579 [taskScheduler-3] WARN  c.q.federated.service.FederatedCoordinatorService - Node 11 marked as inactive due to heartbeat timeout
2026-01-15 15:04:05.579 [taskScheduler-3] WARN  c.q.federated.service.FederatedCoordinatorService - Node 111 marked as inactive due to heartbeat timeout
2026-01-15 15:04:10.594 [taskScheduler-3] WARN  c.q.federated.service.FederatedCoordinatorService - Node 11 marked as inactive due to heartbeat timeout
2026-01-15 15:04:10.594 [taskScheduler-3] WARN  c.q.federated.service.FederatedCoordinatorService - Node 111 marked as inactive due to heartbeat timeout
2026-01-15 15:04:15.612 [taskScheduler-3] WARN  c.q.federated.service.FederatedCoordinatorService - Node 11 marked as inactive due to heartbeat timeout
2026-01-15 15:04:15.612 [taskScheduler-3] WARN  c.q.federated.service.FederatedCoordinatorService - Node 111 marked as inactive due to heartbeat timeout
2026-01-15 15:04:20.630 [taskScheduler-3] WARN  c.q.federated.service.FederatedCoordinatorService - Node 11 marked as inactive due to heartbeat timeout
2026-01-15 15:04:20.631 [taskScheduler-3] WARN  c.q.federated.service.FederatedCoordinatorService - Node 111 marked as inactive due to heartbeat timeout
2026-01-15 15:04:25.645 [taskScheduler-3] WARN  c.q.federated.service.FederatedCoordinatorService - Node 11 marked as inactive due to heartbeat timeout
2026-01-15 15:04:25.645 [taskScheduler-3] WARN  c.q.federated.service.FederatedCoordinatorService - Node 111 marked as inactive due to heartbeat timeout
2026-01-15 15:04:30.662 [taskScheduler-3] WARN  c.q.federated.service.FederatedCoordinatorService - Node 11 marked as inactive due to heartbeat timeout
2026-01-15 15:04:30.663 [taskScheduler-3] WARN  c.q.federated.service.FederatedCoordinatorService - Node 111 marked as inactive due to heartbeat timeout
2026-01-15 15:04:35.679 [taskScheduler-3] WARN  c.q.federated.service.FederatedCoordinatorService - Node 11 marked as inactive due to heartbeat timeout
2026-01-15 15:04:35.679 [taskScheduler-3] WARN  c.q.federated.service.FederatedCoordinatorService - Node 111 marked as inactive due to heartbeat timeout
2026-01-15 15:04:40.686 [taskScheduler-3] WARN  c.q.federated.service.FederatedCoordinatorService - Node 11 marked as inactive due to heartbeat timeout
2026-01-15 15:04:40.687 [taskScheduler-3] WARN  c.q.federated.service.FederatedCoordinatorService - Node 111 marked as inactive due to heartbeat timeout
2026-01-15 15:04:45.704 [taskScheduler-3] WARN  c.q.federated.service.FederatedCoordinatorService - Node 11 marked as inactive due to heartbeat timeout
2026-01-15 15:04:45.704 [taskScheduler-3] WARN  c.q.federated.service.FederatedCoordinatorService - Node 111 marked as inactive due to heartbeat timeout
2026-01-15 15:04:50.709 [taskScheduler-3] WARN  c.q.federated.service.FederatedCoordinatorService - Node 11 marked as inactive due to heartbeat timeout
2026-01-15 15:04:50.710 [taskScheduler-3] WARN  c.q.federated.service.FederatedCoordinatorService - Node 111 marked as inactive due to heartbeat timeout
2026-01-15 15:04:55.719 [taskScheduler-3] WARN  c.q.federated.service.FederatedCoordinatorService - Node 11 marked as inactive due to heartbeat timeout
2026-01-15 15:04:55.719 [taskScheduler-3] WARN  c.q.federated.service.FederatedCoordinatorService - Node 111 marked as inactive due to heartbeat timeout
2026-01-15 15:05:00.725 [taskScheduler-3] WARN  c.q.federated.service.FederatedCoordinatorService - Node 11 marked as inactive due to heartbeat timeout
2026-01-15 15:05:00.726 [taskScheduler-3] WARN  c.q.federated.service.FederatedCoordinatorService - Node 111 marked as inactive due to heartbeat timeout
2026-01-15 15:05:05.736 [taskScheduler-3] WARN  c.q.federated.service.FederatedCoordinatorService - Node 11 marked as inactive due to heartbeat timeout
2026-01-15 15:05:05.737 [taskScheduler-3] WARN  c.q.federated.service.FederatedCoordinatorService - Node 111 marked as inactive due to heartbeat timeout
2026-01-15 15:05:10.752 [taskScheduler-3] WARN  c.q.federated.service.FederatedCoordinatorService - Node 11 marked as inactive due to heartbeat timeout
2026-01-15 15:05:10.753 [taskScheduler-3] WARN  c.q.federated.service.FederatedCoordinatorService - Node 111 marked as inactive due to heartbeat timeout
2026-01-15 15:05:15.760 [taskScheduler-3] WARN  c.q.federated.service.FederatedCoordinatorService - Node 11 marked as inactive due to heartbeat timeout
2026-01-15 15:05:15.761 [taskScheduler-3] WARN  c.q.federated.service.FederatedCoordinatorService - Node 111 marked as inactive due to heartbeat timeout
2026-01-15 15:05:20.767 [taskScheduler-3] WARN  c.q.federated.service.FederatedCoordinatorService - Node 11 marked as inactive due to heartbeat timeout
2026-01-15 15:05:20.768 [taskScheduler-3] WARN  c.q.federated.service.FederatedCoordinatorService - Node 111 marked as inactive due to heartbeat timeout
2026-01-15 15:05:25.775 [taskScheduler-3] WARN  c.q.federated.service.FederatedCoordinatorService - Node 11 marked as inactive due to heartbeat timeout
2026-01-15 15:05:25.776 [taskScheduler-3] WARN  c.q.federated.service.FederatedCoordinatorService - Node 111 marked as inactive due to heartbeat timeout
2026-01-15 15:05:30.793 [taskScheduler-3] WARN  c.q.federated.service.FederatedCoordinatorService - Node 11 marked as inactive due to heartbeat timeout
2026-01-15 15:05:30.793 [taskScheduler-3] WARN  c.q.federated.service.FederatedCoordinatorService - Node 111 marked as inactive due to heartbeat timeout
2026-01-15 15:05:35.809 [taskScheduler-3] WARN  c.q.federated.service.FederatedCoordinatorService - Node 11 marked as inactive due to heartbeat timeout
2026-01-15 15:05:35.811 [taskScheduler-3] WARN  c.q.federated.service.FederatedCoordinatorService - Node 111 marked as inactive due to heartbeat timeout
2026-01-15 15:05:40.821 [taskScheduler-3] WARN  c.q.federated.service.FederatedCoordinatorService - Node 11 marked as inactive due to heartbeat timeout
2026-01-15 15:05:40.821 [taskScheduler-3] WARN  c.q.federated.service.FederatedCoordinatorService - Node 111 marked as inactive due to heartbeat timeout
2026-01-15 15:05:45.835 [taskScheduler-3] WARN  c.q.federated.service.FederatedCoordinatorService - Node 11 marked as inactive due to heartbeat timeout
2026-01-15 15:05:45.836 [taskScheduler-3] WARN  c.q.federated.service.FederatedCoordinatorService - Node 111 marked as inactive due to heartbeat timeout
2026-01-15 15:05:50.843 [taskScheduler-3] WARN  c.q.federated.service.FederatedCoordinatorService - Node 11 marked as inactive due to heartbeat timeout
2026-01-15 15:05:50.844 [taskScheduler-3] WARN  c.q.federated.service.FederatedCoordinatorService - Node 111 marked as inactive due to heartbeat timeout
2026-01-15 15:05:55.859 [taskScheduler-3] WARN  c.q.federated.service.FederatedCoordinatorService - Node 11 marked as inactive due to heartbeat timeout
2026-01-15 15:05:55.860 [taskScheduler-3] WARN  c.q.federated.service.FederatedCoordinatorService - Node 111 marked as inactive due to heartbeat timeout
2026-01-15 15:06:00.880 [taskScheduler-3] WARN  c.q.federated.service.FederatedCoordinatorService - Node 11 marked as inactive due to heartbeat timeout
2026-01-15 15:06:00.880 [taskScheduler-3] WARN  c.q.federated.service.FederatedCoordinatorService - Node 111 marked as inactive due to heartbeat timeout
2026-01-15 15:06:05.887 [taskScheduler-3] WARN  c.q.federated.service.FederatedCoordinatorService - Node 11 marked as inactive due to heartbeat timeout
2026-01-15 15:06:05.888 [taskScheduler-3] WARN  c.q.federated.service.FederatedCoordinatorService - Node 111 marked as inactive due to heartbeat timeout
2026-01-15 15:06:10.902 [taskScheduler-3] WARN  c.q.federated.service.FederatedCoordinatorService - Node 11 marked as inactive due to heartbeat timeout
2026-01-15 15:06:10.902 [taskScheduler-3] WARN  c.q.federated.service.FederatedCoordinatorService - Node 111 marked as inactive due to heartbeat timeout
2026-01-15 15:06:15.915 [taskScheduler-3] WARN  c.q.federated.service.FederatedCoordinatorService - Node 11 marked as inactive due to heartbeat timeout
2026-01-15 15:06:15.915 [taskScheduler-3] WARN  c.q.federated.service.FederatedCoordinatorService - Node 111 marked as inactive due to heartbeat timeout
2026-01-15 15:06:20.934 [taskScheduler-3] WARN  c.q.federated.service.FederatedCoordinatorService - Node 11 marked as inactive due to heartbeat timeout
2026-01-15 15:06:20.935 [taskScheduler-3] WARN  c.q.federated.service.FederatedCoordinatorService - Node 111 marked as inactive due to heartbeat timeout
2026-01-15 15:06:25.952 [taskScheduler-3] WARN  c.q.federated.service.FederatedCoordinatorService - Node 11 marked as inactive due to heartbeat timeout
2026-01-15 15:06:25.952 [taskScheduler-3] WARN  c.q.federated.service.FederatedCoordinatorService - Node 111 marked as inactive due to heartbeat timeout
2026-01-15 15:06:30.958 [taskScheduler-3] WARN  c.q.federated.service.FederatedCoordinatorService - Node 11 marked as inactive due to heartbeat timeout
2026-01-15 15:06:30.959 [taskScheduler-3] WARN  c.q.federated.service.FederatedCoordinatorService - Node 111 marked as inactive due to heartbeat timeout
2026-01-15 15:06:35.971 [taskScheduler-3] WARN  c.q.federated.service.FederatedCoordinatorService - Node 11 marked as inactive due to heartbeat timeout
2026-01-15 15:06:35.971 [taskScheduler-3] WARN  c.q.federated.service.FederatedCoordinatorService - Node 111 marked as inactive due to heartbeat timeout
2026-01-15 15:06:40.976 [taskScheduler-3] WARN  c.q.federated.service.FederatedCoordinatorService - Node 11 marked as inactive due to heartbeat timeout
2026-01-15 15:06:40.976 [taskScheduler-3] WARN  c.q.federated.service.FederatedCoordinatorService - Node 111 marked as inactive due to heartbeat timeout
2026-01-15 15:06:45.993 [taskScheduler-3] WARN  c.q.federated.service.FederatedCoordinatorService - Node 11 marked as inactive due to heartbeat timeout
2026-01-15 15:06:45.994 [taskScheduler-3] WARN  c.q.federated.service.FederatedCoordinatorService - Node 111 marked as inactive due to heartbeat timeout
2026-01-15 15:06:51.012 [taskScheduler-3] WARN  c.q.federated.service.FederatedCoordinatorService - Node 11 marked as inactive due to heartbeat timeout
2026-01-15 15:06:51.013 [taskScheduler-3] WARN  c.q.federated.service.FederatedCoordinatorService - Node 111 marked as inactive due to heartbeat timeout
2026-01-15 15:06:56.023 [taskScheduler-3] WARN  c.q.federated.service.FederatedCoordinatorService - Node 11 marked as inactive due to heartbeat timeout
2026-01-15 15:06:56.023 [taskScheduler-3] WARN  c.q.federated.service.FederatedCoordinatorService - Node 111 marked as inactive due to heartbeat timeout
2026-01-15 15:07:01.038 [taskScheduler-3] WARN  c.q.federated.service.FederatedCoordinatorService - Node 11 marked as inactive due to heartbeat timeout
2026-01-15 15:07:01.038 [taskScheduler-3] WARN  c.q.federated.service.FederatedCoordinatorService - Node 111 marked as inactive due to heartbeat timeout
2026-01-15 15:07:06.048 [taskScheduler-3] WARN  c.q.federated.service.FederatedCoordinatorService - Node 11 marked as inactive due to heartbeat timeout
2026-01-15 15:07:06.049 [taskScheduler-3] WARN  c.q.federated.service.FederatedCoordinatorService - Node 111 marked as inactive due to heartbeat timeout
2026-01-15 15:07:11.077 [taskScheduler-3] WARN  c.q.federated.service.FederatedCoordinatorService - Node 11 marked as inactive due to heartbeat timeout
2026-01-15 15:07:11.079 [taskScheduler-3] WARN  c.q.federated.service.FederatedCoordinatorService - Node 111 marked as inactive due to heartbeat timeout
2026-01-15 15:07:16.090 [taskScheduler-3] WARN  c.q.federated.service.FederatedCoordinatorService - Node 11 marked as inactive due to heartbeat timeout
2026-01-15 15:07:16.091 [taskScheduler-3] WARN  c.q.federated.service.FederatedCoordinatorService - Node 111 marked as inactive due to heartbeat timeout
2026-01-15 15:07:21.105 [taskScheduler-3] WARN  c.q.federated.service.FederatedCoordinatorService - Node 11 marked as inactive due to heartbeat timeout
2026-01-15 15:07:21.106 [taskScheduler-3] WARN  c.q.federated.service.FederatedCoordinatorService - Node 111 marked as inactive due to heartbeat timeout
2026-01-15 15:07:26.117 [taskScheduler-3] WARN  c.q.federated.service.FederatedCoordinatorService - Node 11 marked as inactive due to heartbeat timeout
2026-01-15 15:07:26.117 [taskScheduler-3] WARN  c.q.federated.service.FederatedCoordinatorService - Node 111 marked as inactive due to heartbeat timeout
2026-01-15 15:07:31.124 [taskScheduler-3] WARN  c.q.federated.service.FederatedCoordinatorService - Node 11 marked as inactive due to heartbeat timeout
2026-01-15 15:07:31.125 [taskScheduler-3] WARN  c.q.federated.service.FederatedCoordinatorService - Node 111 marked as inactive due to heartbeat timeout
2026-01-15 15:07:36.134 [taskScheduler-3] WARN  c.q.federated.service.FederatedCoordinatorService - Node 11 marked as inactive due to heartbeat timeout
2026-01-15 15:07:36.136 [taskScheduler-3] WARN  c.q.federated.service.FederatedCoordinatorService - Node 111 marked as inactive due to heartbeat timeout
2026-01-15 15:07:41.147 [taskScheduler-3] WARN  c.q.federated.service.FederatedCoordinatorService - Node 11 marked as inactive due to heartbeat timeout
2026-01-15 15:07:41.148 [taskScheduler-3] WARN  c.q.federated.service.FederatedCoordinatorService - Node 111 marked as inactive due to heartbeat timeout
2026-01-15 15:07:46.155 [taskScheduler-3] WARN  c.q.federated.service.FederatedCoordinatorService - Node 11 marked as inactive due to heartbeat timeout
2026-01-15 15:07:46.155 [taskScheduler-3] WARN  c.q.federated.service.FederatedCoordinatorService - Node 111 marked as inactive due to heartbeat timeout
2026-01-15 15:07:51.173 [taskScheduler-3] WARN  c.q.federated.service.FederatedCoordinatorService - Node 11 marked as inactive due to heartbeat timeout
2026-01-15 15:07:51.174 [taskScheduler-3] WARN  c.q.federated.service.FederatedCoordinatorService - Node 111 marked as inactive due to heartbeat timeout
2026-01-15 15:07:56.192 [taskScheduler-3] WARN  c.q.federated.service.FederatedCoordinatorService - Node 11 marked as inactive due to heartbeat timeout
2026-01-15 15:07:56.193 [taskScheduler-3] WARN  c.q.federated.service.FederatedCoordinatorService - Node 111 marked as inactive due to heartbeat timeout
2026-01-15 15:08:01.204 [taskScheduler-3] WARN  c.q.federated.service.FederatedCoordinatorService - Node 11 marked as inactive due to heartbeat timeout
2026-01-15 15:08:01.204 [taskScheduler-3] WARN  c.q.federated.service.FederatedCoordinatorService - Node 111 marked as inactive due to heartbeat timeout
2026-01-15 15:08:06.222 [taskScheduler-3] WARN  c.q.federated.service.FederatedCoordinatorService - Node 11 marked as inactive due to heartbeat timeout
2026-01-15 15:08:06.224 [taskScheduler-3] WARN  c.q.federated.service.FederatedCoordinatorService - Node 111 marked as inactive due to heartbeat timeout
2026-01-15 15:08:11.238 [taskScheduler-3] WARN  c.q.federated.service.FederatedCoordinatorService - Node 11 marked as inactive due to heartbeat timeout
2026-01-15 15:08:11.238 [taskScheduler-3] WARN  c.q.federated.service.FederatedCoordinatorService - Node 111 marked as inactive due to heartbeat timeout
2026-01-15 15:08:16.247 [taskScheduler-3] WARN  c.q.federated.service.FederatedCoordinatorService - Node 11 marked as inactive due to heartbeat timeout
2026-01-15 15:08:16.247 [taskScheduler-3] WARN  c.q.federated.service.FederatedCoordinatorService - Node 111 marked as inactive due to heartbeat timeout
2026-01-15 15:08:21.259 [taskScheduler-3] WARN  c.q.federated.service.FederatedCoordinatorService - Node 11 marked as inactive due to heartbeat timeout
2026-01-15 15:08:21.260 [taskScheduler-3] WARN  c.q.federated.service.FederatedCoordinatorService - Node 111 marked as inactive due to heartbeat timeout
2026-01-15 15:08:26.272 [taskScheduler-3] WARN  c.q.federated.service.FederatedCoordinatorService - Node 11 marked as inactive due to heartbeat timeout
2026-01-15 15:08:26.272 [taskScheduler-3] WARN  c.q.federated.service.FederatedCoordinatorService - Node 111 marked as inactive due to heartbeat timeout
2026-01-15 15:08:31.279 [taskScheduler-3] WARN  c.q.federated.service.FederatedCoordinatorService - Node 11 marked as inactive due to heartbeat timeout
2026-01-15 15:08:31.279 [taskScheduler-3] WARN  c.q.federated.service.FederatedCoordinatorService - Node 111 marked as inactive due to heartbeat timeout
2026-01-15 15:08:36.286 [taskScheduler-3] WARN  c.q.federated.service.FederatedCoordinatorService - Node 11 marked as inactive due to heartbeat timeout
2026-01-15 15:08:36.287 [taskScheduler-3] WARN  c.q.federated.service.FederatedCoordinatorService - Node 111 marked as inactive due to heartbeat timeout
2026-01-15 15:08:41.300 [taskScheduler-3] WARN  c.q.federated.service.FederatedCoordinatorService - Node 11 marked as inactive due to heartbeat timeout
2026-01-15 15:08:41.301 [taskScheduler-3] WARN  c.q.federated.service.FederatedCoordinatorService - Node 111 marked as inactive due to heartbeat timeout
2026-01-15 15:08:46.320 [taskScheduler-3] WARN  c.q.federated.service.FederatedCoordinatorService - Node 11 marked as inactive due to heartbeat timeout
2026-01-15 15:08:46.321 [taskScheduler-3] WARN  c.q.federated.service.FederatedCoordinatorService - Node 111 marked as inactive due to heartbeat timeout
2026-01-15 15:08:51.336 [taskScheduler-3] WARN  c.q.federated.service.FederatedCoordinatorService - Node 11 marked as inactive due to heartbeat timeout
2026-01-15 15:08:51.337 [taskScheduler-3] WARN  c.q.federated.service.FederatedCoordinatorService - Node 111 marked as inactive due to heartbeat timeout
2026-01-15 15:08:56.345 [taskScheduler-3] WARN  c.q.federated.service.FederatedCoordinatorService - Node 11 marked as inactive due to heartbeat timeout
2026-01-15 15:08:56.345 [taskScheduler-3] WARN  c.q.federated.service.FederatedCoordinatorService - Node 111 marked as inactive due to heartbeat timeout
2026-01-15 15:09:01.353 [taskScheduler-3] WARN  c.q.federated.service.FederatedCoordinatorService - Node 11 marked as inactive due to heartbeat timeout
2026-01-15 15:09:01.353 [taskScheduler-3] WARN  c.q.federated.service.FederatedCoordinatorService - Node 111 marked as inactive due to heartbeat timeout
2026-01-15 15:09:06.367 [taskScheduler-3] WARN  c.q.federated.service.FederatedCoordinatorService - Node 11 marked as inactive due to heartbeat timeout
2026-01-15 15:09:06.367 [taskScheduler-3] WARN  c.q.federated.service.FederatedCoordinatorService - Node 111 marked as inactive due to heartbeat timeout
2026-01-15 15:09:11.388 [taskScheduler-3] WARN  c.q.federated.service.FederatedCoordinatorService - Node 11 marked as inactive due to heartbeat timeout
2026-01-15 15:09:11.388 [taskScheduler-3] WARN  c.q.federated.service.FederatedCoordinatorService - Node 111 marked as inactive due to heartbeat timeout
2026-01-15 15:09:16.400 [taskScheduler-3] WARN  c.q.federated.service.FederatedCoordinatorService - Node 11 marked as inactive due to heartbeat timeout
2026-01-15 15:09:16.401 [taskScheduler-3] WARN  c.q.federated.service.FederatedCoordinatorService - Node 111 marked as inactive due to heartbeat timeout
2026-01-15 15:09:21.409 [taskScheduler-3] WARN  c.q.federated.service.FederatedCoordinatorService - Node 11 marked as inactive due to heartbeat timeout
2026-01-15 15:09:21.409 [taskScheduler-3] WARN  c.q.federated.service.FederatedCoordinatorService - Node 111 marked as inactive due to heartbeat timeout
2026-01-15 15:09:26.425 [taskScheduler-3] WARN  c.q.federated.service.FederatedCoordinatorService - Node 11 marked as inactive due to heartbeat timeout
2026-01-15 15:09:26.425 [taskScheduler-3] WARN  c.q.federated.service.FederatedCoordinatorService - Node 111 marked as inactive due to heartbeat timeout
2026-01-15 15:09:31.436 [taskScheduler-3] WARN  c.q.federated.service.FederatedCoordinatorService - Node 11 marked as inactive due to heartbeat timeout
2026-01-15 15:09:31.437 [taskScheduler-3] WARN  c.q.federated.service.FederatedCoordinatorService - Node 111 marked as inactive due to heartbeat timeout
2026-01-15 15:09:36.457 [taskScheduler-3] WARN  c.q.federated.service.FederatedCoordinatorService - Node 11 marked as inactive due to heartbeat timeout
2026-01-15 15:09:36.457 [taskScheduler-3] WARN  c.q.federated.service.FederatedCoordinatorService - Node 111 marked as inactive due to heartbeat timeout
2026-01-15 15:09:41.465 [taskScheduler-3] WARN  c.q.federated.service.FederatedCoordinatorService - Node 11 marked as inactive due to heartbeat timeout
2026-01-15 15:09:41.465 [taskScheduler-3] WARN  c.q.federated.service.FederatedCoordinatorService - Node 111 marked as inactive due to heartbeat timeout
2026-01-15 15:09:46.483 [taskScheduler-3] WARN  c.q.federated.service.FederatedCoordinatorService - Node 11 marked as inactive due to heartbeat timeout
2026-01-15 15:09:46.483 [taskScheduler-3] WARN  c.q.federated.service.FederatedCoordinatorService - Node 111 marked as inactive due to heartbeat timeout
2026-01-15 15:09:51.503 [taskScheduler-3] WARN  c.q.federated.service.FederatedCoordinatorService - Node 11 marked as inactive due to heartbeat timeout
2026-01-15 15:09:51.504 [taskScheduler-3] WARN  c.q.federated.service.FederatedCoordinatorService - Node 111 marked as inactive due to heartbeat timeout
2026-01-15 15:09:56.515 [taskScheduler-3] WARN  c.q.federated.service.FederatedCoordinatorService - Node 11 marked as inactive due to heartbeat timeout
2026-01-15 15:09:56.515 [taskScheduler-3] WARN  c.q.federated.service.FederatedCoordinatorService - Node 111 marked as inactive due to heartbeat timeout
2026-01-15 15:10:01.534 [taskScheduler-3] WARN  c.q.federated.service.FederatedCoordinatorService - Node 11 marked as inactive due to heartbeat timeout
2026-01-15 15:10:01.534 [taskScheduler-3] WARN  c.q.federated.service.FederatedCoordinatorService - Node 111 marked as inactive due to heartbeat timeout
2026-01-15 15:10:06.550 [taskScheduler-3] WARN  c.q.federated.service.FederatedCoordinatorService - Node 11 marked as inactive due to heartbeat timeout
2026-01-15 15:10:06.551 [taskScheduler-3] WARN  c.q.federated.service.FederatedCoordinatorService - Node 111 marked as inactive due to heartbeat timeout
2026-01-15 15:10:11.570 [taskScheduler-3] WARN  c.q.federated.service.FederatedCoordinatorService - Node 11 marked as inactive due to heartbeat timeout
2026-01-15 15:10:11.570 [taskScheduler-3] WARN  c.q.federated.service.FederatedCoordinatorService - Node 111 marked as inactive due to heartbeat timeout
2026-01-15 15:10:16.584 [taskScheduler-3] WARN  c.q.federated.service.FederatedCoordinatorService - Node 11 marked as inactive due to heartbeat timeout
2026-01-15 15:10:16.585 [taskScheduler-3] WARN  c.q.federated.service.FederatedCoordinatorService - Node 111 marked as inactive due to heartbeat timeout
2026-01-15 15:10:21.593 [taskScheduler-3] WARN  c.q.federated.service.FederatedCoordinatorService - Node 11 marked as inactive due to heartbeat timeout
2026-01-15 15:10:21.594 [taskScheduler-3] WARN  c.q.federated.service.FederatedCoordinatorService - Node 111 marked as inactive due to heartbeat timeout
2026-01-15 15:10:26.602 [taskScheduler-3] WARN  c.q.federated.service.FederatedCoordinatorService - Node 11 marked as inactive due to heartbeat timeout
2026-01-15 15:10:26.602 [taskScheduler-3] WARN  c.q.federated.service.FederatedCoordinatorService - Node 111 marked as inactive due to heartbeat timeout
2026-01-15 15:10:31.617 [taskScheduler-3] WARN  c.q.federated.service.FederatedCoordinatorService - Node 11 marked as inactive due to heartbeat timeout
2026-01-15 15:10:31.618 [taskScheduler-3] WARN  c.q.federated.service.FederatedCoordinatorService - Node 111 marked as inactive due to heartbeat timeout
2026-01-15 15:10:36.625 [taskScheduler-3] WARN  c.q.federated.service.FederatedCoordinatorService - Node 11 marked as inactive due to heartbeat timeout
2026-01-15 15:10:36.626 [taskScheduler-3] WARN  c.q.federated.service.FederatedCoordinatorService - Node 111 marked as inactive due to heartbeat timeout
2026-01-15 15:10:41.636 [taskScheduler-3] WARN  c.q.federated.service.FederatedCoordinatorService - Node 11 marked as inactive due to heartbeat timeout
2026-01-15 15:10:41.636 [taskScheduler-3] WARN  c.q.federated.service.FederatedCoordinatorService - Node 111 marked as inactive due to heartbeat timeout
2026-01-15 15:10:46.644 [taskScheduler-3] WARN  c.q.federated.service.FederatedCoordinatorService - Node 11 marked as inactive due to heartbeat timeout
2026-01-15 15:10:46.645 [taskScheduler-3] WARN  c.q.federated.service.FederatedCoordinatorService - Node 111 marked as inactive due to heartbeat timeout
2026-01-15 15:10:51.657 [taskScheduler-3] WARN  c.q.federated.service.FederatedCoordinatorService - Node 11 marked as inactive due to heartbeat timeout
2026-01-15 15:10:51.657 [taskScheduler-3] WARN  c.q.federated.service.FederatedCoordinatorService - Node 111 marked as inactive due to heartbeat timeout
2026-01-15 15:10:56.667 [taskScheduler-3] WARN  c.q.federated.service.FederatedCoordinatorService - Node 11 marked as inactive due to heartbeat timeout
2026-01-15 15:10:56.667 [taskScheduler-3] WARN  c.q.federated.service.FederatedCoordinatorService - Node 111 marked as inactive due to heartbeat timeout
2026-01-15 15:11:01.677 [taskScheduler-3] WARN  c.q.federated.service.FederatedCoordinatorService - Node 11 marked as inactive due to heartbeat timeout
2026-01-15 15:11:01.678 [taskScheduler-3] WARN  c.q.federated.service.FederatedCoordinatorService - Node 111 marked as inactive due to heartbeat timeout
2026-01-15 15:11:06.690 [taskScheduler-3] WARN  c.q.federated.service.FederatedCoordinatorService - Node 11 marked as inactive due to heartbeat timeout
2026-01-15 15:11:06.747 [taskScheduler-3] WARN  c.q.federated.service.FederatedCoordinatorService - Node 111 marked as inactive due to heartbeat timeout
2026-01-15 15:11:11.765 [taskScheduler-3] WARN  c.q.federated.service.FederatedCoordinatorService - Node 11 marked as inactive due to heartbeat timeout
2026-01-15 15:11:11.765 [taskScheduler-3] WARN  c.q.federated.service.FederatedCoordinatorService - Node 111 marked as inactive due to heartbeat timeout
2026-01-15 15:11:16.784 [taskScheduler-3] WARN  c.q.federated.service.FederatedCoordinatorService - Node 11 marked as inactive due to heartbeat timeout
2026-01-15 15:11:16.786 [taskScheduler-3] WARN  c.q.federated.service.FederatedCoordinatorService - Node 111 marked as inactive due to heartbeat timeout
2026-01-15 15:11:21.811 [taskScheduler-3] WARN  c.q.federated.service.FederatedCoordinatorService - Node 11 marked as inactive due to heartbeat timeout
2026-01-15 15:11:21.812 [taskScheduler-3] WARN  c.q.federated.service.FederatedCoordinatorService - Node 111 marked as inactive due to heartbeat timeout
2026-01-15 15:11:26.834 [taskScheduler-3] WARN  c.q.federated.service.FederatedCoordinatorService - Node 11 marked as inactive due to heartbeat timeout
2026-01-15 15:11:26.835 [taskScheduler-3] WARN  c.q.federated.service.FederatedCoordinatorService - Node 111 marked as inactive due to heartbeat timeout
2026-01-15 15:11:31.848 [taskScheduler-3] WARN  c.q.federated.service.FederatedCoordinatorService - Node 11 marked as inactive due to heartbeat timeout
2026-01-15 15:11:31.848 [taskScheduler-3] WARN  c.q.federated.service.FederatedCoordinatorService - Node 111 marked as inactive due to heartbeat timeout
2026-01-15 15:11:36.871 [taskScheduler-3] WARN  c.q.federated.service.FederatedCoordinatorService - Node 11 marked as inactive due to heartbeat timeout
2026-01-15 15:11:36.873 [taskScheduler-3] WARN  c.q.federated.service.FederatedCoordinatorService - Node 111 marked as inactive due to heartbeat timeout
2026-01-15 15:11:41.896 [taskScheduler-3] WARN  c.q.federated.service.FederatedCoordinatorService - Node 11 marked as inactive due to heartbeat timeout
2026-01-15 15:11:41.897 [taskScheduler-3] WARN  c.q.federated.service.FederatedCoordinatorService - Node 111 marked as inactive due to heartbeat timeout
2026-01-15 15:11:46.914 [taskScheduler-3] WARN  c.q.federated.service.FederatedCoordinatorService - Node 11 marked as inactive due to heartbeat timeout
2026-01-15 15:11:46.914 [taskScheduler-3] WARN  c.q.federated.service.FederatedCoordinatorService - Node 111 marked as inactive due to heartbeat timeout
2026-01-15 15:11:51.931 [taskScheduler-3] WARN  c.q.federated.service.FederatedCoordinatorService - Node 11 marked as inactive due to heartbeat timeout
2026-01-15 15:11:51.931 [taskScheduler-3] WARN  c.q.federated.service.FederatedCoordinatorService - Node 111 marked as inactive due to heartbeat timeout
2026-01-15 15:11:56.944 [taskScheduler-3] WARN  c.q.federated.service.FederatedCoordinatorService - Node 11 marked as inactive due to heartbeat timeout
2026-01-15 15:11:56.945 [taskScheduler-3] WARN  c.q.federated.service.FederatedCoordinatorService - Node 111 marked as inactive due to heartbeat timeout
2026-01-15 15:12:01.953 [taskScheduler-3] WARN  c.q.federated.service.FederatedCoordinatorService - Node 11 marked as inactive due to heartbeat timeout
2026-01-15 15:12:01.953 [taskScheduler-3] WARN  c.q.federated.service.FederatedCoordinatorService - Node 111 marked as inactive due to heartbeat timeout
2026-01-15 15:12:06.962 [taskScheduler-3] WARN  c.q.federated.service.FederatedCoordinatorService - Node 11 marked as inactive due to heartbeat timeout
2026-01-15 15:12:06.962 [taskScheduler-3] WARN  c.q.federated.service.FederatedCoordinatorService - Node 111 marked as inactive due to heartbeat timeout
2026-01-15 15:12:11.969 [taskScheduler-3] WARN  c.q.federated.service.FederatedCoordinatorService - Node 11 marked as inactive due to heartbeat timeout
2026-01-15 15:12:11.970 [taskScheduler-3] WARN  c.q.federated.service.FederatedCoordinatorService - Node 111 marked as inactive due to heartbeat timeout
2026-01-15 15:12:16.984 [taskScheduler-3] WARN  c.q.federated.service.FederatedCoordinatorService - Node 11 marked as inactive due to heartbeat timeout
2026-01-15 15:12:16.985 [taskScheduler-3] WARN  c.q.federated.service.FederatedCoordinatorService - Node 111 marked as inactive due to heartbeat timeout
2026-01-15 15:12:21.999 [taskScheduler-3] WARN  c.q.federated.service.FederatedCoordinatorService - Node 11 marked as inactive due to heartbeat timeout
2026-01-15 15:12:22.000 [taskScheduler-3] WARN  c.q.federated.service.FederatedCoordinatorService - Node 111 marked as inactive due to heartbeat timeout
2026-01-15 15:12:27.015 [taskScheduler-3] WARN  c.q.federated.service.FederatedCoordinatorService - Node 11 marked as inactive due to heartbeat timeout
2026-01-15 15:12:27.016 [taskScheduler-3] WARN  c.q.federated.service.FederatedCoordinatorService - Node 111 marked as inactive due to heartbeat timeout
2026-01-15 15:12:32.026 [taskScheduler-3] WARN  c.q.federated.service.FederatedCoordinatorService - Node 11 marked as inactive due to heartbeat timeout
2026-01-15 15:12:32.027 [taskScheduler-3] WARN  c.q.federated.service.FederatedCoordinatorService - Node 111 marked as inactive due to heartbeat timeout
2026-01-15 15:12:37.045 [taskScheduler-3] WARN  c.q.federated.service.FederatedCoordinatorService - Node 11 marked as inactive due to heartbeat timeout
2026-01-15 15:12:37.046 [taskScheduler-3] WARN  c.q.federated.service.FederatedCoordinatorService - Node 111 marked as inactive due to heartbeat timeout
2026-01-15 15:12:42.066 [taskScheduler-3] WARN  c.q.federated.service.FederatedCoordinatorService - Node 11 marked as inactive due to heartbeat timeout
2026-01-15 15:12:42.067 [taskScheduler-3] WARN  c.q.federated.service.FederatedCoordinatorService - Node 111 marked as inactive due to heartbeat timeout
2026-01-15 15:12:47.087 [taskScheduler-3] WARN  c.q.federated.service.FederatedCoordinatorService - Node 11 marked as inactive due to heartbeat timeout
2026-01-15 15:12:47.088 [taskScheduler-3] WARN  c.q.federated.service.FederatedCoordinatorService - Node 111 marked as inactive due to heartbeat timeout
2026-01-15 15:12:52.097 [taskScheduler-3] WARN  c.q.federated.service.FederatedCoordinatorService - Node 11 marked as inactive due to heartbeat timeout
2026-01-15 15:12:52.098 [taskScheduler-3] WARN  c.q.federated.service.FederatedCoordinatorService - Node 111 marked as inactive due to heartbeat timeout
2026-01-15 15:12:57.112 [taskScheduler-3] WARN  c.q.federated.service.FederatedCoordinatorService - Node 11 marked as inactive due to heartbeat timeout
2026-01-15 15:12:57.112 [taskScheduler-3] WARN  c.q.federated.service.FederatedCoordinatorService - Node 111 marked as inactive due to heartbeat timeout
2026-01-15 15:13:02.132 [taskScheduler-3] WARN  c.q.federated.service.FederatedCoordinatorService - Node 11 marked as inactive due to heartbeat timeout
2026-01-15 15:13:02.133 [taskScheduler-3] WARN  c.q.federated.service.FederatedCoordinatorService - Node 111 marked as inactive due to heartbeat timeout
2026-01-15 15:13:07.149 [taskScheduler-3] WARN  c.q.federated.service.FederatedCoordinatorService - Node 11 marked as inactive due to heartbeat timeout
2026-01-15 15:13:07.149 [taskScheduler-3] WARN  c.q.federated.service.FederatedCoordinatorService - Node 111 marked as inactive due to heartbeat timeout
2026-01-15 15:13:12.158 [taskScheduler-3] WARN  c.q.federated.service.FederatedCoordinatorService - Node 11 marked as inactive due to heartbeat timeout
2026-01-15 15:13:12.158 [taskScheduler-3] WARN  c.q.federated.service.FederatedCoordinatorService - Node 111 marked as inactive due to heartbeat timeout
2026-01-15 15:13:17.171 [taskScheduler-3] WARN  c.q.federated.service.FederatedCoordinatorService - Node 11 marked as inactive due to heartbeat timeout
2026-01-15 15:13:17.172 [taskScheduler-3] WARN  c.q.federated.service.FederatedCoordinatorService - Node 111 marked as inactive due to heartbeat timeout
2026-01-15 15:13:22.193 [taskScheduler-3] WARN  c.q.federated.service.FederatedCoordinatorService - Node 11 marked as inactive due to heartbeat timeout
2026-01-15 15:13:22.193 [taskScheduler-3] WARN  c.q.federated.service.FederatedCoordinatorService - Node 111 marked as inactive due to heartbeat timeout
2026-01-15 15:13:27.207 [taskScheduler-3] WARN  c.q.federated.service.FederatedCoordinatorService - Node 11 marked as inactive due to heartbeat timeout
2026-01-15 15:13:27.207 [taskScheduler-3] WARN  c.q.federated.service.FederatedCoordinatorService - Node 111 marked as inactive due to heartbeat timeout
2026-01-15 15:13:32.216 [taskScheduler-3] WARN  c.q.federated.service.FederatedCoordinatorService - Node 11 marked as inactive due to heartbeat timeout
2026-01-15 15:13:32.217 [taskScheduler-3] WARN  c.q.federated.service.FederatedCoordinatorService - Node 111 marked as inactive due to heartbeat timeout
2026-01-15 15:13:37.237 [taskScheduler-3] WARN  c.q.federated.service.FederatedCoordinatorService - Node 11 marked as inactive due to heartbeat timeout
2026-01-15 15:13:37.238 [taskScheduler-3] WARN  c.q.federated.service.FederatedCoordinatorService - Node 111 marked as inactive due to heartbeat timeout
2026-01-15 15:13:42.254 [taskScheduler-3] WARN  c.q.federated.service.FederatedCoordinatorService - Node 11 marked as inactive due to heartbeat timeout
2026-01-15 15:13:42.255 [taskScheduler-3] WARN  c.q.federated.service.FederatedCoordinatorService - Node 111 marked as inactive due to heartbeat timeout
2026-01-15 15:13:47.288 [taskScheduler-3] WARN  c.q.federated.service.FederatedCoordinatorService - Node 11 marked as inactive due to heartbeat timeout
2026-01-15 15:13:47.453 [taskScheduler-3] WARN  c.q.federated.service.FederatedCoordinatorService - Node 111 marked as inactive due to heartbeat timeout
2026-01-15 15:13:52.650 [taskScheduler-3] WARN  c.q.federated.service.FederatedCoordinatorService - Node 11 marked as inactive due to heartbeat timeout
2026-01-15 15:13:52.795 [taskScheduler-3] WARN  c.q.federated.service.FederatedCoordinatorService - Node 111 marked as inactive due to heartbeat timeout
2026-01-15 15:13:57.918 [taskScheduler-3] WARN  c.q.federated.service.FederatedCoordinatorService - Node 11 marked as inactive due to heartbeat timeout
2026-01-15 15:13:57.952 [taskScheduler-3] WARN  c.q.federated.service.FederatedCoordinatorService - Node 111 marked as inactive due to heartbeat timeout
2026-01-15 15:14:03.000 [taskScheduler-3] WARN  c.q.federated.service.FederatedCoordinatorService - Node 11 marked as inactive due to heartbeat timeout
2026-01-15 15:14:03.039 [taskScheduler-3] WARN  c.q.federated.service.FederatedCoordinatorService - Node 111 marked as inactive due to heartbeat timeout
2026-01-15 15:14:08.135 [taskScheduler-3] WARN  c.q.federated.service.FederatedCoordinatorService - Node 11 marked as inactive due to heartbeat timeout
2026-01-15 15:14:08.153 [taskScheduler-3] WARN  c.q.federated.service.FederatedCoordinatorService - Node 111 marked as inactive due to heartbeat timeout
2026-01-15 15:14:13.287 [taskScheduler-3] WARN  c.q.federated.service.FederatedCoordinatorService - Node 11 marked as inactive due to heartbeat timeout
2026-01-15 15:14:13.452 [taskScheduler-3] WARN  c.q.federated.service.FederatedCoordinatorService - Node 111 marked as inactive due to heartbeat timeout
2026-01-15 15:14:18.600 [taskScheduler-3] WARN  c.q.federated.service.FederatedCoordinatorService - Node 11 marked as inactive due to heartbeat timeout
2026-01-15 15:14:18.608 [taskScheduler-3] WARN  c.q.federated.service.FederatedCoordinatorService - Node 111 marked as inactive due to heartbeat timeout
2026-01-15 15:14:23.667 [taskScheduler-3] WARN  c.q.federated.service.FederatedCoordinatorService - Node 11 marked as inactive due to heartbeat timeout
2026-01-15 15:14:23.669 [taskScheduler-3] WARN  c.q.federated.service.FederatedCoordinatorService - Node 111 marked as inactive due to heartbeat timeout
2026-01-15 15:14:28.695 [taskScheduler-6] WARN  c.q.federated.service.FederatedCoordinatorService - Node 11 marked as inactive due to heartbeat timeout
2026-01-15 15:14:28.696 [taskScheduler-6] WARN  c.q.federated.service.FederatedCoordinatorService - Node 111 marked as inactive due to heartbeat timeout
2026-01-15 15:14:33.718 [taskScheduler-6] WARN  c.q.federated.service.FederatedCoordinatorService - Node 11 marked as inactive due to heartbeat timeout
2026-01-15 15:14:33.719 [taskScheduler-6] WARN  c.q.federated.service.FederatedCoordinatorService - Node 111 marked as inactive due to heartbeat timeout
2026-01-15 15:14:38.736 [taskScheduler-6] WARN  c.q.federated.service.FederatedCoordinatorService - Node 11 marked as inactive due to heartbeat timeout
2026-01-15 15:14:38.737 [taskScheduler-6] WARN  c.q.federated.service.FederatedCoordinatorService - Node 111 marked as inactive due to heartbeat timeout
2026-01-15 15:14:43.748 [taskScheduler-6] WARN  c.q.federated.service.FederatedCoordinatorService - Node 11 marked as inactive due to heartbeat timeout
2026-01-15 15:14:43.749 [taskScheduler-6] WARN  c.q.federated.service.FederatedCoordinatorService - Node 111 marked as inactive due to heartbeat timeout
2026-01-15 15:14:48.761 [taskScheduler-6] WARN  c.q.federated.service.FederatedCoordinatorService - Node 11 marked as inactive due to heartbeat timeout
2026-01-15 15:14:48.762 [taskScheduler-6] WARN  c.q.federated.service.FederatedCoordinatorService - Node 111 marked as inactive due to heartbeat timeout
2026-01-15 15:14:53.768 [taskScheduler-6] WARN  c.q.federated.service.FederatedCoordinatorService - Node 11 marked as inactive due to heartbeat timeout
2026-01-15 15:14:53.768 [taskScheduler-6] WARN  c.q.federated.service.FederatedCoordinatorService - Node 111 marked as inactive due to heartbeat timeout
2026-01-15 15:14:58.776 [taskScheduler-6] WARN  c.q.federated.service.FederatedCoordinatorService - Node 11 marked as inactive due to heartbeat timeout
2026-01-15 15:14:58.781 [taskScheduler-6] WARN  c.q.federated.service.FederatedCoordinatorService - Node 111 marked as inactive due to heartbeat timeout
2026-01-15 15:15:03.839 [taskScheduler-6] WARN  c.q.federated.service.FederatedCoordinatorService - Node 11 marked as inactive due to heartbeat timeout
2026-01-15 15:15:03.870 [taskScheduler-6] WARN  c.q.federated.service.FederatedCoordinatorService - Node 111 marked as inactive due to heartbeat timeout
2026-01-15 15:15:08.967 [taskScheduler-6] WARN  c.q.federated.service.FederatedCoordinatorService - Node 11 marked as inactive due to heartbeat timeout
2026-01-15 15:15:08.978 [taskScheduler-6] WARN  c.q.federated.service.FederatedCoordinatorService - Node 111 marked as inactive due to heartbeat timeout
2026-01-15 15:15:14.013 [taskScheduler-6] WARN  c.q.federated.service.FederatedCoordinatorService - Node 11 marked as inactive due to heartbeat timeout
2026-01-15 15:15:14.203 [taskScheduler-6] WARN  c.q.federated.service.FederatedCoordinatorService - Node 111 marked as inactive due to heartbeat timeout
2026-01-15 15:15:19.455 [taskScheduler-6] WARN  c.q.federated.service.FederatedCoordinatorService - Node 11 marked as inactive due to heartbeat timeout
2026-01-15 15:15:19.457 [taskScheduler-6] WARN  c.q.federated.service.FederatedCoordinatorService - Node 111 marked as inactive due to heartbeat timeout
2026-01-15 15:15:24.479 [taskScheduler-6] WARN  c.q.federated.service.FederatedCoordinatorService - Node 11 marked as inactive due to heartbeat timeout
2026-01-15 15:15:24.480 [taskScheduler-6] WARN  c.q.federated.service.FederatedCoordinatorService - Node 111 marked as inactive due to heartbeat timeout
2026-01-15 15:15:29.489 [taskScheduler-6] WARN  c.q.federated.service.FederatedCoordinatorService - Node 11 marked as inactive due to heartbeat timeout
2026-01-15 15:15:29.490 [taskScheduler-6] WARN  c.q.federated.service.FederatedCoordinatorService - Node 111 marked as inactive due to heartbeat timeout
2026-01-15 15:15:34.507 [taskScheduler-6] WARN  c.q.federated.service.FederatedCoordinatorService - Node 11 marked as inactive due to heartbeat timeout
2026-01-15 15:15:34.508 [taskScheduler-6] WARN  c.q.federated.service.FederatedCoordinatorService - Node 111 marked as inactive due to heartbeat timeout
2026-01-15 15:15:39.523 [taskScheduler-6] WARN  c.q.federated.service.FederatedCoordinatorService - Node 11 marked as inactive due to heartbeat timeout
2026-01-15 15:15:39.523 [taskScheduler-6] WARN  c.q.federated.service.FederatedCoordinatorService - Node 111 marked as inactive due to heartbeat timeout
2026-01-15 15:15:44.541 [taskScheduler-6] WARN  c.q.federated.service.FederatedCoordinatorService - Node 11 marked as inactive due to heartbeat timeout
2026-01-15 15:15:44.542 [taskScheduler-6] WARN  c.q.federated.service.FederatedCoordinatorService - Node 111 marked as inactive due to heartbeat timeout
2026-01-15 15:15:49.556 [taskScheduler-6] WARN  c.q.federated.service.FederatedCoordinatorService - Node 11 marked as inactive due to heartbeat timeout
2026-01-15 15:15:49.556 [taskScheduler-6] WARN  c.q.federated.service.FederatedCoordinatorService - Node 111 marked as inactive due to heartbeat timeout
2026-01-15 15:15:54.577 [taskScheduler-6] WARN  c.q.federated.service.FederatedCoordinatorService - Node 11 marked as inactive due to heartbeat timeout
2026-01-15 15:15:54.577 [taskScheduler-6] WARN  c.q.federated.service.FederatedCoordinatorService - Node 111 marked as inactive due to heartbeat timeout
2026-01-15 15:15:59.589 [taskScheduler-6] WARN  c.q.federated.service.FederatedCoordinatorService - Node 11 marked as inactive due to heartbeat timeout
2026-01-15 15:15:59.615 [taskScheduler-6] WARN  c.q.federated.service.FederatedCoordinatorService - Node 111 marked as inactive due to heartbeat timeout
2026-01-15 15:16:04.682 [taskScheduler-6] WARN  c.q.federated.service.FederatedCoordinatorService - Node 11 marked as inactive due to heartbeat timeout
2026-01-15 15:16:04.721 [taskScheduler-6] WARN  c.q.federated.service.FederatedCoordinatorService - Node 111 marked as inactive due to heartbeat timeout
2026-01-15 15:16:09.795 [taskScheduler-6] WARN  c.q.federated.service.FederatedCoordinatorService - Node 11 marked as inactive due to heartbeat timeout
2026-01-15 15:16:09.796 [taskScheduler-6] WARN  c.q.federated.service.FederatedCoordinatorService - Node 111 marked as inactive due to heartbeat timeout
2026-01-15 15:16:14.817 [taskScheduler-6] WARN  c.q.federated.service.FederatedCoordinatorService - Node 11 marked as inactive due to heartbeat timeout
2026-01-15 15:16:14.818 [taskScheduler-6] WARN  c.q.federated.service.FederatedCoordinatorService - Node 111 marked as inactive due to heartbeat timeout
2026-01-15 15:16:19.834 [taskScheduler-6] WARN  c.q.federated.service.FederatedCoordinatorService - Node 11 marked as inactive due to heartbeat timeout
2026-01-15 15:16:19.834 [taskScheduler-6] WARN  c.q.federated.service.FederatedCoordinatorService - Node 111 marked as inactive due to heartbeat timeout
2026-01-15 15:16:24.840 [taskScheduler-6] WARN  c.q.federated.service.FederatedCoordinatorService - Node 11 marked as inactive due to heartbeat timeout
2026-01-15 15:16:24.840 [taskScheduler-6] WARN  c.q.federated.service.FederatedCoordinatorService - Node 111 marked as inactive due to heartbeat timeout
2026-01-15 15:16:29.864 [taskScheduler-6] WARN  c.q.federated.service.FederatedCoordinatorService - Node 11 marked as inactive due to heartbeat timeout
2026-01-15 15:16:29.864 [taskScheduler-6] WARN  c.q.federated.service.FederatedCoordinatorService - Node 111 marked as inactive due to heartbeat timeout
2026-01-15 15:16:34.875 [taskScheduler-6] WARN  c.q.federated.service.FederatedCoordinatorService - Node 11 marked as inactive due to heartbeat timeout
2026-01-15 15:16:34.875 [taskScheduler-6] WARN  c.q.federated.service.FederatedCoordinatorService - Node 111 marked as inactive due to heartbeat timeout
2026-01-15 15:16:39.888 [taskScheduler-6] WARN  c.q.federated.service.FederatedCoordinatorService - Node 11 marked as inactive due to heartbeat timeout
2026-01-15 15:16:39.889 [taskScheduler-6] WARN  c.q.federated.service.FederatedCoordinatorService - Node 111 marked as inactive due to heartbeat timeout
2026-01-15 15:16:44.906 [taskScheduler-6] WARN  c.q.federated.service.FederatedCoordinatorService - Node 11 marked as inactive due to heartbeat timeout
2026-01-15 15:16:44.906 [taskScheduler-6] WARN  c.q.federated.service.FederatedCoordinatorService - Node 111 marked as inactive due to heartbeat timeout
2026-01-15 15:16:49.921 [taskScheduler-6] WARN  c.q.federated.service.FederatedCoordinatorService - Node 11 marked as inactive due to heartbeat timeout
2026-01-15 15:16:49.921 [taskScheduler-6] WARN  c.q.federated.service.FederatedCoordinatorService - Node 111 marked as inactive due to heartbeat timeout
2026-01-15 15:16:54.934 [taskScheduler-6] WARN  c.q.federated.service.FederatedCoordinatorService - Node 11 marked as inactive due to heartbeat timeout
2026-01-15 15:16:54.934 [taskScheduler-6] WARN  c.q.federated.service.FederatedCoordinatorService - Node 111 marked as inactive due to heartbeat timeout
2026-01-15 15:16:59.952 [taskScheduler-6] WARN  c.q.federated.service.FederatedCoordinatorService - Node 11 marked as inactive due to heartbeat timeout
2026-01-15 15:16:59.953 [taskScheduler-6] WARN  c.q.federated.service.FederatedCoordinatorService - Node 111 marked as inactive due to heartbeat timeout
2026-01-15 15:17:04.972 [taskScheduler-6] WARN  c.q.federated.service.FederatedCoordinatorService - Node 11 marked as inactive due to heartbeat timeout
2026-01-15 15:17:04.973 [taskScheduler-6] WARN  c.q.federated.service.FederatedCoordinatorService - Node 111 marked as inactive due to heartbeat timeout
2026-01-15 15:17:09.995 [taskScheduler-6] WARN  c.q.federated.service.FederatedCoordinatorService - Node 11 marked as inactive due to heartbeat timeout
2026-01-15 15:17:09.995 [taskScheduler-6] WARN  c.q.federated.service.FederatedCoordinatorService - Node 111 marked as inactive due to heartbeat timeout
2026-01-15 15:17:15.018 [taskScheduler-6] WARN  c.q.federated.service.FederatedCoordinatorService - Node 11 marked as inactive due to heartbeat timeout
2026-01-15 15:17:15.018 [taskScheduler-6] WARN  c.q.federated.service.FederatedCoordinatorService - Node 111 marked as inactive due to heartbeat timeout
2026-01-15 15:17:20.038 [taskScheduler-6] WARN  c.q.federated.service.FederatedCoordinatorService - Node 11 marked as inactive due to heartbeat timeout
2026-01-15 15:17:20.038 [taskScheduler-6] WARN  c.q.federated.service.FederatedCoordinatorService - Node 111 marked as inactive due to heartbeat timeout
2026-01-15 15:17:25.058 [taskScheduler-6] WARN  c.q.federated.service.FederatedCoordinatorService - Node 11 marked as inactive due to heartbeat timeout
2026-01-15 15:17:25.059 [taskScheduler-6] WARN  c.q.federated.service.FederatedCoordinatorService - Node 111 marked as inactive due to heartbeat timeout
2026-01-15 15:17:30.078 [taskScheduler-6] WARN  c.q.federated.service.FederatedCoordinatorService - Node 11 marked as inactive due to heartbeat timeout
2026-01-15 15:17:30.078 [taskScheduler-6] WARN  c.q.federated.service.FederatedCoordinatorService - Node 111 marked as inactive due to heartbeat timeout
2026-01-15 15:17:35.088 [taskScheduler-6] WARN  c.q.federated.service.FederatedCoordinatorService - Node 11 marked as inactive due to heartbeat timeout
2026-01-15 15:17:35.089 [taskScheduler-6] WARN  c.q.federated.service.FederatedCoordinatorService - Node 111 marked as inactive due to heartbeat timeout
2026-01-15 15:17:40.099 [taskScheduler-6] WARN  c.q.federated.service.FederatedCoordinatorService - Node 11 marked as inactive due to heartbeat timeout
2026-01-15 15:17:40.099 [taskScheduler-6] WARN  c.q.federated.service.FederatedCoordinatorService - Node 111 marked as inactive due to heartbeat timeout
2026-01-15 15:17:45.114 [taskScheduler-6] WARN  c.q.federated.service.FederatedCoordinatorService - Node 11 marked as inactive due to heartbeat timeout
2026-01-15 15:17:45.115 [taskScheduler-6] WARN  c.q.federated.service.FederatedCoordinatorService - Node 111 marked as inactive due to heartbeat timeout
2026-01-15 15:17:50.120 [taskScheduler-6] WARN  c.q.federated.service.FederatedCoordinatorService - Node 11 marked as inactive due to heartbeat timeout
2026-01-15 15:17:50.121 [taskScheduler-6] WARN  c.q.federated.service.FederatedCoordinatorService - Node 111 marked as inactive due to heartbeat timeout
2026-01-15 15:17:55.129 [taskScheduler-6] WARN  c.q.federated.service.FederatedCoordinatorService - Node 11 marked as inactive due to heartbeat timeout
2026-01-15 15:17:55.129 [taskScheduler-6] WARN  c.q.federated.service.FederatedCoordinatorService - Node 111 marked as inactive due to heartbeat timeout
2026-01-15 15:18:00.137 [taskScheduler-6] WARN  c.q.federated.service.FederatedCoordinatorService - Node 11 marked as inactive due to heartbeat timeout
2026-01-15 15:18:00.138 [taskScheduler-6] WARN  c.q.federated.service.FederatedCoordinatorService - Node 111 marked as inactive due to heartbeat timeout
2026-01-15 15:18:05.159 [taskScheduler-6] WARN  c.q.federated.service.FederatedCoordinatorService - Node 11 marked as inactive due to heartbeat timeout
2026-01-15 15:18:05.160 [taskScheduler-6] WARN  c.q.federated.service.FederatedCoordinatorService - Node 111 marked as inactive due to heartbeat timeout
2026-01-15 15:18:10.170 [taskScheduler-6] WARN  c.q.federated.service.FederatedCoordinatorService - Node 11 marked as inactive due to heartbeat timeout
2026-01-15 15:18:10.170 [taskScheduler-6] WARN  c.q.federated.service.FederatedCoordinatorService - Node 111 marked as inactive due to heartbeat timeout
2026-01-15 15:18:15.185 [taskScheduler-6] WARN  c.q.federated.service.FederatedCoordinatorService - Node 11 marked as inactive due to heartbeat timeout
2026-01-15 15:18:15.185 [taskScheduler-6] WARN  c.q.federated.service.FederatedCoordinatorService - Node 111 marked as inactive due to heartbeat timeout
2026-01-15 15:18:20.196 [taskScheduler-6] WARN  c.q.federated.service.FederatedCoordinatorService - Node 11 marked as inactive due to heartbeat timeout
2026-01-15 15:18:20.197 [taskScheduler-6] WARN  c.q.federated.service.FederatedCoordinatorService - Node 111 marked as inactive due to heartbeat timeout
2026-01-15 15:18:25.208 [taskScheduler-6] WARN  c.q.federated.service.FederatedCoordinatorService - Node 11 marked as inactive due to heartbeat timeout
2026-01-15 15:18:25.209 [taskScheduler-6] WARN  c.q.federated.service.FederatedCoordinatorService - Node 111 marked as inactive due to heartbeat timeout
2026-01-15 15:18:30.220 [taskScheduler-6] WARN  c.q.federated.service.FederatedCoordinatorService - Node 11 marked as inactive due to heartbeat timeout
2026-01-15 15:18:30.220 [taskScheduler-6] WARN  c.q.federated.service.FederatedCoordinatorService - Node 111 marked as inactive due to heartbeat timeout
2026-01-15 15:18:35.226 [taskScheduler-6] WARN  c.q.federated.service.FederatedCoordinatorService - Node 11 marked as inactive due to heartbeat timeout
2026-01-15 15:18:35.227 [taskScheduler-6] WARN  c.q.federated.service.FederatedCoordinatorService - Node 111 marked as inactive due to heartbeat timeout
2026-01-15 15:18:40.240 [taskScheduler-6] WARN  c.q.federated.service.FederatedCoordinatorService - Node 11 marked as inactive due to heartbeat timeout
2026-01-15 15:18:40.240 [taskScheduler-6] WARN  c.q.federated.service.FederatedCoordinatorService - Node 111 marked as inactive due to heartbeat timeout
2026-01-15 15:18:45.246 [taskScheduler-6] WARN  c.q.federated.service.FederatedCoordinatorService - Node 11 marked as inactive due to heartbeat timeout
2026-01-15 15:18:45.247 [taskScheduler-6] WARN  c.q.federated.service.FederatedCoordinatorService - Node 111 marked as inactive due to heartbeat timeout
2026-01-15 15:18:50.262 [taskScheduler-6] WARN  c.q.federated.service.FederatedCoordinatorService - Node 11 marked as inactive due to heartbeat timeout
2026-01-15 15:18:50.262 [taskScheduler-6] WARN  c.q.federated.service.FederatedCoordinatorService - Node 111 marked as inactive due to heartbeat timeout
2026-01-15 15:18:55.268 [taskScheduler-6] WARN  c.q.federated.service.FederatedCoordinatorService - Node 11 marked as inactive due to heartbeat timeout
2026-01-15 15:18:55.268 [taskScheduler-6] WARN  c.q.federated.service.FederatedCoordinatorService - Node 111 marked as inactive due to heartbeat timeout
2026-01-15 15:19:00.278 [taskScheduler-6] WARN  c.q.federated.service.FederatedCoordinatorService - Node 11 marked as inactive due to heartbeat timeout
2026-01-15 15:19:00.278 [taskScheduler-6] WARN  c.q.federated.service.FederatedCoordinatorService - Node 111 marked as inactive due to heartbeat timeout
2026-01-15 15:19:05.287 [taskScheduler-6] WARN  c.q.federated.service.FederatedCoordinatorService - Node 11 marked as inactive due to heartbeat timeout
2026-01-15 15:19:05.288 [taskScheduler-6] WARN  c.q.federated.service.FederatedCoordinatorService - Node 111 marked as inactive due to heartbeat timeout
2026-01-15 15:19:10.299 [taskScheduler-6] WARN  c.q.federated.service.FederatedCoordinatorService - Node 11 marked as inactive due to heartbeat timeout
2026-01-15 15:19:10.300 [taskScheduler-6] WARN  c.q.federated.service.FederatedCoordinatorService - Node 111 marked as inactive due to heartbeat timeout
2026-01-15 15:19:15.318 [taskScheduler-6] WARN  c.q.federated.service.FederatedCoordinatorService - Node 11 marked as inactive due to heartbeat timeout
2026-01-15 15:19:15.319 [taskScheduler-6] WARN  c.q.federated.service.FederatedCoordinatorService - Node 111 marked as inactive due to heartbeat timeout
2026-01-15 15:19:20.334 [taskScheduler-6] WARN  c.q.federated.service.FederatedCoordinatorService - Node 11 marked as inactive due to heartbeat timeout
2026-01-15 15:19:20.335 [taskScheduler-6] WARN  c.q.federated.service.FederatedCoordinatorService - Node 111 marked as inactive due to heartbeat timeout
2026-01-15 15:19:25.342 [taskScheduler-6] WARN  c.q.federated.service.FederatedCoordinatorService - Node 11 marked as inactive due to heartbeat timeout
2026-01-15 15:19:25.342 [taskScheduler-6] WARN  c.q.federated.service.FederatedCoordinatorService - Node 111 marked as inactive due to heartbeat timeout
2026-01-15 15:19:30.359 [taskScheduler-6] WARN  c.q.federated.service.FederatedCoordinatorService - Node 11 marked as inactive due to heartbeat timeout
2026-01-15 15:19:30.359 [taskScheduler-6] WARN  c.q.federated.service.FederatedCoordinatorService - Node 111 marked as inactive due to heartbeat timeout
2026-01-15 15:19:35.365 [taskScheduler-6] WARN  c.q.federated.service.FederatedCoordinatorService - Node 11 marked as inactive due to heartbeat timeout
2026-01-15 15:19:35.365 [taskScheduler-6] WARN  c.q.federated.service.FederatedCoordinatorService - Node 111 marked as inactive due to heartbeat timeout
2026-01-15 15:19:40.372 [taskScheduler-6] WARN  c.q.federated.service.FederatedCoordinatorService - Node 11 marked as inactive due to heartbeat timeout
2026-01-15 15:19:40.373 [taskScheduler-6] WARN  c.q.federated.service.FederatedCoordinatorService - Node 111 marked as inactive due to heartbeat timeout
2026-01-15 15:19:45.385 [taskScheduler-6] WARN  c.q.federated.service.FederatedCoordinatorService - Node 11 marked as inactive due to heartbeat timeout
2026-01-15 15:19:45.385 [taskScheduler-6] WARN  c.q.federated.service.FederatedCoordinatorService - Node 111 marked as inactive due to heartbeat timeout
2026-01-15 15:19:50.396 [taskScheduler-6] WARN  c.q.federated.service.FederatedCoordinatorService - Node 11 marked as inactive due to heartbeat timeout
2026-01-15 15:19:50.396 [taskScheduler-6] WARN  c.q.federated.service.FederatedCoordinatorService - Node 111 marked as inactive due to heartbeat timeout
2026-01-15 15:19:55.415 [taskScheduler-6] WARN  c.q.federated.service.FederatedCoordinatorService - Node 11 marked as inactive due to heartbeat timeout
2026-01-15 15:19:55.415 [taskScheduler-6] WARN  c.q.federated.service.FederatedCoordinatorService - Node 111 marked as inactive due to heartbeat timeout
2026-01-15 15:20:00.431 [taskScheduler-6] WARN  c.q.federated.service.FederatedCoordinatorService - Node 11 marked as inactive due to heartbeat timeout
2026-01-15 15:20:00.431 [taskScheduler-6] WARN  c.q.federated.service.FederatedCoordinatorService - Node 111 marked as inactive due to heartbeat timeout
2026-01-15 15:20:05.436 [taskScheduler-6] WARN  c.q.federated.service.FederatedCoordinatorService - Node 11 marked as inactive due to heartbeat timeout
2026-01-15 15:20:05.436 [taskScheduler-6] WARN  c.q.federated.service.FederatedCoordinatorService - Node 111 marked as inactive due to heartbeat timeout
2026-01-15 15:20:10.449 [taskScheduler-6] WARN  c.q.federated.service.FederatedCoordinatorService - Node 11 marked as inactive due to heartbeat timeout
2026-01-15 15:20:10.449 [taskScheduler-6] WARN  c.q.federated.service.FederatedCoordinatorService - Node 111 marked as inactive due to heartbeat timeout
2026-01-15 15:20:15.465 [taskScheduler-6] WARN  c.q.federated.service.FederatedCoordinatorService - Node 11 marked as inactive due to heartbeat timeout
2026-01-15 15:20:15.466 [taskScheduler-6] WARN  c.q.federated.service.FederatedCoordinatorService - Node 111 marked as inactive due to heartbeat timeout
2026-01-15 15:20:20.486 [taskScheduler-6] WARN  c.q.federated.service.FederatedCoordinatorService - Node 11 marked as inactive due to heartbeat timeout
2026-01-15 15:20:20.486 [taskScheduler-6] WARN  c.q.federated.service.FederatedCoordinatorService - Node 111 marked as inactive due to heartbeat timeout
2026-01-15 15:20:25.497 [taskScheduler-6] WARN  c.q.federated.service.FederatedCoordinatorService - Node 11 marked as inactive due to heartbeat timeout
2026-01-15 15:20:25.498 [taskScheduler-6] WARN  c.q.federated.service.FederatedCoordinatorService - Node 111 marked as inactive due to heartbeat timeout
2026-01-15 15:20:30.506 [taskScheduler-6] WARN  c.q.federated.service.FederatedCoordinatorService - Node 11 marked as inactive due to heartbeat timeout
2026-01-15 15:20:30.506 [taskScheduler-6] WARN  c.q.federated.service.FederatedCoordinatorService - Node 111 marked as inactive due to heartbeat timeout
2026-01-15 15:20:35.519 [taskScheduler-6] WARN  c.q.federated.service.FederatedCoordinatorService - Node 11 marked as inactive due to heartbeat timeout
2026-01-15 15:20:35.520 [taskScheduler-6] WARN  c.q.federated.service.FederatedCoordinatorService - Node 111 marked as inactive due to heartbeat timeout
2026-01-15 15:20:40.532 [taskScheduler-6] WARN  c.q.federated.service.FederatedCoordinatorService - Node 11 marked as inactive due to heartbeat timeout
2026-01-15 15:20:40.532 [taskScheduler-6] WARN  c.q.federated.service.FederatedCoordinatorService - Node 111 marked as inactive due to heartbeat timeout
2026-01-15 15:20:45.549 [taskScheduler-6] WARN  c.q.federated.service.FederatedCoordinatorService - Node 11 marked as inactive due to heartbeat timeout
2026-01-15 15:20:45.550 [taskScheduler-6] WARN  c.q.federated.service.FederatedCoordinatorService - Node 111 marked as inactive due to heartbeat timeout
2026-01-15 15:20:50.564 [taskScheduler-6] WARN  c.q.federated.service.FederatedCoordinatorService - Node 11 marked as inactive due to heartbeat timeout
2026-01-15 15:20:50.564 [taskScheduler-6] WARN  c.q.federated.service.FederatedCoordinatorService - Node 111 marked as inactive due to heartbeat timeout
2026-01-15 15:20:55.575 [taskScheduler-6] WARN  c.q.federated.service.FederatedCoordinatorService - Node 11 marked as inactive due to heartbeat timeout
2026-01-15 15:20:55.575 [taskScheduler-6] WARN  c.q.federated.service.FederatedCoordinatorService - Node 111 marked as inactive due to heartbeat timeout
2026-01-15 15:21:00.582 [taskScheduler-6] WARN  c.q.federated.service.FederatedCoordinatorService - Node 11 marked as inactive due to heartbeat timeout
2026-01-15 15:21:00.582 [taskScheduler-6] WARN  c.q.federated.service.FederatedCoordinatorService - Node 111 marked as inactive due to heartbeat timeout
2026-01-15 15:21:05.590 [taskScheduler-6] WARN  c.q.federated.service.FederatedCoordinatorService - Node 11 marked as inactive due to heartbeat timeout
2026-01-15 15:21:05.591 [taskScheduler-6] WARN  c.q.federated.service.FederatedCoordinatorService - Node 111 marked as inactive due to heartbeat timeout
2026-01-15 15:21:10.601 [taskScheduler-6] WARN  c.q.federated.service.FederatedCoordinatorService - Node 11 marked as inactive due to heartbeat timeout
2026-01-15 15:21:10.601 [taskScheduler-6] WARN  c.q.federated.service.FederatedCoordinatorService - Node 111 marked as inactive due to heartbeat timeout
2026-01-15 15:21:15.615 [taskScheduler-6] WARN  c.q.federated.service.FederatedCoordinatorService - Node 11 marked as inactive due to heartbeat timeout
2026-01-15 15:21:15.616 [taskScheduler-6] WARN  c.q.federated.service.FederatedCoordinatorService - Node 111 marked as inactive due to heartbeat timeout
2026-01-15 15:21:20.630 [taskScheduler-6] WARN  c.q.federated.service.FederatedCoordinatorService - Node 11 marked as inactive due to heartbeat timeout
2026-01-15 15:21:20.630 [taskScheduler-6] WARN  c.q.federated.service.FederatedCoordinatorService - Node 111 marked as inactive due to heartbeat timeout
2026-01-15 15:21:25.647 [taskScheduler-6] WARN  c.q.federated.service.FederatedCoordinatorService - Node 11 marked as inactive due to heartbeat timeout
2026-01-15 15:21:25.648 [taskScheduler-6] WARN  c.q.federated.service.FederatedCoordinatorService - Node 111 marked as inactive due to heartbeat timeout
2026-01-15 15:21:30.653 [taskScheduler-6] WARN  c.q.federated.service.FederatedCoordinatorService - Node 11 marked as inactive due to heartbeat timeout
2026-01-15 15:21:30.654 [taskScheduler-6] WARN  c.q.federated.service.FederatedCoordinatorService - Node 111 marked as inactive due to heartbeat timeout
2026-01-15 15:21:35.664 [taskScheduler-6] WARN  c.q.federated.service.FederatedCoordinatorService - Node 11 marked as inactive due to heartbeat timeout
2026-01-15 15:21:35.666 [taskScheduler-6] WARN  c.q.federated.service.FederatedCoordinatorService - Node 111 marked as inactive due to heartbeat timeout
2026-01-15 15:21:40.678 [taskScheduler-6] WARN  c.q.federated.service.FederatedCoordinatorService - Node 11 marked as inactive due to heartbeat timeout
2026-01-15 15:21:40.679 [taskScheduler-6] WARN  c.q.federated.service.FederatedCoordinatorService - Node 111 marked as inactive due to heartbeat timeout
2026-01-15 15:21:45.691 [taskScheduler-6] WARN  c.q.federated.service.FederatedCoordinatorService - Node 11 marked as inactive due to heartbeat timeout
2026-01-15 15:21:45.691 [taskScheduler-6] WARN  c.q.federated.service.FederatedCoordinatorService - Node 111 marked as inactive due to heartbeat timeout
2026-01-15 15:21:50.698 [taskScheduler-6] WARN  c.q.federated.service.FederatedCoordinatorService - Node 11 marked as inactive due to heartbeat timeout
2026-01-15 15:21:50.699 [taskScheduler-6] WARN  c.q.federated.service.FederatedCoordinatorService - Node 111 marked as inactive due to heartbeat timeout
2026-01-15 15:21:55.709 [taskScheduler-6] WARN  c.q.federated.service.FederatedCoordinatorService - Node 11 marked as inactive due to heartbeat timeout
2026-01-15 15:21:55.710 [taskScheduler-6] WARN  c.q.federated.service.FederatedCoordinatorService - Node 111 marked as inactive due to heartbeat timeout
2026-01-15 15:22:00.720 [taskScheduler-6] WARN  c.q.federated.service.FederatedCoordinatorService - Node 11 marked as inactive due to heartbeat timeout
2026-01-15 15:22:00.720 [taskScheduler-6] WARN  c.q.federated.service.FederatedCoordinatorService - Node 111 marked as inactive due to heartbeat timeout
2026-01-15 15:22:05.730 [taskScheduler-6] WARN  c.q.federated.service.FederatedCoordinatorService - Node 11 marked as inactive due to heartbeat timeout
2026-01-15 15:22:05.730 [taskScheduler-6] WARN  c.q.federated.service.FederatedCoordinatorService - Node 111 marked as inactive due to heartbeat timeout
2026-01-15 15:22:10.738 [taskScheduler-6] WARN  c.q.federated.service.FederatedCoordinatorService - Node 11 marked as inactive due to heartbeat timeout
2026-01-15 15:22:10.739 [taskScheduler-6] WARN  c.q.federated.service.FederatedCoordinatorService - Node 111 marked as inactive due to heartbeat timeout
2026-01-15 15:22:15.747 [taskScheduler-6] WARN  c.q.federated.service.FederatedCoordinatorService - Node 11 marked as inactive due to heartbeat timeout
2026-01-15 15:22:15.747 [taskScheduler-6] WARN  c.q.federated.service.FederatedCoordinatorService - Node 111 marked as inactive due to heartbeat timeout
2026-01-15 15:22:20.752 [taskScheduler-6] WARN  c.q.federated.service.FederatedCoordinatorService - Node 11 marked as inactive due to heartbeat timeout
2026-01-15 15:22:20.753 [taskScheduler-6] WARN  c.q.federated.service.FederatedCoordinatorService - Node 111 marked as inactive due to heartbeat timeout
2026-01-15 15:22:25.764 [taskScheduler-6] WARN  c.q.federated.service.FederatedCoordinatorService - Node 11 marked as inactive due to heartbeat timeout
2026-01-15 15:22:25.764 [taskScheduler-6] WARN  c.q.federated.service.FederatedCoordinatorService - Node 111 marked as inactive due to heartbeat timeout
2026-01-15 15:22:30.778 [taskScheduler-6] WARN  c.q.federated.service.FederatedCoordinatorService - Node 11 marked as inactive due to heartbeat timeout
2026-01-15 15:22:30.778 [taskScheduler-6] WARN  c.q.federated.service.FederatedCoordinatorService - Node 111 marked as inactive due to heartbeat timeout
2026-01-15 15:22:35.788 [taskScheduler-6] WARN  c.q.federated.service.FederatedCoordinatorService - Node 11 marked as inactive due to heartbeat timeout
2026-01-15 15:22:35.788 [taskScheduler-6] WARN  c.q.federated.service.FederatedCoordinatorService - Node 111 marked as inactive due to heartbeat timeout
2026-01-15 15:22:40.795 [taskScheduler-6] WARN  c.q.federated.service.FederatedCoordinatorService - Node 11 marked as inactive due to heartbeat timeout
2026-01-15 15:22:40.796 [taskScheduler-6] WARN  c.q.federated.service.FederatedCoordinatorService - Node 111 marked as inactive due to heartbeat timeout
2026-01-15 15:22:45.813 [taskScheduler-6] WARN  c.q.federated.service.FederatedCoordinatorService - Node 11 marked as inactive due to heartbeat timeout
2026-01-15 15:22:45.814 [taskScheduler-6] WARN  c.q.federated.service.FederatedCoordinatorService - Node 111 marked as inactive due to heartbeat timeout
2026-01-15 15:22:50.826 [taskScheduler-6] WARN  c.q.federated.service.FederatedCoordinatorService - Node 11 marked as inactive due to heartbeat timeout
2026-01-15 15:22:50.827 [taskScheduler-6] WARN  c.q.federated.service.FederatedCoordinatorService - Node 111 marked as inactive due to heartbeat timeout
2026-01-15 15:22:55.837 [taskScheduler-6] WARN  c.q.federated.service.FederatedCoordinatorService - Node 11 marked as inactive due to heartbeat timeout
2026-01-15 15:22:55.837 [taskScheduler-6] WARN  c.q.federated.service.FederatedCoordinatorService - Node 111 marked as inactive due to heartbeat timeout
2026-01-15 15:23:00.843 [taskScheduler-6] WARN  c.q.federated.service.FederatedCoordinatorService - Node 11 marked as inactive due to heartbeat timeout
2026-01-15 15:23:00.850 [taskScheduler-6] WARN  c.q.federated.service.FederatedCoordinatorService - Node 111 marked as inactive due to heartbeat timeout
2026-01-15 15:23:05.894 [taskScheduler-6] WARN  c.q.federated.service.FederatedCoordinatorService - Node 11 marked as inactive due to heartbeat timeout
2026-01-15 15:23:05.895 [taskScheduler-6] WARN  c.q.federated.service.FederatedCoordinatorService - Node 111 marked as inactive due to heartbeat timeout
2026-01-15 15:23:10.907 [taskScheduler-6] WARN  c.q.federated.service.FederatedCoordinatorService - Node 11 marked as inactive due to heartbeat timeout
2026-01-15 15:23:10.908 [taskScheduler-6] WARN  c.q.federated.service.FederatedCoordinatorService - Node 111 marked as inactive due to heartbeat timeout
2026-01-15 15:23:15.915 [taskScheduler-6] WARN  c.q.federated.service.FederatedCoordinatorService - Node 11 marked as inactive due to heartbeat timeout
2026-01-15 15:23:15.915 [taskScheduler-6] WARN  c.q.federated.service.FederatedCoordinatorService - Node 111 marked as inactive due to heartbeat timeout
2026-01-15 15:23:20.929 [taskScheduler-6] WARN  c.q.federated.service.FederatedCoordinatorService - Node 11 marked as inactive due to heartbeat timeout
2026-01-15 15:23:20.929 [taskScheduler-6] WARN  c.q.federated.service.FederatedCoordinatorService - Node 111 marked as inactive due to heartbeat timeout
2026-01-15 15:23:25.941 [taskScheduler-6] WARN  c.q.federated.service.FederatedCoordinatorService - Node 11 marked as inactive due to heartbeat timeout
2026-01-15 15:23:25.941 [taskScheduler-6] WARN  c.q.federated.service.FederatedCoordinatorService - Node 111 marked as inactive due to heartbeat timeout
2026-01-15 15:23:30.952 [taskScheduler-6] WARN  c.q.federated.service.FederatedCoordinatorService - Node 11 marked as inactive due to heartbeat timeout
2026-01-15 15:23:30.952 [taskScheduler-6] WARN  c.q.federated.service.FederatedCoordinatorService - Node 111 marked as inactive due to heartbeat timeout
2026-01-15 15:23:35.971 [taskScheduler-6] WARN  c.q.federated.service.FederatedCoordinatorService - Node 11 marked as inactive due to heartbeat timeout
2026-01-15 15:23:35.972 [taskScheduler-6] WARN  c.q.federated.service.FederatedCoordinatorService - Node 111 marked as inactive due to heartbeat timeout
2026-01-15 15:23:40.992 [taskScheduler-6] WARN  c.q.federated.service.FederatedCoordinatorService - Node 11 marked as inactive due to heartbeat timeout
2026-01-15 15:23:40.993 [taskScheduler-6] WARN  c.q.federated.service.FederatedCoordinatorService - Node 111 marked as inactive due to heartbeat timeout
2026-01-15 15:23:46.000 [taskScheduler-6] WARN  c.q.federated.service.FederatedCoordinatorService - Node 11 marked as inactive due to heartbeat timeout
2026-01-15 15:23:46.001 [taskScheduler-6] WARN  c.q.federated.service.FederatedCoordinatorService - Node 111 marked as inactive due to heartbeat timeout
2026-01-15 15:23:51.012 [taskScheduler-6] WARN  c.q.federated.service.FederatedCoordinatorService - Node 11 marked as inactive due to heartbeat timeout
2026-01-15 15:23:51.013 [taskScheduler-6] WARN  c.q.federated.service.FederatedCoordinatorService - Node 111 marked as inactive due to heartbeat timeout
2026-01-15 15:23:56.031 [taskScheduler-6] WARN  c.q.federated.service.FederatedCoordinatorService - Node 11 marked as inactive due to heartbeat timeout
2026-01-15 15:23:56.031 [taskScheduler-6] WARN  c.q.federated.service.FederatedCoordinatorService - Node 111 marked as inactive due to heartbeat timeout
2026-01-15 15:24:01.037 [taskScheduler-6] WARN  c.q.federated.service.FederatedCoordinatorService - Node 11 marked as inactive due to heartbeat timeout
2026-01-15 15:24:01.037 [taskScheduler-6] WARN  c.q.federated.service.FederatedCoordinatorService - Node 111 marked as inactive due to heartbeat timeout
2026-01-15 15:24:06.043 [taskScheduler-6] WARN  c.q.federated.service.FederatedCoordinatorService - Node 11 marked as inactive due to heartbeat timeout
2026-01-15 15:24:06.044 [taskScheduler-6] WARN  c.q.federated.service.FederatedCoordinatorService - Node 111 marked as inactive due to heartbeat timeout
2026-01-15 15:24:11.052 [taskScheduler-6] WARN  c.q.federated.service.FederatedCoordinatorService - Node 11 marked as inactive due to heartbeat timeout
2026-01-15 15:24:11.070 [taskScheduler-6] WARN  c.q.federated.service.FederatedCoordinatorService - Node 111 marked as inactive due to heartbeat timeout
2026-01-15 15:24:16.093 [taskScheduler-6] WARN  c.q.federated.service.FederatedCoordinatorService - Node 11 marked as inactive due to heartbeat timeout
2026-01-15 15:24:16.095 [taskScheduler-6] WARN  c.q.federated.service.FederatedCoordinatorService - Node 111 marked as inactive due to heartbeat timeout
2026-01-15 15:24:21.108 [taskScheduler-6] WARN  c.q.federated.service.FederatedCoordinatorService - Node 11 marked as inactive due to heartbeat timeout
2026-01-15 15:24:21.109 [taskScheduler-6] WARN  c.q.federated.service.FederatedCoordinatorService - Node 111 marked as inactive due to heartbeat timeout
2026-01-15 15:24:26.127 [taskScheduler-6] WARN  c.q.federated.service.FederatedCoordinatorService - Node 11 marked as inactive due to heartbeat timeout
2026-01-15 15:24:26.128 [taskScheduler-6] WARN  c.q.federated.service.FederatedCoordinatorService - Node 111 marked as inactive due to heartbeat timeout
2026-01-15 15:24:31.143 [taskScheduler-6] WARN  c.q.federated.service.FederatedCoordinatorService - Node 11 marked as inactive due to heartbeat timeout
2026-01-15 15:24:31.144 [taskScheduler-6] WARN  c.q.federated.service.FederatedCoordinatorService - Node 111 marked as inactive due to heartbeat timeout
2026-01-15 15:24:36.161 [taskScheduler-6] WARN  c.q.federated.service.FederatedCoordinatorService - Node 11 marked as inactive due to heartbeat timeout
2026-01-15 15:24:36.161 [taskScheduler-6] WARN  c.q.federated.service.FederatedCoordinatorService - Node 111 marked as inactive due to heartbeat timeout
2026-01-15 15:24:41.176 [taskScheduler-6] WARN  c.q.federated.service.FederatedCoordinatorService - Node 11 marked as inactive due to heartbeat timeout
2026-01-15 15:24:41.177 [taskScheduler-6] WARN  c.q.federated.service.FederatedCoordinatorService - Node 111 marked as inactive due to heartbeat timeout
2026-01-15 15:24:46.194 [taskScheduler-6] WARN  c.q.federated.service.FederatedCoordinatorService - Node 11 marked as inactive due to heartbeat timeout
2026-01-15 15:24:46.194 [taskScheduler-6] WARN  c.q.federated.service.FederatedCoordinatorService - Node 111 marked as inactive due to heartbeat timeout
2026-01-15 15:24:51.211 [taskScheduler-6] WARN  c.q.federated.service.FederatedCoordinatorService - Node 11 marked as inactive due to heartbeat timeout
2026-01-15 15:24:51.212 [taskScheduler-6] WARN  c.q.federated.service.FederatedCoordinatorService - Node 111 marked as inactive due to heartbeat timeout
2026-01-15 15:24:56.227 [taskScheduler-6] WARN  c.q.federated.service.FederatedCoordinatorService - Node 11 marked as inactive due to heartbeat timeout
2026-01-15 15:24:56.227 [taskScheduler-6] WARN  c.q.federated.service.FederatedCoordinatorService - Node 111 marked as inactive due to heartbeat timeout
2026-01-15 15:25:01.244 [taskScheduler-6] WARN  c.q.federated.service.FederatedCoordinatorService - Node 11 marked as inactive due to heartbeat timeout
2026-01-15 15:25:01.245 [taskScheduler-6] WARN  c.q.federated.service.FederatedCoordinatorService - Node 111 marked as inactive due to heartbeat timeout
2026-01-15 15:25:06.290 [taskScheduler-6] WARN  c.q.federated.service.FederatedCoordinatorService - Node 11 marked as inactive due to heartbeat timeout
2026-01-15 15:25:06.290 [taskScheduler-6] WARN  c.q.federated.service.FederatedCoordinatorService - Node 111 marked as inactive due to heartbeat timeout
2026-01-15 15:25:11.313 [taskScheduler-6] WARN  c.q.federated.service.FederatedCoordinatorService - Node 11 marked as inactive due to heartbeat timeout
2026-01-15 15:25:11.314 [taskScheduler-6] WARN  c.q.federated.service.FederatedCoordinatorService - Node 111 marked as inactive due to heartbeat timeout
2026-01-15 15:25:16.337 [taskScheduler-6] WARN  c.q.federated.service.FederatedCoordinatorService - Node 11 marked as inactive due to heartbeat timeout
2026-01-15 15:25:16.338 [taskScheduler-6] WARN  c.q.federated.service.FederatedCoordinatorService - Node 111 marked as inactive due to heartbeat timeout
2026-01-15 15:25:21.350 [taskScheduler-6] WARN  c.q.federated.service.FederatedCoordinatorService - Node 11 marked as inactive due to heartbeat timeout
2026-01-15 15:25:21.350 [taskScheduler-6] WARN  c.q.federated.service.FederatedCoordinatorService - Node 111 marked as inactive due to heartbeat timeout
2026-01-15 15:25:26.379 [taskScheduler-6] WARN  c.q.federated.service.FederatedCoordinatorService - Node 11 marked as inactive due to heartbeat timeout
2026-01-15 15:25:26.384 [taskScheduler-6] WARN  c.q.federated.service.FederatedCoordinatorService - Node 111 marked as inactive due to heartbeat timeout
2026-01-15 15:25:31.430 [taskScheduler-6] WARN  c.q.federated.service.FederatedCoordinatorService - Node 11 marked as inactive due to heartbeat timeout
2026-01-15 15:25:31.430 [taskScheduler-6] WARN  c.q.federated.service.FederatedCoordinatorService - Node 111 marked as inactive due to heartbeat timeout
2026-01-15 15:25:36.440 [taskScheduler-6] WARN  c.q.federated.service.FederatedCoordinatorService - Node 11 marked as inactive due to heartbeat timeout
2026-01-15 15:25:36.441 [taskScheduler-6] WARN  c.q.federated.service.FederatedCoordinatorService - Node 111 marked as inactive due to heartbeat timeout
2026-01-15 15:25:41.456 [taskScheduler-6] WARN  c.q.federated.service.FederatedCoordinatorService - Node 11 marked as inactive due to heartbeat timeout
2026-01-15 15:25:41.457 [taskScheduler-6] WARN  c.q.federated.service.FederatedCoordinatorService - Node 111 marked as inactive due to heartbeat timeout
2026-01-15 15:25:46.488 [taskScheduler-6] WARN  c.q.federated.service.FederatedCoordinatorService - Node 11 marked as inactive due to heartbeat timeout
2026-01-15 15:25:46.493 [taskScheduler-6] WARN  c.q.federated.service.FederatedCoordinatorService - Node 111 marked as inactive due to heartbeat timeout
2026-01-15 15:25:51.516 [taskScheduler-6] WARN  c.q.federated.service.FederatedCoordinatorService - Node 11 marked as inactive due to heartbeat timeout
2026-01-15 15:25:51.516 [taskScheduler-6] WARN  c.q.federated.service.FederatedCoordinatorService - Node 111 marked as inactive due to heartbeat timeout
2026-01-15 15:25:56.535 [taskScheduler-6] WARN  c.q.federated.service.FederatedCoordinatorService - Node 11 marked as inactive due to heartbeat timeout
2026-01-15 15:25:56.536 [taskScheduler-6] WARN  c.q.federated.service.FederatedCoordinatorService - Node 111 marked as inactive due to heartbeat timeout
2026-01-15 15:26:01.566 [taskScheduler-6] WARN  c.q.federated.service.FederatedCoordinatorService - Node 11 marked as inactive due to heartbeat timeout
2026-01-15 15:26:01.569 [taskScheduler-6] WARN  c.q.federated.service.FederatedCoordinatorService - Node 111 marked as inactive due to heartbeat timeout
2026-01-15 15:26:06.594 [taskScheduler-6] WARN  c.q.federated.service.FederatedCoordinatorService - Node 11 marked as inactive due to heartbeat timeout
2026-01-15 15:26:06.610 [taskScheduler-6] WARN  c.q.federated.service.FederatedCoordinatorService - Node 111 marked as inactive due to heartbeat timeout
2026-01-15 15:26:11.638 [taskScheduler-6] WARN  c.q.federated.service.FederatedCoordinatorService - Node 11 marked as inactive due to heartbeat timeout
2026-01-15 15:26:11.642 [taskScheduler-6] WARN  c.q.federated.service.FederatedCoordinatorService - Node 111 marked as inactive due to heartbeat timeout
2026-01-15 15:26:16.737 [taskScheduler-6] WARN  c.q.federated.service.FederatedCoordinatorService - Node 11 marked as inactive due to heartbeat timeout
2026-01-15 15:26:16.740 [taskScheduler-6] WARN  c.q.federated.service.FederatedCoordinatorService - Node 111 marked as inactive due to heartbeat timeout
2026-01-15 15:26:21.766 [taskScheduler-6] WARN  c.q.federated.service.FederatedCoordinatorService - Node 11 marked as inactive due to heartbeat timeout
2026-01-15 15:26:21.766 [taskScheduler-6] WARN  c.q.federated.service.FederatedCoordinatorService - Node 111 marked as inactive due to heartbeat timeout
2026-01-15 15:26:26.775 [taskScheduler-6] WARN  c.q.federated.service.FederatedCoordinatorService - Node 11 marked as inactive due to heartbeat timeout
2026-01-15 15:26:26.776 [taskScheduler-6] WARN  c.q.federated.service.FederatedCoordinatorService - Node 111 marked as inactive due to heartbeat timeout
2026-01-15 15:26:31.814 [taskScheduler-6] WARN  c.q.federated.service.FederatedCoordinatorService - Node 11 marked as inactive due to heartbeat timeout
2026-01-15 15:26:31.906 [taskScheduler-6] WARN  c.q.federated.service.FederatedCoordinatorService - Node 111 marked as inactive due to heartbeat timeout
2026-01-15 15:26:37.072 [taskScheduler-6] WARN  c.q.federated.service.FederatedCoordinatorService - Node 11 marked as inactive due to heartbeat timeout
2026-01-15 15:26:37.091 [taskScheduler-6] WARN  c.q.federated.service.FederatedCoordinatorService - Node 111 marked as inactive due to heartbeat timeout
2026-01-15 15:26:42.145 [taskScheduler-6] WARN  c.q.federated.service.FederatedCoordinatorService - Node 11 marked as inactive due to heartbeat timeout
2026-01-15 15:26:42.146 [taskScheduler-6] WARN  c.q.federated.service.FederatedCoordinatorService - Node 111 marked as inactive due to heartbeat timeout
2026-01-15 15:26:47.169 [taskScheduler-6] WARN  c.q.federated.service.FederatedCoordinatorService - Node 11 marked as inactive due to heartbeat timeout
2026-01-15 15:26:47.180 [taskScheduler-6] WARN  c.q.federated.service.FederatedCoordinatorService - Node 111 marked as inactive due to heartbeat timeout
2026-01-15 15:26:52.219 [taskScheduler-6] WARN  c.q.federated.service.FederatedCoordinatorService - Node 11 marked as inactive due to heartbeat timeout
2026-01-15 15:26:52.219 [taskScheduler-6] WARN  c.q.federated.service.FederatedCoordinatorService - Node 111 marked as inactive due to heartbeat timeout
2026-01-15 15:26:57.228 [taskScheduler-6] WARN  c.q.federated.service.FederatedCoordinatorService - Node 11 marked as inactive due to heartbeat timeout
2026-01-15 15:26:57.228 [taskScheduler-6] WARN  c.q.federated.service.FederatedCoordinatorService - Node 111 marked as inactive due to heartbeat timeout
2026-01-15 15:27:02.239 [taskScheduler-6] WARN  c.q.federated.service.FederatedCoordinatorService - Node 11 marked as inactive due to heartbeat timeout
2026-01-15 15:27:02.240 [taskScheduler-6] WARN  c.q.federated.service.FederatedCoordinatorService - Node 111 marked as inactive due to heartbeat timeout
2026-01-15 15:27:07.260 [taskScheduler-6] WARN  c.q.federated.service.FederatedCoordinatorService - Node 11 marked as inactive due to heartbeat timeout
2026-01-15 15:27:07.260 [taskScheduler-6] WARN  c.q.federated.service.FederatedCoordinatorService - Node 111 marked as inactive due to heartbeat timeout
2026-01-15 15:27:12.271 [taskScheduler-6] WARN  c.q.federated.service.FederatedCoordinatorService - Node 11 marked as inactive due to heartbeat timeout
2026-01-15 15:27:12.272 [taskScheduler-6] WARN  c.q.federated.service.FederatedCoordinatorService - Node 111 marked as inactive due to heartbeat timeout
2026-01-15 15:27:17.284 [taskScheduler-6] WARN  c.q.federated.service.FederatedCoordinatorService - Node 11 marked as inactive due to heartbeat timeout
2026-01-15 15:27:17.284 [taskScheduler-6] WARN  c.q.federated.service.FederatedCoordinatorService - Node 111 marked as inactive due to heartbeat timeout
2026-01-15 15:27:22.292 [taskScheduler-6] WARN  c.q.federated.service.FederatedCoordinatorService - Node 11 marked as inactive due to heartbeat timeout
2026-01-15 15:27:22.293 [taskScheduler-6] WARN  c.q.federated.service.FederatedCoordinatorService - Node 111 marked as inactive due to heartbeat timeout
2026-01-15 15:27:27.310 [taskScheduler-6] WARN  c.q.federated.service.FederatedCoordinatorService - Node 11 marked as inactive due to heartbeat timeout
2026-01-15 15:27:27.311 [taskScheduler-6] WARN  c.q.federated.service.FederatedCoordinatorService - Node 111 marked as inactive due to heartbeat timeout
2026-01-15 15:27:32.326 [taskScheduler-6] WARN  c.q.federated.service.FederatedCoordinatorService - Node 11 marked as inactive due to heartbeat timeout
2026-01-15 15:27:32.327 [taskScheduler-6] WARN  c.q.federated.service.FederatedCoordinatorService - Node 111 marked as inactive due to heartbeat timeout
2026-01-15 15:27:37.333 [taskScheduler-6] WARN  c.q.federated.service.FederatedCoordinatorService - Node 11 marked as inactive due to heartbeat timeout
2026-01-15 15:27:37.334 [taskScheduler-6] WARN  c.q.federated.service.FederatedCoordinatorService - Node 111 marked as inactive due to heartbeat timeout
2026-01-15 15:27:42.351 [taskScheduler-6] WARN  c.q.federated.service.FederatedCoordinatorService - Node 11 marked as inactive due to heartbeat timeout
2026-01-15 15:27:42.351 [taskScheduler-6] WARN  c.q.federated.service.FederatedCoordinatorService - Node 111 marked as inactive due to heartbeat timeout
2026-01-15 15:27:47.360 [taskScheduler-6] WARN  c.q.federated.service.FederatedCoordinatorService - Node 11 marked as inactive due to heartbeat timeout
2026-01-15 15:27:47.360 [taskScheduler-6] WARN  c.q.federated.service.FederatedCoordinatorService - Node 111 marked as inactive due to heartbeat timeout
2026-01-15 15:27:52.365 [taskScheduler-6] WARN  c.q.federated.service.FederatedCoordinatorService - Node 11 marked as inactive due to heartbeat timeout
2026-01-15 15:27:52.366 [taskScheduler-6] WARN  c.q.federated.service.FederatedCoordinatorService - Node 111 marked as inactive due to heartbeat timeout
2026-01-15 15:27:57.383 [taskScheduler-6] WARN  c.q.federated.service.FederatedCoordinatorService - Node 11 marked as inactive due to heartbeat timeout
2026-01-15 15:27:57.385 [taskScheduler-6] WARN  c.q.federated.service.FederatedCoordinatorService - Node 111 marked as inactive due to heartbeat timeout
2026-01-15 15:28:02.391 [taskScheduler-6] WARN  c.q.federated.service.FederatedCoordinatorService - Node 11 marked as inactive due to heartbeat timeout
2026-01-15 15:28:02.392 [taskScheduler-6] WARN  c.q.federated.service.FederatedCoordinatorService - Node 111 marked as inactive due to heartbeat timeout
2026-01-15 15:28:07.409 [taskScheduler-6] WARN  c.q.federated.service.FederatedCoordinatorService - Node 11 marked as inactive due to heartbeat timeout
2026-01-15 15:28:07.409 [taskScheduler-6] WARN  c.q.federated.service.FederatedCoordinatorService - Node 111 marked as inactive due to heartbeat timeout
2026-01-15 15:28:12.423 [taskScheduler-6] WARN  c.q.federated.service.FederatedCoordinatorService - Node 11 marked as inactive due to heartbeat timeout
2026-01-15 15:28:12.424 [taskScheduler-6] WARN  c.q.federated.service.FederatedCoordinatorService - Node 111 marked as inactive due to heartbeat timeout
2026-01-15 15:28:17.431 [taskScheduler-6] WARN  c.q.federated.service.FederatedCoordinatorService - Node 11 marked as inactive due to heartbeat timeout
2026-01-15 15:28:17.432 [taskScheduler-6] WARN  c.q.federated.service.FederatedCoordinatorService - Node 111 marked as inactive due to heartbeat timeout
2026-01-15 15:28:22.442 [taskScheduler-6] WARN  c.q.federated.service.FederatedCoordinatorService - Node 11 marked as inactive due to heartbeat timeout
2026-01-15 15:28:22.442 [taskScheduler-6] WARN  c.q.federated.service.FederatedCoordinatorService - Node 111 marked as inactive due to heartbeat timeout
2026-01-15 15:28:27.465 [taskScheduler-6] WARN  c.q.federated.service.FederatedCoordinatorService - Node 11 marked as inactive due to heartbeat timeout
2026-01-15 15:28:27.466 [taskScheduler-6] WARN  c.q.federated.service.FederatedCoordinatorService - Node 111 marked as inactive due to heartbeat timeout
2026-01-15 15:28:32.481 [taskScheduler-6] WARN  c.q.federated.service.FederatedCoordinatorService - Node 11 marked as inactive due to heartbeat timeout
2026-01-15 15:28:32.481 [taskScheduler-6] WARN  c.q.federated.service.FederatedCoordinatorService - Node 111 marked as inactive due to heartbeat timeout
2026-01-15 15:28:37.497 [taskScheduler-6] WARN  c.q.federated.service.FederatedCoordinatorService - Node 11 marked as inactive due to heartbeat timeout
2026-01-15 15:28:37.497 [taskScheduler-6] WARN  c.q.federated.service.FederatedCoordinatorService - Node 111 marked as inactive due to heartbeat timeout
2026-01-15 15:28:42.518 [taskScheduler-6] WARN  c.q.federated.service.FederatedCoordinatorService - Node 11 marked as inactive due to heartbeat timeout
2026-01-15 15:28:42.519 [taskScheduler-6] WARN  c.q.federated.service.FederatedCoordinatorService - Node 111 marked as inactive due to heartbeat timeout
2026-01-15 15:28:47.534 [taskScheduler-6] WARN  c.q.federated.service.FederatedCoordinatorService - Node 11 marked as inactive due to heartbeat timeout
2026-01-15 15:28:47.534 [taskScheduler-6] WARN  c.q.federated.service.FederatedCoordinatorService - Node 111 marked as inactive due to heartbeat timeout
2026-01-15 15:28:52.555 [taskScheduler-6] WARN  c.q.federated.service.FederatedCoordinatorService - Node 11 marked as inactive due to heartbeat timeout
2026-01-15 15:28:52.555 [taskScheduler-6] WARN  c.q.federated.service.FederatedCoordinatorService - Node 111 marked as inactive due to heartbeat timeout
2026-01-15 15:28:57.575 [taskScheduler-6] WARN  c.q.federated.service.FederatedCoordinatorService - Node 11 marked as inactive due to heartbeat timeout
2026-01-15 15:28:57.576 [taskScheduler-6] WARN  c.q.federated.service.FederatedCoordinatorService - Node 111 marked as inactive due to heartbeat timeout
2026-01-15 15:29:02.597 [taskScheduler-6] WARN  c.q.federated.service.FederatedCoordinatorService - Node 11 marked as inactive due to heartbeat timeout
2026-01-15 15:29:02.597 [taskScheduler-6] WARN  c.q.federated.service.FederatedCoordinatorService - Node 111 marked as inactive due to heartbeat timeout
2026-01-15 15:29:07.617 [taskScheduler-6] WARN  c.q.federated.service.FederatedCoordinatorService - Node 11 marked as inactive due to heartbeat timeout
2026-01-15 15:29:07.618 [taskScheduler-6] WARN  c.q.federated.service.FederatedCoordinatorService - Node 111 marked as inactive due to heartbeat timeout
2026-01-15 15:29:12.640 [taskScheduler-6] WARN  c.q.federated.service.FederatedCoordinatorService - Node 11 marked as inactive due to heartbeat timeout
2026-01-15 15:29:12.641 [taskScheduler-6] WARN  c.q.federated.service.FederatedCoordinatorService - Node 111 marked as inactive due to heartbeat timeout
2026-01-15 15:29:17.646 [taskScheduler-6] WARN  c.q.federated.service.FederatedCoordinatorService - Node 11 marked as inactive due to heartbeat timeout
2026-01-15 15:29:17.647 [taskScheduler-6] WARN  c.q.federated.service.FederatedCoordinatorService - Node 111 marked as inactive due to heartbeat timeout
2026-01-15 15:29:22.659 [taskScheduler-6] WARN  c.q.federated.service.FederatedCoordinatorService - Node 11 marked as inactive due to heartbeat timeout
2026-01-15 15:29:22.659 [taskScheduler-6] WARN  c.q.federated.service.FederatedCoordinatorService - Node 111 marked as inactive due to heartbeat timeout
2026-01-15 15:29:27.670 [taskScheduler-6] WARN  c.q.federated.service.FederatedCoordinatorService - Node 11 marked as inactive due to heartbeat timeout
2026-01-15 15:29:27.671 [taskScheduler-6] WARN  c.q.federated.service.FederatedCoordinatorService - Node 111 marked as inactive due to heartbeat timeout
2026-01-15 15:29:32.677 [taskScheduler-6] WARN  c.q.federated.service.FederatedCoordinatorService - Node 11 marked as inactive due to heartbeat timeout
2026-01-15 15:29:32.678 [taskScheduler-6] WARN  c.q.federated.service.FederatedCoordinatorService - Node 111 marked as inactive due to heartbeat timeout
2026-01-15 15:29:37.691 [taskScheduler-6] WARN  c.q.federated.service.FederatedCoordinatorService - Node 11 marked as inactive due to heartbeat timeout
2026-01-15 15:29:37.691 [taskScheduler-6] WARN  c.q.federated.service.FederatedCoordinatorService - Node 111 marked as inactive due to heartbeat timeout
2026-01-15 15:29:42.709 [taskScheduler-6] WARN  c.q.federated.service.FederatedCoordinatorService - Node 11 marked as inactive due to heartbeat timeout
2026-01-15 15:29:42.709 [taskScheduler-6] WARN  c.q.federated.service.FederatedCoordinatorService - Node 111 marked as inactive due to heartbeat timeout
2026-01-15 15:29:47.732 [taskScheduler-6] WARN  c.q.federated.service.FederatedCoordinatorService - Node 11 marked as inactive due to heartbeat timeout
2026-01-15 15:29:47.733 [taskScheduler-6] WARN  c.q.federated.service.FederatedCoordinatorService - Node 111 marked as inactive due to heartbeat timeout
2026-01-15 15:29:52.739 [taskScheduler-6] WARN  c.q.federated.service.FederatedCoordinatorService - Node 11 marked as inactive due to heartbeat timeout
2026-01-15 15:29:52.740 [taskScheduler-6] WARN  c.q.federated.service.FederatedCoordinatorService - Node 111 marked as inactive due to heartbeat timeout
2026-01-15 15:29:57.749 [taskScheduler-6] WARN  c.q.federated.service.FederatedCoordinatorService - Node 11 marked as inactive due to heartbeat timeout
2026-01-15 15:29:57.749 [taskScheduler-6] WARN  c.q.federated.service.FederatedCoordinatorService - Node 111 marked as inactive due to heartbeat timeout
2026-01-15 15:30:02.757 [taskScheduler-6] WARN  c.q.federated.service.FederatedCoordinatorService - Node 11 marked as inactive due to heartbeat timeout
2026-01-15 15:30:02.758 [taskScheduler-6] WARN  c.q.federated.service.FederatedCoordinatorService - Node 111 marked as inactive due to heartbeat timeout
2026-01-15 15:30:07.764 [taskScheduler-6] WARN  c.q.federated.service.FederatedCoordinatorService - Node 11 marked as inactive due to heartbeat timeout
2026-01-15 15:30:07.765 [taskScheduler-6] WARN  c.q.federated.service.FederatedCoordinatorService - Node 111 marked as inactive due to heartbeat timeout
2026-01-15 15:30:12.780 [taskScheduler-6] WARN  c.q.federated.service.FederatedCoordinatorService - Node 11 marked as inactive due to heartbeat timeout
2026-01-15 15:30:12.781 [taskScheduler-6] WARN  c.q.federated.service.FederatedCoordinatorService - Node 111 marked as inactive due to heartbeat timeout
2026-01-15 15:30:17.793 [taskScheduler-6] WARN  c.q.federated.service.FederatedCoordinatorService - Node 11 marked as inactive due to heartbeat timeout
2026-01-15 15:30:17.794 [taskScheduler-6] WARN  c.q.federated.service.FederatedCoordinatorService - Node 111 marked as inactive due to heartbeat timeout
2026-01-15 15:30:22.809 [taskScheduler-6] WARN  c.q.federated.service.FederatedCoordinatorService - Node 11 marked as inactive due to heartbeat timeout
2026-01-15 15:30:22.809 [taskScheduler-6] WARN  c.q.federated.service.FederatedCoordinatorService - Node 111 marked as inactive due to heartbeat timeout
2026-01-15 15:30:27.821 [taskScheduler-6] WARN  c.q.federated.service.FederatedCoordinatorService - Node 11 marked as inactive due to heartbeat timeout
2026-01-15 15:30:27.822 [taskScheduler-6] WARN  c.q.federated.service.FederatedCoordinatorService - Node 111 marked as inactive due to heartbeat timeout
2026-01-15 15:30:32.835 [taskScheduler-6] WARN  c.q.federated.service.FederatedCoordinatorService - Node 11 marked as inactive due to heartbeat timeout
2026-01-15 15:30:32.835 [taskScheduler-6] WARN  c.q.federated.service.FederatedCoordinatorService - Node 111 marked as inactive due to heartbeat timeout
2026-01-15 15:30:37.842 [taskScheduler-6] WARN  c.q.federated.service.FederatedCoordinatorService - Node 11 marked as inactive due to heartbeat timeout
2026-01-15 15:30:37.843 [taskScheduler-6] WARN  c.q.federated.service.FederatedCoordinatorService - Node 111 marked as inactive due to heartbeat timeout
2026-01-15 15:30:42.852 [taskScheduler-6] WARN  c.q.federated.service.FederatedCoordinatorService - Node 11 marked as inactive due to heartbeat timeout
2026-01-15 15:30:42.853 [taskScheduler-6] WARN  c.q.federated.service.FederatedCoordinatorService - Node 111 marked as inactive due to heartbeat timeout
2026-01-15 15:30:47.859 [taskScheduler-6] WARN  c.q.federated.service.FederatedCoordinatorService - Node 11 marked as inactive due to heartbeat timeout
2026-01-15 15:30:47.859 [taskScheduler-6] WARN  c.q.federated.service.FederatedCoordinatorService - Node 111 marked as inactive due to heartbeat timeout
2026-01-15 15:30:52.869 [taskScheduler-6] WARN  c.q.federated.service.FederatedCoordinatorService - Node 11 marked as inactive due to heartbeat timeout
2026-01-15 15:30:52.870 [taskScheduler-6] WARN  c.q.federated.service.FederatedCoordinatorService - Node 111 marked as inactive due to heartbeat timeout
2026-01-15 15:30:57.888 [taskScheduler-6] WARN  c.q.federated.service.FederatedCoordinatorService - Node 11 marked as inactive due to heartbeat timeout
2026-01-15 15:30:57.889 [taskScheduler-6] WARN  c.q.federated.service.FederatedCoordinatorService - Node 111 marked as inactive due to heartbeat timeout
2026-01-15 15:31:02.898 [taskScheduler-6] WARN  c.q.federated.service.FederatedCoordinatorService - Node 11 marked as inactive due to heartbeat timeout
2026-01-15 15:31:02.899 [taskScheduler-6] WARN  c.q.federated.service.FederatedCoordinatorService - Node 111 marked as inactive due to heartbeat timeout
2026-01-15 15:31:07.912 [taskScheduler-6] WARN  c.q.federated.service.FederatedCoordinatorService - Node 11 marked as inactive due to heartbeat timeout
2026-01-15 15:31:07.912 [taskScheduler-6] WARN  c.q.federated.service.FederatedCoordinatorService - Node 111 marked as inactive due to heartbeat timeout
2026-01-15 15:31:12.925 [taskScheduler-6] WARN  c.q.federated.service.FederatedCoordinatorService - Node 11 marked as inactive due to heartbeat timeout
2026-01-15 15:31:12.926 [taskScheduler-6] WARN  c.q.federated.service.FederatedCoordinatorService - Node 111 marked as inactive due to heartbeat timeout
2026-01-15 15:31:17.939 [taskScheduler-6] WARN  c.q.federated.service.FederatedCoordinatorService - Node 11 marked as inactive due to heartbeat timeout
2026-01-15 15:31:17.940 [taskScheduler-6] WARN  c.q.federated.service.FederatedCoordinatorService - Node 111 marked as inactive due to heartbeat timeout
2026-01-15 15:31:22.950 [taskScheduler-6] WARN  c.q.federated.service.FederatedCoordinatorService - Node 11 marked as inactive due to heartbeat timeout
2026-01-15 15:31:22.951 [taskScheduler-6] WARN  c.q.federated.service.FederatedCoordinatorService - Node 111 marked as inactive due to heartbeat timeout
2026-01-15 15:31:27.969 [taskScheduler-6] WARN  c.q.federated.service.FederatedCoordinatorService - Node 11 marked as inactive due to heartbeat timeout
2026-01-15 15:31:27.970 [taskScheduler-6] WARN  c.q.federated.service.FederatedCoordinatorService - Node 111 marked as inactive due to heartbeat timeout
2026-01-15 15:31:32.983 [taskScheduler-6] WARN  c.q.federated.service.FederatedCoordinatorService - Node 11 marked as inactive due to heartbeat timeout
2026-01-15 15:31:32.983 [taskScheduler-6] WARN  c.q.federated.service.FederatedCoordinatorService - Node 111 marked as inactive due to heartbeat timeout
2026-01-15 15:31:37.999 [taskScheduler-6] WARN  c.q.federated.service.FederatedCoordinatorService - Node 11 marked as inactive due to heartbeat timeout
2026-01-15 15:31:37.999 [taskScheduler-6] WARN  c.q.federated.service.FederatedCoordinatorService - Node 111 marked as inactive due to heartbeat timeout
2026-01-15 15:31:43.018 [taskScheduler-6] WARN  c.q.federated.service.FederatedCoordinatorService - Node 11 marked as inactive due to heartbeat timeout
2026-01-15 15:31:43.018 [taskScheduler-6] WARN  c.q.federated.service.FederatedCoordinatorService - Node 111 marked as inactive due to heartbeat timeout
2026-01-15 15:31:48.035 [taskScheduler-6] WARN  c.q.federated.service.FederatedCoordinatorService - Node 11 marked as inactive due to heartbeat timeout
2026-01-15 15:31:48.036 [taskScheduler-6] WARN  c.q.federated.service.FederatedCoordinatorService - Node 111 marked as inactive due to heartbeat timeout
2026-01-15 15:31:53.041 [taskScheduler-6] WARN  c.q.federated.service.FederatedCoordinatorService - Node 11 marked as inactive due to heartbeat timeout
2026-01-15 15:31:53.042 [taskScheduler-6] WARN  c.q.federated.service.FederatedCoordinatorService - Node 111 marked as inactive due to heartbeat timeout
2026-01-15 15:31:58.061 [taskScheduler-6] WARN  c.q.federated.service.FederatedCoordinatorService - Node 11 marked as inactive due to heartbeat timeout
2026-01-15 15:31:58.062 [taskScheduler-6] WARN  c.q.federated.service.FederatedCoordinatorService - Node 111 marked as inactive due to heartbeat timeout
2026-01-15 15:32:03.069 [taskScheduler-6] WARN  c.q.federated.service.FederatedCoordinatorService - Node 11 marked as inactive due to heartbeat timeout
2026-01-15 15:32:03.070 [taskScheduler-6] WARN  c.q.federated.service.FederatedCoordinatorService - Node 111 marked as inactive due to heartbeat timeout
2026-01-15 15:32:08.082 [taskScheduler-6] WARN  c.q.federated.service.FederatedCoordinatorService - Node 11 marked as inactive due to heartbeat timeout
2026-01-15 15:32:08.082 [taskScheduler-6] WARN  c.q.federated.service.FederatedCoordinatorService - Node 111 marked as inactive due to heartbeat timeout
2026-01-15 15:32:13.099 [taskScheduler-6] WARN  c.q.federated.service.FederatedCoordinatorService - Node 11 marked as inactive due to heartbeat timeout
2026-01-15 15:32:13.101 [taskScheduler-6] WARN  c.q.federated.service.FederatedCoordinatorService - Node 111 marked as inactive due to heartbeat timeout
2026-01-15 15:32:18.116 [taskScheduler-6] WARN  c.q.federated.service.FederatedCoordinatorService - Node 11 marked as inactive due to heartbeat timeout
2026-01-15 15:32:18.117 [taskScheduler-6] WARN  c.q.federated.service.FederatedCoordinatorService - Node 111 marked as inactive due to heartbeat timeout
2026-01-15 15:32:23.132 [taskScheduler-6] WARN  c.q.federated.service.FederatedCoordinatorService - Node 11 marked as inactive due to heartbeat timeout
2026-01-15 15:32:23.133 [taskScheduler-6] WARN  c.q.federated.service.FederatedCoordinatorService - Node 111 marked as inactive due to heartbeat timeout
2026-01-15 15:32:28.150 [taskScheduler-6] WARN  c.q.federated.service.FederatedCoordinatorService - Node 11 marked as inactive due to heartbeat timeout
2026-01-15 15:32:28.151 [taskScheduler-6] WARN  c.q.federated.service.FederatedCoordinatorService - Node 111 marked as inactive due to heartbeat timeout
2026-01-15 15:32:33.158 [taskScheduler-6] WARN  c.q.federated.service.FederatedCoordinatorService - Node 11 marked as inactive due to heartbeat timeout
2026-01-15 15:32:33.158 [taskScheduler-6] WARN  c.q.federated.service.FederatedCoordinatorService - Node 111 marked as inactive due to heartbeat timeout
2026-01-15 15:32:38.169 [taskScheduler-6] WARN  c.q.federated.service.FederatedCoordinatorService - Node 11 marked as inactive due to heartbeat timeout
2026-01-15 15:32:38.169 [taskScheduler-6] WARN  c.q.federated.service.FederatedCoordinatorService - Node 111 marked as inactive due to heartbeat timeout
2026-01-15 15:32:43.174 [taskScheduler-6] WARN  c.q.federated.service.FederatedCoordinatorService - Node 11 marked as inactive due to heartbeat timeout
2026-01-15 15:32:43.174 [taskScheduler-6] WARN  c.q.federated.service.FederatedCoordinatorService - Node 111 marked as inactive due to heartbeat timeout
2026-01-15 15:32:48.182 [taskScheduler-6] WARN  c.q.federated.service.FederatedCoordinatorService - Node 11 marked as inactive due to heartbeat timeout
2026-01-15 15:32:48.183 [taskScheduler-6] WARN  c.q.federated.service.FederatedCoordinatorService - Node 111 marked as inactive due to heartbeat timeout
2026-01-15 15:32:53.192 [taskScheduler-6] WARN  c.q.federated.service.FederatedCoordinatorService - Node 11 marked as inactive due to heartbeat timeout
2026-01-15 15:32:53.198 [taskScheduler-6] WARN  c.q.federated.service.FederatedCoordinatorService - Node 111 marked as inactive due to heartbeat timeout
2026-01-15 15:32:58.210 [taskScheduler-6] WARN  c.q.federated.service.FederatedCoordinatorService - Node 11 marked as inactive due to heartbeat timeout
2026-01-15 15:32:58.210 [taskScheduler-6] WARN  c.q.federated.service.FederatedCoordinatorService - Node 111 marked as inactive due to heartbeat timeout
2026-01-15 15:33:03.216 [taskScheduler-6] WARN  c.q.federated.service.FederatedCoordinatorService - Node 11 marked as inactive due to heartbeat timeout
2026-01-15 15:33:03.218 [taskScheduler-6] WARN  c.q.federated.service.FederatedCoordinatorService - Node 111 marked as inactive due to heartbeat timeout
2026-01-15 15:33:08.223 [taskScheduler-6] WARN  c.q.federated.service.FederatedCoordinatorService - Node 11 marked as inactive due to heartbeat timeout
2026-01-15 15:33:08.223 [taskScheduler-6] WARN  c.q.federated.service.FederatedCoordinatorService - Node 111 marked as inactive due to heartbeat timeout
2026-01-15 15:33:13.235 [taskScheduler-6] WARN  c.q.federated.service.FederatedCoordinatorService - Node 11 marked as inactive due to heartbeat timeout
2026-01-15 15:33:13.236 [taskScheduler-6] WARN  c.q.federated.service.FederatedCoordinatorService - Node 111 marked as inactive due to heartbeat timeout
2026-01-15 15:33:18.245 [taskScheduler-6] WARN  c.q.federated.service.FederatedCoordinatorService - Node 11 marked as inactive due to heartbeat timeout
2026-01-15 15:33:18.246 [taskScheduler-6] WARN  c.q.federated.service.FederatedCoordinatorService - Node 111 marked as inactive due to heartbeat timeout
2026-01-15 15:33:23.253 [taskScheduler-6] WARN  c.q.federated.service.FederatedCoordinatorService - Node 11 marked as inactive due to heartbeat timeout
2026-01-15 15:33:23.253 [taskScheduler-6] WARN  c.q.federated.service.FederatedCoordinatorService - Node 111 marked as inactive due to heartbeat timeout
2026-01-15 15:33:28.266 [taskScheduler-6] WARN  c.q.federated.service.FederatedCoordinatorService - Node 11 marked as inactive due to heartbeat timeout
2026-01-15 15:33:28.267 [taskScheduler-6] WARN  c.q.federated.service.FederatedCoordinatorService - Node 111 marked as inactive due to heartbeat timeout
2026-01-15 15:33:33.272 [taskScheduler-6] WARN  c.q.federated.service.FederatedCoordinatorService - Node 11 marked as inactive due to heartbeat timeout
2026-01-15 15:33:33.273 [taskScheduler-6] WARN  c.q.federated.service.FederatedCoordinatorService - Node 111 marked as inactive due to heartbeat timeout
2026-01-15 15:33:38.282 [taskScheduler-6] WARN  c.q.federated.service.FederatedCoordinatorService - Node 11 marked as inactive due to heartbeat timeout
2026-01-15 15:33:38.283 [taskScheduler-6] WARN  c.q.federated.service.FederatedCoordinatorService - Node 111 marked as inactive due to heartbeat timeout
2026-01-15 15:33:43.298 [taskScheduler-6] WARN  c.q.federated.service.FederatedCoordinatorService - Node 11 marked as inactive due to heartbeat timeout
2026-01-15 15:33:43.298 [taskScheduler-6] WARN  c.q.federated.service.FederatedCoordinatorService - Node 111 marked as inactive due to heartbeat timeout
2026-01-15 15:33:48.314 [taskScheduler-6] WARN  c.q.federated.service.FederatedCoordinatorService - Node 11 marked as inactive due to heartbeat timeout
2026-01-15 15:33:48.315 [taskScheduler-6] WARN  c.q.federated.service.FederatedCoordinatorService - Node 111 marked as inactive due to heartbeat timeout
2026-01-15 15:33:53.334 [taskScheduler-6] WARN  c.q.federated.service.FederatedCoordinatorService - Node 11 marked as inactive due to heartbeat timeout
2026-01-15 15:33:53.335 [taskScheduler-6] WARN  c.q.federated.service.FederatedCoordinatorService - Node 111 marked as inactive due to heartbeat timeout
2026-01-15 15:33:58.348 [taskScheduler-6] WARN  c.q.federated.service.FederatedCoordinatorService - Node 11 marked as inactive due to heartbeat timeout
2026-01-15 15:33:58.348 [taskScheduler-6] WARN  c.q.federated.service.FederatedCoordinatorService - Node 111 marked as inactive due to heartbeat timeout
2026-01-15 15:34:03.364 [taskScheduler-6] WARN  c.q.federated.service.FederatedCoordinatorService - Node 11 marked as inactive due to heartbeat timeout
2026-01-15 15:34:03.364 [taskScheduler-6] WARN  c.q.federated.service.FederatedCoordinatorService - Node 111 marked as inactive due to heartbeat timeout
2026-01-15 15:34:08.377 [taskScheduler-6] WARN  c.q.federated.service.FederatedCoordinatorService - Node 11 marked as inactive due to heartbeat timeout
2026-01-15 15:34:08.377 [taskScheduler-6] WARN  c.q.federated.service.FederatedCoordinatorService - Node 111 marked as inactive due to heartbeat timeout
2026-01-15 15:34:13.396 [taskScheduler-6] WARN  c.q.federated.service.FederatedCoordinatorService - Node 11 marked as inactive due to heartbeat timeout
2026-01-15 15:34:13.396 [taskScheduler-6] WARN  c.q.federated.service.FederatedCoordinatorService - Node 111 marked as inactive due to heartbeat timeout
2026-01-15 15:34:18.405 [taskScheduler-6] WARN  c.q.federated.service.FederatedCoordinatorService - Node 11 marked as inactive due to heartbeat timeout
2026-01-15 15:34:18.405 [taskScheduler-6] WARN  c.q.federated.service.FederatedCoordinatorService - Node 111 marked as inactive due to heartbeat timeout
2026-01-15 15:34:23.411 [taskScheduler-6] WARN  c.q.federated.service.FederatedCoordinatorService - Node 11 marked as inactive due to heartbeat timeout
2026-01-15 15:34:23.411 [taskScheduler-6] WARN  c.q.federated.service.FederatedCoordinatorService - Node 111 marked as inactive due to heartbeat timeout
2026-01-15 15:34:28.430 [taskScheduler-6] WARN  c.q.federated.service.FederatedCoordinatorService - Node 11 marked as inactive due to heartbeat timeout
2026-01-15 15:34:28.431 [taskScheduler-6] WARN  c.q.federated.service.FederatedCoordinatorService - Node 111 marked as inactive due to heartbeat timeout
2026-01-15 15:34:33.439 [taskScheduler-6] WARN  c.q.federated.service.FederatedCoordinatorService - Node 11 marked as inactive due to heartbeat timeout
2026-01-15 15:34:33.439 [taskScheduler-6] WARN  c.q.federated.service.FederatedCoordinatorService - Node 111 marked as inactive due to heartbeat timeout
2026-01-15 15:34:38.459 [taskScheduler-6] WARN  c.q.federated.service.FederatedCoordinatorService - Node 11 marked as inactive due to heartbeat timeout
2026-01-15 15:34:38.459 [taskScheduler-6] WARN  c.q.federated.service.FederatedCoordinatorService - Node 111 marked as inactive due to heartbeat timeout
2026-01-15 15:34:43.475 [taskScheduler-6] WARN  c.q.federated.service.FederatedCoordinatorService - Node 11 marked as inactive due to heartbeat timeout
2026-01-15 15:34:43.476 [taskScheduler-6] WARN  c.q.federated.service.FederatedCoordinatorService - Node 111 marked as inactive due to heartbeat timeout
2026-01-15 15:34:48.482 [taskScheduler-6] WARN  c.q.federated.service.FederatedCoordinatorService - Node 11 marked as inactive due to heartbeat timeout
2026-01-15 15:34:48.483 [taskScheduler-6] WARN  c.q.federated.service.FederatedCoordinatorService - Node 111 marked as inactive due to heartbeat timeout
2026-01-15 15:34:53.493 [taskScheduler-6] WARN  c.q.federated.service.FederatedCoordinatorService - Node 11 marked as inactive due to heartbeat timeout
2026-01-15 15:34:53.494 [taskScheduler-6] WARN  c.q.federated.service.FederatedCoordinatorService - Node 111 marked as inactive due to heartbeat timeout
2026-01-15 15:34:58.507 [taskScheduler-6] WARN  c.q.federated.service.FederatedCoordinatorService - Node 11 marked as inactive due to heartbeat timeout
2026-01-15 15:34:58.507 [taskScheduler-6] WARN  c.q.federated.service.FederatedCoordinatorService - Node 111 marked as inactive due to heartbeat timeout
2026-01-15 15:35:03.560 [taskScheduler-6] WARN  c.q.federated.service.FederatedCoordinatorService - Node 11 marked as inactive due to heartbeat timeout
2026-01-15 15:35:03.561 [taskScheduler-6] WARN  c.q.federated.service.FederatedCoordinatorService - Node 111 marked as inactive due to heartbeat timeout
2026-01-15 15:35:08.575 [taskScheduler-6] WARN  c.q.federated.service.FederatedCoordinatorService - Node 11 marked as inactive due to heartbeat timeout
2026-01-15 15:35:08.576 [taskScheduler-6] WARN  c.q.federated.service.FederatedCoordinatorService - Node 111 marked as inactive due to heartbeat timeout
2026-01-15 15:35:13.587 [taskScheduler-6] WARN  c.q.federated.service.FederatedCoordinatorService - Node 11 marked as inactive due to heartbeat timeout
2026-01-15 15:35:13.587 [taskScheduler-6] WARN  c.q.federated.service.FederatedCoordinatorService - Node 111 marked as inactive due to heartbeat timeout
2026-01-15 15:35:18.600 [taskScheduler-6] WARN  c.q.federated.service.FederatedCoordinatorService - Node 11 marked as inactive due to heartbeat timeout
2026-01-15 15:35:18.600 [taskScheduler-6] WARN  c.q.federated.service.FederatedCoordinatorService - Node 111 marked as inactive due to heartbeat timeout
2026-01-15 15:35:23.617 [taskScheduler-6] WARN  c.q.federated.service.FederatedCoordinatorService - Node 11 marked as inactive due to heartbeat timeout
2026-01-15 15:35:23.618 [taskScheduler-6] WARN  c.q.federated.service.FederatedCoordinatorService - Node 111 marked as inactive due to heartbeat timeout
2026-01-15 15:35:28.623 [taskScheduler-6] WARN  c.q.federated.service.FederatedCoordinatorService - Node 11 marked as inactive due to heartbeat timeout
2026-01-15 15:35:28.623 [taskScheduler-6] WARN  c.q.federated.service.FederatedCoordinatorService - Node 111 marked as inactive due to heartbeat timeout
2026-01-15 15:35:33.629 [taskScheduler-6] WARN  c.q.federated.service.FederatedCoordinatorService - Node 11 marked as inactive due to heartbeat timeout
2026-01-15 15:35:33.630 [taskScheduler-6] WARN  c.q.federated.service.FederatedCoordinatorService - Node 111 marked as inactive due to heartbeat timeout
2026-01-15 15:35:38.638 [taskScheduler-6] WARN  c.q.federated.service.FederatedCoordinatorService - Node 11 marked as inactive due to heartbeat timeout
2026-01-15 15:35:38.638 [taskScheduler-6] WARN  c.q.federated.service.FederatedCoordinatorService - Node 111 marked as inactive due to heartbeat timeout
2026-01-15 15:35:43.656 [taskScheduler-6] WARN  c.q.federated.service.FederatedCoordinatorService - Node 11 marked as inactive due to heartbeat timeout
2026-01-15 15:35:43.657 [taskScheduler-6] WARN  c.q.federated.service.FederatedCoordinatorService - Node 111 marked as inactive due to heartbeat timeout
2026-01-15 15:35:48.676 [taskScheduler-6] WARN  c.q.federated.service.FederatedCoordinatorService - Node 11 marked as inactive due to heartbeat timeout
2026-01-15 15:35:48.676 [taskScheduler-6] WARN  c.q.federated.service.FederatedCoordinatorService - Node 111 marked as inactive due to heartbeat timeout
2026-01-15 15:35:53.697 [taskScheduler-6] WARN  c.q.federated.service.FederatedCoordinatorService - Node 11 marked as inactive due to heartbeat timeout
2026-01-15 15:35:53.697 [taskScheduler-6] WARN  c.q.federated.service.FederatedCoordinatorService - Node 111 marked as inactive due to heartbeat timeout
2026-01-15 15:35:58.704 [taskScheduler-6] WARN  c.q.federated.service.FederatedCoordinatorService - Node 11 marked as inactive due to heartbeat timeout
2026-01-15 15:35:58.704 [taskScheduler-6] WARN  c.q.federated.service.FederatedCoordinatorService - Node 111 marked as inactive due to heartbeat timeout
2026-01-15 15:36:03.712 [taskScheduler-6] WARN  c.q.federated.service.FederatedCoordinatorService - Node 11 marked as inactive due to heartbeat timeout
2026-01-15 15:36:03.712 [taskScheduler-6] WARN  c.q.federated.service.FederatedCoordinatorService - Node 111 marked as inactive due to heartbeat timeout
2026-01-15 15:36:08.726 [taskScheduler-6] WARN  c.q.federated.service.FederatedCoordinatorService - Node 11 marked as inactive due to heartbeat timeout
2026-01-15 15:36:08.726 [taskScheduler-6] WARN  c.q.federated.service.FederatedCoordinatorService - Node 111 marked as inactive due to heartbeat timeout
2026-01-15 15:36:13.732 [taskScheduler-6] WARN  c.q.federated.service.FederatedCoordinatorService - Node 11 marked as inactive due to heartbeat timeout
2026-01-15 15:36:13.733 [taskScheduler-6] WARN  c.q.federated.service.FederatedCoordinatorService - Node 111 marked as inactive due to heartbeat timeout
2026-01-15 15:36:18.741 [taskScheduler-6] WARN  c.q.federated.service.FederatedCoordinatorService - Node 11 marked as inactive due to heartbeat timeout
2026-01-15 15:36:18.741 [taskScheduler-6] WARN  c.q.federated.service.FederatedCoordinatorService - Node 111 marked as inactive due to heartbeat timeout
2026-01-15 15:36:23.751 [taskScheduler-6] WARN  c.q.federated.service.FederatedCoordinatorService - Node 11 marked as inactive due to heartbeat timeout
2026-01-15 15:36:23.752 [taskScheduler-6] WARN  c.q.federated.service.FederatedCoordinatorService - Node 111 marked as inactive due to heartbeat timeout
2026-01-15 15:36:28.761 [taskScheduler-6] WARN  c.q.federated.service.FederatedCoordinatorService - Node 11 marked as inactive due to heartbeat timeout
2026-01-15 15:36:28.761 [taskScheduler-6] WARN  c.q.federated.service.FederatedCoordinatorService - Node 111 marked as inactive due to heartbeat timeout
2026-01-15 15:36:33.777 [taskScheduler-6] WARN  c.q.federated.service.FederatedCoordinatorService - Node 11 marked as inactive due to heartbeat timeout
2026-01-15 15:36:33.778 [taskScheduler-6] WARN  c.q.federated.service.FederatedCoordinatorService - Node 111 marked as inactive due to heartbeat timeout
2026-01-15 15:36:38.792 [taskScheduler-6] WARN  c.q.federated.service.FederatedCoordinatorService - Node 11 marked as inactive due to heartbeat timeout
2026-01-15 15:36:38.793 [taskScheduler-6] WARN  c.q.federated.service.FederatedCoordinatorService - Node 111 marked as inactive due to heartbeat timeout
2026-01-15 15:36:43.796 [taskScheduler-6] WARN  c.q.federated.service.FederatedCoordinatorService - Node 11 marked as inactive due to heartbeat timeout
2026-01-15 15:36:43.796 [taskScheduler-6] WARN  c.q.federated.service.FederatedCoordinatorService - Node 111 marked as inactive due to heartbeat timeout
2026-01-15 15:36:48.813 [taskScheduler-6] WARN  c.q.federated.service.FederatedCoordinatorService - Node 11 marked as inactive due to heartbeat timeout
2026-01-15 15:36:48.813 [taskScheduler-6] WARN  c.q.federated.service.FederatedCoordinatorService - Node 111 marked as inactive due to heartbeat timeout
2026-01-15 15:36:53.827 [taskScheduler-6] WARN  c.q.federated.service.FederatedCoordinatorService - Node 11 marked as inactive due to heartbeat timeout
2026-01-15 15:36:53.828 [taskScheduler-6] WARN  c.q.federated.service.FederatedCoordinatorService - Node 111 marked as inactive due to heartbeat timeout
2026-01-15 15:36:58.839 [taskScheduler-6] WARN  c.q.federated.service.FederatedCoordinatorService - Node 11 marked as inactive due to heartbeat timeout
2026-01-15 15:36:58.840 [taskScheduler-6] WARN  c.q.federated.service.FederatedCoordinatorService - Node 111 marked as inactive due to heartbeat timeout
2026-01-15 15:37:03.857 [taskScheduler-6] WARN  c.q.federated.service.FederatedCoordinatorService - Node 11 marked as inactive due to heartbeat timeout
2026-01-15 15:37:03.857 [taskScheduler-6] WARN  c.q.federated.service.FederatedCoordinatorService - Node 111 marked as inactive due to heartbeat timeout
2026-01-15 15:37:08.873 [taskScheduler-6] WARN  c.q.federated.service.FederatedCoordinatorService - Node 11 marked as inactive due to heartbeat timeout
2026-01-15 15:37:08.873 [taskScheduler-6] WARN  c.q.federated.service.FederatedCoordinatorService - Node 111 marked as inactive due to heartbeat timeout
2026-01-15 15:37:13.889 [taskScheduler-6] WARN  c.q.federated.service.FederatedCoordinatorService - Node 11 marked as inactive due to heartbeat timeout
2026-01-15 15:37:13.890 [taskScheduler-6] WARN  c.q.federated.service.FederatedCoordinatorService - Node 111 marked as inactive due to heartbeat timeout
2026-01-15 15:37:18.900 [taskScheduler-6] WARN  c.q.federated.service.FederatedCoordinatorService - Node 11 marked as inactive due to heartbeat timeout
2026-01-15 15:37:18.901 [taskScheduler-6] WARN  c.q.federated.service.FederatedCoordinatorService - Node 111 marked as inactive due to heartbeat timeout
2026-01-15 15:37:23.917 [taskScheduler-6] WARN  c.q.federated.service.FederatedCoordinatorService - Node 11 marked as inactive due to heartbeat timeout
2026-01-15 15:37:23.918 [taskScheduler-6] WARN  c.q.federated.service.FederatedCoordinatorService - Node 111 marked as inactive due to heartbeat timeout
2026-01-15 15:37:28.928 [taskScheduler-6] WARN  c.q.federated.service.FederatedCoordinatorService - Node 11 marked as inactive due to heartbeat timeout
2026-01-15 15:37:28.929 [taskScheduler-6] WARN  c.q.federated.service.FederatedCoordinatorService - Node 111 marked as inactive due to heartbeat timeout
2026-01-15 15:37:33.944 [taskScheduler-6] WARN  c.q.federated.service.FederatedCoordinatorService - Node 11 marked as inactive due to heartbeat timeout
2026-01-15 15:37:33.945 [taskScheduler-6] WARN  c.q.federated.service.FederatedCoordinatorService - Node 111 marked as inactive due to heartbeat timeout
2026-01-15 15:37:38.953 [taskScheduler-6] WARN  c.q.federated.service.FederatedCoordinatorService - Node 11 marked as inactive due to heartbeat timeout
2026-01-15 15:37:38.954 [taskScheduler-6] WARN  c.q.federated.service.FederatedCoordinatorService - Node 111 marked as inactive due to heartbeat timeout
2026-01-15 15:37:43.971 [taskScheduler-6] WARN  c.q.federated.service.FederatedCoordinatorService - Node 11 marked as inactive due to heartbeat timeout
2026-01-15 15:37:43.971 [taskScheduler-6] WARN  c.q.federated.service.FederatedCoordinatorService - Node 111 marked as inactive due to heartbeat timeout
2026-01-15 15:37:48.986 [taskScheduler-6] WARN  c.q.federated.service.FederatedCoordinatorService - Node 11 marked as inactive due to heartbeat timeout
2026-01-15 15:37:48.986 [taskScheduler-6] WARN  c.q.federated.service.FederatedCoordinatorService - Node 111 marked as inactive due to heartbeat timeout
2026-01-15 15:37:53.997 [taskScheduler-6] WARN  c.q.federated.service.FederatedCoordinatorService - Node 11 marked as inactive due to heartbeat timeout
2026-01-15 15:37:53.998 [taskScheduler-6] WARN  c.q.federated.service.FederatedCoordinatorService - Node 111 marked as inactive due to heartbeat timeout
2026-01-15 15:37:59.016 [taskScheduler-6] WARN  c.q.federated.service.FederatedCoordinatorService - Node 11 marked as inactive due to heartbeat timeout
2026-01-15 15:37:59.017 [taskScheduler-6] WARN  c.q.federated.service.FederatedCoordinatorService - Node 111 marked as inactive due to heartbeat timeout
2026-01-15 15:38:04.024 [taskScheduler-6] WARN  c.q.federated.service.FederatedCoordinatorService - Node 11 marked as inactive due to heartbeat timeout
2026-01-15 15:38:04.024 [taskScheduler-6] WARN  c.q.federated.service.FederatedCoordinatorService - Node 111 marked as inactive due to heartbeat timeout
2026-01-15 15:38:09.029 [taskScheduler-6] WARN  c.q.federated.service.FederatedCoordinatorService - Node 11 marked as inactive due to heartbeat timeout
2026-01-15 15:38:09.029 [taskScheduler-6] WARN  c.q.federated.service.FederatedCoordinatorService - Node 111 marked as inactive due to heartbeat timeout
2026-01-15 15:38:14.036 [taskScheduler-6] WARN  c.q.federated.service.FederatedCoordinatorService - Node 11 marked as inactive due to heartbeat timeout
2026-01-15 15:38:14.036 [taskScheduler-6] WARN  c.q.federated.service.FederatedCoordinatorService - Node 111 marked as inactive due to heartbeat timeout
2026-01-15 15:38:19.054 [taskScheduler-6] WARN  c.q.federated.service.FederatedCoordinatorService - Node 11 marked as inactive due to heartbeat timeout
2026-01-15 15:38:19.054 [taskScheduler-6] WARN  c.q.federated.service.FederatedCoordinatorService - Node 111 marked as inactive due to heartbeat timeout
2026-01-15 15:38:24.073 [taskScheduler-6] WARN  c.q.federated.service.FederatedCoordinatorService - Node 11 marked as inactive due to heartbeat timeout
2026-01-15 15:38:24.073 [taskScheduler-6] WARN  c.q.federated.service.FederatedCoordinatorService - Node 111 marked as inactive due to heartbeat timeout
2026-01-15 15:38:29.087 [taskScheduler-6] WARN  c.q.federated.service.FederatedCoordinatorService - Node 11 marked as inactive due to heartbeat timeout
2026-01-15 15:38:29.088 [taskScheduler-6] WARN  c.q.federated.service.FederatedCoordinatorService - Node 111 marked as inactive due to heartbeat timeout
2026-01-15 15:38:34.096 [taskScheduler-6] WARN  c.q.federated.service.FederatedCoordinatorService - Node 11 marked as inactive due to heartbeat timeout
2026-01-15 15:38:34.096 [taskScheduler-6] WARN  c.q.federated.service.FederatedCoordinatorService - Node 111 marked as inactive due to heartbeat timeout
2026-01-15 15:38:39.107 [taskScheduler-6] WARN  c.q.federated.service.FederatedCoordinatorService - Node 11 marked as inactive due to heartbeat timeout
2026-01-15 15:38:39.107 [taskScheduler-6] WARN  c.q.federated.service.FederatedCoordinatorService - Node 111 marked as inactive due to heartbeat timeout
2026-01-15 15:38:44.116 [taskScheduler-6] WARN  c.q.federated.service.FederatedCoordinatorService - Node 11 marked as inactive due to heartbeat timeout
2026-01-15 15:38:44.117 [taskScheduler-6] WARN  c.q.federated.service.FederatedCoordinatorService - Node 111 marked as inactive due to heartbeat timeout
2026-01-15 15:38:49.128 [taskScheduler-6] WARN  c.q.federated.service.FederatedCoordinatorService - Node 11 marked as inactive due to heartbeat timeout
2026-01-15 15:38:49.129 [taskScheduler-6] WARN  c.q.federated.service.FederatedCoordinatorService - Node 111 marked as inactive due to heartbeat timeout
2026-01-15 15:38:54.134 [taskScheduler-6] WARN  c.q.federated.service.FederatedCoordinatorService - Node 11 marked as inactive due to heartbeat timeout
2026-01-15 15:38:54.135 [taskScheduler-6] WARN  c.q.federated.service.FederatedCoordinatorService - Node 111 marked as inactive due to heartbeat timeout
2026-01-15 15:38:59.145 [taskScheduler-6] WARN  c.q.federated.service.FederatedCoordinatorService - Node 11 marked as inactive due to heartbeat timeout
2026-01-15 15:38:59.145 [taskScheduler-6] WARN  c.q.federated.service.FederatedCoordinatorService - Node 111 marked as inactive due to heartbeat timeout
2026-01-15 15:39:04.159 [taskScheduler-6] WARN  c.q.federated.service.FederatedCoordinatorService - Node 11 marked as inactive due to heartbeat timeout
2026-01-15 15:39:04.159 [taskScheduler-6] WARN  c.q.federated.service.FederatedCoordinatorService - Node 111 marked as inactive due to heartbeat timeout
2026-01-15 15:39:09.179 [taskScheduler-6] WARN  c.q.federated.service.FederatedCoordinatorService - Node 11 marked as inactive due to heartbeat timeout
2026-01-15 15:39:09.179 [taskScheduler-6] WARN  c.q.federated.service.FederatedCoordinatorService - Node 111 marked as inactive due to heartbeat timeout
2026-01-15 15:39:14.188 [taskScheduler-6] WARN  c.q.federated.service.FederatedCoordinatorService - Node 11 marked as inactive due to heartbeat timeout
2026-01-15 15:39:14.189 [taskScheduler-6] WARN  c.q.federated.service.FederatedCoordinatorService - Node 111 marked as inactive due to heartbeat timeout
2026-01-15 15:39:19.199 [taskScheduler-6] WARN  c.q.federated.service.FederatedCoordinatorService - Node 11 marked as inactive due to heartbeat timeout
2026-01-15 15:39:19.199 [taskScheduler-6] WARN  c.q.federated.service.FederatedCoordinatorService - Node 111 marked as inactive due to heartbeat timeout
2026-01-15 15:39:24.204 [taskScheduler-6] WARN  c.q.federated.service.FederatedCoordinatorService - Node 11 marked as inactive due to heartbeat timeout
2026-01-15 15:39:24.205 [taskScheduler-6] WARN  c.q.federated.service.FederatedCoordinatorService - Node 111 marked as inactive due to heartbeat timeout
2026-01-15 15:39:29.224 [taskScheduler-6] WARN  c.q.federated.service.FederatedCoordinatorService - Node 11 marked as inactive due to heartbeat timeout
2026-01-15 15:39:29.224 [taskScheduler-6] WARN  c.q.federated.service.FederatedCoordinatorService - Node 111 marked as inactive due to heartbeat timeout
2026-01-15 15:39:34.239 [taskScheduler-6] WARN  c.q.federated.service.FederatedCoordinatorService - Node 11 marked as inactive due to heartbeat timeout
2026-01-15 15:39:34.239 [taskScheduler-6] WARN  c.q.federated.service.FederatedCoordinatorService - Node 111 marked as inactive due to heartbeat timeout
2026-01-15 15:39:39.253 [taskScheduler-6] WARN  c.q.federated.service.FederatedCoordinatorService - Node 11 marked as inactive due to heartbeat timeout
2026-01-15 15:39:39.253 [taskScheduler-6] WARN  c.q.federated.service.FederatedCoordinatorService - Node 111 marked as inactive due to heartbeat timeout
2026-01-15 15:39:44.269 [taskScheduler-6] WARN  c.q.federated.service.FederatedCoordinatorService - Node 11 marked as inactive due to heartbeat timeout
2026-01-15 15:39:44.269 [taskScheduler-6] WARN  c.q.federated.service.FederatedCoordinatorService - Node 111 marked as inactive due to heartbeat timeout
2026-01-15 15:39:49.287 [taskScheduler-6] WARN  c.q.federated.service.FederatedCoordinatorService - Node 11 marked as inactive due to heartbeat timeout
2026-01-15 15:39:49.287 [taskScheduler-6] WARN  c.q.federated.service.FederatedCoordinatorService - Node 111 marked as inactive due to heartbeat timeout
2026-01-15 15:39:54.306 [taskScheduler-6] WARN  c.q.federated.service.FederatedCoordinatorService - Node 11 marked as inactive due to heartbeat timeout
2026-01-15 15:39:54.306 [taskScheduler-6] WARN  c.q.federated.service.FederatedCoordinatorService - Node 111 marked as inactive due to heartbeat timeout
2026-01-15 15:39:59.323 [taskScheduler-6] WARN  c.q.federated.service.FederatedCoordinatorService - Node 11 marked as inactive due to heartbeat timeout
2026-01-15 15:39:59.324 [taskScheduler-6] WARN  c.q.federated.service.FederatedCoordinatorService - Node 111 marked as inactive due to heartbeat timeout
2026-01-15 15:40:04.339 [taskScheduler-6] WARN  c.q.federated.service.FederatedCoordinatorService - Node 11 marked as inactive due to heartbeat timeout
2026-01-15 15:40:04.339 [taskScheduler-6] WARN  c.q.federated.service.FederatedCoordinatorService - Node 111 marked as inactive due to heartbeat timeout
2026-01-15 15:40:09.355 [taskScheduler-6] WARN  c.q.federated.service.FederatedCoordinatorService - Node 11 marked as inactive due to heartbeat timeout
2026-01-15 15:40:09.355 [taskScheduler-6] WARN  c.q.federated.service.FederatedCoordinatorService - Node 111 marked as inactive due to heartbeat timeout
2026-01-15 15:40:14.360 [taskScheduler-6] WARN  c.q.federated.service.FederatedCoordinatorService - Node 11 marked as inactive due to heartbeat timeout
2026-01-15 15:40:14.361 [taskScheduler-6] WARN  c.q.federated.service.FederatedCoordinatorService - Node 111 marked as inactive due to heartbeat timeout
2026-01-15 15:40:19.377 [taskScheduler-6] WARN  c.q.federated.service.FederatedCoordinatorService - Node 11 marked as inactive due to heartbeat timeout
2026-01-15 15:40:19.378 [taskScheduler-6] WARN  c.q.federated.service.FederatedCoordinatorService - Node 111 marked as inactive due to heartbeat timeout
2026-01-15 15:40:24.394 [taskScheduler-6] WARN  c.q.federated.service.FederatedCoordinatorService - Node 11 marked as inactive due to heartbeat timeout
2026-01-15 15:40:24.395 [taskScheduler-6] WARN  c.q.federated.service.FederatedCoordinatorService - Node 111 marked as inactive due to heartbeat timeout
2026-01-15 15:40:29.411 [taskScheduler-6] WARN  c.q.federated.service.FederatedCoordinatorService - Node 11 marked as inactive due to heartbeat timeout
2026-01-15 15:40:29.412 [taskScheduler-6] WARN  c.q.federated.service.FederatedCoordinatorService - Node 111 marked as inactive due to heartbeat timeout
2026-01-15 15:40:34.419 [taskScheduler-6] WARN  c.q.federated.service.FederatedCoordinatorService - Node 11 marked as inactive due to heartbeat timeout
2026-01-15 15:40:34.420 [taskScheduler-6] WARN  c.q.federated.service.FederatedCoordinatorService - Node 111 marked as inactive due to heartbeat timeout
2026-01-15 15:40:39.438 [taskScheduler-6] WARN  c.q.federated.service.FederatedCoordinatorService - Node 11 marked as inactive due to heartbeat timeout
2026-01-15 15:40:39.438 [taskScheduler-6] WARN  c.q.federated.service.FederatedCoordinatorService - Node 111 marked as inactive due to heartbeat timeout
2026-01-15 15:40:44.455 [taskScheduler-6] WARN  c.q.federated.service.FederatedCoordinatorService - Node 11 marked as inactive due to heartbeat timeout
2026-01-15 15:40:44.455 [taskScheduler-6] WARN  c.q.federated.service.FederatedCoordinatorService - Node 111 marked as inactive due to heartbeat timeout
2026-01-15 15:40:49.465 [taskScheduler-6] WARN  c.q.federated.service.FederatedCoordinatorService - Node 11 marked as inactive due to heartbeat timeout
2026-01-15 15:40:49.466 [taskScheduler-6] WARN  c.q.federated.service.FederatedCoordinatorService - Node 111 marked as inactive due to heartbeat timeout
2026-01-15 15:40:54.480 [taskScheduler-6] WARN  c.q.federated.service.FederatedCoordinatorService - Node 11 marked as inactive due to heartbeat timeout
2026-01-15 15:40:54.480 [taskScheduler-6] WARN  c.q.federated.service.FederatedCoordinatorService - Node 111 marked as inactive due to heartbeat timeout
2026-01-15 15:40:59.494 [taskScheduler-6] WARN  c.q.federated.service.FederatedCoordinatorService - Node 11 marked as inactive due to heartbeat timeout
2026-01-15 15:40:59.494 [taskScheduler-6] WARN  c.q.federated.service.FederatedCoordinatorService - Node 111 marked as inactive due to heartbeat timeout
2026-01-15 15:41:04.507 [taskScheduler-6] WARN  c.q.federated.service.FederatedCoordinatorService - Node 11 marked as inactive due to heartbeat timeout
2026-01-15 15:41:04.508 [taskScheduler-6] WARN  c.q.federated.service.FederatedCoordinatorService - Node 111 marked as inactive due to heartbeat timeout
2026-01-15 15:41:09.516 [taskScheduler-6] WARN  c.q.federated.service.FederatedCoordinatorService - Node 11 marked as inactive due to heartbeat timeout
2026-01-15 15:41:09.516 [taskScheduler-6] WARN  c.q.federated.service.FederatedCoordinatorService - Node 111 marked as inactive due to heartbeat timeout
2026-01-15 15:41:14.535 [taskScheduler-6] WARN  c.q.federated.service.FederatedCoordinatorService - Node 11 marked as inactive due to heartbeat timeout
2026-01-15 15:41:14.535 [taskScheduler-6] WARN  c.q.federated.service.FederatedCoordinatorService - Node 111 marked as inactive due to heartbeat timeout
2026-01-15 15:41:19.547 [taskScheduler-6] WARN  c.q.federated.service.FederatedCoordinatorService - Node 11 marked as inactive due to heartbeat timeout
2026-01-15 15:41:19.548 [taskScheduler-6] WARN  c.q.federated.service.FederatedCoordinatorService - Node 111 marked as inactive due to heartbeat timeout
2026-01-15 15:41:24.561 [taskScheduler-6] WARN  c.q.federated.service.FederatedCoordinatorService - Node 11 marked as inactive due to heartbeat timeout
2026-01-15 15:41:24.562 [taskScheduler-6] WARN  c.q.federated.service.FederatedCoordinatorService - Node 111 marked as inactive due to heartbeat timeout
2026-01-15 15:41:29.572 [taskScheduler-6] WARN  c.q.federated.service.FederatedCoordinatorService - Node 11 marked as inactive due to heartbeat timeout
2026-01-15 15:41:29.575 [taskScheduler-6] WARN  c.q.federated.service.FederatedCoordinatorService - Node 111 marked as inactive due to heartbeat timeout
2026-01-15 15:41:34.588 [taskScheduler-6] WARN  c.q.federated.service.FederatedCoordinatorService - Node 11 marked as inactive due to heartbeat timeout
2026-01-15 15:41:34.588 [taskScheduler-6] WARN  c.q.federated.service.FederatedCoordinatorService - Node 111 marked as inactive due to heartbeat timeout
2026-01-15 15:41:39.596 [taskScheduler-6] WARN  c.q.federated.service.FederatedCoordinatorService - Node 11 marked as inactive due to heartbeat timeout
2026-01-15 15:41:39.597 [taskScheduler-6] WARN  c.q.federated.service.FederatedCoordinatorService - Node 111 marked as inactive due to heartbeat timeout
2026-01-15 15:41:44.601 [taskScheduler-6] WARN  c.q.federated.service.FederatedCoordinatorService - Node 11 marked as inactive due to heartbeat timeout
2026-01-15 15:41:44.602 [taskScheduler-6] WARN  c.q.federated.service.FederatedCoordinatorService - Node 111 marked as inactive due to heartbeat timeout
2026-01-15 15:41:49.618 [taskScheduler-6] WARN  c.q.federated.service.FederatedCoordinatorService - Node 11 marked as inactive due to heartbeat timeout
2026-01-15 15:41:49.618 [taskScheduler-6] WARN  c.q.federated.service.FederatedCoordinatorService - Node 111 marked as inactive due to heartbeat timeout
2026-01-15 15:41:54.636 [taskScheduler-6] WARN  c.q.federated.service.FederatedCoordinatorService - Node 11 marked as inactive due to heartbeat timeout
2026-01-15 15:41:54.636 [taskScheduler-6] WARN  c.q.federated.service.FederatedCoordinatorService - Node 111 marked as inactive due to heartbeat timeout
2026-01-15 15:41:59.650 [taskScheduler-6] WARN  c.q.federated.service.FederatedCoordinatorService - Node 11 marked as inactive due to heartbeat timeout
2026-01-15 15:41:59.650 [taskScheduler-6] WARN  c.q.federated.service.FederatedCoordinatorService - Node 111 marked as inactive due to heartbeat timeout
2026-01-15 15:42:04.658 [taskScheduler-6] WARN  c.q.federated.service.FederatedCoordinatorService - Node 11 marked as inactive due to heartbeat timeout
2026-01-15 15:42:04.659 [taskScheduler-6] WARN  c.q.federated.service.FederatedCoordinatorService - Node 111 marked as inactive due to heartbeat timeout
2026-01-15 15:42:09.665 [taskScheduler-6] WARN  c.q.federated.service.FederatedCoordinatorService - Node 11 marked as inactive due to heartbeat timeout
2026-01-15 15:42:09.665 [taskScheduler-6] WARN  c.q.federated.service.FederatedCoordinatorService - Node 111 marked as inactive due to heartbeat timeout
2026-01-15 15:42:14.673 [taskScheduler-6] WARN  c.q.federated.service.FederatedCoordinatorService - Node 11 marked as inactive due to heartbeat timeout
2026-01-15 15:42:14.674 [taskScheduler-6] WARN  c.q.federated.service.FederatedCoordinatorService - Node 111 marked as inactive due to heartbeat timeout
2026-01-15 15:42:19.683 [taskScheduler-6] WARN  c.q.federated.service.FederatedCoordinatorService - Node 11 marked as inactive due to heartbeat timeout
2026-01-15 15:42:19.683 [taskScheduler-6] WARN  c.q.federated.service.FederatedCoordinatorService - Node 111 marked as inactive due to heartbeat timeout
2026-01-15 15:42:24.697 [taskScheduler-6] WARN  c.q.federated.service.FederatedCoordinatorService - Node 11 marked as inactive due to heartbeat timeout
2026-01-15 15:42:24.697 [taskScheduler-6] WARN  c.q.federated.service.FederatedCoordinatorService - Node 111 marked as inactive due to heartbeat timeout
2026-01-15 15:42:29.708 [taskScheduler-6] WARN  c.q.federated.service.FederatedCoordinatorService - Node 11 marked as inactive due to heartbeat timeout
2026-01-15 15:42:29.709 [taskScheduler-6] WARN  c.q.federated.service.FederatedCoordinatorService - Node 111 marked as inactive due to heartbeat timeout
2026-01-15 15:42:34.719 [taskScheduler-6] WARN  c.q.federated.service.FederatedCoordinatorService - Node 11 marked as inactive due to heartbeat timeout
2026-01-15 15:42:34.719 [taskScheduler-6] WARN  c.q.federated.service.FederatedCoordinatorService - Node 111 marked as inactive due to heartbeat timeout
2026-01-15 15:42:39.729 [taskScheduler-6] WARN  c.q.federated.service.FederatedCoordinatorService - Node 11 marked as inactive due to heartbeat timeout
2026-01-15 15:42:39.729 [taskScheduler-6] WARN  c.q.federated.service.FederatedCoordinatorService - Node 111 marked as inactive due to heartbeat timeout
2026-01-15 15:42:44.747 [taskScheduler-6] WARN  c.q.federated.service.FederatedCoordinatorService - Node 11 marked as inactive due to heartbeat timeout
2026-01-15 15:42:44.747 [taskScheduler-6] WARN  c.q.federated.service.FederatedCoordinatorService - Node 111 marked as inactive due to heartbeat timeout
2026-01-15 15:42:49.758 [taskScheduler-6] WARN  c.q.federated.service.FederatedCoordinatorService - Node 11 marked as inactive due to heartbeat timeout
2026-01-15 15:42:49.758 [taskScheduler-6] WARN  c.q.federated.service.FederatedCoordinatorService - Node 111 marked as inactive due to heartbeat timeout
2026-01-15 15:42:54.769 [taskScheduler-6] WARN  c.q.federated.service.FederatedCoordinatorService - Node 11 marked as inactive due to heartbeat timeout
2026-01-15 15:42:54.770 [taskScheduler-6] WARN  c.q.federated.service.FederatedCoordinatorService - Node 111 marked as inactive due to heartbeat timeout
2026-01-15 15:42:59.780 [taskScheduler-6] WARN  c.q.federated.service.FederatedCoordinatorService - Node 11 marked as inactive due to heartbeat timeout
2026-01-15 15:42:59.780 [taskScheduler-6] WARN  c.q.federated.service.FederatedCoordinatorService - Node 111 marked as inactive due to heartbeat timeout
2026-01-15 15:43:04.816 [taskScheduler-6] WARN  c.q.federated.service.FederatedCoordinatorService - Node 11 marked as inactive due to heartbeat timeout
2026-01-15 15:43:04.817 [taskScheduler-6] WARN  c.q.federated.service.FederatedCoordinatorService - Node 111 marked as inactive due to heartbeat timeout
2026-01-15 15:43:09.836 [taskScheduler-6] WARN  c.q.federated.service.FederatedCoordinatorService - Node 11 marked as inactive due to heartbeat timeout
2026-01-15 15:43:09.836 [taskScheduler-6] WARN  c.q.federated.service.FederatedCoordinatorService - Node 111 marked as inactive due to heartbeat timeout
2026-01-15 15:43:14.848 [taskScheduler-6] WARN  c.q.federated.service.FederatedCoordinatorService - Node 11 marked as inactive due to heartbeat timeout
2026-01-15 15:43:14.849 [taskScheduler-6] WARN  c.q.federated.service.FederatedCoordinatorService - Node 111 marked as inactive due to heartbeat timeout
2026-01-15 15:43:19.859 [taskScheduler-6] WARN  c.q.federated.service.FederatedCoordinatorService - Node 11 marked as inactive due to heartbeat timeout
2026-01-15 15:43:19.859 [taskScheduler-6] WARN  c.q.federated.service.FederatedCoordinatorService - Node 111 marked as inactive due to heartbeat timeout
2026-01-15 15:43:24.874 [taskScheduler-6] WARN  c.q.federated.service.FederatedCoordinatorService - Node 11 marked as inactive due to heartbeat timeout
2026-01-15 15:43:24.874 [taskScheduler-6] WARN  c.q.federated.service.FederatedCoordinatorService - Node 111 marked as inactive due to heartbeat timeout
2026-01-15 15:43:29.894 [taskScheduler-6] WARN  c.q.federated.service.FederatedCoordinatorService - Node 11 marked as inactive due to heartbeat timeout
2026-01-15 15:43:29.894 [taskScheduler-6] WARN  c.q.federated.service.FederatedCoordinatorService - Node 111 marked as inactive due to heartbeat timeout
2026-01-15 15:43:34.899 [taskScheduler-6] WARN  c.q.federated.service.FederatedCoordinatorService - Node 11 marked as inactive due to heartbeat timeout
2026-01-15 15:43:34.899 [taskScheduler-6] WARN  c.q.federated.service.FederatedCoordinatorService - Node 111 marked as inactive due to heartbeat timeout
2026-01-15 15:43:39.918 [taskScheduler-6] WARN  c.q.federated.service.FederatedCoordinatorService - Node 11 marked as inactive due to heartbeat timeout
2026-01-15 15:43:39.919 [taskScheduler-6] WARN  c.q.federated.service.FederatedCoordinatorService - Node 111 marked as inactive due to heartbeat timeout
2026-01-15 15:43:44.933 [taskScheduler-6] WARN  c.q.federated.service.FederatedCoordinatorService - Node 11 marked as inactive due to heartbeat timeout
2026-01-15 15:43:44.934 [taskScheduler-6] WARN  c.q.federated.service.FederatedCoordinatorService - Node 111 marked as inactive due to heartbeat timeout
2026-01-15 15:43:49.951 [taskScheduler-6] WARN  c.q.federated.service.FederatedCoordinatorService - Node 11 marked as inactive due to heartbeat timeout
2026-01-15 15:43:49.952 [taskScheduler-6] WARN  c.q.federated.service.FederatedCoordinatorService - Node 111 marked as inactive due to heartbeat timeout
2026-01-15 15:43:54.959 [taskScheduler-6] WARN  c.q.federated.service.FederatedCoordinatorService - Node 11 marked as inactive due to heartbeat timeout
2026-01-15 15:43:54.959 [taskScheduler-6] WARN  c.q.federated.service.FederatedCoordinatorService - Node 111 marked as inactive due to heartbeat timeout
2026-01-15 15:43:59.979 [taskScheduler-6] WARN  c.q.federated.service.FederatedCoordinatorService - Node 11 marked as inactive due to heartbeat timeout
2026-01-15 15:43:59.980 [taskScheduler-6] WARN  c.q.federated.service.FederatedCoordinatorService - Node 111 marked as inactive due to heartbeat timeout
2026-01-15 15:44:04.994 [taskScheduler-6] WARN  c.q.federated.service.FederatedCoordinatorService - Node 11 marked as inactive due to heartbeat timeout
2026-01-15 15:44:04.994 [taskScheduler-6] WARN  c.q.federated.service.FederatedCoordinatorService - Node 111 marked as inactive due to heartbeat timeout
2026-01-15 15:44:10.005 [taskScheduler-6] WARN  c.q.federated.service.FederatedCoordinatorService - Node 11 marked as inactive due to heartbeat timeout
2026-01-15 15:44:10.005 [taskScheduler-6] WARN  c.q.federated.service.FederatedCoordinatorService - Node 111 marked as inactive due to heartbeat timeout
2026-01-15 15:44:15.009 [taskScheduler-6] WARN  c.q.federated.service.FederatedCoordinatorService - Node 11 marked as inactive due to heartbeat timeout
2026-01-15 15:44:15.009 [taskScheduler-6] WARN  c.q.federated.service.FederatedCoordinatorService - Node 111 marked as inactive due to heartbeat timeout
2026-01-15 15:44:20.017 [taskScheduler-6] WARN  c.q.federated.service.FederatedCoordinatorService - Node 11 marked as inactive due to heartbeat timeout
2026-01-15 15:44:20.018 [taskScheduler-6] WARN  c.q.federated.service.FederatedCoordinatorService - Node 111 marked as inactive due to heartbeat timeout
2026-01-15 15:44:25.030 [taskScheduler-6] WARN  c.q.federated.service.FederatedCoordinatorService - Node 11 marked as inactive due to heartbeat timeout
2026-01-15 15:44:25.031 [taskScheduler-6] WARN  c.q.federated.service.FederatedCoordinatorService - Node 111 marked as inactive due to heartbeat timeout
2026-01-15 15:44:30.047 [taskScheduler-6] WARN  c.q.federated.service.FederatedCoordinatorService - Node 11 marked as inactive due to heartbeat timeout
2026-01-15 15:44:30.047 [taskScheduler-6] WARN  c.q.federated.service.FederatedCoordinatorService - Node 111 marked as inactive due to heartbeat timeout
2026-01-15 15:44:35.056 [taskScheduler-6] WARN  c.q.federated.service.FederatedCoordinatorService - Node 11 marked as inactive due to heartbeat timeout
2026-01-15 15:44:35.056 [taskScheduler-6] WARN  c.q.federated.service.FederatedCoordinatorService - Node 111 marked as inactive due to heartbeat timeout
2026-01-15 15:44:40.075 [taskScheduler-6] WARN  c.q.federated.service.FederatedCoordinatorService - Node 11 marked as inactive due to heartbeat timeout
2026-01-15 15:44:40.075 [taskScheduler-6] WARN  c.q.federated.service.FederatedCoordinatorService - Node 111 marked as inactive due to heartbeat timeout
2026-01-15 15:44:45.083 [taskScheduler-6] WARN  c.q.federated.service.FederatedCoordinatorService - Node 11 marked as inactive due to heartbeat timeout
2026-01-15 15:44:45.084 [taskScheduler-6] WARN  c.q.federated.service.FederatedCoordinatorService - Node 111 marked as inactive due to heartbeat timeout
2026-01-15 15:44:50.090 [taskScheduler-6] WARN  c.q.federated.service.FederatedCoordinatorService - Node 11 marked as inactive due to heartbeat timeout
2026-01-15 15:44:50.090 [taskScheduler-6] WARN  c.q.federated.service.FederatedCoordinatorService - Node 111 marked as inactive due to heartbeat timeout
2026-01-15 15:44:55.102 [taskScheduler-6] WARN  c.q.federated.service.FederatedCoordinatorService - Node 11 marked as inactive due to heartbeat timeout
2026-01-15 15:44:55.103 [taskScheduler-6] WARN  c.q.federated.service.FederatedCoordinatorService - Node 111 marked as inactive due to heartbeat timeout
2026-01-15 15:45:00.121 [taskScheduler-6] WARN  c.q.federated.service.FederatedCoordinatorService - Node 11 marked as inactive due to heartbeat timeout
2026-01-15 15:45:00.122 [taskScheduler-6] WARN  c.q.federated.service.FederatedCoordinatorService - Node 111 marked as inactive due to heartbeat timeout
2026-01-15 15:45:05.136 [taskScheduler-6] WARN  c.q.federated.service.FederatedCoordinatorService - Node 11 marked as inactive due to heartbeat timeout
2026-01-15 15:45:05.136 [taskScheduler-6] WARN  c.q.federated.service.FederatedCoordinatorService - Node 111 marked as inactive due to heartbeat timeout
2026-01-15 15:45:10.153 [taskScheduler-6] WARN  c.q.federated.service.FederatedCoordinatorService - Node 11 marked as inactive due to heartbeat timeout
2026-01-15 15:45:10.153 [taskScheduler-6] WARN  c.q.federated.service.FederatedCoordinatorService - Node 111 marked as inactive due to heartbeat timeout
2026-01-15 15:45:15.164 [taskScheduler-6] WARN  c.q.federated.service.FederatedCoordinatorService - Node 11 marked as inactive due to heartbeat timeout
2026-01-15 15:45:15.165 [taskScheduler-6] WARN  c.q.federated.service.FederatedCoordinatorService - Node 111 marked as inactive due to heartbeat timeout
2026-01-15 15:45:20.173 [taskScheduler-6] WARN  c.q.federated.service.FederatedCoordinatorService - Node 11 marked as inactive due to heartbeat timeout
2026-01-15 15:45:20.173 [taskScheduler-6] WARN  c.q.federated.service.FederatedCoordinatorService - Node 111 marked as inactive due to heartbeat timeout
2026-01-15 15:45:25.192 [taskScheduler-6] WARN  c.q.federated.service.FederatedCoordinatorService - Node 11 marked as inactive due to heartbeat timeout
2026-01-15 15:45:25.192 [taskScheduler-6] WARN  c.q.federated.service.FederatedCoordinatorService - Node 111 marked as inactive due to heartbeat timeout
2026-01-15 15:45:30.213 [taskScheduler-6] WARN  c.q.federated.service.FederatedCoordinatorService - Node 11 marked as inactive due to heartbeat timeout
2026-01-15 15:45:30.213 [taskScheduler-6] WARN  c.q.federated.service.FederatedCoordinatorService - Node 111 marked as inactive due to heartbeat timeout
2026-01-15 15:45:35.230 [taskScheduler-6] WARN  c.q.federated.service.FederatedCoordinatorService - Node 11 marked as inactive due to heartbeat timeout
2026-01-15 15:45:35.231 [taskScheduler-6] WARN  c.q.federated.service.FederatedCoordinatorService - Node 111 marked as inactive due to heartbeat timeout
2026-01-15 15:45:40.243 [taskScheduler-6] WARN  c.q.federated.service.FederatedCoordinatorService - Node 11 marked as inactive due to heartbeat timeout
2026-01-15 15:45:40.244 [taskScheduler-6] WARN  c.q.federated.service.FederatedCoordinatorService - Node 111 marked as inactive due to heartbeat timeout
2026-01-15 15:45:45.258 [taskScheduler-6] WARN  c.q.federated.service.FederatedCoordinatorService - Node 11 marked as inactive due to heartbeat timeout
2026-01-15 15:45:45.258 [taskScheduler-6] WARN  c.q.federated.service.FederatedCoordinatorService - Node 111 marked as inactive due to heartbeat timeout
2026-01-15 15:45:50.274 [taskScheduler-6] WARN  c.q.federated.service.FederatedCoordinatorService - Node 11 marked as inactive due to heartbeat timeout
2026-01-15 15:45:50.275 [taskScheduler-6] WARN  c.q.federated.service.FederatedCoordinatorService - Node 111 marked as inactive due to heartbeat timeout
2026-01-15 15:45:55.284 [taskScheduler-6] WARN  c.q.federated.service.FederatedCoordinatorService - Node 11 marked as inactive due to heartbeat timeout
2026-01-15 15:45:55.284 [taskScheduler-6] WARN  c.q.federated.service.FederatedCoordinatorService - Node 111 marked as inactive due to heartbeat timeout
2026-01-15 15:46:00.299 [taskScheduler-6] WARN  c.q.federated.service.FederatedCoordinatorService - Node 11 marked as inactive due to heartbeat timeout
2026-01-15 15:46:00.299 [taskScheduler-6] WARN  c.q.federated.service.FederatedCoordinatorService - Node 111 marked as inactive due to heartbeat timeout
2026-01-15 15:46:05.305 [taskScheduler-6] WARN  c.q.federated.service.FederatedCoordinatorService - Node 11 marked as inactive due to heartbeat timeout
2026-01-15 15:46:05.306 [taskScheduler-6] WARN  c.q.federated.service.FederatedCoordinatorService - Node 111 marked as inactive due to heartbeat timeout
2026-01-15 15:46:10.314 [taskScheduler-6] WARN  c.q.federated.service.FederatedCoordinatorService - Node 11 marked as inactive due to heartbeat timeout
2026-01-15 15:46:10.315 [taskScheduler-6] WARN  c.q.federated.service.FederatedCoordinatorService - Node 111 marked as inactive due to heartbeat timeout
2026-01-15 15:46:15.321 [taskScheduler-6] WARN  c.q.federated.service.FederatedCoordinatorService - Node 11 marked as inactive due to heartbeat timeout
2026-01-15 15:46:15.322 [taskScheduler-6] WARN  c.q.federated.service.FederatedCoordinatorService - Node 111 marked as inactive due to heartbeat timeout
2026-01-15 15:46:20.337 [taskScheduler-6] WARN  c.q.federated.service.FederatedCoordinatorService - Node 11 marked as inactive due to heartbeat timeout
2026-01-15 15:46:20.337 [taskScheduler-6] WARN  c.q.federated.service.FederatedCoordinatorService - Node 111 marked as inactive due to heartbeat timeout
2026-01-15 15:46:25.353 [taskScheduler-6] WARN  c.q.federated.service.FederatedCoordinatorService - Node 11 marked as inactive due to heartbeat timeout
2026-01-15 15:46:25.353 [taskScheduler-6] WARN  c.q.federated.service.FederatedCoordinatorService - Node 111 marked as inactive due to heartbeat timeout
2026-01-15 15:46:30.358 [taskScheduler-6] WARN  c.q.federated.service.FederatedCoordinatorService - Node 11 marked as inactive due to heartbeat timeout
2026-01-15 15:46:30.359 [taskScheduler-6] WARN  c.q.federated.service.FederatedCoordinatorService - Node 111 marked as inactive due to heartbeat timeout
2026-01-15 15:46:35.368 [taskScheduler-6] WARN  c.q.federated.service.FederatedCoordinatorService - Node 11 marked as inactive due to heartbeat timeout
2026-01-15 15:46:35.368 [taskScheduler-6] WARN  c.q.federated.service.FederatedCoordinatorService - Node 111 marked as inactive due to heartbeat timeout
2026-01-15 15:46:40.373 [taskScheduler-6] WARN  c.q.federated.service.FederatedCoordinatorService - Node 11 marked as inactive due to heartbeat timeout
2026-01-15 15:46:40.373 [taskScheduler-6] WARN  c.q.federated.service.FederatedCoordinatorService - Node 111 marked as inactive due to heartbeat timeout
2026-01-15 15:46:45.385 [taskScheduler-6] WARN  c.q.federated.service.FederatedCoordinatorService - Node 11 marked as inactive due to heartbeat timeout
2026-01-15 15:46:45.386 [taskScheduler-6] WARN  c.q.federated.service.FederatedCoordinatorService - Node 111 marked as inactive due to heartbeat timeout
2026-01-15 15:46:50.392 [taskScheduler-6] WARN  c.q.federated.service.FederatedCoordinatorService - Node 11 marked as inactive due to heartbeat timeout
2026-01-15 15:46:50.393 [taskScheduler-6] WARN  c.q.federated.service.FederatedCoordinatorService - Node 111 marked as inactive due to heartbeat timeout
2026-01-15 15:46:55.407 [taskScheduler-6] WARN  c.q.federated.service.FederatedCoordinatorService - Node 11 marked as inactive due to heartbeat timeout
2026-01-15 15:46:55.408 [taskScheduler-6] WARN  c.q.federated.service.FederatedCoordinatorService - Node 111 marked as inactive due to heartbeat timeout
2026-01-15 15:47:00.427 [taskScheduler-6] WARN  c.q.federated.service.FederatedCoordinatorService - Node 11 marked as inactive due to heartbeat timeout
2026-01-15 15:47:00.428 [taskScheduler-6] WARN  c.q.federated.service.FederatedCoordinatorService - Node 111 marked as inactive due to heartbeat timeout
2026-01-15 15:47:05.435 [taskScheduler-6] WARN  c.q.federated.service.FederatedCoordinatorService - Node 11 marked as inactive due to heartbeat timeout
2026-01-15 15:47:05.435 [taskScheduler-6] WARN  c.q.federated.service.FederatedCoordinatorService - Node 111 marked as inactive due to heartbeat timeout
2026-01-15 15:47:10.450 [taskScheduler-6] WARN  c.q.federated.service.FederatedCoordinatorService - Node 11 marked as inactive due to heartbeat timeout
2026-01-15 15:47:10.451 [taskScheduler-6] WARN  c.q.federated.service.FederatedCoordinatorService - Node 111 marked as inactive due to heartbeat timeout
2026-01-15 15:47:15.459 [taskScheduler-6] WARN  c.q.federated.service.FederatedCoordinatorService - Node 11 marked as inactive due to heartbeat timeout
2026-01-15 15:47:15.459 [taskScheduler-6] WARN  c.q.federated.service.FederatedCoordinatorService - Node 111 marked as inactive due to heartbeat timeout
2026-01-15 15:47:20.473 [taskScheduler-6] WARN  c.q.federated.service.FederatedCoordinatorService - Node 11 marked as inactive due to heartbeat timeout
2026-01-15 15:47:20.473 [taskScheduler-6] WARN  c.q.federated.service.FederatedCoordinatorService - Node 111 marked as inactive due to heartbeat timeout
2026-01-15 15:47:25.479 [taskScheduler-6] WARN  c.q.federated.service.FederatedCoordinatorService - Node 11 marked as inactive due to heartbeat timeout
2026-01-15 15:47:25.480 [taskScheduler-6] WARN  c.q.federated.service.FederatedCoordinatorService - Node 111 marked as inactive due to heartbeat timeout
2026-01-15 15:47:30.489 [taskScheduler-6] WARN  c.q.federated.service.FederatedCoordinatorService - Node 11 marked as inactive due to heartbeat timeout
2026-01-15 15:47:30.490 [taskScheduler-6] WARN  c.q.federated.service.FederatedCoordinatorService - Node 111 marked as inactive due to heartbeat timeout
2026-01-15 15:47:35.507 [taskScheduler-6] WARN  c.q.federated.service.FederatedCoordinatorService - Node 11 marked as inactive due to heartbeat timeout
2026-01-15 15:47:35.507 [taskScheduler-6] WARN  c.q.federated.service.FederatedCoordinatorService - Node 111 marked as inactive due to heartbeat timeout
2026-01-15 15:47:40.516 [taskScheduler-6] WARN  c.q.federated.service.FederatedCoordinatorService - Node 11 marked as inactive due to heartbeat timeout
2026-01-15 15:47:40.516 [taskScheduler-6] WARN  c.q.federated.service.FederatedCoordinatorService - Node 111 marked as inactive due to heartbeat timeout
2026-01-15 15:47:45.532 [taskScheduler-6] WARN  c.q.federated.service.FederatedCoordinatorService - Node 11 marked as inactive due to heartbeat timeout
2026-01-15 15:47:45.533 [taskScheduler-6] WARN  c.q.federated.service.FederatedCoordinatorService - Node 111 marked as inactive due to heartbeat timeout
2026-01-15 15:47:50.550 [taskScheduler-6] WARN  c.q.federated.service.FederatedCoordinatorService - Node 11 marked as inactive due to heartbeat timeout
2026-01-15 15:47:50.550 [taskScheduler-6] WARN  c.q.federated.service.FederatedCoordinatorService - Node 111 marked as inactive due to heartbeat timeout
2026-01-15 15:47:55.557 [taskScheduler-6] WARN  c.q.federated.service.FederatedCoordinatorService - Node 11 marked as inactive due to heartbeat timeout
2026-01-15 15:47:55.558 [taskScheduler-6] WARN  c.q.federated.service.FederatedCoordinatorService - Node 111 marked as inactive due to heartbeat timeout
2026-01-15 15:48:00.572 [taskScheduler-6] WARN  c.q.federated.service.FederatedCoordinatorService - Node 11 marked as inactive due to heartbeat timeout
2026-01-15 15:48:00.572 [taskScheduler-6] WARN  c.q.federated.service.FederatedCoordinatorService - Node 111 marked as inactive due to heartbeat timeout
2026-01-15 15:48:05.578 [taskScheduler-6] WARN  c.q.federated.service.FederatedCoordinatorService - Node 11 marked as inactive due to heartbeat timeout
2026-01-15 15:48:05.579 [taskScheduler-6] WARN  c.q.federated.service.FederatedCoordinatorService - Node 111 marked as inactive due to heartbeat timeout
2026-01-15 15:48:10.586 [taskScheduler-6] WARN  c.q.federated.service.FederatedCoordinatorService - Node 11 marked as inactive due to heartbeat timeout
2026-01-15 15:48:10.587 [taskScheduler-6] WARN  c.q.federated.service.FederatedCoordinatorService - Node 111 marked as inactive due to heartbeat timeout
2026-01-15 15:48:15.598 [taskScheduler-6] WARN  c.q.federated.service.FederatedCoordinatorService - Node 11 marked as inactive due to heartbeat timeout
2026-01-15 15:48:15.599 [taskScheduler-6] WARN  c.q.federated.service.FederatedCoordinatorService - Node 111 marked as inactive due to heartbeat timeout
2026-01-15 15:48:20.611 [taskScheduler-6] WARN  c.q.federated.service.FederatedCoordinatorService - Node 11 marked as inactive due to heartbeat timeout
2026-01-15 15:48:20.611 [taskScheduler-6] WARN  c.q.federated.service.FederatedCoordinatorService - Node 111 marked as inactive due to heartbeat timeout
2026-01-15 15:48:25.615 [taskScheduler-6] WARN  c.q.federated.service.FederatedCoordinatorService - Node 11 marked as inactive due to heartbeat timeout
2026-01-15 15:48:25.616 [taskScheduler-6] WARN  c.q.federated.service.FederatedCoordinatorService - Node 111 marked as inactive due to heartbeat timeout
2026-01-15 15:48:30.621 [taskScheduler-6] WARN  c.q.federated.service.FederatedCoordinatorService - Node 11 marked as inactive due to heartbeat timeout
2026-01-15 15:48:30.622 [taskScheduler-6] WARN  c.q.federated.service.FederatedCoordinatorService - Node 111 marked as inactive due to heartbeat timeout
2026-01-15 15:48:35.628 [taskScheduler-6] WARN  c.q.federated.service.FederatedCoordinatorService - Node 11 marked as inactive due to heartbeat timeout
2026-01-15 15:48:35.629 [taskScheduler-6] WARN  c.q.federated.service.FederatedCoordinatorService - Node 111 marked as inactive due to heartbeat timeout
2026-01-15 15:48:40.645 [taskScheduler-6] WARN  c.q.federated.service.FederatedCoordinatorService - Node 11 marked as inactive due to heartbeat timeout
2026-01-15 15:48:40.645 [taskScheduler-6] WARN  c.q.federated.service.FederatedCoordinatorService - Node 111 marked as inactive due to heartbeat timeout
2026-01-15 15:48:45.655 [taskScheduler-6] WARN  c.q.federated.service.FederatedCoordinatorService - Node 11 marked as inactive due to heartbeat timeout
2026-01-15 15:48:45.656 [taskScheduler-6] WARN  c.q.federated.service.FederatedCoordinatorService - Node 111 marked as inactive due to heartbeat timeout
2026-01-15 15:48:50.671 [taskScheduler-6] WARN  c.q.federated.service.FederatedCoordinatorService - Node 11 marked as inactive due to heartbeat timeout
2026-01-15 15:48:50.672 [taskScheduler-6] WARN  c.q.federated.service.FederatedCoordinatorService - Node 111 marked as inactive due to heartbeat timeout
2026-01-15 15:48:55.689 [taskScheduler-6] WARN  c.q.federated.service.FederatedCoordinatorService - Node 11 marked as inactive due to heartbeat timeout
2026-01-15 15:48:55.690 [taskScheduler-6] WARN  c.q.federated.service.FederatedCoordinatorService - Node 111 marked as inactive due to heartbeat timeout
2026-01-15 15:49:00.709 [taskScheduler-6] WARN  c.q.federated.service.FederatedCoordinatorService - Node 11 marked as inactive due to heartbeat timeout
2026-01-15 15:49:00.710 [taskScheduler-6] WARN  c.q.federated.service.FederatedCoordinatorService - Node 111 marked as inactive due to heartbeat timeout
2026-01-15 15:49:05.731 [taskScheduler-6] WARN  c.q.federated.service.FederatedCoordinatorService - Node 11 marked as inactive due to heartbeat timeout
2026-01-15 15:49:05.731 [taskScheduler-6] WARN  c.q.federated.service.FederatedCoordinatorService - Node 111 marked as inactive due to heartbeat timeout
2026-01-15 15:49:10.746 [taskScheduler-6] WARN  c.q.federated.service.FederatedCoordinatorService - Node 11 marked as inactive due to heartbeat timeout
2026-01-15 15:49:10.746 [taskScheduler-6] WARN  c.q.federated.service.FederatedCoordinatorService - Node 111 marked as inactive due to heartbeat timeout
2026-01-15 15:49:15.764 [taskScheduler-6] WARN  c.q.federated.service.FederatedCoordinatorService - Node 11 marked as inactive due to heartbeat timeout
2026-01-15 15:49:15.764 [taskScheduler-6] WARN  c.q.federated.service.FederatedCoordinatorService - Node 111 marked as inactive due to heartbeat timeout
2026-01-15 15:49:20.777 [taskScheduler-6] WARN  c.q.federated.service.FederatedCoordinatorService - Node 11 marked as inactive due to heartbeat timeout
2026-01-15 15:49:20.778 [taskScheduler-6] WARN  c.q.federated.service.FederatedCoordinatorService - Node 111 marked as inactive due to heartbeat timeout
2026-01-15 15:49:25.792 [taskScheduler-6] WARN  c.q.federated.service.FederatedCoordinatorService - Node 11 marked as inactive due to heartbeat timeout
2026-01-15 15:49:25.792 [taskScheduler-6] WARN  c.q.federated.service.FederatedCoordinatorService - Node 111 marked as inactive due to heartbeat timeout
2026-01-15 15:49:30.810 [taskScheduler-6] WARN  c.q.federated.service.FederatedCoordinatorService - Node 11 marked as inactive due to heartbeat timeout
2026-01-15 15:49:30.811 [taskScheduler-6] WARN  c.q.federated.service.FederatedCoordinatorService - Node 111 marked as inactive due to heartbeat timeout
2026-01-15 15:49:35.817 [taskScheduler-6] WARN  c.q.federated.service.FederatedCoordinatorService - Node 11 marked as inactive due to heartbeat timeout
2026-01-15 15:49:35.818 [taskScheduler-6] WARN  c.q.federated.service.FederatedCoordinatorService - Node 111 marked as inactive due to heartbeat timeout
2026-01-15 15:49:40.835 [taskScheduler-6] WARN  c.q.federated.service.FederatedCoordinatorService - Node 11 marked as inactive due to heartbeat timeout
2026-01-15 15:49:40.835 [taskScheduler-6] WARN  c.q.federated.service.FederatedCoordinatorService - Node 111 marked as inactive due to heartbeat timeout
2026-01-15 15:49:45.854 [taskScheduler-6] WARN  c.q.federated.service.FederatedCoordinatorService - Node 11 marked as inactive due to heartbeat timeout
2026-01-15 15:49:45.854 [taskScheduler-6] WARN  c.q.federated.service.FederatedCoordinatorService - Node 111 marked as inactive due to heartbeat timeout
2026-01-15 15:49:50.869 [taskScheduler-6] WARN  c.q.federated.service.FederatedCoordinatorService - Node 11 marked as inactive due to heartbeat timeout
2026-01-15 15:49:50.870 [taskScheduler-6] WARN  c.q.federated.service.FederatedCoordinatorService - Node 111 marked as inactive due to heartbeat timeout
2026-01-15 15:49:55.887 [taskScheduler-6] WARN  c.q.federated.service.FederatedCoordinatorService - Node 11 marked as inactive due to heartbeat timeout
2026-01-15 15:49:55.887 [taskScheduler-6] WARN  c.q.federated.service.FederatedCoordinatorService - Node 111 marked as inactive due to heartbeat timeout
2026-01-15 15:50:00.904 [taskScheduler-6] WARN  c.q.federated.service.FederatedCoordinatorService - Node 11 marked as inactive due to heartbeat timeout
2026-01-15 15:50:00.904 [taskScheduler-6] WARN  c.q.federated.service.FederatedCoordinatorService - Node 111 marked as inactive due to heartbeat timeout
2026-01-15 15:50:05.920 [taskScheduler-6] WARN  c.q.federated.service.FederatedCoordinatorService - Node 11 marked as inactive due to heartbeat timeout
2026-01-15 15:50:05.920 [taskScheduler-6] WARN  c.q.federated.service.FederatedCoordinatorService - Node 111 marked as inactive due to heartbeat timeout
2026-01-15 15:50:10.937 [taskScheduler-6] WARN  c.q.federated.service.FederatedCoordinatorService - Node 11 marked as inactive due to heartbeat timeout
2026-01-15 15:50:10.937 [taskScheduler-6] WARN  c.q.federated.service.FederatedCoordinatorService - Node 111 marked as inactive due to heartbeat timeout
2026-01-15 15:50:15.949 [taskScheduler-6] WARN  c.q.federated.service.FederatedCoordinatorService - Node 11 marked as inactive due to heartbeat timeout
2026-01-15 15:50:15.949 [taskScheduler-6] WARN  c.q.federated.service.FederatedCoordinatorService - Node 111 marked as inactive due to heartbeat timeout
2026-01-15 15:50:20.955 [taskScheduler-6] WARN  c.q.federated.service.FederatedCoordinatorService - Node 11 marked as inactive due to heartbeat timeout
2026-01-15 15:50:20.956 [taskScheduler-6] WARN  c.q.federated.service.FederatedCoordinatorService - Node 111 marked as inactive due to heartbeat timeout
2026-01-15 15:50:25.969 [taskScheduler-6] WARN  c.q.federated.service.FederatedCoordinatorService - Node 11 marked as inactive due to heartbeat timeout
2026-01-15 15:50:25.969 [taskScheduler-6] WARN  c.q.federated.service.FederatedCoordinatorService - Node 111 marked as inactive due to heartbeat timeout
2026-01-15 15:50:30.981 [taskScheduler-6] WARN  c.q.federated.service.FederatedCoordinatorService - Node 11 marked as inactive due to heartbeat timeout
2026-01-15 15:50:30.981 [taskScheduler-6] WARN  c.q.federated.service.FederatedCoordinatorService - Node 111 marked as inactive due to heartbeat timeout
2026-01-15 15:50:35.986 [taskScheduler-6] WARN  c.q.federated.service.FederatedCoordinatorService - Node 11 marked as inactive due to heartbeat timeout
2026-01-15 15:50:35.987 [taskScheduler-6] WARN  c.q.federated.service.FederatedCoordinatorService - Node 111 marked as inactive due to heartbeat timeout
2026-01-15 15:50:40.999 [taskScheduler-6] WARN  c.q.federated.service.FederatedCoordinatorService - Node 11 marked as inactive due to heartbeat timeout
2026-01-15 15:50:41.000 [taskScheduler-6] WARN  c.q.federated.service.FederatedCoordinatorService - Node 111 marked as inactive due to heartbeat timeout
2026-01-15 15:50:46.010 [taskScheduler-6] WARN  c.q.federated.service.FederatedCoordinatorService - Node 11 marked as inactive due to heartbeat timeout
2026-01-15 15:50:46.011 [taskScheduler-6] WARN  c.q.federated.service.FederatedCoordinatorService - Node 111 marked as inactive due to heartbeat timeout
2026-01-15 15:50:51.019 [taskScheduler-6] WARN  c.q.federated.service.FederatedCoordinatorService - Node 11 marked as inactive due to heartbeat timeout
2026-01-15 15:50:51.020 [taskScheduler-6] WARN  c.q.federated.service.FederatedCoordinatorService - Node 111 marked as inactive due to heartbeat timeout
2026-01-15 15:50:56.026 [taskScheduler-6] WARN  c.q.federated.service.FederatedCoordinatorService - Node 11 marked as inactive due to heartbeat timeout
2026-01-15 15:50:56.026 [taskScheduler-6] WARN  c.q.federated.service.FederatedCoordinatorService - Node 111 marked as inactive due to heartbeat timeout
2026-01-15 15:51:01.040 [taskScheduler-6] WARN  c.q.federated.service.FederatedCoordinatorService - Node 11 marked as inactive due to heartbeat timeout
2026-01-15 15:51:01.041 [taskScheduler-6] WARN  c.q.federated.service.FederatedCoordinatorService - Node 111 marked as inactive due to heartbeat timeout
2026-01-15 15:51:06.051 [taskScheduler-6] WARN  c.q.federated.service.FederatedCoordinatorService - Node 11 marked as inactive due to heartbeat timeout
2026-01-15 15:51:06.051 [taskScheduler-6] WARN  c.q.federated.service.FederatedCoordinatorService - Node 111 marked as inactive due to heartbeat timeout
2026-01-15 15:51:11.068 [taskScheduler-6] WARN  c.q.federated.service.FederatedCoordinatorService - Node 11 marked as inactive due to heartbeat timeout
2026-01-15 15:51:11.069 [taskScheduler-6] WARN  c.q.federated.service.FederatedCoordinatorService - Node 111 marked as inactive due to heartbeat timeout
2026-01-15 15:51:16.083 [taskScheduler-6] WARN  c.q.federated.service.FederatedCoordinatorService - Node 11 marked as inactive due to heartbeat timeout
2026-01-15 15:51:16.083 [taskScheduler-6] WARN  c.q.federated.service.FederatedCoordinatorService - Node 111 marked as inactive due to heartbeat timeout
2026-01-15 15:51:21.096 [taskScheduler-6] WARN  c.q.federated.service.FederatedCoordinatorService - Node 11 marked as inactive due to heartbeat timeout
2026-01-15 15:51:21.096 [taskScheduler-6] WARN  c.q.federated.service.FederatedCoordinatorService - Node 111 marked as inactive due to heartbeat timeout
2026-01-15 15:51:26.102 [taskScheduler-6] WARN  c.q.federated.service.FederatedCoordinatorService - Node 11 marked as inactive due to heartbeat timeout
2026-01-15 15:51:26.102 [taskScheduler-6] WARN  c.q.federated.service.FederatedCoordinatorService - Node 111 marked as inactive due to heartbeat timeout
2026-01-15 15:51:31.119 [taskScheduler-6] WARN  c.q.federated.service.FederatedCoordinatorService - Node 11 marked as inactive due to heartbeat timeout
2026-01-15 15:51:31.120 [taskScheduler-6] WARN  c.q.federated.service.FederatedCoordinatorService - Node 111 marked as inactive due to heartbeat timeout
2026-01-15 15:51:36.135 [taskScheduler-6] WARN  c.q.federated.service.FederatedCoordinatorService - Node 11 marked as inactive due to heartbeat timeout
2026-01-15 15:51:36.136 [taskScheduler-6] WARN  c.q.federated.service.FederatedCoordinatorService - Node 111 marked as inactive due to heartbeat timeout
2026-01-15 15:51:41.153 [taskScheduler-6] WARN  c.q.federated.service.FederatedCoordinatorService - Node 11 marked as inactive due to heartbeat timeout
2026-01-15 15:51:41.154 [taskScheduler-6] WARN  c.q.federated.service.FederatedCoordinatorService - Node 111 marked as inactive due to heartbeat timeout
2026-01-15 15:51:46.168 [taskScheduler-6] WARN  c.q.federated.service.FederatedCoordinatorService - Node 11 marked as inactive due to heartbeat timeout
2026-01-15 15:51:46.168 [taskScheduler-6] WARN  c.q.federated.service.FederatedCoordinatorService - Node 111 marked as inactive due to heartbeat timeout
2026-01-15 15:51:51.186 [taskScheduler-6] WARN  c.q.federated.service.FederatedCoordinatorService - Node 11 marked as inactive due to heartbeat timeout
2026-01-15 15:51:51.186 [taskScheduler-6] WARN  c.q.federated.service.FederatedCoordinatorService - Node 111 marked as inactive due to heartbeat timeout
2026-01-15 15:51:56.192 [taskScheduler-6] WARN  c.q.federated.service.FederatedCoordinatorService - Node 11 marked as inactive due to heartbeat timeout
2026-01-15 15:51:56.193 [taskScheduler-6] WARN  c.q.federated.service.FederatedCoordinatorService - Node 111 marked as inactive due to heartbeat timeout
2026-01-15 15:52:01.205 [taskScheduler-6] WARN  c.q.federated.service.FederatedCoordinatorService - Node 11 marked as inactive due to heartbeat timeout
2026-01-15 15:52:01.205 [taskScheduler-6] WARN  c.q.federated.service.FederatedCoordinatorService - Node 111 marked as inactive due to heartbeat timeout
2026-01-15 15:52:06.224 [taskScheduler-6] WARN  c.q.federated.service.FederatedCoordinatorService - Node 11 marked as inactive due to heartbeat timeout
2026-01-15 15:52:06.224 [taskScheduler-6] WARN  c.q.federated.service.FederatedCoordinatorService - Node 111 marked as inactive due to heartbeat timeout
2026-01-15 15:52:11.237 [taskScheduler-6] WARN  c.q.federated.service.FederatedCoordinatorService - Node 11 marked as inactive due to heartbeat timeout
2026-01-15 15:52:11.237 [taskScheduler-6] WARN  c.q.federated.service.FederatedCoordinatorService - Node 111 marked as inactive due to heartbeat timeout
2026-01-15 15:52:16.257 [taskScheduler-6] WARN  c.q.federated.service.FederatedCoordinatorService - Node 11 marked as inactive due to heartbeat timeout
2026-01-15 15:52:16.257 [taskScheduler-6] WARN  c.q.federated.service.FederatedCoordinatorService - Node 111 marked as inactive due to heartbeat timeout
2026-01-15 15:52:21.268 [taskScheduler-6] WARN  c.q.federated.service.FederatedCoordinatorService - Node 11 marked as inactive due to heartbeat timeout
2026-01-15 15:52:21.268 [taskScheduler-6] WARN  c.q.federated.service.FederatedCoordinatorService - Node 111 marked as inactive due to heartbeat timeout
2026-01-15 15:52:26.283 [taskScheduler-6] WARN  c.q.federated.service.FederatedCoordinatorService - Node 11 marked as inactive due to heartbeat timeout
2026-01-15 15:52:26.283 [taskScheduler-6] WARN  c.q.federated.service.FederatedCoordinatorService - Node 111 marked as inactive due to heartbeat timeout
2026-01-15 15:52:31.293 [taskScheduler-6] WARN  c.q.federated.service.FederatedCoordinatorService - Node 11 marked as inactive due to heartbeat timeout
2026-01-15 15:52:31.293 [taskScheduler-6] WARN  c.q.federated.service.FederatedCoordinatorService - Node 111 marked as inactive due to heartbeat timeout
2026-01-15 15:52:36.305 [taskScheduler-6] WARN  c.q.federated.service.FederatedCoordinatorService - Node 11 marked as inactive due to heartbeat timeout
2026-01-15 15:52:36.305 [taskScheduler-6] WARN  c.q.federated.service.FederatedCoordinatorService - Node 111 marked as inactive due to heartbeat timeout
2026-01-15 15:52:41.325 [taskScheduler-6] WARN  c.q.federated.service.FederatedCoordinatorService - Node 11 marked as inactive due to heartbeat timeout
2026-01-15 15:52:41.325 [taskScheduler-6] WARN  c.q.federated.service.FederatedCoordinatorService - Node 111 marked as inactive due to heartbeat timeout
2026-01-15 15:52:46.335 [taskScheduler-6] WARN  c.q.federated.service.FederatedCoordinatorService - Node 11 marked as inactive due to heartbeat timeout
2026-01-15 15:52:46.336 [taskScheduler-6] WARN  c.q.federated.service.FederatedCoordinatorService - Node 111 marked as inactive due to heartbeat timeout
2026-01-15 15:52:51.352 [taskScheduler-6] WARN  c.q.federated.service.FederatedCoordinatorService - Node 11 marked as inactive due to heartbeat timeout
2026-01-15 15:52:51.352 [taskScheduler-6] WARN  c.q.federated.service.FederatedCoordinatorService - Node 111 marked as inactive due to heartbeat timeout
2026-01-15 15:52:56.372 [taskScheduler-6] WARN  c.q.federated.service.FederatedCoordinatorService - Node 11 marked as inactive due to heartbeat timeout
2026-01-15 15:52:56.372 [taskScheduler-6] WARN  c.q.federated.service.FederatedCoordinatorService - Node 111 marked as inactive due to heartbeat timeout
2026-01-15 15:53:01.391 [taskScheduler-6] WARN  c.q.federated.service.FederatedCoordinatorService - Node 11 marked as inactive due to heartbeat timeout
2026-01-15 15:53:01.393 [taskScheduler-6] WARN  c.q.federated.service.FederatedCoordinatorService - Node 111 marked as inactive due to heartbeat timeout
2026-01-15 15:53:06.411 [taskScheduler-6] WARN  c.q.federated.service.FederatedCoordinatorService - Node 11 marked as inactive due to heartbeat timeout
2026-01-15 15:53:06.412 [taskScheduler-6] WARN  c.q.federated.service.FederatedCoordinatorService - Node 111 marked as inactive due to heartbeat timeout
2026-01-15 15:53:11.427 [taskScheduler-6] WARN  c.q.federated.service.FederatedCoordinatorService - Node 11 marked as inactive due to heartbeat timeout
2026-01-15 15:53:11.428 [taskScheduler-6] WARN  c.q.federated.service.FederatedCoordinatorService - Node 111 marked as inactive due to heartbeat timeout
2026-01-15 15:53:16.440 [taskScheduler-6] WARN  c.q.federated.service.FederatedCoordinatorService - Node 11 marked as inactive due to heartbeat timeout
2026-01-15 15:53:16.440 [taskScheduler-6] WARN  c.q.federated.service.FederatedCoordinatorService - Node 111 marked as inactive due to heartbeat timeout
2026-01-15 15:53:21.452 [taskScheduler-6] WARN  c.q.federated.service.FederatedCoordinatorService - Node 11 marked as inactive due to heartbeat timeout
2026-01-15 15:53:21.453 [taskScheduler-6] WARN  c.q.federated.service.FederatedCoordinatorService - Node 111 marked as inactive due to heartbeat timeout
2026-01-15 15:53:26.468 [taskScheduler-6] WARN  c.q.federated.service.FederatedCoordinatorService - Node 11 marked as inactive due to heartbeat timeout
2026-01-15 15:53:26.468 [taskScheduler-6] WARN  c.q.federated.service.FederatedCoordinatorService - Node 111 marked as inactive due to heartbeat timeout
2026-01-15 15:53:31.482 [taskScheduler-6] WARN  c.q.federated.service.FederatedCoordinatorService - Node 11 marked as inactive due to heartbeat timeout
2026-01-15 15:53:31.482 [taskScheduler-6] WARN  c.q.federated.service.FederatedCoordinatorService - Node 111 marked as inactive due to heartbeat timeout
2026-01-15 15:53:36.500 [taskScheduler-6] WARN  c.q.federated.service.FederatedCoordinatorService - Node 11 marked as inactive due to heartbeat timeout
2026-01-15 15:53:36.501 [taskScheduler-6] WARN  c.q.federated.service.FederatedCoordinatorService - Node 111 marked as inactive due to heartbeat timeout
2026-01-15 15:53:41.515 [taskScheduler-6] WARN  c.q.federated.service.FederatedCoordinatorService - Node 11 marked as inactive due to heartbeat timeout
2026-01-15 15:53:41.515 [taskScheduler-6] WARN  c.q.federated.service.FederatedCoordinatorService - Node 111 marked as inactive due to heartbeat timeout
2026-01-15 15:53:46.530 [taskScheduler-6] WARN  c.q.federated.service.FederatedCoordinatorService - Node 11 marked as inactive due to heartbeat timeout
2026-01-15 15:53:46.530 [taskScheduler-6] WARN  c.q.federated.service.FederatedCoordinatorService - Node 111 marked as inactive due to heartbeat timeout
2026-01-15 15:53:51.545 [taskScheduler-6] WARN  c.q.federated.service.FederatedCoordinatorService - Node 11 marked as inactive due to heartbeat timeout
2026-01-15 15:53:51.546 [taskScheduler-6] WARN  c.q.federated.service.FederatedCoordinatorService - Node 111 marked as inactive due to heartbeat timeout
2026-01-15 15:53:56.557 [taskScheduler-6] WARN  c.q.federated.service.FederatedCoordinatorService - Node 11 marked as inactive due to heartbeat timeout
2026-01-15 15:53:56.558 [taskScheduler-6] WARN  c.q.federated.service.FederatedCoordinatorService - Node 111 marked as inactive due to heartbeat timeout
2026-01-15 15:54:01.571 [taskScheduler-6] WARN  c.q.federated.service.FederatedCoordinatorService - Node 11 marked as inactive due to heartbeat timeout
2026-01-15 15:54:01.571 [taskScheduler-6] WARN  c.q.federated.service.FederatedCoordinatorService - Node 111 marked as inactive due to heartbeat timeout
2026-01-15 15:54:06.590 [taskScheduler-6] WARN  c.q.federated.service.FederatedCoordinatorService - Node 11 marked as inactive due to heartbeat timeout
2026-01-15 15:54:06.590 [taskScheduler-6] WARN  c.q.federated.service.FederatedCoordinatorService - Node 111 marked as inactive due to heartbeat timeout
2026-01-15 15:54:11.598 [taskScheduler-6] WARN  c.q.federated.service.FederatedCoordinatorService - Node 11 marked as inactive due to heartbeat timeout
2026-01-15 15:54:11.599 [taskScheduler-6] WARN  c.q.federated.service.FederatedCoordinatorService - Node 111 marked as inactive due to heartbeat timeout
2026-01-15 15:54:16.604 [taskScheduler-6] WARN  c.q.federated.service.FederatedCoordinatorService - Node 11 marked as inactive due to heartbeat timeout
2026-01-15 15:54:16.604 [taskScheduler-6] WARN  c.q.federated.service.FederatedCoordinatorService - Node 111 marked as inactive due to heartbeat timeout
2026-01-15 15:54:21.621 [taskScheduler-6] WARN  c.q.federated.service.FederatedCoordinatorService - Node 11 marked as inactive due to heartbeat timeout
2026-01-15 15:54:21.621 [taskScheduler-6] WARN  c.q.federated.service.FederatedCoordinatorService - Node 111 marked as inactive due to heartbeat timeout
2026-01-15 15:54:26.637 [taskScheduler-6] WARN  c.q.federated.service.FederatedCoordinatorService - Node 11 marked as inactive due to heartbeat timeout
2026-01-15 15:54:26.637 [taskScheduler-6] WARN  c.q.federated.service.FederatedCoordinatorService - Node 111 marked as inactive due to heartbeat timeout
2026-01-15 15:54:31.652 [taskScheduler-6] WARN  c.q.federated.service.FederatedCoordinatorService - Node 11 marked as inactive due to heartbeat timeout
2026-01-15 15:54:31.652 [taskScheduler-6] WARN  c.q.federated.service.FederatedCoordinatorService - Node 111 marked as inactive due to heartbeat timeout
2026-01-15 15:54:36.668 [taskScheduler-6] WARN  c.q.federated.service.FederatedCoordinatorService - Node 11 marked as inactive due to heartbeat timeout
2026-01-15 15:54:36.672 [taskScheduler-6] WARN  c.q.federated.service.FederatedCoordinatorService - Node 111 marked as inactive due to heartbeat timeout
2026-01-15 15:54:41.687 [taskScheduler-6] WARN  c.q.federated.service.FederatedCoordinatorService - Node 11 marked as inactive due to heartbeat timeout
2026-01-15 15:54:41.687 [taskScheduler-6] WARN  c.q.federated.service.FederatedCoordinatorService - Node 111 marked as inactive due to heartbeat timeout
2026-01-15 15:54:46.703 [taskScheduler-6] WARN  c.q.federated.service.FederatedCoordinatorService - Node 11 marked as inactive due to heartbeat timeout
2026-01-15 15:54:46.704 [taskScheduler-6] WARN  c.q.federated.service.FederatedCoordinatorService - Node 111 marked as inactive due to heartbeat timeout
2026-01-15 15:54:51.713 [taskScheduler-6] WARN  c.q.federated.service.FederatedCoordinatorService - Node 11 marked as inactive due to heartbeat timeout
2026-01-15 15:54:51.714 [taskScheduler-6] WARN  c.q.federated.service.FederatedCoordinatorService - Node 111 marked as inactive due to heartbeat timeout
2026-01-15 15:54:56.718 [taskScheduler-6] WARN  c.q.federated.service.FederatedCoordinatorService - Node 11 marked as inactive due to heartbeat timeout
2026-01-15 15:54:56.719 [taskScheduler-6] WARN  c.q.federated.service.FederatedCoordinatorService - Node 111 marked as inactive due to heartbeat timeout
2026-01-15 15:55:01.738 [taskScheduler-6] WARN  c.q.federated.service.FederatedCoordinatorService - Node 11 marked as inactive due to heartbeat timeout
2026-01-15 15:55:01.738 [taskScheduler-6] WARN  c.q.federated.service.FederatedCoordinatorService - Node 111 marked as inactive due to heartbeat timeout
2026-01-15 15:55:06.754 [taskScheduler-6] WARN  c.q.federated.service.FederatedCoordinatorService - Node 11 marked as inactive due to heartbeat timeout
2026-01-15 15:55:06.754 [taskScheduler-6] WARN  c.q.federated.service.FederatedCoordinatorService - Node 111 marked as inactive due to heartbeat timeout
2026-01-15 15:55:11.770 [taskScheduler-6] WARN  c.q.federated.service.FederatedCoordinatorService - Node 11 marked as inactive due to heartbeat timeout
2026-01-15 15:55:11.771 [taskScheduler-6] WARN  c.q.federated.service.FederatedCoordinatorService - Node 111 marked as inactive due to heartbeat timeout
2026-01-15 15:55:16.806 [taskScheduler-6] WARN  c.q.federated.service.FederatedCoordinatorService - Node 11 marked as inactive due to heartbeat timeout
2026-01-15 15:55:16.806 [taskScheduler-6] WARN  c.q.federated.service.FederatedCoordinatorService - Node 111 marked as inactive due to heartbeat timeout
2026-01-15 15:55:21.822 [taskScheduler-6] WARN  c.q.federated.service.FederatedCoordinatorService - Node 11 marked as inactive due to heartbeat timeout
2026-01-15 15:55:21.822 [taskScheduler-6] WARN  c.q.federated.service.FederatedCoordinatorService - Node 111 marked as inactive due to heartbeat timeout
2026-01-15 15:55:26.834 [taskScheduler-6] WARN  c.q.federated.service.FederatedCoordinatorService - Node 11 marked as inactive due to heartbeat timeout
2026-01-15 15:55:26.835 [taskScheduler-6] WARN  c.q.federated.service.FederatedCoordinatorService - Node 111 marked as inactive due to heartbeat timeout
2026-01-15 15:55:31.840 [taskScheduler-6] WARN  c.q.federated.service.FederatedCoordinatorService - Node 11 marked as inactive due to heartbeat timeout
2026-01-15 15:55:31.841 [taskScheduler-6] WARN  c.q.federated.service.FederatedCoordinatorService - Node 111 marked as inactive due to heartbeat timeout
2026-01-15 15:55:36.848 [taskScheduler-6] WARN  c.q.federated.service.FederatedCoordinatorService - Node 11 marked as inactive due to heartbeat timeout
2026-01-15 15:55:36.848 [taskScheduler-6] WARN  c.q.federated.service.FederatedCoordinatorService - Node 111 marked as inactive due to heartbeat timeout
2026-01-15 15:55:41.866 [taskScheduler-6] WARN  c.q.federated.service.FederatedCoordinatorService - Node 11 marked as inactive due to heartbeat timeout
2026-01-15 15:55:41.866 [taskScheduler-6] WARN  c.q.federated.service.FederatedCoordinatorService - Node 111 marked as inactive due to heartbeat timeout
2026-01-15 15:55:46.885 [taskScheduler-6] WARN  c.q.federated.service.FederatedCoordinatorService - Node 11 marked as inactive due to heartbeat timeout
2026-01-15 15:55:46.885 [taskScheduler-6] WARN  c.q.federated.service.FederatedCoordinatorService - Node 111 marked as inactive due to heartbeat timeout
2026-01-15 15:55:51.901 [taskScheduler-6] WARN  c.q.federated.service.FederatedCoordinatorService - Node 11 marked as inactive due to heartbeat timeout
2026-01-15 15:55:51.901 [taskScheduler-6] WARN  c.q.federated.service.FederatedCoordinatorService - Node 111 marked as inactive due to heartbeat timeout
2026-01-15 15:55:56.909 [taskScheduler-6] WARN  c.q.federated.service.FederatedCoordinatorService - Node 11 marked as inactive due to heartbeat timeout
2026-01-15 15:55:56.909 [taskScheduler-6] WARN  c.q.federated.service.FederatedCoordinatorService - Node 111 marked as inactive due to heartbeat timeout
2026-01-15 15:56:01.918 [taskScheduler-6] WARN  c.q.federated.service.FederatedCoordinatorService - Node 11 marked as inactive due to heartbeat timeout
2026-01-15 15:56:01.918 [taskScheduler-6] WARN  c.q.federated.service.FederatedCoordinatorService - Node 111 marked as inactive due to heartbeat timeout
2026-01-15 15:56:06.935 [taskScheduler-6] WARN  c.q.federated.service.FederatedCoordinatorService - Node 11 marked as inactive due to heartbeat timeout
2026-01-15 15:56:06.936 [taskScheduler-6] WARN  c.q.federated.service.FederatedCoordinatorService - Node 111 marked as inactive due to heartbeat timeout
2026-01-15 15:56:11.954 [taskScheduler-6] WARN  c.q.federated.service.FederatedCoordinatorService - Node 11 marked as inactive due to heartbeat timeout
2026-01-15 15:56:11.954 [taskScheduler-6] WARN  c.q.federated.service.FederatedCoordinatorService - Node 111 marked as inactive due to heartbeat timeout
2026-01-15 15:56:16.966 [taskScheduler-6] WARN  c.q.federated.service.FederatedCoordinatorService - Node 11 marked as inactive due to heartbeat timeout
2026-01-15 15:56:16.967 [taskScheduler-6] WARN  c.q.federated.service.FederatedCoordinatorService - Node 111 marked as inactive due to heartbeat timeout
2026-01-15 15:56:21.984 [taskScheduler-6] WARN  c.q.federated.service.FederatedCoordinatorService - Node 11 marked as inactive due to heartbeat timeout
2026-01-15 15:56:21.985 [taskScheduler-6] WARN  c.q.federated.service.FederatedCoordinatorService - Node 111 marked as inactive due to heartbeat timeout
2026-01-15 15:56:27.004 [taskScheduler-6] WARN  c.q.federated.service.FederatedCoordinatorService - Node 11 marked as inactive due to heartbeat timeout
2026-01-15 15:56:27.005 [taskScheduler-6] WARN  c.q.federated.service.FederatedCoordinatorService - Node 111 marked as inactive due to heartbeat timeout
2026-01-15 15:56:32.012 [taskScheduler-6] WARN  c.q.federated.service.FederatedCoordinatorService - Node 11 marked as inactive due to heartbeat timeout
2026-01-15 15:56:32.012 [taskScheduler-6] WARN  c.q.federated.service.FederatedCoordinatorService - Node 111 marked as inactive due to heartbeat timeout
2026-01-15 15:56:37.024 [taskScheduler-6] WARN  c.q.federated.service.FederatedCoordinatorService - Node 11 marked as inactive due to heartbeat timeout
2026-01-15 15:56:37.024 [taskScheduler-6] WARN  c.q.federated.service.FederatedCoordinatorService - Node 111 marked as inactive due to heartbeat timeout
2026-01-15 15:56:42.046 [taskScheduler-6] WARN  c.q.federated.service.FederatedCoordinatorService - Node 11 marked as inactive due to heartbeat timeout
2026-01-15 15:56:42.046 [taskScheduler-6] WARN  c.q.federated.service.FederatedCoordinatorService - Node 111 marked as inactive due to heartbeat timeout
2026-01-15 15:56:47.057 [taskScheduler-6] WARN  c.q.federated.service.FederatedCoordinatorService - Node 11 marked as inactive due to heartbeat timeout
2026-01-15 15:56:47.058 [taskScheduler-6] WARN  c.q.federated.service.FederatedCoordinatorService - Node 111 marked as inactive due to heartbeat timeout
2026-01-15 15:56:52.066 [taskScheduler-6] WARN  c.q.federated.service.FederatedCoordinatorService - Node 11 marked as inactive due to heartbeat timeout
2026-01-15 15:56:52.067 [taskScheduler-6] WARN  c.q.federated.service.FederatedCoordinatorService - Node 111 marked as inactive due to heartbeat timeout
2026-01-15 15:56:57.077 [taskScheduler-6] WARN  c.q.federated.service.FederatedCoordinatorService - Node 11 marked as inactive due to heartbeat timeout
2026-01-15 15:56:57.078 [taskScheduler-6] WARN  c.q.federated.service.FederatedCoordinatorService - Node 111 marked as inactive due to heartbeat timeout
2026-01-15 15:57:02.084 [taskScheduler-6] WARN  c.q.federated.service.FederatedCoordinatorService - Node 11 marked as inactive due to heartbeat timeout
2026-01-15 15:57:02.084 [taskScheduler-6] WARN  c.q.federated.service.FederatedCoordinatorService - Node 111 marked as inactive due to heartbeat timeout
2026-01-15 15:57:07.101 [taskScheduler-6] WARN  c.q.federated.service.FederatedCoordinatorService - Node 11 marked as inactive due to heartbeat timeout
2026-01-15 15:57:07.101 [taskScheduler-6] WARN  c.q.federated.service.FederatedCoordinatorService - Node 111 marked as inactive due to heartbeat timeout
2026-01-15 15:57:12.115 [taskScheduler-6] WARN  c.q.federated.service.FederatedCoordinatorService - Node 11 marked as inactive due to heartbeat timeout
2026-01-15 15:57:12.116 [taskScheduler-6] WARN  c.q.federated.service.FederatedCoordinatorService - Node 111 marked as inactive due to heartbeat timeout
2026-01-15 15:57:17.129 [taskScheduler-6] WARN  c.q.federated.service.FederatedCoordinatorService - Node 11 marked as inactive due to heartbeat timeout
2026-01-15 15:57:17.130 [taskScheduler-6] WARN  c.q.federated.service.FederatedCoordinatorService - Node 111 marked as inactive due to heartbeat timeout
2026-01-15 15:57:22.143 [taskScheduler-6] WARN  c.q.federated.service.FederatedCoordinatorService - Node 11 marked as inactive due to heartbeat timeout
2026-01-15 15:57:22.144 [taskScheduler-6] WARN  c.q.federated.service.FederatedCoordinatorService - Node 111 marked as inactive due to heartbeat timeout
2026-01-15 15:57:27.149 [taskScheduler-6] WARN  c.q.federated.service.FederatedCoordinatorService - Node 11 marked as inactive due to heartbeat timeout
2026-01-15 15:57:27.151 [taskScheduler-6] WARN  c.q.federated.service.FederatedCoordinatorService - Node 111 marked as inactive due to heartbeat timeout
2026-01-15 15:57:32.164 [taskScheduler-6] WARN  c.q.federated.service.FederatedCoordinatorService - Node 11 marked as inactive due to heartbeat timeout
2026-01-15 15:57:32.165 [taskScheduler-6] WARN  c.q.federated.service.FederatedCoordinatorService - Node 111 marked as inactive due to heartbeat timeout
2026-01-15 15:57:37.177 [taskScheduler-6] WARN  c.q.federated.service.FederatedCoordinatorService - Node 11 marked as inactive due to heartbeat timeout
2026-01-15 15:57:37.178 [taskScheduler-6] WARN  c.q.federated.service.FederatedCoordinatorService - Node 111 marked as inactive due to heartbeat timeout
2026-01-15 15:57:42.183 [taskScheduler-6] WARN  c.q.federated.service.FederatedCoordinatorService - Node 11 marked as inactive due to heartbeat timeout
2026-01-15 15:57:42.184 [taskScheduler-6] WARN  c.q.federated.service.FederatedCoordinatorService - Node 111 marked as inactive due to heartbeat timeout
2026-01-15 15:57:47.199 [taskScheduler-6] WARN  c.q.federated.service.FederatedCoordinatorService - Node 11 marked as inactive due to heartbeat timeout
2026-01-15 15:57:47.200 [taskScheduler-6] WARN  c.q.federated.service.FederatedCoordinatorService - Node 111 marked as inactive due to heartbeat timeout
2026-01-15 15:57:52.207 [taskScheduler-6] WARN  c.q.federated.service.FederatedCoordinatorService - Node 11 marked as inactive due to heartbeat timeout
2026-01-15 15:57:52.207 [taskScheduler-6] WARN  c.q.federated.service.FederatedCoordinatorService - Node 111 marked as inactive due to heartbeat timeout
2026-01-15 15:57:57.214 [taskScheduler-6] WARN  c.q.federated.service.FederatedCoordinatorService - Node 11 marked as inactive due to heartbeat timeout
2026-01-15 15:57:57.214 [taskScheduler-6] WARN  c.q.federated.service.FederatedCoordinatorService - Node 111 marked as inactive due to heartbeat timeout
2026-01-15 15:58:02.225 [taskScheduler-6] WARN  c.q.federated.service.FederatedCoordinatorService - Node 11 marked as inactive due to heartbeat timeout
2026-01-15 15:58:02.226 [taskScheduler-6] WARN  c.q.federated.service.FederatedCoordinatorService - Node 111 marked as inactive due to heartbeat timeout
2026-01-15 15:58:07.245 [taskScheduler-6] WARN  c.q.federated.service.FederatedCoordinatorService - Node 11 marked as inactive due to heartbeat timeout
2026-01-15 15:58:07.246 [taskScheduler-6] WARN  c.q.federated.service.FederatedCoordinatorService - Node 111 marked as inactive due to heartbeat timeout
2026-01-15 15:58:12.262 [taskScheduler-6] WARN  c.q.federated.service.FederatedCoordinatorService - Node 11 marked as inactive due to heartbeat timeout
2026-01-15 15:58:12.263 [taskScheduler-6] WARN  c.q.federated.service.FederatedCoordinatorService - Node 111 marked as inactive due to heartbeat timeout
2026-01-15 15:58:17.280 [taskScheduler-6] WARN  c.q.federated.service.FederatedCoordinatorService - Node 11 marked as inactive due to heartbeat timeout
2026-01-15 15:58:17.281 [taskScheduler-6] WARN  c.q.federated.service.FederatedCoordinatorService - Node 111 marked as inactive due to heartbeat timeout
2026-01-15 15:58:22.294 [taskScheduler-6] WARN  c.q.federated.service.FederatedCoordinatorService - Node 11 marked as inactive due to heartbeat timeout
2026-01-15 15:58:22.295 [taskScheduler-6] WARN  c.q.federated.service.FederatedCoordinatorService - Node 111 marked as inactive due to heartbeat timeout
2026-01-15 15:58:27.302 [taskScheduler-6] WARN  c.q.federated.service.FederatedCoordinatorService - Node 11 marked as inactive due to heartbeat timeout
2026-01-15 15:58:27.302 [taskScheduler-6] WARN  c.q.federated.service.FederatedCoordinatorService - Node 111 marked as inactive due to heartbeat timeout
2026-01-15 15:58:32.322 [taskScheduler-6] WARN  c.q.federated.service.FederatedCoordinatorService - Node 11 marked as inactive due to heartbeat timeout
2026-01-15 15:58:32.322 [taskScheduler-6] WARN  c.q.federated.service.FederatedCoordinatorService - Node 111 marked as inactive due to heartbeat timeout
2026-01-15 15:58:37.330 [taskScheduler-6] WARN  c.q.federated.service.FederatedCoordinatorService - Node 11 marked as inactive due to heartbeat timeout
2026-01-15 15:58:37.331 [taskScheduler-6] WARN  c.q.federated.service.FederatedCoordinatorService - Node 111 marked as inactive due to heartbeat timeout
2026-01-15 15:58:42.341 [taskScheduler-6] WARN  c.q.federated.service.FederatedCoordinatorService - Node 11 marked as inactive due to heartbeat timeout
2026-01-15 15:58:42.342 [taskScheduler-6] WARN  c.q.federated.service.FederatedCoordinatorService - Node 111 marked as inactive due to heartbeat timeout
2026-01-15 15:58:47.347 [taskScheduler-6] WARN  c.q.federated.service.FederatedCoordinatorService - Node 11 marked as inactive due to heartbeat timeout
2026-01-15 15:58:47.348 [taskScheduler-6] WARN  c.q.federated.service.FederatedCoordinatorService - Node 111 marked as inactive due to heartbeat timeout
2026-01-15 15:58:52.358 [taskScheduler-6] WARN  c.q.federated.service.FederatedCoordinatorService - Node 11 marked as inactive due to heartbeat timeout
2026-01-15 15:58:52.359 [taskScheduler-6] WARN  c.q.federated.service.FederatedCoordinatorService - Node 111 marked as inactive due to heartbeat timeout
2026-01-15 15:58:57.381 [taskScheduler-6] WARN  c.q.federated.service.FederatedCoordinatorService - Node 11 marked as inactive due to heartbeat timeout
2026-01-15 15:58:57.381 [taskScheduler-6] WARN  c.q.federated.service.FederatedCoordinatorService - Node 111 marked as inactive due to heartbeat timeout
2026-01-15 15:59:02.394 [taskScheduler-6] WARN  c.q.federated.service.FederatedCoordinatorService - Node 11 marked as inactive due to heartbeat timeout
2026-01-15 15:59:02.395 [taskScheduler-6] WARN  c.q.federated.service.FederatedCoordinatorService - Node 111 marked as inactive due to heartbeat timeout
2026-01-15 15:59:07.406 [taskScheduler-6] WARN  c.q.federated.service.FederatedCoordinatorService - Node 11 marked as inactive due to heartbeat timeout
2026-01-15 15:59:07.407 [taskScheduler-6] WARN  c.q.federated.service.FederatedCoordinatorService - Node 111 marked as inactive due to heartbeat timeout
2026-01-15 15:59:12.426 [taskScheduler-6] WARN  c.q.federated.service.FederatedCoordinatorService - Node 11 marked as inactive due to heartbeat timeout
2026-01-15 15:59:12.427 [taskScheduler-6] WARN  c.q.federated.service.FederatedCoordinatorService - Node 111 marked as inactive due to heartbeat timeout
2026-01-15 15:59:17.440 [taskScheduler-6] WARN  c.q.federated.service.FederatedCoordinatorService - Node 11 marked as inactive due to heartbeat timeout
2026-01-15 15:59:17.441 [taskScheduler-6] WARN  c.q.federated.service.FederatedCoordinatorService - Node 111 marked as inactive due to heartbeat timeout
2026-01-15 15:59:22.447 [taskScheduler-6] WARN  c.q.federated.service.FederatedCoordinatorService - Node 11 marked as inactive due to heartbeat timeout
2026-01-15 15:59:22.448 [taskScheduler-6] WARN  c.q.federated.service.FederatedCoordinatorService - Node 111 marked as inactive due to heartbeat timeout
2026-01-15 15:59:27.460 [taskScheduler-6] WARN  c.q.federated.service.FederatedCoordinatorService - Node 11 marked as inactive due to heartbeat timeout
2026-01-15 15:59:27.461 [taskScheduler-6] WARN  c.q.federated.service.FederatedCoordinatorService - Node 111 marked as inactive due to heartbeat timeout
2026-01-15 15:59:32.481 [taskScheduler-6] WARN  c.q.federated.service.FederatedCoordinatorService - Node 11 marked as inactive due to heartbeat timeout
2026-01-15 15:59:32.481 [taskScheduler-6] WARN  c.q.federated.service.FederatedCoordinatorService - Node 111 marked as inactive due to heartbeat timeout
2026-01-15 15:59:37.498 [taskScheduler-6] WARN  c.q.federated.service.FederatedCoordinatorService - Node 11 marked as inactive due to heartbeat timeout
2026-01-15 15:59:37.499 [taskScheduler-6] WARN  c.q.federated.service.FederatedCoordinatorService - Node 111 marked as inactive due to heartbeat timeout
2026-01-15 15:59:42.512 [taskScheduler-6] WARN  c.q.federated.service.FederatedCoordinatorService - Node 11 marked as inactive due to heartbeat timeout
2026-01-15 15:59:42.512 [taskScheduler-6] WARN  c.q.federated.service.FederatedCoordinatorService - Node 111 marked as inactive due to heartbeat timeout
2026-01-15 15:59:47.530 [taskScheduler-6] WARN  c.q.federated.service.FederatedCoordinatorService - Node 11 marked as inactive due to heartbeat timeout
2026-01-15 15:59:47.530 [taskScheduler-6] WARN  c.q.federated.service.FederatedCoordinatorService - Node 111 marked as inactive due to heartbeat timeout
2026-01-15 15:59:52.539 [taskScheduler-6] WARN  c.q.federated.service.FederatedCoordinatorService - Node 11 marked as inactive due to heartbeat timeout
2026-01-15 15:59:52.540 [taskScheduler-6] WARN  c.q.federated.service.FederatedCoordinatorService - Node 111 marked as inactive due to heartbeat timeout
2026-01-15 15:59:57.556 [taskScheduler-6] WARN  c.q.federated.service.FederatedCoordinatorService - Node 11 marked as inactive due to heartbeat timeout
2026-01-15 15:59:57.557 [taskScheduler-6] WARN  c.q.federated.service.FederatedCoordinatorService - Node 111 marked as inactive due to heartbeat timeout
2026-01-15 16:00:02.562 [taskScheduler-6] WARN  c.q.federated.service.FederatedCoordinatorService - Node 11 marked as inactive due to heartbeat timeout
2026-01-15 16:00:02.563 [taskScheduler-6] WARN  c.q.federated.service.FederatedCoordinatorService - Node 111 marked as inactive due to heartbeat timeout
2026-01-15 16:00:07.570 [taskScheduler-6] WARN  c.q.federated.service.FederatedCoordinatorService - Node 11 marked as inactive due to heartbeat timeout
2026-01-15 16:00:07.570 [taskScheduler-6] WARN  c.q.federated.service.FederatedCoordinatorService - Node 111 marked as inactive due to heartbeat timeout
2026-01-15 16:00:12.576 [taskScheduler-6] WARN  c.q.federated.service.FederatedCoordinatorService - Node 11 marked as inactive due to heartbeat timeout
2026-01-15 16:00:12.576 [taskScheduler-6] WARN  c.q.federated.service.FederatedCoordinatorService - Node 111 marked as inactive due to heartbeat timeout
2026-01-15 16:00:17.593 [taskScheduler-6] WARN  c.q.federated.service.FederatedCoordinatorService - Node 11 marked as inactive due to heartbeat timeout
2026-01-15 16:00:17.594 [taskScheduler-6] WARN  c.q.federated.service.FederatedCoordinatorService - Node 111 marked as inactive due to heartbeat timeout
2026-01-15 16:00:22.612 [taskScheduler-6] WARN  c.q.federated.service.FederatedCoordinatorService - Node 11 marked as inactive due to heartbeat timeout
2026-01-15 16:00:22.612 [taskScheduler-6] WARN  c.q.federated.service.FederatedCoordinatorService - Node 111 marked as inactive due to heartbeat timeout
2026-01-15 16:00:27.628 [taskScheduler-6] WARN  c.q.federated.service.FederatedCoordinatorService - Node 11 marked as inactive due to heartbeat timeout
2026-01-15 16:00:27.629 [taskScheduler-6] WARN  c.q.federated.service.FederatedCoordinatorService - Node 111 marked as inactive due to heartbeat timeout
2026-01-15 16:00:32.637 [taskScheduler-6] WARN  c.q.federated.service.FederatedCoordinatorService - Node 11 marked as inactive due to heartbeat timeout
2026-01-15 16:00:32.638 [taskScheduler-6] WARN  c.q.federated.service.FederatedCoordinatorService - Node 111 marked as inactive due to heartbeat timeout
2026-01-15 16:00:37.645 [taskScheduler-6] WARN  c.q.federated.service.FederatedCoordinatorService - Node 11 marked as inactive due to heartbeat timeout
2026-01-15 16:00:37.646 [taskScheduler-6] WARN  c.q.federated.service.FederatedCoordinatorService - Node 111 marked as inactive due to heartbeat timeout
2026-01-15 16:00:42.659 [taskScheduler-6] WARN  c.q.federated.service.FederatedCoordinatorService - Node 11 marked as inactive due to heartbeat timeout
2026-01-15 16:00:42.660 [taskScheduler-6] WARN  c.q.federated.service.FederatedCoordinatorService - Node 111 marked as inactive due to heartbeat timeout
2026-01-15 16:00:47.665 [taskScheduler-6] WARN  c.q.federated.service.FederatedCoordinatorService - Node 11 marked as inactive due to heartbeat timeout
2026-01-15 16:00:47.666 [taskScheduler-6] WARN  c.q.federated.service.FederatedCoordinatorService - Node 111 marked as inactive due to heartbeat timeout
2026-01-15 16:00:52.678 [taskScheduler-6] WARN  c.q.federated.service.FederatedCoordinatorService - Node 11 marked as inactive due to heartbeat timeout
2026-01-15 16:00:52.678 [taskScheduler-6] WARN  c.q.federated.service.FederatedCoordinatorService - Node 111 marked as inactive due to heartbeat timeout
2026-01-15 16:00:57.685 [taskScheduler-6] WARN  c.q.federated.service.FederatedCoordinatorService - Node 11 marked as inactive due to heartbeat timeout
2026-01-15 16:00:57.685 [taskScheduler-6] WARN  c.q.federated.service.FederatedCoordinatorService - Node 111 marked as inactive due to heartbeat timeout
2026-01-15 16:01:02.703 [taskScheduler-6] WARN  c.q.federated.service.FederatedCoordinatorService - Node 11 marked as inactive due to heartbeat timeout
2026-01-15 16:01:02.704 [taskScheduler-6] WARN  c.q.federated.service.FederatedCoordinatorService - Node 111 marked as inactive due to heartbeat timeout
2026-01-15 16:01:07.710 [taskScheduler-6] WARN  c.q.federated.service.FederatedCoordinatorService - Node 11 marked as inactive due to heartbeat timeout
2026-01-15 16:01:07.711 [taskScheduler-6] WARN  c.q.federated.service.FederatedCoordinatorService - Node 111 marked as inactive due to heartbeat timeout
2026-01-15 16:01:12.716 [taskScheduler-6] WARN  c.q.federated.service.FederatedCoordinatorService - Node 11 marked as inactive due to heartbeat timeout
2026-01-15 16:01:12.717 [taskScheduler-6] WARN  c.q.federated.service.FederatedCoordinatorService - Node 111 marked as inactive due to heartbeat timeout
2026-01-15 16:01:17.724 [taskScheduler-6] WARN  c.q.federated.service.FederatedCoordinatorService - Node 11 marked as inactive due to heartbeat timeout
2026-01-15 16:01:17.725 [taskScheduler-6] WARN  c.q.federated.service.FederatedCoordinatorService - Node 111 marked as inactive due to heartbeat timeout
2026-01-15 16:01:22.740 [taskScheduler-6] WARN  c.q.federated.service.FederatedCoordinatorService - Node 11 marked as inactive due to heartbeat timeout
2026-01-15 16:01:22.741 [taskScheduler-6] WARN  c.q.federated.service.FederatedCoordinatorService - Node 111 marked as inactive due to heartbeat timeout
2026-01-15 16:01:27.760 [taskScheduler-6] WARN  c.q.federated.service.FederatedCoordinatorService - Node 11 marked as inactive due to heartbeat timeout
2026-01-15 16:01:27.760 [taskScheduler-6] WARN  c.q.federated.service.FederatedCoordinatorService - Node 111 marked as inactive due to heartbeat timeout
2026-01-15 16:01:32.778 [taskScheduler-6] WARN  c.q.federated.service.FederatedCoordinatorService - Node 11 marked as inactive due to heartbeat timeout
2026-01-15 16:01:32.779 [taskScheduler-6] WARN  c.q.federated.service.FederatedCoordinatorService - Node 111 marked as inactive due to heartbeat timeout
2026-01-15 16:01:37.783 [taskScheduler-6] WARN  c.q.federated.service.FederatedCoordinatorService - Node 11 marked as inactive due to heartbeat timeout
2026-01-15 16:01:37.784 [taskScheduler-6] WARN  c.q.federated.service.FederatedCoordinatorService - Node 111 marked as inactive due to heartbeat timeout
2026-01-15 16:01:42.792 [taskScheduler-6] WARN  c.q.federated.service.FederatedCoordinatorService - Node 11 marked as inactive due to heartbeat timeout
2026-01-15 16:01:42.793 [taskScheduler-6] WARN  c.q.federated.service.FederatedCoordinatorService - Node 111 marked as inactive due to heartbeat timeout
2026-01-15 16:01:47.810 [taskScheduler-6] WARN  c.q.federated.service.FederatedCoordinatorService - Node 11 marked as inactive due to heartbeat timeout
2026-01-15 16:01:47.810 [taskScheduler-6] WARN  c.q.federated.service.FederatedCoordinatorService - Node 111 marked as inactive due to heartbeat timeout
2026-01-15 16:01:52.826 [taskScheduler-6] WARN  c.q.federated.service.FederatedCoordinatorService - Node 11 marked as inactive due to heartbeat timeout
2026-01-15 16:01:52.826 [taskScheduler-6] WARN  c.q.federated.service.FederatedCoordinatorService - Node 111 marked as inactive due to heartbeat timeout
2026-01-15 16:01:57.838 [taskScheduler-6] WARN  c.q.federated.service.FederatedCoordinatorService - Node 11 marked as inactive due to heartbeat timeout
2026-01-15 16:01:57.839 [taskScheduler-6] WARN  c.q.federated.service.FederatedCoordinatorService - Node 111 marked as inactive due to heartbeat timeout
2026-01-15 16:02:02.858 [taskScheduler-6] WARN  c.q.federated.service.FederatedCoordinatorService - Node 11 marked as inactive due to heartbeat timeout
2026-01-15 16:02:02.859 [taskScheduler-6] WARN  c.q.federated.service.FederatedCoordinatorService - Node 111 marked as inactive due to heartbeat timeout
2026-01-15 16:02:07.876 [taskScheduler-6] WARN  c.q.federated.service.FederatedCoordinatorService - Node 11 marked as inactive due to heartbeat timeout
2026-01-15 16:02:07.877 [taskScheduler-6] WARN  c.q.federated.service.FederatedCoordinatorService - Node 111 marked as inactive due to heartbeat timeout
2026-01-15 16:02:12.885 [taskScheduler-6] WARN  c.q.federated.service.FederatedCoordinatorService - Node 11 marked as inactive due to heartbeat timeout
2026-01-15 16:02:12.886 [taskScheduler-6] WARN  c.q.federated.service.FederatedCoordinatorService - Node 111 marked as inactive due to heartbeat timeout
2026-01-15 16:02:17.899 [taskScheduler-6] WARN  c.q.federated.service.FederatedCoordinatorService - Node 11 marked as inactive due to heartbeat timeout
2026-01-15 16:02:17.900 [taskScheduler-6] WARN  c.q.federated.service.FederatedCoordinatorService - Node 111 marked as inactive due to heartbeat timeout
2026-01-15 16:02:22.906 [taskScheduler-6] WARN  c.q.federated.service.FederatedCoordinatorService - Node 11 marked as inactive due to heartbeat timeout
2026-01-15 16:02:22.906 [taskScheduler-6] WARN  c.q.federated.service.FederatedCoordinatorService - Node 111 marked as inactive due to heartbeat timeout
2026-01-15 16:02:27.921 [taskScheduler-6] WARN  c.q.federated.service.FederatedCoordinatorService - Node 11 marked as inactive due to heartbeat timeout
2026-01-15 16:02:27.922 [taskScheduler-6] WARN  c.q.federated.service.FederatedCoordinatorService - Node 111 marked as inactive due to heartbeat timeout
2026-01-15 16:02:32.927 [taskScheduler-6] WARN  c.q.federated.service.FederatedCoordinatorService - Node 11 marked as inactive due to heartbeat timeout
2026-01-15 16:02:32.927 [taskScheduler-6] WARN  c.q.federated.service.FederatedCoordinatorService - Node 111 marked as inactive due to heartbeat timeout
2026-01-15 16:02:37.946 [taskScheduler-6] WARN  c.q.federated.service.FederatedCoordinatorService - Node 11 marked as inactive due to heartbeat timeout
2026-01-15 16:02:37.946 [taskScheduler-6] WARN  c.q.federated.service.FederatedCoordinatorService - Node 111 marked as inactive due to heartbeat timeout
2026-01-15 16:02:42.960 [taskScheduler-6] WARN  c.q.federated.service.FederatedCoordinatorService - Node 11 marked as inactive due to heartbeat timeout
2026-01-15 16:02:42.960 [taskScheduler-6] WARN  c.q.federated.service.FederatedCoordinatorService - Node 111 marked as inactive due to heartbeat timeout
2026-01-15 16:02:47.977 [taskScheduler-6] WARN  c.q.federated.service.FederatedCoordinatorService - Node 11 marked as inactive due to heartbeat timeout
2026-01-15 16:02:47.977 [taskScheduler-6] WARN  c.q.federated.service.FederatedCoordinatorService - Node 111 marked as inactive due to heartbeat timeout
2026-01-15 16:02:52.991 [taskScheduler-6] WARN  c.q.federated.service.FederatedCoordinatorService - Node 11 marked as inactive due to heartbeat timeout
2026-01-15 16:02:52.992 [taskScheduler-6] WARN  c.q.federated.service.FederatedCoordinatorService - Node 111 marked as inactive due to heartbeat timeout
2026-01-15 16:02:58.007 [taskScheduler-6] WARN  c.q.federated.service.FederatedCoordinatorService - Node 11 marked as inactive due to heartbeat timeout
2026-01-15 16:02:58.007 [taskScheduler-6] WARN  c.q.federated.service.FederatedCoordinatorService - Node 111 marked as inactive due to heartbeat timeout
2026-01-15 16:03:03.018 [taskScheduler-6] WARN  c.q.federated.service.FederatedCoordinatorService - Node 11 marked as inactive due to heartbeat timeout
2026-01-15 16:03:03.019 [taskScheduler-6] WARN  c.q.federated.service.FederatedCoordinatorService - Node 111 marked as inactive due to heartbeat timeout
2026-01-15 16:03:08.024 [taskScheduler-6] WARN  c.q.federated.service.FederatedCoordinatorService - Node 11 marked as inactive due to heartbeat timeout
2026-01-15 16:03:08.025 [taskScheduler-6] WARN  c.q.federated.service.FederatedCoordinatorService - Node 111 marked as inactive due to heartbeat timeout
2026-01-15 16:03:13.041 [taskScheduler-6] WARN  c.q.federated.service.FederatedCoordinatorService - Node 11 marked as inactive due to heartbeat timeout
2026-01-15 16:03:13.042 [taskScheduler-6] WARN  c.q.federated.service.FederatedCoordinatorService - Node 111 marked as inactive due to heartbeat timeout
2026-01-15 16:03:18.057 [taskScheduler-6] WARN  c.q.federated.service.FederatedCoordinatorService - Node 11 marked as inactive due to heartbeat timeout
2026-01-15 16:03:18.058 [taskScheduler-6] WARN  c.q.federated.service.FederatedCoordinatorService - Node 111 marked as inactive due to heartbeat timeout
2026-01-15 16:03:23.071 [taskScheduler-6] WARN  c.q.federated.service.FederatedCoordinatorService - Node 11 marked as inactive due to heartbeat timeout
2026-01-15 16:03:23.072 [taskScheduler-6] WARN  c.q.federated.service.FederatedCoordinatorService - Node 111 marked as inactive due to heartbeat timeout
2026-01-15 16:03:28.089 [taskScheduler-6] WARN  c.q.federated.service.FederatedCoordinatorService - Node 11 marked as inactive due to heartbeat timeout
2026-01-15 16:03:28.090 [taskScheduler-6] WARN  c.q.federated.service.FederatedCoordinatorService - Node 111 marked as inactive due to heartbeat timeout
2026-01-15 16:03:33.107 [taskScheduler-6] WARN  c.q.federated.service.FederatedCoordinatorService - Node 11 marked as inactive due to heartbeat timeout
2026-01-15 16:03:33.108 [taskScheduler-6] WARN  c.q.federated.service.FederatedCoordinatorService - Node 111 marked as inactive due to heartbeat timeout
2026-01-15 16:03:38.120 [taskScheduler-6] WARN  c.q.federated.service.FederatedCoordinatorService - Node 11 marked as inactive due to heartbeat timeout
2026-01-15 16:03:38.121 [taskScheduler-6] WARN  c.q.federated.service.FederatedCoordinatorService - Node 111 marked as inactive due to heartbeat timeout
2026-01-15 16:03:43.131 [taskScheduler-6] WARN  c.q.federated.service.FederatedCoordinatorService - Node 11 marked as inactive due to heartbeat timeout
2026-01-15 16:03:43.132 [taskScheduler-6] WARN  c.q.federated.service.FederatedCoordinatorService - Node 111 marked as inactive due to heartbeat timeout
2026-01-15 16:03:48.139 [taskScheduler-6] WARN  c.q.federated.service.FederatedCoordinatorService - Node 11 marked as inactive due to heartbeat timeout
2026-01-15 16:03:48.140 [taskScheduler-6] WARN  c.q.federated.service.FederatedCoordinatorService - Node 111 marked as inactive due to heartbeat timeout
2026-01-15 16:03:53.151 [taskScheduler-6] WARN  c.q.federated.service.FederatedCoordinatorService - Node 11 marked as inactive due to heartbeat timeout
2026-01-15 16:03:53.152 [taskScheduler-6] WARN  c.q.federated.service.FederatedCoordinatorService - Node 111 marked as inactive due to heartbeat timeout
2026-01-15 16:03:58.160 [taskScheduler-6] WARN  c.q.federated.service.FederatedCoordinatorService - Node 11 marked as inactive due to heartbeat timeout
2026-01-15 16:03:58.161 [taskScheduler-6] WARN  c.q.federated.service.FederatedCoordinatorService - Node 111 marked as inactive due to heartbeat timeout
2026-01-15 16:04:03.170 [taskScheduler-6] WARN  c.q.federated.service.FederatedCoordinatorService - Node 11 marked as inactive due to heartbeat timeout
2026-01-15 16:04:03.171 [taskScheduler-6] WARN  c.q.federated.service.FederatedCoordinatorService - Node 111 marked as inactive due to heartbeat timeout
2026-01-15 16:04:08.183 [taskScheduler-6] WARN  c.q.federated.service.FederatedCoordinatorService - Node 11 marked as inactive due to heartbeat timeout
2026-01-15 16:04:08.184 [taskScheduler-6] WARN  c.q.federated.service.FederatedCoordinatorService - Node 111 marked as inactive due to heartbeat timeout
2026-01-15 16:04:13.193 [taskScheduler-6] WARN  c.q.federated.service.FederatedCoordinatorService - Node 11 marked as inactive due to heartbeat timeout
2026-01-15 16:04:13.194 [taskScheduler-6] WARN  c.q.federated.service.FederatedCoordinatorService - Node 111 marked as inactive due to heartbeat timeout
2026-01-15 16:04:18.206 [taskScheduler-6] WARN  c.q.federated.service.FederatedCoordinatorService - Node 11 marked as inactive due to heartbeat timeout
2026-01-15 16:04:18.206 [taskScheduler-6] WARN  c.q.federated.service.FederatedCoordinatorService - Node 111 marked as inactive due to heartbeat timeout
2026-01-15 16:04:23.211 [taskScheduler-6] WARN  c.q.federated.service.FederatedCoordinatorService - Node 11 marked as inactive due to heartbeat timeout
2026-01-15 16:04:23.212 [taskScheduler-6] WARN  c.q.federated.service.FederatedCoordinatorService - Node 111 marked as inactive due to heartbeat timeout
2026-01-15 16:04:28.222 [taskScheduler-6] WARN  c.q.federated.service.FederatedCoordinatorService - Node 11 marked as inactive due to heartbeat timeout
2026-01-15 16:04:28.222 [taskScheduler-6] WARN  c.q.federated.service.FederatedCoordinatorService - Node 111 marked as inactive due to heartbeat timeout
2026-01-15 16:04:33.238 [taskScheduler-6] WARN  c.q.federated.service.FederatedCoordinatorService - Node 11 marked as inactive due to heartbeat timeout
2026-01-15 16:04:33.239 [taskScheduler-6] WARN  c.q.federated.service.FederatedCoordinatorService - Node 111 marked as inactive due to heartbeat timeout
2026-01-15 16:04:38.254 [taskScheduler-6] WARN  c.q.federated.service.FederatedCoordinatorService - Node 11 marked as inactive due to heartbeat timeout
2026-01-15 16:04:38.255 [taskScheduler-6] WARN  c.q.federated.service.FederatedCoordinatorService - Node 111 marked as inactive due to heartbeat timeout
2026-01-15 16:04:43.268 [taskScheduler-6] WARN  c.q.federated.service.FederatedCoordinatorService - Node 11 marked as inactive due to heartbeat timeout
2026-01-15 16:04:43.269 [taskScheduler-6] WARN  c.q.federated.service.FederatedCoordinatorService - Node 111 marked as inactive due to heartbeat timeout
2026-01-15 16:04:48.276 [taskScheduler-6] WARN  c.q.federated.service.FederatedCoordinatorService - Node 11 marked as inactive due to heartbeat timeout
2026-01-15 16:04:48.277 [taskScheduler-6] WARN  c.q.federated.service.FederatedCoordinatorService - Node 111 marked as inactive due to heartbeat timeout
2026-01-15 16:04:53.288 [taskScheduler-6] WARN  c.q.federated.service.FederatedCoordinatorService - Node 11 marked as inactive due to heartbeat timeout
2026-01-15 16:04:53.289 [taskScheduler-6] WARN  c.q.federated.service.FederatedCoordinatorService - Node 111 marked as inactive due to heartbeat timeout
2026-01-15 16:04:58.305 [taskScheduler-6] WARN  c.q.federated.service.FederatedCoordinatorService - Node 11 marked as inactive due to heartbeat timeout
2026-01-15 16:04:58.305 [taskScheduler-6] WARN  c.q.federated.service.FederatedCoordinatorService - Node 111 marked as inactive due to heartbeat timeout
2026-01-15 16:05:03.324 [taskScheduler-6] WARN  c.q.federated.service.FederatedCoordinatorService - Node 11 marked as inactive due to heartbeat timeout
2026-01-15 16:05:03.325 [taskScheduler-6] WARN  c.q.federated.service.FederatedCoordinatorService - Node 111 marked as inactive due to heartbeat timeout
2026-01-15 16:05:08.334 [taskScheduler-6] WARN  c.q.federated.service.FederatedCoordinatorService - Node 11 marked as inactive due to heartbeat timeout
2026-01-15 16:05:08.335 [taskScheduler-6] WARN  c.q.federated.service.FederatedCoordinatorService - Node 111 marked as inactive due to heartbeat timeout
2026-01-15 16:05:13.355 [taskScheduler-6] WARN  c.q.federated.service.FederatedCoordinatorService - Node 11 marked as inactive due to heartbeat timeout
2026-01-15 16:05:13.355 [taskScheduler-6] WARN  c.q.federated.service.FederatedCoordinatorService - Node 111 marked as inactive due to heartbeat timeout
2026-01-15 16:05:18.373 [taskScheduler-6] WARN  c.q.federated.service.FederatedCoordinatorService - Node 11 marked as inactive due to heartbeat timeout
2026-01-15 16:05:18.373 [taskScheduler-6] WARN  c.q.federated.service.FederatedCoordinatorService - Node 111 marked as inactive due to heartbeat timeout
2026-01-15 16:05:23.381 [taskScheduler-6] WARN  c.q.federated.service.FederatedCoordinatorService - Node 11 marked as inactive due to heartbeat timeout
2026-01-15 16:05:23.381 [taskScheduler-6] WARN  c.q.federated.service.FederatedCoordinatorService - Node 111 marked as inactive due to heartbeat timeout
2026-01-15 16:05:28.388 [taskScheduler-6] WARN  c.q.federated.service.FederatedCoordinatorService - Node 11 marked as inactive due to heartbeat timeout
2026-01-15 16:05:28.388 [taskScheduler-6] WARN  c.q.federated.service.FederatedCoordinatorService - Node 111 marked as inactive due to heartbeat timeout
2026-01-15 16:05:33.398 [taskScheduler-6] WARN  c.q.federated.service.FederatedCoordinatorService - Node 11 marked as inactive due to heartbeat timeout
2026-01-15 16:05:33.404 [taskScheduler-6] WARN  c.q.federated.service.FederatedCoordinatorService - Node 111 marked as inactive due to heartbeat timeout
2026-01-15 16:05:38.415 [taskScheduler-3] WARN  c.q.federated.service.FederatedCoordinatorService - Node 11 marked as inactive due to heartbeat timeout
2026-01-15 16:05:38.415 [taskScheduler-3] WARN  c.q.federated.service.FederatedCoordinatorService - Node 111 marked as inactive due to heartbeat timeout
2026-01-15 16:05:43.420 [taskScheduler-3] WARN  c.q.federated.service.FederatedCoordinatorService - Node 11 marked as inactive due to heartbeat timeout
2026-01-15 16:05:43.420 [taskScheduler-3] WARN  c.q.federated.service.FederatedCoordinatorService - Node 111 marked as inactive due to heartbeat timeout
2026-01-15 16:05:48.431 [taskScheduler-3] WARN  c.q.federated.service.FederatedCoordinatorService - Node 11 marked as inactive due to heartbeat timeout
2026-01-15 16:05:48.431 [taskScheduler-3] WARN  c.q.federated.service.FederatedCoordinatorService - Node 111 marked as inactive due to heartbeat timeout
2026-01-15 16:05:53.440 [taskScheduler-3] WARN  c.q.federated.service.FederatedCoordinatorService - Node 11 marked as inactive due to heartbeat timeout
2026-01-15 16:05:53.440 [taskScheduler-3] WARN  c.q.federated.service.FederatedCoordinatorService - Node 111 marked as inactive due to heartbeat timeout
2026-01-15 16:05:58.453 [taskScheduler-3] WARN  c.q.federated.service.FederatedCoordinatorService - Node 11 marked as inactive due to heartbeat timeout
2026-01-15 16:05:58.453 [taskScheduler-3] WARN  c.q.federated.service.FederatedCoordinatorService - Node 111 marked as inactive due to heartbeat timeout
2026-01-15 16:06:03.468 [taskScheduler-3] WARN  c.q.federated.service.FederatedCoordinatorService - Node 11 marked as inactive due to heartbeat timeout
2026-01-15 16:06:03.469 [taskScheduler-3] WARN  c.q.federated.service.FederatedCoordinatorService - Node 111 marked as inactive due to heartbeat timeout
2026-01-15 16:06:08.487 [taskScheduler-3] WARN  c.q.federated.service.FederatedCoordinatorService - Node 11 marked as inactive due to heartbeat timeout
2026-01-15 16:06:08.487 [taskScheduler-3] WARN  c.q.federated.service.FederatedCoordinatorService - Node 111 marked as inactive due to heartbeat timeout
2026-01-15 16:06:13.496 [taskScheduler-3] WARN  c.q.federated.service.FederatedCoordinatorService - Node 11 marked as inactive due to heartbeat timeout
2026-01-15 16:06:13.497 [taskScheduler-3] WARN  c.q.federated.service.FederatedCoordinatorService - Node 111 marked as inactive due to heartbeat timeout
2026-01-15 16:06:18.503 [taskScheduler-3] WARN  c.q.federated.service.FederatedCoordinatorService - Node 11 marked as inactive due to heartbeat timeout
2026-01-15 16:06:18.503 [taskScheduler-3] WARN  c.q.federated.service.FederatedCoordinatorService - Node 111 marked as inactive due to heartbeat timeout
2026-01-15 16:06:23.520 [taskScheduler-3] WARN  c.q.federated.service.FederatedCoordinatorService - Node 11 marked as inactive due to heartbeat timeout
2026-01-15 16:06:23.520 [taskScheduler-3] WARN  c.q.federated.service.FederatedCoordinatorService - Node 111 marked as inactive due to heartbeat timeout
2026-01-15 16:06:28.528 [taskScheduler-3] WARN  c.q.federated.service.FederatedCoordinatorService - Node 11 marked as inactive due to heartbeat timeout
2026-01-15 16:06:28.529 [taskScheduler-3] WARN  c.q.federated.service.FederatedCoordinatorService - Node 111 marked as inactive due to heartbeat timeout
2026-01-15 16:06:33.537 [taskScheduler-3] WARN  c.q.federated.service.FederatedCoordinatorService - Node 11 marked as inactive due to heartbeat timeout
2026-01-15 16:06:33.538 [taskScheduler-3] WARN  c.q.federated.service.FederatedCoordinatorService - Node 111 marked as inactive due to heartbeat timeout
2026-01-15 16:06:38.546 [taskScheduler-3] WARN  c.q.federated.service.FederatedCoordinatorService - Node 11 marked as inactive due to heartbeat timeout
2026-01-15 16:06:38.546 [taskScheduler-3] WARN  c.q.federated.service.FederatedCoordinatorService - Node 111 marked as inactive due to heartbeat timeout
2026-01-15 16:06:43.560 [taskScheduler-3] WARN  c.q.federated.service.FederatedCoordinatorService - Node 11 marked as inactive due to heartbeat timeout
2026-01-15 16:06:43.561 [taskScheduler-3] WARN  c.q.federated.service.FederatedCoordinatorService - Node 111 marked as inactive due to heartbeat timeout
2026-01-15 16:06:48.569 [taskScheduler-3] WARN  c.q.federated.service.FederatedCoordinatorService - Node 11 marked as inactive due to heartbeat timeout
2026-01-15 16:06:48.569 [taskScheduler-3] WARN  c.q.federated.service.FederatedCoordinatorService - Node 111 marked as inactive due to heartbeat timeout
2026-01-15 16:06:53.577 [taskScheduler-3] WARN  c.q.federated.service.FederatedCoordinatorService - Node 11 marked as inactive due to heartbeat timeout
2026-01-15 16:06:53.578 [taskScheduler-3] WARN  c.q.federated.service.FederatedCoordinatorService - Node 111 marked as inactive due to heartbeat timeout
2026-01-15 16:06:58.587 [taskScheduler-3] WARN  c.q.federated.service.FederatedCoordinatorService - Node 11 marked as inactive due to heartbeat timeout
2026-01-15 16:06:58.587 [taskScheduler-3] WARN  c.q.federated.service.FederatedCoordinatorService - Node 111 marked as inactive due to heartbeat timeout
2026-01-15 16:07:03.598 [taskScheduler-3] WARN  c.q.federated.service.FederatedCoordinatorService - Node 11 marked as inactive due to heartbeat timeout
2026-01-15 16:07:03.599 [taskScheduler-3] WARN  c.q.federated.service.FederatedCoordinatorService - Node 111 marked as inactive due to heartbeat timeout
2026-01-15 16:07:08.618 [taskScheduler-3] WARN  c.q.federated.service.FederatedCoordinatorService - Node 11 marked as inactive due to heartbeat timeout
2026-01-15 16:07:08.619 [taskScheduler-3] WARN  c.q.federated.service.FederatedCoordinatorService - Node 111 marked as inactive due to heartbeat timeout
2026-01-15 16:07:13.632 [taskScheduler-3] WARN  c.q.federated.service.FederatedCoordinatorService - Node 11 marked as inactive due to heartbeat timeout
2026-01-15 16:07:13.633 [taskScheduler-3] WARN  c.q.federated.service.FederatedCoordinatorService - Node 111 marked as inactive due to heartbeat timeout
2026-01-15 16:07:18.641 [taskScheduler-3] WARN  c.q.federated.service.FederatedCoordinatorService - Node 11 marked as inactive due to heartbeat timeout
2026-01-15 16:07:18.641 [taskScheduler-3] WARN  c.q.federated.service.FederatedCoordinatorService - Node 111 marked as inactive due to heartbeat timeout
2026-01-15 16:07:23.658 [taskScheduler-3] WARN  c.q.federated.service.FederatedCoordinatorService - Node 11 marked as inactive due to heartbeat timeout
2026-01-15 16:07:23.658 [taskScheduler-3] WARN  c.q.federated.service.FederatedCoordinatorService - Node 111 marked as inactive due to heartbeat timeout
2026-01-15 16:07:28.667 [taskScheduler-3] WARN  c.q.federated.service.FederatedCoordinatorService - Node 11 marked as inactive due to heartbeat timeout
2026-01-15 16:07:28.667 [taskScheduler-3] WARN  c.q.federated.service.FederatedCoordinatorService - Node 111 marked as inactive due to heartbeat timeout
2026-01-15 16:07:33.675 [taskScheduler-3] WARN  c.q.federated.service.FederatedCoordinatorService - Node 11 marked as inactive due to heartbeat timeout
2026-01-15 16:07:33.676 [taskScheduler-3] WARN  c.q.federated.service.FederatedCoordinatorService - Node 111 marked as inactive due to heartbeat timeout
2026-01-15 16:07:38.684 [taskScheduler-3] WARN  c.q.federated.service.FederatedCoordinatorService - Node 11 marked as inactive due to heartbeat timeout
2026-01-15 16:07:38.685 [taskScheduler-3] WARN  c.q.federated.service.FederatedCoordinatorService - Node 111 marked as inactive due to heartbeat timeout
2026-01-15 16:07:43.695 [taskScheduler-3] WARN  c.q.federated.service.FederatedCoordinatorService - Node 11 marked as inactive due to heartbeat timeout
2026-01-15 16:07:43.696 [taskScheduler-3] WARN  c.q.federated.service.FederatedCoordinatorService - Node 111 marked as inactive due to heartbeat timeout
2026-01-15 16:07:48.701 [taskScheduler-3] WARN  c.q.federated.service.FederatedCoordinatorService - Node 11 marked as inactive due to heartbeat timeout
2026-01-15 16:07:48.701 [taskScheduler-3] WARN  c.q.federated.service.FederatedCoordinatorService - Node 111 marked as inactive due to heartbeat timeout
2026-01-15 16:07:53.716 [taskScheduler-3] WARN  c.q.federated.service.FederatedCoordinatorService - Node 11 marked as inactive due to heartbeat timeout
2026-01-15 16:07:53.716 [taskScheduler-3] WARN  c.q.federated.service.FederatedCoordinatorService - Node 111 marked as inactive due to heartbeat timeout
2026-01-15 16:07:58.722 [taskScheduler-3] WARN  c.q.federated.service.FederatedCoordinatorService - Node 11 marked as inactive due to heartbeat timeout
2026-01-15 16:07:58.722 [taskScheduler-3] WARN  c.q.federated.service.FederatedCoordinatorService - Node 111 marked as inactive due to heartbeat timeout
2026-01-15 16:08:03.733 [taskScheduler-3] WARN  c.q.federated.service.FederatedCoordinatorService - Node 11 marked as inactive due to heartbeat timeout
2026-01-15 16:08:03.734 [taskScheduler-3] WARN  c.q.federated.service.FederatedCoordinatorService - Node 111 marked as inactive due to heartbeat timeout
2026-01-15 16:08:08.747 [taskScheduler-3] WARN  c.q.federated.service.FederatedCoordinatorService - Node 11 marked as inactive due to heartbeat timeout
2026-01-15 16:08:08.748 [taskScheduler-3] WARN  c.q.federated.service.FederatedCoordinatorService - Node 111 marked as inactive due to heartbeat timeout
2026-01-15 16:08:13.755 [taskScheduler-3] WARN  c.q.federated.service.FederatedCoordinatorService - Node 11 marked as inactive due to heartbeat timeout
2026-01-15 16:08:13.756 [taskScheduler-3] WARN  c.q.federated.service.FederatedCoordinatorService - Node 111 marked as inactive due to heartbeat timeout
2026-01-15 16:08:18.763 [taskScheduler-3] WARN  c.q.federated.service.FederatedCoordinatorService - Node 11 marked as inactive due to heartbeat timeout
2026-01-15 16:08:18.764 [taskScheduler-3] WARN  c.q.federated.service.FederatedCoordinatorService - Node 111 marked as inactive due to heartbeat timeout
2026-01-15 16:08:23.776 [taskScheduler-3] WARN  c.q.federated.service.FederatedCoordinatorService - Node 11 marked as inactive due to heartbeat timeout
2026-01-15 16:08:23.777 [taskScheduler-3] WARN  c.q.federated.service.FederatedCoordinatorService - Node 111 marked as inactive due to heartbeat timeout
2026-01-15 16:08:28.790 [taskScheduler-3] WARN  c.q.federated.service.FederatedCoordinatorService - Node 11 marked as inactive due to heartbeat timeout
2026-01-15 16:08:28.791 [taskScheduler-3] WARN  c.q.federated.service.FederatedCoordinatorService - Node 111 marked as inactive due to heartbeat timeout
2026-01-15 16:08:33.796 [taskScheduler-3] WARN  c.q.federated.service.FederatedCoordinatorService - Node 11 marked as inactive due to heartbeat timeout
2026-01-15 16:08:33.797 [taskScheduler-3] WARN  c.q.federated.service.FederatedCoordinatorService - Node 111 marked as inactive due to heartbeat timeout
2026-01-15 16:08:38.806 [taskScheduler-3] WARN  c.q.federated.service.FederatedCoordinatorService - Node 11 marked as inactive due to heartbeat timeout
2026-01-15 16:08:38.807 [taskScheduler-3] WARN  c.q.federated.service.FederatedCoordinatorService - Node 111 marked as inactive due to heartbeat timeout
2026-01-15 16:08:43.814 [taskScheduler-3] WARN  c.q.federated.service.FederatedCoordinatorService - Node 11 marked as inactive due to heartbeat timeout
2026-01-15 16:08:43.815 [taskScheduler-3] WARN  c.q.federated.service.FederatedCoordinatorService - Node 111 marked as inactive due to heartbeat timeout
2026-01-15 16:08:48.829 [taskScheduler-3] WARN  c.q.federated.service.FederatedCoordinatorService - Node 11 marked as inactive due to heartbeat timeout
2026-01-15 16:08:48.829 [taskScheduler-3] WARN  c.q.federated.service.FederatedCoordinatorService - Node 111 marked as inactive due to heartbeat timeout
2026-01-15 16:08:53.833 [taskScheduler-3] WARN  c.q.federated.service.FederatedCoordinatorService - Node 11 marked as inactive due to heartbeat timeout
2026-01-15 16:08:53.833 [taskScheduler-3] WARN  c.q.federated.service.FederatedCoordinatorService - Node 111 marked as inactive due to heartbeat timeout
2026-01-15 16:08:58.848 [taskScheduler-3] WARN  c.q.federated.service.FederatedCoordinatorService - Node 11 marked as inactive due to heartbeat timeout
2026-01-15 16:08:58.849 [taskScheduler-3] WARN  c.q.federated.service.FederatedCoordinatorService - Node 111 marked as inactive due to heartbeat timeout
2026-01-15 16:09:03.869 [taskScheduler-3] WARN  c.q.federated.service.FederatedCoordinatorService - Node 11 marked as inactive due to heartbeat timeout
2026-01-15 16:09:03.870 [taskScheduler-3] WARN  c.q.federated.service.FederatedCoordinatorService - Node 111 marked as inactive due to heartbeat timeout
2026-01-15 16:09:08.880 [taskScheduler-3] WARN  c.q.federated.service.FederatedCoordinatorService - Node 11 marked as inactive due to heartbeat timeout
2026-01-15 16:09:08.881 [taskScheduler-3] WARN  c.q.federated.service.FederatedCoordinatorService - Node 111 marked as inactive due to heartbeat timeout
2026-01-15 16:09:13.899 [taskScheduler-3] WARN  c.q.federated.service.FederatedCoordinatorService - Node 11 marked as inactive due to heartbeat timeout
2026-01-15 16:09:13.899 [taskScheduler-3] WARN  c.q.federated.service.FederatedCoordinatorService - Node 111 marked as inactive due to heartbeat timeout
2026-01-15 16:09:18.915 [taskScheduler-3] WARN  c.q.federated.service.FederatedCoordinatorService - Node 11 marked as inactive due to heartbeat timeout
2026-01-15 16:09:18.915 [taskScheduler-3] WARN  c.q.federated.service.FederatedCoordinatorService - Node 111 marked as inactive due to heartbeat timeout
2026-01-15 16:09:23.922 [taskScheduler-3] WARN  c.q.federated.service.FederatedCoordinatorService - Node 11 marked as inactive due to heartbeat timeout
2026-01-15 16:09:23.923 [taskScheduler-3] WARN  c.q.federated.service.FederatedCoordinatorService - Node 111 marked as inactive due to heartbeat timeout
2026-01-15 16:09:28.931 [taskScheduler-3] WARN  c.q.federated.service.FederatedCoordinatorService - Node 11 marked as inactive due to heartbeat timeout
2026-01-15 16:09:28.931 [taskScheduler-3] WARN  c.q.federated.service.FederatedCoordinatorService - Node 111 marked as inactive due to heartbeat timeout
2026-01-15 16:09:33.947 [taskScheduler-3] WARN  c.q.federated.service.FederatedCoordinatorService - Node 11 marked as inactive due to heartbeat timeout
2026-01-15 16:09:33.949 [taskScheduler-3] WARN  c.q.federated.service.FederatedCoordinatorService - Node 111 marked as inactive due to heartbeat timeout
2026-01-15 16:09:38.960 [taskScheduler-3] WARN  c.q.federated.service.FederatedCoordinatorService - Node 11 marked as inactive due to heartbeat timeout
2026-01-15 16:09:38.960 [taskScheduler-3] WARN  c.q.federated.service.FederatedCoordinatorService - Node 111 marked as inactive due to heartbeat timeout
2026-01-15 16:09:43.973 [taskScheduler-3] WARN  c.q.federated.service.FederatedCoordinatorService - Node 11 marked as inactive due to heartbeat timeout
2026-01-15 16:09:43.974 [taskScheduler-3] WARN  c.q.federated.service.FederatedCoordinatorService - Node 111 marked as inactive due to heartbeat timeout
2026-01-15 16:09:48.993 [taskScheduler-3] WARN  c.q.federated.service.FederatedCoordinatorService - Node 11 marked as inactive due to heartbeat timeout
2026-01-15 16:09:48.994 [taskScheduler-3] WARN  c.q.federated.service.FederatedCoordinatorService - Node 111 marked as inactive due to heartbeat timeout
2026-01-15 16:09:54.006 [taskScheduler-3] WARN  c.q.federated.service.FederatedCoordinatorService - Node 11 marked as inactive due to heartbeat timeout
2026-01-15 16:09:54.006 [taskScheduler-3] WARN  c.q.federated.service.FederatedCoordinatorService - Node 111 marked as inactive due to heartbeat timeout
2026-01-15 16:09:59.020 [taskScheduler-3] WARN  c.q.federated.service.FederatedCoordinatorService - Node 11 marked as inactive due to heartbeat timeout
2026-01-15 16:09:59.020 [taskScheduler-3] WARN  c.q.federated.service.FederatedCoordinatorService - Node 111 marked as inactive due to heartbeat timeout
2026-01-15 16:10:04.026 [taskScheduler-3] WARN  c.q.federated.service.FederatedCoordinatorService - Node 11 marked as inactive due to heartbeat timeout
2026-01-15 16:10:04.027 [taskScheduler-3] WARN  c.q.federated.service.FederatedCoordinatorService - Node 111 marked as inactive due to heartbeat timeout
2026-01-15 16:10:09.032 [taskScheduler-3] WARN  c.q.federated.service.FederatedCoordinatorService - Node 11 marked as inactive due to heartbeat timeout
2026-01-15 16:10:09.032 [taskScheduler-3] WARN  c.q.federated.service.FederatedCoordinatorService - Node 111 marked as inactive due to heartbeat timeout
2026-01-15 16:10:14.044 [taskScheduler-3] WARN  c.q.federated.service.FederatedCoordinatorService - Node 11 marked as inactive due to heartbeat timeout
2026-01-15 16:10:14.045 [taskScheduler-3] WARN  c.q.federated.service.FederatedCoordinatorService - Node 111 marked as inactive due to heartbeat timeout
2026-01-15 16:10:19.063 [taskScheduler-3] WARN  c.q.federated.service.FederatedCoordinatorService - Node 11 marked as inactive due to heartbeat timeout
2026-01-15 16:10:19.063 [taskScheduler-3] WARN  c.q.federated.service.FederatedCoordinatorService - Node 111 marked as inactive due to heartbeat timeout
2026-01-15 16:10:24.080 [taskScheduler-3] WARN  c.q.federated.service.FederatedCoordinatorService - Node 11 marked as inactive due to heartbeat timeout
2026-01-15 16:10:24.080 [taskScheduler-3] WARN  c.q.federated.service.FederatedCoordinatorService - Node 111 marked as inactive due to heartbeat timeout
2026-01-15 16:10:29.088 [taskScheduler-3] WARN  c.q.federated.service.FederatedCoordinatorService - Node 11 marked as inactive due to heartbeat timeout
2026-01-15 16:10:29.089 [taskScheduler-3] WARN  c.q.federated.service.FederatedCoordinatorService - Node 111 marked as inactive due to heartbeat timeout
2026-01-15 16:10:34.096 [taskScheduler-3] WARN  c.q.federated.service.FederatedCoordinatorService - Node 11 marked as inactive due to heartbeat timeout
2026-01-15 16:10:34.097 [taskScheduler-3] WARN  c.q.federated.service.FederatedCoordinatorService - Node 111 marked as inactive due to heartbeat timeout
2026-01-15 16:10:39.112 [taskScheduler-3] WARN  c.q.federated.service.FederatedCoordinatorService - Node 11 marked as inactive due to heartbeat timeout
2026-01-15 16:10:39.113 [taskScheduler-3] WARN  c.q.federated.service.FederatedCoordinatorService - Node 111 marked as inactive due to heartbeat timeout
2026-01-15 16:10:44.129 [taskScheduler-3] WARN  c.q.federated.service.FederatedCoordinatorService - Node 11 marked as inactive due to heartbeat timeout
2026-01-15 16:10:44.129 [taskScheduler-3] WARN  c.q.federated.service.FederatedCoordinatorService - Node 111 marked as inactive due to heartbeat timeout
2026-01-15 16:10:49.148 [taskScheduler-3] WARN  c.q.federated.service.FederatedCoordinatorService - Node 11 marked as inactive due to heartbeat timeout
2026-01-15 16:10:49.148 [taskScheduler-3] WARN  c.q.federated.service.FederatedCoordinatorService - Node 111 marked as inactive due to heartbeat timeout
2026-01-15 16:10:54.162 [taskScheduler-3] WARN  c.q.federated.service.FederatedCoordinatorService - Node 11 marked as inactive due to heartbeat timeout
2026-01-15 16:10:54.163 [taskScheduler-3] WARN  c.q.federated.service.FederatedCoordinatorService - Node 111 marked as inactive due to heartbeat timeout
2026-01-15 16:10:59.178 [taskScheduler-3] WARN  c.q.federated.service.FederatedCoordinatorService - Node 11 marked as inactive due to heartbeat timeout
2026-01-15 16:10:59.179 [taskScheduler-3] WARN  c.q.federated.service.FederatedCoordinatorService - Node 111 marked as inactive due to heartbeat timeout
2026-01-15 16:11:04.194 [taskScheduler-3] WARN  c.q.federated.service.FederatedCoordinatorService - Node 11 marked as inactive due to heartbeat timeout
2026-01-15 16:11:04.195 [taskScheduler-3] WARN  c.q.federated.service.FederatedCoordinatorService - Node 111 marked as inactive due to heartbeat timeout
2026-01-15 16:11:09.201 [taskScheduler-3] WARN  c.q.federated.service.FederatedCoordinatorService - Node 11 marked as inactive due to heartbeat timeout
2026-01-15 16:11:09.201 [taskScheduler-3] WARN  c.q.federated.service.FederatedCoordinatorService - Node 111 marked as inactive due to heartbeat timeout
2026-01-15 16:11:14.211 [taskScheduler-3] WARN  c.q.federated.service.FederatedCoordinatorService - Node 11 marked as inactive due to heartbeat timeout
2026-01-15 16:11:14.211 [taskScheduler-3] WARN  c.q.federated.service.FederatedCoordinatorService - Node 111 marked as inactive due to heartbeat timeout
2026-01-15 16:11:19.226 [taskScheduler-3] WARN  c.q.federated.service.FederatedCoordinatorService - Node 11 marked as inactive due to heartbeat timeout
2026-01-15 16:11:19.226 [taskScheduler-3] WARN  c.q.federated.service.FederatedCoordinatorService - Node 111 marked as inactive due to heartbeat timeout
2026-01-15 16:11:24.233 [taskScheduler-3] WARN  c.q.federated.service.FederatedCoordinatorService - Node 11 marked as inactive due to heartbeat timeout
2026-01-15 16:11:24.233 [taskScheduler-3] WARN  c.q.federated.service.FederatedCoordinatorService - Node 111 marked as inactive due to heartbeat timeout
2026-01-15 16:11:29.243 [taskScheduler-3] WARN  c.q.federated.service.FederatedCoordinatorService - Node 11 marked as inactive due to heartbeat timeout
2026-01-15 16:11:29.244 [taskScheduler-3] WARN  c.q.federated.service.FederatedCoordinatorService - Node 111 marked as inactive due to heartbeat timeout
2026-01-15 16:11:34.251 [taskScheduler-3] WARN  c.q.federated.service.FederatedCoordinatorService - Node 11 marked as inactive due to heartbeat timeout
2026-01-15 16:11:34.252 [taskScheduler-3] WARN  c.q.federated.service.FederatedCoordinatorService - Node 111 marked as inactive due to heartbeat timeout
2026-01-15 16:11:39.265 [taskScheduler-3] WARN  c.q.federated.service.FederatedCoordinatorService - Node 11 marked as inactive due to heartbeat timeout
2026-01-15 16:11:39.266 [taskScheduler-3] WARN  c.q.federated.service.FederatedCoordinatorService - Node 111 marked as inactive due to heartbeat timeout
2026-01-15 16:11:44.277 [taskScheduler-3] WARN  c.q.federated.service.FederatedCoordinatorService - Node 11 marked as inactive due to heartbeat timeout
2026-01-15 16:11:44.278 [taskScheduler-3] WARN  c.q.federated.service.FederatedCoordinatorService - Node 111 marked as inactive due to heartbeat timeout
2026-01-15 16:11:49.288 [taskScheduler-3] WARN  c.q.federated.service.FederatedCoordinatorService - Node 11 marked as inactive due to heartbeat timeout
2026-01-15 16:11:49.289 [taskScheduler-3] WARN  c.q.federated.service.FederatedCoordinatorService - Node 111 marked as inactive due to heartbeat timeout
2026-01-15 16:11:54.306 [taskScheduler-3] WARN  c.q.federated.service.FederatedCoordinatorService - Node 11 marked as inactive due to heartbeat timeout
2026-01-15 16:11:54.307 [taskScheduler-3] WARN  c.q.federated.service.FederatedCoordinatorService - Node 111 marked as inactive due to heartbeat timeout
2026-01-15 16:11:59.312 [taskScheduler-3] WARN  c.q.federated.service.FederatedCoordinatorService - Node 11 marked as inactive due to heartbeat timeout
2026-01-15 16:11:59.312 [taskScheduler-3] WARN  c.q.federated.service.FederatedCoordinatorService - Node 111 marked as inactive due to heartbeat timeout
2026-01-15 16:12:04.327 [taskScheduler-3] WARN  c.q.federated.service.FederatedCoordinatorService - Node 11 marked as inactive due to heartbeat timeout
2026-01-15 16:12:04.328 [taskScheduler-3] WARN  c.q.federated.service.FederatedCoordinatorService - Node 111 marked as inactive due to heartbeat timeout
2026-01-15 16:12:09.343 [taskScheduler-3] WARN  c.q.federated.service.FederatedCoordinatorService - Node 11 marked as inactive due to heartbeat timeout
2026-01-15 16:12:09.344 [taskScheduler-3] WARN  c.q.federated.service.FederatedCoordinatorService - Node 111 marked as inactive due to heartbeat timeout
2026-01-15 16:12:14.362 [taskScheduler-3] WARN  c.q.federated.service.FederatedCoordinatorService - Node 11 marked as inactive due to heartbeat timeout
2026-01-15 16:12:14.362 [taskScheduler-3] WARN  c.q.federated.service.FederatedCoordinatorService - Node 111 marked as inactive due to heartbeat timeout
2026-01-15 16:12:19.377 [taskScheduler-3] WARN  c.q.federated.service.FederatedCoordinatorService - Node 11 marked as inactive due to heartbeat timeout
2026-01-15 16:12:19.377 [taskScheduler-3] WARN  c.q.federated.service.FederatedCoordinatorService - Node 111 marked as inactive due to heartbeat timeout
2026-01-15 16:12:24.394 [taskScheduler-3] WARN  c.q.federated.service.FederatedCoordinatorService - Node 11 marked as inactive due to heartbeat timeout
2026-01-15 16:12:24.394 [taskScheduler-3] WARN  c.q.federated.service.FederatedCoordinatorService - Node 111 marked as inactive due to heartbeat timeout
2026-01-15 16:12:29.412 [taskScheduler-3] WARN  c.q.federated.service.FederatedCoordinatorService - Node 11 marked as inactive due to heartbeat timeout
2026-01-15 16:12:29.413 [taskScheduler-3] WARN  c.q.federated.service.FederatedCoordinatorService - Node 111 marked as inactive due to heartbeat timeout
2026-01-15 16:12:34.425 [taskScheduler-3] WARN  c.q.federated.service.FederatedCoordinatorService - Node 11 marked as inactive due to heartbeat timeout
2026-01-15 16:12:34.426 [taskScheduler-3] WARN  c.q.federated.service.FederatedCoordinatorService - Node 111 marked as inactive due to heartbeat timeout
2026-01-15 16:12:39.443 [taskScheduler-3] WARN  c.q.federated.service.FederatedCoordinatorService - Node 11 marked as inactive due to heartbeat timeout
2026-01-15 16:12:39.443 [taskScheduler-3] WARN  c.q.federated.service.FederatedCoordinatorService - Node 111 marked as inactive due to heartbeat timeout
2026-01-15 16:12:44.458 [taskScheduler-3] WARN  c.q.federated.service.FederatedCoordinatorService - Node 11 marked as inactive due to heartbeat timeout
2026-01-15 16:12:44.460 [taskScheduler-3] WARN  c.q.federated.service.FederatedCoordinatorService - Node 111 marked as inactive due to heartbeat timeout
2026-01-15 16:12:49.469 [taskScheduler-3] WARN  c.q.federated.service.FederatedCoordinatorService - Node 11 marked as inactive due to heartbeat timeout
2026-01-15 16:12:49.470 [taskScheduler-3] WARN  c.q.federated.service.FederatedCoordinatorService - Node 111 marked as inactive due to heartbeat timeout
2026-01-15 16:12:54.478 [taskScheduler-3] WARN  c.q.federated.service.FederatedCoordinatorService - Node 11 marked as inactive due to heartbeat timeout
2026-01-15 16:12:54.478 [taskScheduler-3] WARN  c.q.federated.service.FederatedCoordinatorService - Node 111 marked as inactive due to heartbeat timeout
2026-01-15 16:12:59.488 [taskScheduler-3] WARN  c.q.federated.service.FederatedCoordinatorService - Node 11 marked as inactive due to heartbeat timeout
2026-01-15 16:12:59.489 [taskScheduler-3] WARN  c.q.federated.service.FederatedCoordinatorService - Node 111 marked as inactive due to heartbeat timeout
2026-01-15 16:13:04.503 [taskScheduler-3] WARN  c.q.federated.service.FederatedCoordinatorService - Node 11 marked as inactive due to heartbeat timeout
2026-01-15 16:13:04.503 [taskScheduler-3] WARN  c.q.federated.service.FederatedCoordinatorService - Node 111 marked as inactive due to heartbeat timeout
2026-01-15 16:13:09.510 [taskScheduler-3] WARN  c.q.federated.service.FederatedCoordinatorService - Node 11 marked as inactive due to heartbeat timeout
2026-01-15 16:13:09.510 [taskScheduler-3] WARN  c.q.federated.service.FederatedCoordinatorService - Node 111 marked as inactive due to heartbeat timeout
2026-01-15 16:13:14.519 [taskScheduler-3] WARN  c.q.federated.service.FederatedCoordinatorService - Node 11 marked as inactive due to heartbeat timeout
2026-01-15 16:13:14.519 [taskScheduler-3] WARN  c.q.federated.service.FederatedCoordinatorService - Node 111 marked as inactive due to heartbeat timeout
2026-01-15 16:13:19.524 [taskScheduler-3] WARN  c.q.federated.service.FederatedCoordinatorService - Node 11 marked as inactive due to heartbeat timeout
2026-01-15 16:13:19.525 [taskScheduler-3] WARN  c.q.federated.service.FederatedCoordinatorService - Node 111 marked as inactive due to heartbeat timeout
2026-01-15 16:13:24.542 [taskScheduler-3] WARN  c.q.federated.service.FederatedCoordinatorService - Node 11 marked as inactive due to heartbeat timeout
2026-01-15 16:13:24.542 [taskScheduler-3] WARN  c.q.federated.service.FederatedCoordinatorService - Node 111 marked as inactive due to heartbeat timeout
2026-01-15 16:13:29.558 [taskScheduler-3] WARN  c.q.federated.service.FederatedCoordinatorService - Node 11 marked as inactive due to heartbeat timeout
2026-01-15 16:13:29.558 [taskScheduler-3] WARN  c.q.federated.service.FederatedCoordinatorService - Node 111 marked as inactive due to heartbeat timeout
2026-01-15 16:13:34.575 [taskScheduler-3] WARN  c.q.federated.service.FederatedCoordinatorService - Node 11 marked as inactive due to heartbeat timeout
2026-01-15 16:13:34.575 [taskScheduler-3] WARN  c.q.federated.service.FederatedCoordinatorService - Node 111 marked as inactive due to heartbeat timeout
2026-01-15 16:13:39.584 [taskScheduler-3] WARN  c.q.federated.service.FederatedCoordinatorService - Node 11 marked as inactive due to heartbeat timeout
2026-01-15 16:13:39.584 [taskScheduler-3] WARN  c.q.federated.service.FederatedCoordinatorService - Node 111 marked as inactive due to heartbeat timeout
2026-01-15 16:13:44.594 [taskScheduler-3] WARN  c.q.federated.service.FederatedCoordinatorService - Node 11 marked as inactive due to heartbeat timeout
2026-01-15 16:13:44.594 [taskScheduler-3] WARN  c.q.federated.service.FederatedCoordinatorService - Node 111 marked as inactive due to heartbeat timeout
2026-01-15 16:13:49.608 [taskScheduler-3] WARN  c.q.federated.service.FederatedCoordinatorService - Node 11 marked as inactive due to heartbeat timeout
2026-01-15 16:13:49.608 [taskScheduler-3] WARN  c.q.federated.service.FederatedCoordinatorService - Node 111 marked as inactive due to heartbeat timeout
2026-01-15 16:13:54.617 [taskScheduler-3] WARN  c.q.federated.service.FederatedCoordinatorService - Node 11 marked as inactive due to heartbeat timeout
2026-01-15 16:13:54.617 [taskScheduler-3] WARN  c.q.federated.service.FederatedCoordinatorService - Node 111 marked as inactive due to heartbeat timeout
2026-01-15 16:13:59.624 [taskScheduler-3] WARN  c.q.federated.service.FederatedCoordinatorService - Node 11 marked as inactive due to heartbeat timeout
2026-01-15 16:13:59.625 [taskScheduler-3] WARN  c.q.federated.service.FederatedCoordinatorService - Node 111 marked as inactive due to heartbeat timeout
2026-01-15 16:14:04.641 [taskScheduler-3] WARN  c.q.federated.service.FederatedCoordinatorService - Node 11 marked as inactive due to heartbeat timeout
2026-01-15 16:14:04.642 [taskScheduler-3] WARN  c.q.federated.service.FederatedCoordinatorService - Node 111 marked as inactive due to heartbeat timeout
2026-01-15 16:14:09.649 [taskScheduler-3] WARN  c.q.federated.service.FederatedCoordinatorService - Node 11 marked as inactive due to heartbeat timeout
2026-01-15 16:14:09.649 [taskScheduler-3] WARN  c.q.federated.service.FederatedCoordinatorService - Node 111 marked as inactive due to heartbeat timeout
2026-01-15 16:14:14.655 [taskScheduler-3] WARN  c.q.federated.service.FederatedCoordinatorService - Node 11 marked as inactive due to heartbeat timeout
2026-01-15 16:14:14.656 [taskScheduler-3] WARN  c.q.federated.service.FederatedCoordinatorService - Node 111 marked as inactive due to heartbeat timeout
2026-01-15 16:14:19.663 [taskScheduler-3] WARN  c.q.federated.service.FederatedCoordinatorService - Node 11 marked as inactive due to heartbeat timeout
2026-01-15 16:14:19.663 [taskScheduler-3] WARN  c.q.federated.service.FederatedCoordinatorService - Node 111 marked as inactive due to heartbeat timeout
2026-01-15 16:14:24.673 [taskScheduler-3] WARN  c.q.federated.service.FederatedCoordinatorService - Node 11 marked as inactive due to heartbeat timeout
2026-01-15 16:14:24.675 [taskScheduler-3] WARN  c.q.federated.service.FederatedCoordinatorService - Node 111 marked as inactive due to heartbeat timeout
2026-01-15 16:14:29.690 [taskScheduler-3] WARN  c.q.federated.service.FederatedCoordinatorService - Node 11 marked as inactive due to heartbeat timeout
2026-01-15 16:14:29.690 [taskScheduler-3] WARN  c.q.federated.service.FederatedCoordinatorService - Node 111 marked as inactive due to heartbeat timeout
2026-01-15 16:14:34.707 [taskScheduler-3] WARN  c.q.federated.service.FederatedCoordinatorService - Node 11 marked as inactive due to heartbeat timeout
2026-01-15 16:14:34.708 [taskScheduler-3] WARN  c.q.federated.service.FederatedCoordinatorService - Node 111 marked as inactive due to heartbeat timeout
2026-01-15 16:14:39.719 [taskScheduler-3] WARN  c.q.federated.service.FederatedCoordinatorService - Node 11 marked as inactive due to heartbeat timeout
2026-01-15 16:14:39.719 [taskScheduler-3] WARN  c.q.federated.service.FederatedCoordinatorService - Node 111 marked as inactive due to heartbeat timeout
2026-01-15 16:14:44.732 [taskScheduler-3] WARN  c.q.federated.service.FederatedCoordinatorService - Node 11 marked as inactive due to heartbeat timeout
2026-01-15 16:14:44.732 [taskScheduler-3] WARN  c.q.federated.service.FederatedCoordinatorService - Node 111 marked as inactive due to heartbeat timeout
2026-01-15 16:14:49.746 [taskScheduler-3] WARN  c.q.federated.service.FederatedCoordinatorService - Node 11 marked as inactive due to heartbeat timeout
2026-01-15 16:14:49.747 [taskScheduler-3] WARN  c.q.federated.service.FederatedCoordinatorService - Node 111 marked as inactive due to heartbeat timeout
2026-01-15 16:14:54.756 [taskScheduler-3] WARN  c.q.federated.service.FederatedCoordinatorService - Node 11 marked as inactive due to heartbeat timeout
2026-01-15 16:14:54.756 [taskScheduler-3] WARN  c.q.federated.service.FederatedCoordinatorService - Node 111 marked as inactive due to heartbeat timeout
2026-01-15 16:14:59.775 [taskScheduler-3] WARN  c.q.federated.service.FederatedCoordinatorService - Node 11 marked as inactive due to heartbeat timeout
2026-01-15 16:14:59.776 [taskScheduler-3] WARN  c.q.federated.service.FederatedCoordinatorService - Node 111 marked as inactive due to heartbeat timeout
2026-01-15 16:15:04.785 [taskScheduler-3] WARN  c.q.federated.service.FederatedCoordinatorService - Node 11 marked as inactive due to heartbeat timeout
2026-01-15 16:15:04.786 [taskScheduler-3] WARN  c.q.federated.service.FederatedCoordinatorService - Node 111 marked as inactive due to heartbeat timeout
2026-01-15 16:15:09.804 [taskScheduler-3] WARN  c.q.federated.service.FederatedCoordinatorService - Node 11 marked as inactive due to heartbeat timeout
2026-01-15 16:15:09.804 [taskScheduler-3] WARN  c.q.federated.service.FederatedCoordinatorService - Node 111 marked as inactive due to heartbeat timeout
2026-01-15 16:15:14.820 [taskScheduler-3] WARN  c.q.federated.service.FederatedCoordinatorService - Node 11 marked as inactive due to heartbeat timeout
2026-01-15 16:15:14.820 [taskScheduler-3] WARN  c.q.federated.service.FederatedCoordinatorService - Node 111 marked as inactive due to heartbeat timeout
2026-01-15 16:15:19.836 [taskScheduler-3] WARN  c.q.federated.service.FederatedCoordinatorService - Node 11 marked as inactive due to heartbeat timeout
2026-01-15 16:15:19.836 [taskScheduler-3] WARN  c.q.federated.service.FederatedCoordinatorService - Node 111 marked as inactive due to heartbeat timeout
2026-01-15 16:15:24.855 [taskScheduler-3] WARN  c.q.federated.service.FederatedCoordinatorService - Node 11 marked as inactive due to heartbeat timeout
2026-01-15 16:15:24.855 [taskScheduler-3] WARN  c.q.federated.service.FederatedCoordinatorService - Node 111 marked as inactive due to heartbeat timeout
2026-01-15 16:15:29.867 [taskScheduler-3] WARN  c.q.federated.service.FederatedCoordinatorService - Node 11 marked as inactive due to heartbeat timeout
2026-01-15 16:15:29.867 [taskScheduler-3] WARN  c.q.federated.service.FederatedCoordinatorService - Node 111 marked as inactive due to heartbeat timeout
2026-01-15 16:15:34.882 [taskScheduler-3] WARN  c.q.federated.service.FederatedCoordinatorService - Node 11 marked as inactive due to heartbeat timeout
2026-01-15 16:15:34.882 [taskScheduler-3] WARN  c.q.federated.service.FederatedCoordinatorService - Node 111 marked as inactive due to heartbeat timeout
2026-01-15 16:15:39.891 [taskScheduler-3] WARN  c.q.federated.service.FederatedCoordinatorService - Node 11 marked as inactive due to heartbeat timeout
2026-01-15 16:15:39.891 [taskScheduler-3] WARN  c.q.federated.service.FederatedCoordinatorService - Node 111 marked as inactive due to heartbeat timeout
2026-01-15 16:15:44.898 [taskScheduler-3] WARN  c.q.federated.service.FederatedCoordinatorService - Node 11 marked as inactive due to heartbeat timeout
2026-01-15 16:15:44.898 [taskScheduler-3] WARN  c.q.federated.service.FederatedCoordinatorService - Node 111 marked as inactive due to heartbeat timeout
2026-01-15 16:15:49.910 [taskScheduler-3] WARN  c.q.federated.service.FederatedCoordinatorService - Node 11 marked as inactive due to heartbeat timeout
2026-01-15 16:15:49.910 [taskScheduler-3] WARN  c.q.federated.service.FederatedCoordinatorService - Node 111 marked as inactive due to heartbeat timeout
2026-01-15 16:15:54.924 [taskScheduler-3] WARN  c.q.federated.service.FederatedCoordinatorService - Node 11 marked as inactive due to heartbeat timeout
2026-01-15 16:15:54.925 [taskScheduler-3] WARN  c.q.federated.service.FederatedCoordinatorService - Node 111 marked as inactive due to heartbeat timeout
2026-01-15 16:15:59.937 [taskScheduler-3] WARN  c.q.federated.service.FederatedCoordinatorService - Node 11 marked as inactive due to heartbeat timeout
2026-01-15 16:15:59.937 [taskScheduler-3] WARN  c.q.federated.service.FederatedCoordinatorService - Node 111 marked as inactive due to heartbeat timeout
2026-01-15 16:16:04.954 [taskScheduler-3] WARN  c.q.federated.service.FederatedCoordinatorService - Node 11 marked as inactive due to heartbeat timeout
2026-01-15 16:16:04.955 [taskScheduler-3] WARN  c.q.federated.service.FederatedCoordinatorService - Node 111 marked as inactive due to heartbeat timeout
2026-01-15 16:16:09.964 [taskScheduler-3] WARN  c.q.federated.service.FederatedCoordinatorService - Node 11 marked as inactive due to heartbeat timeout
2026-01-15 16:16:09.965 [taskScheduler-3] WARN  c.q.federated.service.FederatedCoordinatorService - Node 111 marked as inactive due to heartbeat timeout
2026-01-15 16:16:14.980 [taskScheduler-3] WARN  c.q.federated.service.FederatedCoordinatorService - Node 11 marked as inactive due to heartbeat timeout
2026-01-15 16:16:14.980 [taskScheduler-3] WARN  c.q.federated.service.FederatedCoordinatorService - Node 111 marked as inactive due to heartbeat timeout
2026-01-15 16:16:19.985 [taskScheduler-3] WARN  c.q.federated.service.FederatedCoordinatorService - Node 11 marked as inactive due to heartbeat timeout
2026-01-15 16:16:19.985 [taskScheduler-3] WARN  c.q.federated.service.FederatedCoordinatorService - Node 111 marked as inactive due to heartbeat timeout
2026-01-15 16:16:24.993 [taskScheduler-3] WARN  c.q.federated.service.FederatedCoordinatorService - Node 11 marked as inactive due to heartbeat timeout
2026-01-15 16:16:24.993 [taskScheduler-3] WARN  c.q.federated.service.FederatedCoordinatorService - Node 111 marked as inactive due to heartbeat timeout
2026-01-15 16:16:30.000 [taskScheduler-3] WARN  c.q.federated.service.FederatedCoordinatorService - Node 11 marked as inactive due to heartbeat timeout
2026-01-15 16:16:30.000 [taskScheduler-3] WARN  c.q.federated.service.FederatedCoordinatorService - Node 111 marked as inactive due to heartbeat timeout
2026-01-15 16:16:35.018 [taskScheduler-3] WARN  c.q.federated.service.FederatedCoordinatorService - Node 11 marked as inactive due to heartbeat timeout
2026-01-15 16:16:35.018 [taskScheduler-3] WARN  c.q.federated.service.FederatedCoordinatorService - Node 111 marked as inactive due to heartbeat timeout
2026-01-15 16:16:40.036 [taskScheduler-3] WARN  c.q.federated.service.FederatedCoordinatorService - Node 11 marked as inactive due to heartbeat timeout
2026-01-15 16:16:40.037 [taskScheduler-3] WARN  c.q.federated.service.FederatedCoordinatorService - Node 111 marked as inactive due to heartbeat timeout
2026-01-15 16:16:45.054 [taskScheduler-3] WARN  c.q.federated.service.FederatedCoordinatorService - Node 11 marked as inactive due to heartbeat timeout
2026-01-15 16:16:45.055 [taskScheduler-3] WARN  c.q.federated.service.FederatedCoordinatorService - Node 111 marked as inactive due to heartbeat timeout
2026-01-15 16:16:50.059 [taskScheduler-3] WARN  c.q.federated.service.FederatedCoordinatorService - Node 11 marked as inactive due to heartbeat timeout
2026-01-15 16:16:50.059 [taskScheduler-3] WARN  c.q.federated.service.FederatedCoordinatorService - Node 111 marked as inactive due to heartbeat timeout
2026-01-15 16:16:55.077 [taskScheduler-3] WARN  c.q.federated.service.FederatedCoordinatorService - Node 11 marked as inactive due to heartbeat timeout
2026-01-15 16:16:55.077 [taskScheduler-3] WARN  c.q.federated.service.FederatedCoordinatorService - Node 111 marked as inactive due to heartbeat timeout
2026-01-15 16:17:00.096 [taskScheduler-3] WARN  c.q.federated.service.FederatedCoordinatorService - Node 11 marked as inactive due to heartbeat timeout
2026-01-15 16:17:00.097 [taskScheduler-3] WARN  c.q.federated.service.FederatedCoordinatorService - Node 111 marked as inactive due to heartbeat timeout
2026-01-15 16:17:05.107 [taskScheduler-3] WARN  c.q.federated.service.FederatedCoordinatorService - Node 11 marked as inactive due to heartbeat timeout
2026-01-15 16:17:05.108 [taskScheduler-3] WARN  c.q.federated.service.FederatedCoordinatorService - Node 111 marked as inactive due to heartbeat timeout
2026-01-15 16:17:10.117 [taskScheduler-3] WARN  c.q.federated.service.FederatedCoordinatorService - Node 11 marked as inactive due to heartbeat timeout
2026-01-15 16:17:10.117 [taskScheduler-3] WARN  c.q.federated.service.FederatedCoordinatorService - Node 111 marked as inactive due to heartbeat timeout
2026-01-15 16:17:15.132 [taskScheduler-3] WARN  c.q.federated.service.FederatedCoordinatorService - Node 11 marked as inactive due to heartbeat timeout
2026-01-15 16:17:15.132 [taskScheduler-3] WARN  c.q.federated.service.FederatedCoordinatorService - Node 111 marked as inactive due to heartbeat timeout
2026-01-15 16:17:20.140 [taskScheduler-3] WARN  c.q.federated.service.FederatedCoordinatorService - Node 11 marked as inactive due to heartbeat timeout
2026-01-15 16:17:20.141 [taskScheduler-3] WARN  c.q.federated.service.FederatedCoordinatorService - Node 111 marked as inactive due to heartbeat timeout
2026-01-15 16:17:25.160 [taskScheduler-3] WARN  c.q.federated.service.FederatedCoordinatorService - Node 11 marked as inactive due to heartbeat timeout
2026-01-15 16:17:25.161 [taskScheduler-3] WARN  c.q.federated.service.FederatedCoordinatorService - Node 111 marked as inactive due to heartbeat timeout
2026-01-15 16:17:30.181 [taskScheduler-3] WARN  c.q.federated.service.FederatedCoordinatorService - Node 11 marked as inactive due to heartbeat timeout
2026-01-15 16:17:30.181 [taskScheduler-3] WARN  c.q.federated.service.FederatedCoordinatorService - Node 111 marked as inactive due to heartbeat timeout
2026-01-15 16:17:35.195 [taskScheduler-3] WARN  c.q.federated.service.FederatedCoordinatorService - Node 11 marked as inactive due to heartbeat timeout
2026-01-15 16:17:35.196 [taskScheduler-3] WARN  c.q.federated.service.FederatedCoordinatorService - Node 111 marked as inactive due to heartbeat timeout
2026-01-15 16:17:40.208 [taskScheduler-3] WARN  c.q.federated.service.FederatedCoordinatorService - Node 11 marked as inactive due to heartbeat timeout
2026-01-15 16:17:40.209 [taskScheduler-3] WARN  c.q.federated.service.FederatedCoordinatorService - Node 111 marked as inactive due to heartbeat timeout
2026-01-15 16:17:45.215 [taskScheduler-3] WARN  c.q.federated.service.FederatedCoordinatorService - Node 11 marked as inactive due to heartbeat timeout
2026-01-15 16:17:45.215 [taskScheduler-3] WARN  c.q.federated.service.FederatedCoordinatorService - Node 111 marked as inactive due to heartbeat timeout
2026-01-15 16:17:50.229 [taskScheduler-3] WARN  c.q.federated.service.FederatedCoordinatorService - Node 11 marked as inactive due to heartbeat timeout
2026-01-15 16:17:50.230 [taskScheduler-3] WARN  c.q.federated.service.FederatedCoordinatorService - Node 111 marked as inactive due to heartbeat timeout
2026-01-15 16:17:55.239 [taskScheduler-3] WARN  c.q.federated.service.FederatedCoordinatorService - Node 11 marked as inactive due to heartbeat timeout
2026-01-15 16:17:55.240 [taskScheduler-3] WARN  c.q.federated.service.FederatedCoordinatorService - Node 111 marked as inactive due to heartbeat timeout
2026-01-15 16:18:00.251 [taskScheduler-3] WARN  c.q.federated.service.FederatedCoordinatorService - Node 11 marked as inactive due to heartbeat timeout
2026-01-15 16:18:00.251 [taskScheduler-3] WARN  c.q.federated.service.FederatedCoordinatorService - Node 111 marked as inactive due to heartbeat timeout
2026-01-15 16:18:05.266 [taskScheduler-3] WARN  c.q.federated.service.FederatedCoordinatorService - Node 11 marked as inactive due to heartbeat timeout
2026-01-15 16:18:05.266 [taskScheduler-3] WARN  c.q.federated.service.FederatedCoordinatorService - Node 111 marked as inactive due to heartbeat timeout
2026-01-15 16:18:10.272 [taskScheduler-3] WARN  c.q.federated.service.FederatedCoordinatorService - Node 11 marked as inactive due to heartbeat timeout
2026-01-15 16:18:10.272 [taskScheduler-3] WARN  c.q.federated.service.FederatedCoordinatorService - Node 111 marked as inactive due to heartbeat timeout
2026-01-15 16:18:15.283 [taskScheduler-3] WARN  c.q.federated.service.FederatedCoordinatorService - Node 11 marked as inactive due to heartbeat timeout
2026-01-15 16:18:15.283 [taskScheduler-3] WARN  c.q.federated.service.FederatedCoordinatorService - Node 111 marked as inactive due to heartbeat timeout
2026-01-15 16:18:20.297 [taskScheduler-3] WARN  c.q.federated.service.FederatedCoordinatorService - Node 11 marked as inactive due to heartbeat timeout
2026-01-15 16:18:20.297 [taskScheduler-3] WARN  c.q.federated.service.FederatedCoordinatorService - Node 111 marked as inactive due to heartbeat timeout
2026-01-15 16:18:25.301 [taskScheduler-3] WARN  c.q.federated.service.FederatedCoordinatorService - Node 11 marked as inactive due to heartbeat timeout
2026-01-15 16:18:25.303 [taskScheduler-3] WARN  c.q.federated.service.FederatedCoordinatorService - Node 111 marked as inactive due to heartbeat timeout
2026-01-15 16:18:30.310 [taskScheduler-3] WARN  c.q.federated.service.FederatedCoordinatorService - Node 11 marked as inactive due to heartbeat timeout
2026-01-15 16:18:30.311 [taskScheduler-3] WARN  c.q.federated.service.FederatedCoordinatorService - Node 111 marked as inactive due to heartbeat timeout
2026-01-15 16:18:35.320 [taskScheduler-3] WARN  c.q.federated.service.FederatedCoordinatorService - Node 11 marked as inactive due to heartbeat timeout
2026-01-15 16:18:35.320 [taskScheduler-3] WARN  c.q.federated.service.FederatedCoordinatorService - Node 111 marked as inactive due to heartbeat timeout
2026-01-15 16:18:40.329 [taskScheduler-3] WARN  c.q.federated.service.FederatedCoordinatorService - Node 11 marked as inactive due to heartbeat timeout
2026-01-15 16:18:40.329 [taskScheduler-3] WARN  c.q.federated.service.FederatedCoordinatorService - Node 111 marked as inactive due to heartbeat timeout
2026-01-15 16:18:45.344 [taskScheduler-3] WARN  c.q.federated.service.FederatedCoordinatorService - Node 11 marked as inactive due to heartbeat timeout
2026-01-15 16:18:45.344 [taskScheduler-3] WARN  c.q.federated.service.FederatedCoordinatorService - Node 111 marked as inactive due to heartbeat timeout
2026-01-15 16:18:50.351 [taskScheduler-3] WARN  c.q.federated.service.FederatedCoordinatorService - Node 11 marked as inactive due to heartbeat timeout
2026-01-15 16:18:50.351 [taskScheduler-3] WARN  c.q.federated.service.FederatedCoordinatorService - Node 111 marked as inactive due to heartbeat timeout
2026-01-15 16:18:55.355 [taskScheduler-3] WARN  c.q.federated.service.FederatedCoordinatorService - Node 11 marked as inactive due to heartbeat timeout
2026-01-15 16:18:55.355 [taskScheduler-3] WARN  c.q.federated.service.FederatedCoordinatorService - Node 111 marked as inactive due to heartbeat timeout
2026-01-15 16:19:00.372 [taskScheduler-3] WARN  c.q.federated.service.FederatedCoordinatorService - Node 11 marked as inactive due to heartbeat timeout
2026-01-15 16:19:00.373 [taskScheduler-3] WARN  c.q.federated.service.FederatedCoordinatorService - Node 111 marked as inactive due to heartbeat timeout
2026-01-15 16:19:05.385 [taskScheduler-3] WARN  c.q.federated.service.FederatedCoordinatorService - Node 11 marked as inactive due to heartbeat timeout
2026-01-15 16:19:05.385 [taskScheduler-3] WARN  c.q.federated.service.FederatedCoordinatorService - Node 111 marked as inactive due to heartbeat timeout
2026-01-15 16:19:10.399 [taskScheduler-3] WARN  c.q.federated.service.FederatedCoordinatorService - Node 11 marked as inactive due to heartbeat timeout
2026-01-15 16:19:10.399 [taskScheduler-3] WARN  c.q.federated.service.FederatedCoordinatorService - Node 111 marked as inactive due to heartbeat timeout
2026-01-15 16:19:15.417 [taskScheduler-3] WARN  c.q.federated.service.FederatedCoordinatorService - Node 11 marked as inactive due to heartbeat timeout
2026-01-15 16:19:15.417 [taskScheduler-3] WARN  c.q.federated.service.FederatedCoordinatorService - Node 111 marked as inactive due to heartbeat timeout
2026-01-15 16:19:20.425 [taskScheduler-3] WARN  c.q.federated.service.FederatedCoordinatorService - Node 11 marked as inactive due to heartbeat timeout
2026-01-15 16:19:20.425 [taskScheduler-3] WARN  c.q.federated.service.FederatedCoordinatorService - Node 111 marked as inactive due to heartbeat timeout
2026-01-15 16:19:25.449 [taskScheduler-3] WARN  c.q.federated.service.FederatedCoordinatorService - Node 11 marked as inactive due to heartbeat timeout
2026-01-15 16:19:25.449 [taskScheduler-3] WARN  c.q.federated.service.FederatedCoordinatorService - Node 111 marked as inactive due to heartbeat timeout
2026-01-15 16:19:30.465 [taskScheduler-3] WARN  c.q.federated.service.FederatedCoordinatorService - Node 11 marked as inactive due to heartbeat timeout
2026-01-15 16:19:30.465 [taskScheduler-3] WARN  c.q.federated.service.FederatedCoordinatorService - Node 111 marked as inactive due to heartbeat timeout
2026-01-15 16:19:35.482 [taskScheduler-3] WARN  c.q.federated.service.FederatedCoordinatorService - Node 11 marked as inactive due to heartbeat timeout
2026-01-15 16:19:35.483 [taskScheduler-3] WARN  c.q.federated.service.FederatedCoordinatorService - Node 111 marked as inactive due to heartbeat timeout
2026-01-15 16:19:40.501 [taskScheduler-3] WARN  c.q.federated.service.FederatedCoordinatorService - Node 11 marked as inactive due to heartbeat timeout
2026-01-15 16:19:40.501 [taskScheduler-3] WARN  c.q.federated.service.FederatedCoordinatorService - Node 111 marked as inactive due to heartbeat timeout
2026-01-15 16:19:45.516 [taskScheduler-3] WARN  c.q.federated.service.FederatedCoordinatorService - Node 11 marked as inactive due to heartbeat timeout
2026-01-15 16:19:45.516 [taskScheduler-3] WARN  c.q.federated.service.FederatedCoordinatorService - Node 111 marked as inactive due to heartbeat timeout
2026-01-15 16:19:50.530 [taskScheduler-3] WARN  c.q.federated.service.FederatedCoordinatorService - Node 11 marked as inactive due to heartbeat timeout
2026-01-15 16:19:50.531 [taskScheduler-3] WARN  c.q.federated.service.FederatedCoordinatorService - Node 111 marked as inactive due to heartbeat timeout
2026-01-15 16:19:55.546 [taskScheduler-3] WARN  c.q.federated.service.FederatedCoordinatorService - Node 11 marked as inactive due to heartbeat timeout
2026-01-15 16:19:55.547 [taskScheduler-3] WARN  c.q.federated.service.FederatedCoordinatorService - Node 111 marked as inactive due to heartbeat timeout
2026-01-15 16:20:00.564 [taskScheduler-3] WARN  c.q.federated.service.FederatedCoordinatorService - Node 11 marked as inactive due to heartbeat timeout
2026-01-15 16:20:00.565 [taskScheduler-3] WARN  c.q.federated.service.FederatedCoordinatorService - Node 111 marked as inactive due to heartbeat timeout
2026-01-15 16:20:05.581 [taskScheduler-3] WARN  c.q.federated.service.FederatedCoordinatorService - Node 11 marked as inactive due to heartbeat timeout
2026-01-15 16:20:05.582 [taskScheduler-3] WARN  c.q.federated.service.FederatedCoordinatorService - Node 111 marked as inactive due to heartbeat timeout
2026-01-15 16:20:10.593 [taskScheduler-3] WARN  c.q.federated.service.FederatedCoordinatorService - Node 11 marked as inactive due to heartbeat timeout
2026-01-15 16:20:10.594 [taskScheduler-3] WARN  c.q.federated.service.FederatedCoordinatorService - Node 111 marked as inactive due to heartbeat timeout
2026-01-15 16:20:15.603 [taskScheduler-3] WARN  c.q.federated.service.FederatedCoordinatorService - Node 11 marked as inactive due to heartbeat timeout
2026-01-15 16:20:15.604 [taskScheduler-3] WARN  c.q.federated.service.FederatedCoordinatorService - Node 111 marked as inactive due to heartbeat timeout
2026-01-15 16:20:20.610 [taskScheduler-3] WARN  c.q.federated.service.FederatedCoordinatorService - Node 11 marked as inactive due to heartbeat timeout
2026-01-15 16:20:20.611 [taskScheduler-3] WARN  c.q.federated.service.FederatedCoordinatorService - Node 111 marked as inactive due to heartbeat timeout
2026-01-15 16:20:25.621 [taskScheduler-3] WARN  c.q.federated.service.FederatedCoordinatorService - Node 11 marked as inactive due to heartbeat timeout
2026-01-15 16:20:25.621 [taskScheduler-3] WARN  c.q.federated.service.FederatedCoordinatorService - Node 111 marked as inactive due to heartbeat timeout
2026-01-15 16:20:30.634 [taskScheduler-3] WARN  c.q.federated.service.FederatedCoordinatorService - Node 11 marked as inactive due to heartbeat timeout
2026-01-15 16:20:30.635 [taskScheduler-3] WARN  c.q.federated.service.FederatedCoordinatorService - Node 111 marked as inactive due to heartbeat timeout
2026-01-15 16:20:35.647 [taskScheduler-3] WARN  c.q.federated.service.FederatedCoordinatorService - Node 11 marked as inactive due to heartbeat timeout
2026-01-15 16:20:35.647 [taskScheduler-3] WARN  c.q.federated.service.FederatedCoordinatorService - Node 111 marked as inactive due to heartbeat timeout
2026-01-15 16:20:40.660 [taskScheduler-3] WARN  c.q.federated.service.FederatedCoordinatorService - Node 11 marked as inactive due to heartbeat timeout
2026-01-15 16:20:40.661 [taskScheduler-3] WARN  c.q.federated.service.FederatedCoordinatorService - Node 111 marked as inactive due to heartbeat timeout
2026-01-15 16:20:45.676 [taskScheduler-3] WARN  c.q.federated.service.FederatedCoordinatorService - Node 11 marked as inactive due to heartbeat timeout
2026-01-15 16:20:45.677 [taskScheduler-3] WARN  c.q.federated.service.FederatedCoordinatorService - Node 111 marked as inactive due to heartbeat timeout
2026-01-15 16:20:50.696 [taskScheduler-3] WARN  c.q.federated.service.FederatedCoordinatorService - Node 11 marked as inactive due to heartbeat timeout
2026-01-15 16:20:50.697 [taskScheduler-3] WARN  c.q.federated.service.FederatedCoordinatorService - Node 111 marked as inactive due to heartbeat timeout
2026-01-15 16:20:55.714 [taskScheduler-3] WARN  c.q.federated.service.FederatedCoordinatorService - Node 11 marked as inactive due to heartbeat timeout
2026-01-15 16:20:55.714 [taskScheduler-3] WARN  c.q.federated.service.FederatedCoordinatorService - Node 111 marked as inactive due to heartbeat timeout
2026-01-15 16:21:00.730 [taskScheduler-3] WARN  c.q.federated.service.FederatedCoordinatorService - Node 11 marked as inactive due to heartbeat timeout
2026-01-15 16:21:00.731 [taskScheduler-3] WARN  c.q.federated.service.FederatedCoordinatorService - Node 111 marked as inactive due to heartbeat timeout
2026-01-15 16:21:05.752 [taskScheduler-3] WARN  c.q.federated.service.FederatedCoordinatorService - Node 11 marked as inactive due to heartbeat timeout
2026-01-15 16:21:05.753 [taskScheduler-3] WARN  c.q.federated.service.FederatedCoordinatorService - Node 111 marked as inactive due to heartbeat timeout
2026-01-15 16:21:10.762 [taskScheduler-3] WARN  c.q.federated.service.FederatedCoordinatorService - Node 11 marked as inactive due to heartbeat timeout
2026-01-15 16:21:10.763 [taskScheduler-3] WARN  c.q.federated.service.FederatedCoordinatorService - Node 111 marked as inactive due to heartbeat timeout
2026-01-15 16:21:15.780 [taskScheduler-3] WARN  c.q.federated.service.FederatedCoordinatorService - Node 11 marked as inactive due to heartbeat timeout
2026-01-15 16:21:15.780 [taskScheduler-3] WARN  c.q.federated.service.FederatedCoordinatorService - Node 111 marked as inactive due to heartbeat timeout
2026-01-15 16:21:20.794 [taskScheduler-3] WARN  c.q.federated.service.FederatedCoordinatorService - Node 11 marked as inactive due to heartbeat timeout
2026-01-15 16:21:20.795 [taskScheduler-3] WARN  c.q.federated.service.FederatedCoordinatorService - Node 111 marked as inactive due to heartbeat timeout
2026-01-15 16:21:25.804 [taskScheduler-3] WARN  c.q.federated.service.FederatedCoordinatorService - Node 11 marked as inactive due to heartbeat timeout
2026-01-15 16:21:25.805 [taskScheduler-3] WARN  c.q.federated.service.FederatedCoordinatorService - Node 111 marked as inactive due to heartbeat timeout
2026-01-15 16:21:30.813 [taskScheduler-3] WARN  c.q.federated.service.FederatedCoordinatorService - Node 11 marked as inactive due to heartbeat timeout
2026-01-15 16:21:30.813 [taskScheduler-3] WARN  c.q.federated.service.FederatedCoordinatorService - Node 111 marked as inactive due to heartbeat timeout
2026-01-15 16:21:35.830 [taskScheduler-3] WARN  c.q.federated.service.FederatedCoordinatorService - Node 11 marked as inactive due to heartbeat timeout
2026-01-15 16:21:35.830 [taskScheduler-3] WARN  c.q.federated.service.FederatedCoordinatorService - Node 111 marked as inactive due to heartbeat timeout
2026-01-15 16:21:40.836 [taskScheduler-3] WARN  c.q.federated.service.FederatedCoordinatorService - Node 11 marked as inactive due to heartbeat timeout
2026-01-15 16:21:40.837 [taskScheduler-3] WARN  c.q.federated.service.FederatedCoordinatorService - Node 111 marked as inactive due to heartbeat timeout
2026-01-15 16:21:45.850 [taskScheduler-3] WARN  c.q.federated.service.FederatedCoordinatorService - Node 11 marked as inactive due to heartbeat timeout
2026-01-15 16:21:45.850 [taskScheduler-3] WARN  c.q.federated.service.FederatedCoordinatorService - Node 111 marked as inactive due to heartbeat timeout
2026-01-15 16:21:50.856 [taskScheduler-3] WARN  c.q.federated.service.FederatedCoordinatorService - Node 11 marked as inactive due to heartbeat timeout
2026-01-15 16:21:50.857 [taskScheduler-3] WARN  c.q.federated.service.FederatedCoordinatorService - Node 111 marked as inactive due to heartbeat timeout
2026-01-15 16:21:55.869 [taskScheduler-3] WARN  c.q.federated.service.FederatedCoordinatorService - Node 11 marked as inactive due to heartbeat timeout
2026-01-15 16:21:55.870 [taskScheduler-3] WARN  c.q.federated.service.FederatedCoordinatorService - Node 111 marked as inactive due to heartbeat timeout
2026-01-15 16:22:00.878 [taskScheduler-3] WARN  c.q.federated.service.FederatedCoordinatorService - Node 11 marked as inactive due to heartbeat timeout
2026-01-15 16:22:00.879 [taskScheduler-3] WARN  c.q.federated.service.FederatedCoordinatorService - Node 111 marked as inactive due to heartbeat timeout
2026-01-15 16:22:05.886 [taskScheduler-3] WARN  c.q.federated.service.FederatedCoordinatorService - Node 11 marked as inactive due to heartbeat timeout
2026-01-15 16:22:05.887 [taskScheduler-3] WARN  c.q.federated.service.FederatedCoordinatorService - Node 111 marked as inactive due to heartbeat timeout
2026-01-15 16:22:10.896 [taskScheduler-3] WARN  c.q.federated.service.FederatedCoordinatorService - Node 11 marked as inactive due to heartbeat timeout
2026-01-15 16:22:10.896 [taskScheduler-3] WARN  c.q.federated.service.FederatedCoordinatorService - Node 111 marked as inactive due to heartbeat timeout
2026-01-15 16:22:15.910 [taskScheduler-3] WARN  c.q.federated.service.FederatedCoordinatorService - Node 11 marked as inactive due to heartbeat timeout
2026-01-15 16:22:15.910 [taskScheduler-3] WARN  c.q.federated.service.FederatedCoordinatorService - Node 111 marked as inactive due to heartbeat timeout
2026-01-15 16:22:20.929 [taskScheduler-3] WARN  c.q.federated.service.FederatedCoordinatorService - Node 11 marked as inactive due to heartbeat timeout
2026-01-15 16:22:20.929 [taskScheduler-3] WARN  c.q.federated.service.FederatedCoordinatorService - Node 111 marked as inactive due to heartbeat timeout
2026-01-15 16:22:25.940 [taskScheduler-3] WARN  c.q.federated.service.FederatedCoordinatorService - Node 11 marked as inactive due to heartbeat timeout
2026-01-15 16:22:25.941 [taskScheduler-3] WARN  c.q.federated.service.FederatedCoordinatorService - Node 111 marked as inactive due to heartbeat timeout
2026-01-15 16:22:30.952 [taskScheduler-3] WARN  c.q.federated.service.FederatedCoordinatorService - Node 11 marked as inactive due to heartbeat timeout
2026-01-15 16:22:30.952 [taskScheduler-3] WARN  c.q.federated.service.FederatedCoordinatorService - Node 111 marked as inactive due to heartbeat timeout
2026-01-15 16:22:35.961 [taskScheduler-3] WARN  c.q.federated.service.FederatedCoordinatorService - Node 11 marked as inactive due to heartbeat timeout
2026-01-15 16:22:35.961 [taskScheduler-3] WARN  c.q.federated.service.FederatedCoordinatorService - Node 111 marked as inactive due to heartbeat timeout
2026-01-15 16:22:40.977 [taskScheduler-3] WARN  c.q.federated.service.FederatedCoordinatorService - Node 11 marked as inactive due to heartbeat timeout
2026-01-15 16:22:40.977 [taskScheduler-3] WARN  c.q.federated.service.FederatedCoordinatorService - Node 111 marked as inactive due to heartbeat timeout
2026-01-15 16:22:45.984 [taskScheduler-3] WARN  c.q.federated.service.FederatedCoordinatorService - Node 11 marked as inactive due to heartbeat timeout
2026-01-15 16:22:45.985 [taskScheduler-3] WARN  c.q.federated.service.FederatedCoordinatorService - Node 111 marked as inactive due to heartbeat timeout
2026-01-15 16:22:50.994 [taskScheduler-3] WARN  c.q.federated.service.FederatedCoordinatorService - Node 11 marked as inactive due to heartbeat timeout
2026-01-15 16:22:50.994 [taskScheduler-3] WARN  c.q.federated.service.FederatedCoordinatorService - Node 111 marked as inactive due to heartbeat timeout
2026-01-15 16:22:56.002 [taskScheduler-3] WARN  c.q.federated.service.FederatedCoordinatorService - Node 11 marked as inactive due to heartbeat timeout
2026-01-15 16:22:56.003 [taskScheduler-3] WARN  c.q.federated.service.FederatedCoordinatorService - Node 111 marked as inactive due to heartbeat timeout
2026-01-15 16:23:01.015 [taskScheduler-3] WARN  c.q.federated.service.FederatedCoordinatorService - Node 11 marked as inactive due to heartbeat timeout
2026-01-15 16:23:01.016 [taskScheduler-3] WARN  c.q.federated.service.FederatedCoordinatorService - Node 111 marked as inactive due to heartbeat timeout
2026-01-15 16:23:06.023 [taskScheduler-3] WARN  c.q.federated.service.FederatedCoordinatorService - Node 11 marked as inactive due to heartbeat timeout
2026-01-15 16:23:06.024 [taskScheduler-3] WARN  c.q.federated.service.FederatedCoordinatorService - Node 111 marked as inactive due to heartbeat timeout
2026-01-15 16:23:11.031 [taskScheduler-3] WARN  c.q.federated.service.FederatedCoordinatorService - Node 11 marked as inactive due to heartbeat timeout
2026-01-15 16:23:11.032 [taskScheduler-3] WARN  c.q.federated.service.FederatedCoordinatorService - Node 111 marked as inactive due to heartbeat timeout
2026-01-15 16:23:16.046 [taskScheduler-3] WARN  c.q.federated.service.FederatedCoordinatorService - Node 11 marked as inactive due to heartbeat timeout
2026-01-15 16:23:16.047 [taskScheduler-3] WARN  c.q.federated.service.FederatedCoordinatorService - Node 111 marked as inactive due to heartbeat timeout
2026-01-15 16:23:21.061 [taskScheduler-3] WARN  c.q.federated.service.FederatedCoordinatorService - Node 11 marked as inactive due to heartbeat timeout
2026-01-15 16:23:21.061 [taskScheduler-3] WARN  c.q.federated.service.FederatedCoordinatorService - Node 111 marked as inactive due to heartbeat timeout
2026-01-15 16:23:26.076 [taskScheduler-3] WARN  c.q.federated.service.FederatedCoordinatorService - Node 11 marked as inactive due to heartbeat timeout
2026-01-15 16:23:26.077 [taskScheduler-3] WARN  c.q.federated.service.FederatedCoordinatorService - Node 111 marked as inactive due to heartbeat timeout
2026-01-15 16:23:31.088 [taskScheduler-3] WARN  c.q.federated.service.FederatedCoordinatorService - Node 11 marked as inactive due to heartbeat timeout
2026-01-15 16:23:31.089 [taskScheduler-3] WARN  c.q.federated.service.FederatedCoordinatorService - Node 111 marked as inactive due to heartbeat timeout
2026-01-15 16:23:36.100 [taskScheduler-3] WARN  c.q.federated.service.FederatedCoordinatorService - Node 11 marked as inactive due to heartbeat timeout
2026-01-15 16:23:36.100 [taskScheduler-3] WARN  c.q.federated.service.FederatedCoordinatorService - Node 111 marked as inactive due to heartbeat timeout
2026-01-15 16:23:41.116 [taskScheduler-3] WARN  c.q.federated.service.FederatedCoordinatorService - Node 11 marked as inactive due to heartbeat timeout
2026-01-15 16:23:41.117 [taskScheduler-3] WARN  c.q.federated.service.FederatedCoordinatorService - Node 111 marked as inactive due to heartbeat timeout
2026-01-15 16:23:46.126 [taskScheduler-3] WARN  c.q.federated.service.FederatedCoordinatorService - Node 11 marked as inactive due to heartbeat timeout
2026-01-15 16:23:46.127 [taskScheduler-3] WARN  c.q.federated.service.FederatedCoordinatorService - Node 111 marked as inactive due to heartbeat timeout
2026-01-15 16:23:51.145 [taskScheduler-3] WARN  c.q.federated.service.FederatedCoordinatorService - Node 11 marked as inactive due to heartbeat timeout
2026-01-15 16:23:51.145 [taskScheduler-3] WARN  c.q.federated.service.FederatedCoordinatorService - Node 111 marked as inactive due to heartbeat timeout
2026-01-15 16:23:56.155 [taskScheduler-3] WARN  c.q.federated.service.FederatedCoordinatorService - Node 11 marked as inactive due to heartbeat timeout
2026-01-15 16:23:56.156 [taskScheduler-3] WARN  c.q.federated.service.FederatedCoordinatorService - Node 111 marked as inactive due to heartbeat timeout
2026-01-15 16:24:01.176 [taskScheduler-3] WARN  c.q.federated.service.FederatedCoordinatorService - Node 11 marked as inactive due to heartbeat timeout
2026-01-15 16:24:01.176 [taskScheduler-3] WARN  c.q.federated.service.FederatedCoordinatorService - Node 111 marked as inactive due to heartbeat timeout
2026-01-15 16:24:06.191 [taskScheduler-3] WARN  c.q.federated.service.FederatedCoordinatorService - Node 11 marked as inactive due to heartbeat timeout
2026-01-15 16:24:06.193 [taskScheduler-3] WARN  c.q.federated.service.FederatedCoordinatorService - Node 111 marked as inactive due to heartbeat timeout
2026-01-15 16:24:11.206 [taskScheduler-3] WARN  c.q.federated.service.FederatedCoordinatorService - Node 11 marked as inactive due to heartbeat timeout
2026-01-15 16:24:11.207 [taskScheduler-3] WARN  c.q.federated.service.FederatedCoordinatorService - Node 111 marked as inactive due to heartbeat timeout
2026-01-15 16:24:16.226 [taskScheduler-3] WARN  c.q.federated.service.FederatedCoordinatorService - Node 11 marked as inactive due to heartbeat timeout
2026-01-15 16:24:16.226 [taskScheduler-3] WARN  c.q.federated.service.FederatedCoordinatorService - Node 111 marked as inactive due to heartbeat timeout
2026-01-15 16:24:21.238 [taskScheduler-3] WARN  c.q.federated.service.FederatedCoordinatorService - Node 11 marked as inactive due to heartbeat timeout
2026-01-15 16:24:21.239 [taskScheduler-3] WARN  c.q.federated.service.FederatedCoordinatorService - Node 111 marked as inactive due to heartbeat timeout
2026-01-15 16:24:26.251 [taskScheduler-3] WARN  c.q.federated.service.FederatedCoordinatorService - Node 11 marked as inactive due to heartbeat timeout
2026-01-15 16:24:26.252 [taskScheduler-3] WARN  c.q.federated.service.FederatedCoordinatorService - Node 111 marked as inactive due to heartbeat timeout
2026-01-15 16:24:31.259 [taskScheduler-3] WARN  c.q.federated.service.FederatedCoordinatorService - Node 11 marked as inactive due to heartbeat timeout
2026-01-15 16:24:31.260 [taskScheduler-3] WARN  c.q.federated.service.FederatedCoordinatorService - Node 111 marked as inactive due to heartbeat timeout
2026-01-15 16:24:36.277 [taskScheduler-3] WARN  c.q.federated.service.FederatedCoordinatorService - Node 11 marked as inactive due to heartbeat timeout
2026-01-15 16:24:36.277 [taskScheduler-3] WARN  c.q.federated.service.FederatedCoordinatorService - Node 111 marked as inactive due to heartbeat timeout
2026-01-15 16:24:41.295 [taskScheduler-3] WARN  c.q.federated.service.FederatedCoordinatorService - Node 11 marked as inactive due to heartbeat timeout
2026-01-15 16:24:41.295 [taskScheduler-3] WARN  c.q.federated.service.FederatedCoordinatorService - Node 111 marked as inactive due to heartbeat timeout
2026-01-15 16:24:46.306 [taskScheduler-3] WARN  c.q.federated.service.FederatedCoordinatorService - Node 11 marked as inactive due to heartbeat timeout
2026-01-15 16:24:46.307 [taskScheduler-3] WARN  c.q.federated.service.FederatedCoordinatorService - Node 111 marked as inactive due to heartbeat timeout
2026-01-15 16:24:51.322 [taskScheduler-3] WARN  c.q.federated.service.FederatedCoordinatorService - Node 11 marked as inactive due to heartbeat timeout
2026-01-15 16:24:51.323 [taskScheduler-3] WARN  c.q.federated.service.FederatedCoordinatorService - Node 111 marked as inactive due to heartbeat timeout
2026-01-15 16:24:56.340 [taskScheduler-3] WARN  c.q.federated.service.FederatedCoordinatorService - Node 11 marked as inactive due to heartbeat timeout
2026-01-15 16:24:56.340 [taskScheduler-3] WARN  c.q.federated.service.FederatedCoordinatorService - Node 111 marked as inactive due to heartbeat timeout
2026-01-15 16:25:01.351 [taskScheduler-3] WARN  c.q.federated.service.FederatedCoordinatorService - Node 11 marked as inactive due to heartbeat timeout
2026-01-15 16:25:01.351 [taskScheduler-3] WARN  c.q.federated.service.FederatedCoordinatorService - Node 111 marked as inactive due to heartbeat timeout
2026-01-15 16:25:06.365 [taskScheduler-3] WARN  c.q.federated.service.FederatedCoordinatorService - Node 11 marked as inactive due to heartbeat timeout
2026-01-15 16:25:06.365 [taskScheduler-3] WARN  c.q.federated.service.FederatedCoordinatorService - Node 111 marked as inactive due to heartbeat timeout
2026-01-15 16:25:11.372 [taskScheduler-3] WARN  c.q.federated.service.FederatedCoordinatorService - Node 11 marked as inactive due to heartbeat timeout
2026-01-15 16:25:11.372 [taskScheduler-3] WARN  c.q.federated.service.FederatedCoordinatorService - Node 111 marked as inactive due to heartbeat timeout
2026-01-15 16:25:16.382 [taskScheduler-3] WARN  c.q.federated.service.FederatedCoordinatorService - Node 11 marked as inactive due to heartbeat timeout
2026-01-15 16:25:16.383 [taskScheduler-3] WARN  c.q.federated.service.FederatedCoordinatorService - Node 111 marked as inactive due to heartbeat timeout
2026-01-15 16:25:21.390 [taskScheduler-3] WARN  c.q.federated.service.FederatedCoordinatorService - Node 11 marked as inactive due to heartbeat timeout
2026-01-15 16:25:21.391 [taskScheduler-3] WARN  c.q.federated.service.FederatedCoordinatorService - Node 111 marked as inactive due to heartbeat timeout
2026-01-15 16:25:26.404 [taskScheduler-3] WARN  c.q.federated.service.FederatedCoordinatorService - Node 11 marked as inactive due to heartbeat timeout
2026-01-15 16:25:26.405 [taskScheduler-3] WARN  c.q.federated.service.FederatedCoordinatorService - Node 111 marked as inactive due to heartbeat timeout
2026-01-15 16:25:31.423 [taskScheduler-3] WARN  c.q.federated.service.FederatedCoordinatorService - Node 11 marked as inactive due to heartbeat timeout
2026-01-15 16:25:31.424 [taskScheduler-3] WARN  c.q.federated.service.FederatedCoordinatorService - Node 111 marked as inactive due to heartbeat timeout
2026-01-15 16:25:36.440 [taskScheduler-3] WARN  c.q.federated.service.FederatedCoordinatorService - Node 11 marked as inactive due to heartbeat timeout
2026-01-15 16:25:36.440 [taskScheduler-3] WARN  c.q.federated.service.FederatedCoordinatorService - Node 111 marked as inactive due to heartbeat timeout
2026-01-15 16:25:41.450 [taskScheduler-3] WARN  c.q.federated.service.FederatedCoordinatorService - Node 11 marked as inactive due to heartbeat timeout
2026-01-15 16:25:41.451 [taskScheduler-3] WARN  c.q.federated.service.FederatedCoordinatorService - Node 111 marked as inactive due to heartbeat timeout
2026-01-15 16:25:46.456 [taskScheduler-3] WARN  c.q.federated.service.FederatedCoordinatorService - Node 11 marked as inactive due to heartbeat timeout
2026-01-15 16:25:46.457 [taskScheduler-3] WARN  c.q.federated.service.FederatedCoordinatorService - Node 111 marked as inactive due to heartbeat timeout
2026-01-15 16:25:51.469 [taskScheduler-3] WARN  c.q.federated.service.FederatedCoordinatorService - Node 11 marked as inactive due to heartbeat timeout
2026-01-15 16:25:51.470 [taskScheduler-3] WARN  c.q.federated.service.FederatedCoordinatorService - Node 111 marked as inactive due to heartbeat timeout
2026-01-15 16:25:56.480 [taskScheduler-3] WARN  c.q.federated.service.FederatedCoordinatorService - Node 11 marked as inactive due to heartbeat timeout
2026-01-15 16:25:56.481 [taskScheduler-3] WARN  c.q.federated.service.FederatedCoordinatorService - Node 111 marked as inactive due to heartbeat timeout
2026-01-15 16:26:01.499 [taskScheduler-3] WARN  c.q.federated.service.FederatedCoordinatorService - Node 11 marked as inactive due to heartbeat timeout
2026-01-15 16:26:01.500 [taskScheduler-3] WARN  c.q.federated.service.FederatedCoordinatorService - Node 111 marked as inactive due to heartbeat timeout
2026-01-15 16:26:06.514 [taskScheduler-3] WARN  c.q.federated.service.FederatedCoordinatorService - Node 11 marked as inactive due to heartbeat timeout
2026-01-15 16:26:06.514 [taskScheduler-3] WARN  c.q.federated.service.FederatedCoordinatorService - Node 111 marked as inactive due to heartbeat timeout
2026-01-15 16:26:11.526 [taskScheduler-3] WARN  c.q.federated.service.FederatedCoordinatorService - Node 11 marked as inactive due to heartbeat timeout
2026-01-15 16:26:11.527 [taskScheduler-3] WARN  c.q.federated.service.FederatedCoordinatorService - Node 111 marked as inactive due to heartbeat timeout
2026-01-15 16:26:16.539 [taskScheduler-3] WARN  c.q.federated.service.FederatedCoordinatorService - Node 11 marked as inactive due to heartbeat timeout
2026-01-15 16:26:16.539 [taskScheduler-3] WARN  c.q.federated.service.FederatedCoordinatorService - Node 111 marked as inactive due to heartbeat timeout
2026-01-15 16:26:21.555 [taskScheduler-3] WARN  c.q.federated.service.FederatedCoordinatorService - Node 11 marked as inactive due to heartbeat timeout
2026-01-15 16:26:21.555 [taskScheduler-3] WARN  c.q.federated.service.FederatedCoordinatorService - Node 111 marked as inactive due to heartbeat timeout
2026-01-15 16:26:26.567 [taskScheduler-3] WARN  c.q.federated.service.FederatedCoordinatorService - Node 11 marked as inactive due to heartbeat timeout
2026-01-15 16:26:26.567 [taskScheduler-3] WARN  c.q.federated.service.FederatedCoordinatorService - Node 111 marked as inactive due to heartbeat timeout
2026-01-15 16:26:31.583 [taskScheduler-3] WARN  c.q.federated.service.FederatedCoordinatorService - Node 11 marked as inactive due to heartbeat timeout
2026-01-15 16:26:31.584 [taskScheduler-3] WARN  c.q.federated.service.FederatedCoordinatorService - Node 111 marked as inactive due to heartbeat timeout
2026-01-15 16:26:36.606 [taskScheduler-3] WARN  c.q.federated.service.FederatedCoordinatorService - Node 11 marked as inactive due to heartbeat timeout
2026-01-15 16:26:36.606 [taskScheduler-3] WARN  c.q.federated.service.FederatedCoordinatorService - Node 111 marked as inactive due to heartbeat timeout
2026-01-15 16:26:41.614 [taskScheduler-3] WARN  c.q.federated.service.FederatedCoordinatorService - Node 11 marked as inactive due to heartbeat timeout
2026-01-15 16:26:41.615 [taskScheduler-3] WARN  c.q.federated.service.FederatedCoordinatorService - Node 111 marked as inactive due to heartbeat timeout
2026-01-15 16:26:46.622 [taskScheduler-3] WARN  c.q.federated.service.FederatedCoordinatorService - Node 11 marked as inactive due to heartbeat timeout
2026-01-15 16:26:46.623 [taskScheduler-3] WARN  c.q.federated.service.FederatedCoordinatorService - Node 111 marked as inactive due to heartbeat timeout
2026-01-15 16:26:51.637 [taskScheduler-3] WARN  c.q.federated.service.FederatedCoordinatorService - Node 11 marked as inactive due to heartbeat timeout
2026-01-15 16:26:51.638 [taskScheduler-3] WARN  c.q.federated.service.FederatedCoordinatorService - Node 111 marked as inactive due to heartbeat timeout
2026-01-15 16:26:56.654 [taskScheduler-3] WARN  c.q.federated.service.FederatedCoordinatorService - Node 11 marked as inactive due to heartbeat timeout
2026-01-15 16:26:56.656 [taskScheduler-3] WARN  c.q.federated.service.FederatedCoordinatorService - Node 111 marked as inactive due to heartbeat timeout
2026-01-15 16:27:01.671 [taskScheduler-3] WARN  c.q.federated.service.FederatedCoordinatorService - Node 11 marked as inactive due to heartbeat timeout
2026-01-15 16:27:01.672 [taskScheduler-3] WARN  c.q.federated.service.FederatedCoordinatorService - Node 111 marked as inactive due to heartbeat timeout
2026-01-15 16:27:06.678 [taskScheduler-3] WARN  c.q.federated.service.FederatedCoordinatorService - Node 11 marked as inactive due to heartbeat timeout
2026-01-15 16:27:06.679 [taskScheduler-3] WARN  c.q.federated.service.FederatedCoordinatorService - Node 111 marked as inactive due to heartbeat timeout
2026-01-15 16:27:11.687 [taskScheduler-3] WARN  c.q.federated.service.FederatedCoordinatorService - Node 11 marked as inactive due to heartbeat timeout
2026-01-15 16:27:11.687 [taskScheduler-3] WARN  c.q.federated.service.FederatedCoordinatorService - Node 111 marked as inactive due to heartbeat timeout
2026-01-15 16:27:16.704 [taskScheduler-3] WARN  c.q.federated.service.FederatedCoordinatorService - Node 11 marked as inactive due to heartbeat timeout
2026-01-15 16:27:16.704 [taskScheduler-3] WARN  c.q.federated.service.FederatedCoordinatorService - Node 111 marked as inactive due to heartbeat timeout
2026-01-15 16:27:21.715 [taskScheduler-3] WARN  c.q.federated.service.FederatedCoordinatorService - Node 11 marked as inactive due to heartbeat timeout
2026-01-15 16:27:21.716 [taskScheduler-3] WARN  c.q.federated.service.FederatedCoordinatorService - Node 111 marked as inactive due to heartbeat timeout
2026-01-15 16:27:26.721 [taskScheduler-3] WARN  c.q.federated.service.FederatedCoordinatorService - Node 11 marked as inactive due to heartbeat timeout
2026-01-15 16:27:26.721 [taskScheduler-3] WARN  c.q.federated.service.FederatedCoordinatorService - Node 111 marked as inactive due to heartbeat timeout
2026-01-15 16:27:31.732 [taskScheduler-3] WARN  c.q.federated.service.FederatedCoordinatorService - Node 11 marked as inactive due to heartbeat timeout
2026-01-15 16:27:31.733 [taskScheduler-3] WARN  c.q.federated.service.FederatedCoordinatorService - Node 111 marked as inactive due to heartbeat timeout
2026-01-15 16:27:36.747 [taskScheduler-3] WARN  c.q.federated.service.FederatedCoordinatorService - Node 11 marked as inactive due to heartbeat timeout
2026-01-15 16:27:36.747 [taskScheduler-3] WARN  c.q.federated.service.FederatedCoordinatorService - Node 111 marked as inactive due to heartbeat timeout
2026-01-15 16:27:41.767 [taskScheduler-3] WARN  c.q.federated.service.FederatedCoordinatorService - Node 11 marked as inactive due to heartbeat timeout
2026-01-15 16:27:41.768 [taskScheduler-3] WARN  c.q.federated.service.FederatedCoordinatorService - Node 111 marked as inactive due to heartbeat timeout
2026-01-15 16:27:46.776 [taskScheduler-3] WARN  c.q.federated.service.FederatedCoordinatorService - Node 11 marked as inactive due to heartbeat timeout
2026-01-15 16:27:46.777 [taskScheduler-3] WARN  c.q.federated.service.FederatedCoordinatorService - Node 111 marked as inactive due to heartbeat timeout
2026-01-15 16:27:51.789 [taskScheduler-3] WARN  c.q.federated.service.FederatedCoordinatorService - Node 11 marked as inactive due to heartbeat timeout
2026-01-15 16:27:51.789 [taskScheduler-3] WARN  c.q.federated.service.FederatedCoordinatorService - Node 111 marked as inactive due to heartbeat timeout
2026-01-15 16:27:56.796 [taskScheduler-3] WARN  c.q.federated.service.FederatedCoordinatorService - Node 11 marked as inactive due to heartbeat timeout
2026-01-15 16:27:56.797 [taskScheduler-3] WARN  c.q.federated.service.FederatedCoordinatorService - Node 111 marked as inactive due to heartbeat timeout
2026-01-15 16:28:01.803 [taskScheduler-3] WARN  c.q.federated.service.FederatedCoordinatorService - Node 11 marked as inactive due to heartbeat timeout
2026-01-15 16:28:01.804 [taskScheduler-3] WARN  c.q.federated.service.FederatedCoordinatorService - Node 111 marked as inactive due to heartbeat timeout
2026-01-15 16:28:06.817 [taskScheduler-3] WARN  c.q.federated.service.FederatedCoordinatorService - Node 11 marked as inactive due to heartbeat timeout
2026-01-15 16:28:06.818 [taskScheduler-3] WARN  c.q.federated.service.FederatedCoordinatorService - Node 111 marked as inactive due to heartbeat timeout
2026-01-15 16:28:11.827 [taskScheduler-3] WARN  c.q.federated.service.FederatedCoordinatorService - Node 11 marked as inactive due to heartbeat timeout
2026-01-15 16:28:11.828 [taskScheduler-3] WARN  c.q.federated.service.FederatedCoordinatorService - Node 111 marked as inactive due to heartbeat timeout
2026-01-15 16:28:16.835 [taskScheduler-3] WARN  c.q.federated.service.FederatedCoordinatorService - Node 11 marked as inactive due to heartbeat timeout
2026-01-15 16:28:16.836 [taskScheduler-3] WARN  c.q.federated.service.FederatedCoordinatorService - Node 111 marked as inactive due to heartbeat timeout
2026-01-15 16:28:21.852 [taskScheduler-3] WARN  c.q.federated.service.FederatedCoordinatorService - Node 11 marked as inactive due to heartbeat timeout
2026-01-15 16:28:21.853 [taskScheduler-3] WARN  c.q.federated.service.FederatedCoordinatorService - Node 111 marked as inactive due to heartbeat timeout
2026-01-15 16:28:26.869 [taskScheduler-3] WARN  c.q.federated.service.FederatedCoordinatorService - Node 11 marked as inactive due to heartbeat timeout
2026-01-15 16:28:26.870 [taskScheduler-3] WARN  c.q.federated.service.FederatedCoordinatorService - Node 111 marked as inactive due to heartbeat timeout
2026-01-15 16:28:31.885 [taskScheduler-3] WARN  c.q.federated.service.FederatedCoordinatorService - Node 11 marked as inactive due to heartbeat timeout
2026-01-15 16:28:31.886 [taskScheduler-3] WARN  c.q.federated.service.FederatedCoordinatorService - Node 111 marked as inactive due to heartbeat timeout
2026-01-15 16:28:36.901 [taskScheduler-3] WARN  c.q.federated.service.FederatedCoordinatorService - Node 11 marked as inactive due to heartbeat timeout
2026-01-15 16:28:36.901 [taskScheduler-3] WARN  c.q.federated.service.FederatedCoordinatorService - Node 111 marked as inactive due to heartbeat timeout
2026-01-15 16:28:41.917 [taskScheduler-3] WARN  c.q.federated.service.FederatedCoordinatorService - Node 11 marked as inactive due to heartbeat timeout
2026-01-15 16:28:41.918 [taskScheduler-3] WARN  c.q.federated.service.FederatedCoordinatorService - Node 111 marked as inactive due to heartbeat timeout
2026-01-15 16:28:46.932 [taskScheduler-3] WARN  c.q.federated.service.FederatedCoordinatorService - Node 11 marked as inactive due to heartbeat timeout
2026-01-15 16:28:46.933 [taskScheduler-3] WARN  c.q.federated.service.FederatedCoordinatorService - Node 111 marked as inactive due to heartbeat timeout
2026-01-15 16:28:51.939 [taskScheduler-3] WARN  c.q.federated.service.FederatedCoordinatorService - Node 11 marked as inactive due to heartbeat timeout
2026-01-15 16:28:51.940 [taskScheduler-3] WARN  c.q.federated.service.FederatedCoordinatorService - Node 111 marked as inactive due to heartbeat timeout
2026-01-15 16:28:56.950 [taskScheduler-3] WARN  c.q.federated.service.FederatedCoordinatorService - Node 11 marked as inactive due to heartbeat timeout
2026-01-15 16:28:56.950 [taskScheduler-3] WARN  c.q.federated.service.FederatedCoordinatorService - Node 111 marked as inactive due to heartbeat timeout
2026-01-15 16:29:01.962 [taskScheduler-3] WARN  c.q.federated.service.FederatedCoordinatorService - Node 11 marked as inactive due to heartbeat timeout
2026-01-15 16:29:01.962 [taskScheduler-3] WARN  c.q.federated.service.FederatedCoordinatorService - Node 111 marked as inactive due to heartbeat timeout
2026-01-15 16:29:06.974 [taskScheduler-3] WARN  c.q.federated.service.FederatedCoordinatorService - Node 11 marked as inactive due to heartbeat timeout
2026-01-15 16:29:06.975 [taskScheduler-3] WARN  c.q.federated.service.FederatedCoordinatorService - Node 111 marked as inactive due to heartbeat timeout
2026-01-15 16:29:11.981 [taskScheduler-3] WARN  c.q.federated.service.FederatedCoordinatorService - Node 11 marked as inactive due to heartbeat timeout
2026-01-15 16:29:11.981 [taskScheduler-3] WARN  c.q.federated.service.FederatedCoordinatorService - Node 111 marked as inactive due to heartbeat timeout
2026-01-15 16:29:16.992 [taskScheduler-3] WARN  c.q.federated.service.FederatedCoordinatorService - Node 11 marked as inactive due to heartbeat timeout
2026-01-15 16:29:16.993 [taskScheduler-3] WARN  c.q.federated.service.FederatedCoordinatorService - Node 111 marked as inactive due to heartbeat timeout
2026-01-15 16:29:22.008 [taskScheduler-3] WARN  c.q.federated.service.FederatedCoordinatorService - Node 11 marked as inactive due to heartbeat timeout
2026-01-15 16:29:22.009 [taskScheduler-3] WARN  c.q.federated.service.FederatedCoordinatorService - Node 111 marked as inactive due to heartbeat timeout
2026-01-15 16:29:27.016 [taskScheduler-3] WARN  c.q.federated.service.FederatedCoordinatorService - Node 11 marked as inactive due to heartbeat timeout
2026-01-15 16:29:27.017 [taskScheduler-3] WARN  c.q.federated.service.FederatedCoordinatorService - Node 111 marked as inactive due to heartbeat timeout
2026-01-15 16:29:32.036 [taskScheduler-3] WARN  c.q.federated.service.FederatedCoordinatorService - Node 11 marked as inactive due to heartbeat timeout
2026-01-15 16:29:32.037 [taskScheduler-3] WARN  c.q.federated.service.FederatedCoordinatorService - Node 111 marked as inactive due to heartbeat timeout
2026-01-15 16:29:37.044 [taskScheduler-3] WARN  c.q.federated.service.FederatedCoordinatorService - Node 11 marked as inactive due to heartbeat timeout
2026-01-15 16:29:37.045 [taskScheduler-3] WARN  c.q.federated.service.FederatedCoordinatorService - Node 111 marked as inactive due to heartbeat timeout
2026-01-15 16:29:42.049 [taskScheduler-3] WARN  c.q.federated.service.FederatedCoordinatorService - Node 11 marked as inactive due to heartbeat timeout
2026-01-15 16:29:42.050 [taskScheduler-3] WARN  c.q.federated.service.FederatedCoordinatorService - Node 111 marked as inactive due to heartbeat timeout
2026-01-15 16:29:47.067 [taskScheduler-3] WARN  c.q.federated.service.FederatedCoordinatorService - Node 11 marked as inactive due to heartbeat timeout
2026-01-15 16:29:47.068 [taskScheduler-3] WARN  c.q.federated.service.FederatedCoordinatorService - Node 111 marked as inactive due to heartbeat timeout
2026-01-15 21:05:15.139 [taskScheduler-3] WARN  c.q.federated.service.FederatedCoordinatorService - Node 11 marked as inactive due to heartbeat timeout
2026-01-15 21:05:15.140 [taskScheduler-3] WARN  c.q.federated.service.FederatedCoordinatorService - Node 111 marked as inactive due to heartbeat timeout
2026-01-15 21:05:20.157 [taskScheduler-3] WARN  c.q.federated.service.FederatedCoordinatorService - Node 11 marked as inactive due to heartbeat timeout
2026-01-15 21:05:20.158 [taskScheduler-3] WARN  c.q.federated.service.FederatedCoordinatorService - Node 111 marked as inactive due to heartbeat timeout
2026-01-15 21:05:25.171 [taskScheduler-3] WARN  c.q.federated.service.FederatedCoordinatorService - Node 11 marked as inactive due to heartbeat timeout
2026-01-15 21:05:25.173 [taskScheduler-3] WARN  c.q.federated.service.FederatedCoordinatorService - Node 111 marked as inactive due to heartbeat timeout
2026-01-15 21:05:29.608 [HikariPool-1 housekeeper] WARN  com.zaxxer.hikari.pool.HikariPool - HikariPool-1 - Thread starvation or clock leap detected (housekeeper delta=4h35m53s61ms94µs100ns).
2026-01-15 21:05:30.188 [taskScheduler-3] WARN  c.q.federated.service.FederatedCoordinatorService - Node 11 marked as inactive due to heartbeat timeout
2026-01-15 21:05:30.189 [taskScheduler-3] WARN  c.q.federated.service.FederatedCoordinatorService - Node 111 marked as inactive due to heartbeat timeout
2026-01-15 21:05:35.201 [taskScheduler-3] WARN  c.q.federated.service.FederatedCoordinatorService - Node 11 marked as inactive due to heartbeat timeout
2026-01-15 21:05:35.202 [taskScheduler-3] WARN  c.q.federated.service.FederatedCoordinatorService - Node 111 marked as inactive due to heartbeat timeout
2026-01-15 21:05:40.208 [taskScheduler-3] WARN  c.q.federated.service.FederatedCoordinatorService - Node 11 marked as inactive due to heartbeat timeout
2026-01-15 21:05:40.208 [taskScheduler-3] WARN  c.q.federated.service.FederatedCoordinatorService - Node 111 marked as inactive due to heartbeat timeout
2026-01-15 21:05:45.214 [taskScheduler-3] WARN  c.q.federated.service.FederatedCoordinatorService - Node 11 marked as inactive due to heartbeat timeout
2026-01-15 21:05:45.214 [taskScheduler-3] WARN  c.q.federated.service.FederatedCoordinatorService - Node 111 marked as inactive due to heartbeat timeout
2026-01-15 21:05:50.225 [taskScheduler-3] WARN  c.q.federated.service.FederatedCoordinatorService - Node 11 marked as inactive due to heartbeat timeout
2026-01-15 21:05:50.225 [taskScheduler-3] WARN  c.q.federated.service.FederatedCoordinatorService - Node 111 marked as inactive due to heartbeat timeout
2026-01-15 21:05:55.240 [taskScheduler-3] WARN  c.q.federated.service.FederatedCoordinatorService - Node 11 marked as inactive due to heartbeat timeout
2026-01-15 21:05:55.240 [taskScheduler-3] WARN  c.q.federated.service.FederatedCoordinatorService - Node 111 marked as inactive due to heartbeat timeout
2026-01-15 21:06:00.255 [taskScheduler-3] WARN  c.q.federated.service.FederatedCoordinatorService - Node 11 marked as inactive due to heartbeat timeout
2026-01-15 21:06:00.255 [taskScheduler-3] WARN  c.q.federated.service.FederatedCoordinatorService - Node 111 marked as inactive due to heartbeat timeout
2026-01-15 21:06:05.273 [taskScheduler-3] WARN  c.q.federated.service.FederatedCoordinatorService - Node 11 marked as inactive due to heartbeat timeout
2026-01-15 21:06:05.273 [taskScheduler-3] WARN  c.q.federated.service.FederatedCoordinatorService - Node 111 marked as inactive due to heartbeat timeout
2026-01-15 21:06:10.282 [taskScheduler-3] WARN  c.q.federated.service.FederatedCoordinatorService - Node 11 marked as inactive due to heartbeat timeout
2026-01-15 21:06:10.283 [taskScheduler-3] WARN  c.q.federated.service.FederatedCoordinatorService - Node 111 marked as inactive due to heartbeat timeout
2026-01-15 21:06:15.293 [taskScheduler-3] WARN  c.q.federated.service.FederatedCoordinatorService - Node 11 marked as inactive due to heartbeat timeout
2026-01-15 21:06:15.293 [taskScheduler-3] WARN  c.q.federated.service.FederatedCoordinatorService - Node 111 marked as inactive due to heartbeat timeout
2026-01-15 21:06:20.310 [taskScheduler-3] WARN  c.q.federated.service.FederatedCoordinatorService - Node 11 marked as inactive due to heartbeat timeout
2026-01-15 21:06:20.311 [taskScheduler-3] WARN  c.q.federated.service.FederatedCoordinatorService - Node 111 marked as inactive due to heartbeat timeout
2026-01-15 21:06:25.330 [taskScheduler-3] WARN  c.q.federated.service.FederatedCoordinatorService - Node 11 marked as inactive due to heartbeat timeout
2026-01-15 21:06:25.331 [taskScheduler-3] WARN  c.q.federated.service.FederatedCoordinatorService - Node 111 marked as inactive due to heartbeat timeout
2026-01-15 21:06:30.338 [taskScheduler-3] WARN  c.q.federated.service.FederatedCoordinatorService - Node 11 marked as inactive due to heartbeat timeout
2026-01-15 21:06:30.339 [taskScheduler-3] WARN  c.q.federated.service.FederatedCoordinatorService - Node 111 marked as inactive due to heartbeat timeout
2026-01-15 21:06:35.348 [taskScheduler-3] WARN  c.q.federated.service.FederatedCoordinatorService - Node 11 marked as inactive due to heartbeat timeout
2026-01-15 21:06:35.349 [taskScheduler-3] WARN  c.q.federated.service.FederatedCoordinatorService - Node 111 marked as inactive due to heartbeat timeout
2026-01-15 21:06:40.368 [taskScheduler-3] WARN  c.q.federated.service.FederatedCoordinatorService - Node 11 marked as inactive due to heartbeat timeout
2026-01-15 21:06:40.368 [taskScheduler-3] WARN  c.q.federated.service.FederatedCoordinatorService - Node 111 marked as inactive due to heartbeat timeout
2026-01-15 21:06:45.374 [taskScheduler-3] WARN  c.q.federated.service.FederatedCoordinatorService - Node 11 marked as inactive due to heartbeat timeout
2026-01-15 21:06:45.374 [taskScheduler-3] WARN  c.q.federated.service.FederatedCoordinatorService - Node 111 marked as inactive due to heartbeat timeout
2026-01-15 21:06:50.394 [taskScheduler-3] WARN  c.q.federated.service.FederatedCoordinatorService - Node 11 marked as inactive due to heartbeat timeout
2026-01-15 21:06:50.394 [taskScheduler-3] WARN  c.q.federated.service.FederatedCoordinatorService - Node 111 marked as inactive due to heartbeat timeout
2026-01-15 21:06:55.405 [taskScheduler-3] WARN  c.q.federated.service.FederatedCoordinatorService - Node 11 marked as inactive due to heartbeat timeout
2026-01-15 21:06:55.406 [taskScheduler-3] WARN  c.q.federated.service.FederatedCoordinatorService - Node 111 marked as inactive due to heartbeat timeout
2026-01-15 21:07:00.422 [taskScheduler-3] WARN  c.q.federated.service.FederatedCoordinatorService - Node 11 marked as inactive due to heartbeat timeout
2026-01-15 21:07:00.423 [taskScheduler-3] WARN  c.q.federated.service.FederatedCoordinatorService - Node 111 marked as inactive due to heartbeat timeout
2026-01-15 21:07:05.439 [taskScheduler-3] WARN  c.q.federated.service.FederatedCoordinatorService - Node 11 marked as inactive due to heartbeat timeout
2026-01-15 21:07:05.440 [taskScheduler-3] WARN  c.q.federated.service.FederatedCoordinatorService - Node 111 marked as inactive due to heartbeat timeout
2026-01-15 21:07:10.447 [taskScheduler-3] WARN  c.q.federated.service.FederatedCoordinatorService - Node 11 marked as inactive due to heartbeat timeout
2026-01-15 21:07:10.448 [taskScheduler-3] WARN  c.q.federated.service.FederatedCoordinatorService - Node 111 marked as inactive due to heartbeat timeout
2026-01-15 21:07:15.460 [taskScheduler-3] WARN  c.q.federated.service.FederatedCoordinatorService - Node 11 marked as inactive due to heartbeat timeout
2026-01-15 21:07:15.461 [taskScheduler-3] WARN  c.q.federated.service.FederatedCoordinatorService - Node 111 marked as inactive due to heartbeat timeout
2026-01-15 21:07:20.474 [taskScheduler-3] WARN  c.q.federated.service.FederatedCoordinatorService - Node 11 marked as inactive due to heartbeat timeout
2026-01-15 21:07:20.474 [taskScheduler-3] WARN  c.q.federated.service.FederatedCoordinatorService - Node 111 marked as inactive due to heartbeat timeout
2026-01-15 21:07:25.489 [taskScheduler-3] WARN  c.q.federated.service.FederatedCoordinatorService - Node 11 marked as inactive due to heartbeat timeout
2026-01-15 21:07:25.489 [taskScheduler-3] WARN  c.q.federated.service.FederatedCoordinatorService - Node 111 marked as inactive due to heartbeat timeout
2026-01-15 21:07:30.496 [taskScheduler-3] WARN  c.q.federated.service.FederatedCoordinatorService - Node 11 marked as inactive due to heartbeat timeout
2026-01-15 21:07:30.496 [taskScheduler-3] WARN  c.q.federated.service.FederatedCoordinatorService - Node 111 marked as inactive due to heartbeat timeout
2026-01-15 21:07:35.513 [taskScheduler-3] WARN  c.q.federated.service.FederatedCoordinatorService - Node 11 marked as inactive due to heartbeat timeout
2026-01-15 21:07:35.513 [taskScheduler-3] WARN  c.q.federated.service.FederatedCoordinatorService - Node 111 marked as inactive due to heartbeat timeout
2026-01-15 21:07:40.521 [taskScheduler-3] WARN  c.q.federated.service.FederatedCoordinatorService - Node 11 marked as inactive due to heartbeat timeout
2026-01-15 21:07:40.521 [taskScheduler-3] WARN  c.q.federated.service.FederatedCoordinatorService - Node 111 marked as inactive due to heartbeat timeout
2026-01-15 21:07:45.537 [taskScheduler-3] WARN  c.q.federated.service.FederatedCoordinatorService - Node 11 marked as inactive due to heartbeat timeout
2026-01-15 21:07:45.539 [taskScheduler-3] WARN  c.q.federated.service.FederatedCoordinatorService - Node 111 marked as inactive due to heartbeat timeout
2026-01-15 21:07:50.552 [taskScheduler-3] WARN  c.q.federated.service.FederatedCoordinatorService - Node 11 marked as inactive due to heartbeat timeout
2026-01-15 21:07:50.553 [taskScheduler-3] WARN  c.q.federated.service.FederatedCoordinatorService - Node 111 marked as inactive due to heartbeat timeout
2026-01-15 21:07:55.573 [taskScheduler-3] WARN  c.q.federated.service.FederatedCoordinatorService - Node 11 marked as inactive due to heartbeat timeout
2026-01-15 21:07:55.574 [taskScheduler-3] WARN  c.q.federated.service.FederatedCoordinatorService - Node 111 marked as inactive due to heartbeat timeout
2026-01-15 21:08:00.582 [taskScheduler-3] WARN  c.q.federated.service.FederatedCoordinatorService - Node 11 marked as inactive due to heartbeat timeout
2026-01-15 21:08:00.583 [taskScheduler-3] WARN  c.q.federated.service.FederatedCoordinatorService - Node 111 marked as inactive due to heartbeat timeout
2026-01-15 21:08:05.596 [taskScheduler-3] WARN  c.q.federated.service.FederatedCoordinatorService - Node 11 marked as inactive due to heartbeat timeout
2026-01-15 21:08:05.597 [taskScheduler-3] WARN  c.q.federated.service.FederatedCoordinatorService - Node 111 marked as inactive due to heartbeat timeout
2026-01-15 21:08:10.604 [taskScheduler-3] WARN  c.q.federated.service.FederatedCoordinatorService - Node 11 marked as inactive due to heartbeat timeout
2026-01-15 21:08:10.605 [taskScheduler-3] WARN  c.q.federated.service.FederatedCoordinatorService - Node 111 marked as inactive due to heartbeat timeout
2026-01-15 21:08:15.623 [taskScheduler-3] WARN  c.q.federated.service.FederatedCoordinatorService - Node 11 marked as inactive due to heartbeat timeout
2026-01-15 21:08:15.629 [taskScheduler-3] WARN  c.q.federated.service.FederatedCoordinatorService - Node 111 marked as inactive due to heartbeat timeout
2026-01-15 21:08:20.643 [taskScheduler-3] WARN  c.q.federated.service.FederatedCoordinatorService - Node 11 marked as inactive due to heartbeat timeout
2026-01-15 21:08:20.645 [taskScheduler-3] WARN  c.q.federated.service.FederatedCoordinatorService - Node 111 marked as inactive due to heartbeat timeout
2026-01-15 21:08:25.657 [taskScheduler-3] WARN  c.q.federated.service.FederatedCoordinatorService - Node 11 marked as inactive due to heartbeat timeout
2026-01-15 21:08:25.657 [taskScheduler-3] WARN  c.q.federated.service.FederatedCoordinatorService - Node 111 marked as inactive due to heartbeat timeout
2026-01-15 21:08:30.671 [taskScheduler-3] WARN  c.q.federated.service.FederatedCoordinatorService - Node 11 marked as inactive due to heartbeat timeout
2026-01-15 21:08:30.671 [taskScheduler-3] WARN  c.q.federated.service.FederatedCoordinatorService - Node 111 marked as inactive due to heartbeat timeout
2026-01-15 21:08:35.686 [taskScheduler-3] WARN  c.q.federated.service.FederatedCoordinatorService - Node 11 marked as inactive due to heartbeat timeout
2026-01-15 21:08:35.686 [taskScheduler-3] WARN  c.q.federated.service.FederatedCoordinatorService - Node 111 marked as inactive due to heartbeat timeout
2026-01-15 21:08:40.696 [taskScheduler-3] WARN  c.q.federated.service.FederatedCoordinatorService - Node 11 marked as inactive due to heartbeat timeout
2026-01-15 21:08:40.697 [taskScheduler-3] WARN  c.q.federated.service.FederatedCoordinatorService - Node 111 marked as inactive due to heartbeat timeout
2026-01-15 21:08:45.705 [taskScheduler-3] WARN  c.q.federated.service.FederatedCoordinatorService - Node 11 marked as inactive due to heartbeat timeout
2026-01-15 21:08:45.706 [taskScheduler-3] WARN  c.q.federated.service.FederatedCoordinatorService - Node 111 marked as inactive due to heartbeat timeout
2026-01-15 21:08:50.723 [taskScheduler-3] WARN  c.q.federated.service.FederatedCoordinatorService - Node 11 marked as inactive due to heartbeat timeout
2026-01-15 21:08:50.723 [taskScheduler-3] WARN  c.q.federated.service.FederatedCoordinatorService - Node 111 marked as inactive due to heartbeat timeout
2026-01-15 21:08:55.731 [taskScheduler-3] WARN  c.q.federated.service.FederatedCoordinatorService - Node 11 marked as inactive due to heartbeat timeout
2026-01-15 21:08:55.731 [taskScheduler-3] WARN  c.q.federated.service.FederatedCoordinatorService - Node 111 marked as inactive due to heartbeat timeout
2026-01-15 21:09:00.749 [taskScheduler-3] WARN  c.q.federated.service.FederatedCoordinatorService - Node 11 marked as inactive due to heartbeat timeout
2026-01-15 21:09:00.751 [taskScheduler-3] WARN  c.q.federated.service.FederatedCoordinatorService - Node 111 marked as inactive due to heartbeat timeout
2026-01-15 21:09:05.769 [taskScheduler-3] WARN  c.q.federated.service.FederatedCoordinatorService - Node 11 marked as inactive due to heartbeat timeout
2026-01-15 21:09:05.770 [taskScheduler-3] WARN  c.q.federated.service.FederatedCoordinatorService - Node 111 marked as inactive due to heartbeat timeout
2026-01-15 21:09:10.789 [taskScheduler-3] WARN  c.q.federated.service.FederatedCoordinatorService - Node 11 marked as inactive due to heartbeat timeout
2026-01-15 21:09:10.789 [taskScheduler-3] WARN  c.q.federated.service.FederatedCoordinatorService - Node 111 marked as inactive due to heartbeat timeout
2026-01-15 21:09:15.798 [taskScheduler-3] WARN  c.q.federated.service.FederatedCoordinatorService - Node 11 marked as inactive due to heartbeat timeout
2026-01-15 21:09:15.799 [taskScheduler-3] WARN  c.q.federated.service.FederatedCoordinatorService - Node 111 marked as inactive due to heartbeat timeout
2026-01-15 21:09:20.818 [taskScheduler-3] WARN  c.q.federated.service.FederatedCoordinatorService - Node 11 marked as inactive due to heartbeat timeout
2026-01-15 21:09:20.819 [taskScheduler-3] WARN  c.q.federated.service.FederatedCoordinatorService - Node 111 marked as inactive due to heartbeat timeout
2026-01-15 21:09:25.832 [taskScheduler-3] WARN  c.q.federated.service.FederatedCoordinatorService - Node 11 marked as inactive due to heartbeat timeout
2026-01-15 21:09:25.832 [taskScheduler-3] WARN  c.q.federated.service.FederatedCoordinatorService - Node 111 marked as inactive due to heartbeat timeout
2026-01-15 21:09:30.847 [taskScheduler-3] WARN  c.q.federated.service.FederatedCoordinatorService - Node 11 marked as inactive due to heartbeat timeout
2026-01-15 21:09:30.847 [taskScheduler-3] WARN  c.q.federated.service.FederatedCoordinatorService - Node 111 marked as inactive due to heartbeat timeout
2026-01-15 21:09:35.858 [taskScheduler-3] WARN  c.q.federated.service.FederatedCoordinatorService - Node 11 marked as inactive due to heartbeat timeout
2026-01-15 21:09:35.859 [taskScheduler-3] WARN  c.q.federated.service.FederatedCoordinatorService - Node 111 marked as inactive due to heartbeat timeout
2026-01-15 21:09:40.876 [taskScheduler-3] WARN  c.q.federated.service.FederatedCoordinatorService - Node 11 marked as inactive due to heartbeat timeout
2026-01-15 21:09:40.877 [taskScheduler-3] WARN  c.q.federated.service.FederatedCoordinatorService - Node 111 marked as inactive due to heartbeat timeout
2026-01-15 21:09:45.889 [taskScheduler-3] WARN  c.q.federated.service.FederatedCoordinatorService - Node 11 marked as inactive due to heartbeat timeout
2026-01-15 21:09:45.889 [taskScheduler-3] WARN  c.q.federated.service.FederatedCoordinatorService - Node 111 marked as inactive due to heartbeat timeout
2026-01-15 21:09:50.902 [taskScheduler-3] WARN  c.q.federated.service.FederatedCoordinatorService - Node 11 marked as inactive due to heartbeat timeout
2026-01-15 21:09:50.903 [taskScheduler-3] WARN  c.q.federated.service.FederatedCoordinatorService - Node 111 marked as inactive due to heartbeat timeout
2026-01-15 21:09:55.920 [taskScheduler-3] WARN  c.q.federated.service.FederatedCoordinatorService - Node 11 marked as inactive due to heartbeat timeout
2026-01-15 21:09:55.921 [taskScheduler-3] WARN  c.q.federated.service.FederatedCoordinatorService - Node 111 marked as inactive due to heartbeat timeout
2026-01-15 21:10:00.935 [taskScheduler-3] WARN  c.q.federated.service.FederatedCoordinatorService - Node 11 marked as inactive due to heartbeat timeout
2026-01-15 21:10:00.935 [taskScheduler-3] WARN  c.q.federated.service.FederatedCoordinatorService - Node 111 marked as inactive due to heartbeat timeout
2026-01-15 21:10:05.944 [taskScheduler-3] WARN  c.q.federated.service.FederatedCoordinatorService - Node 11 marked as inactive due to heartbeat timeout
2026-01-15 21:10:05.944 [taskScheduler-3] WARN  c.q.federated.service.FederatedCoordinatorService - Node 111 marked as inactive due to heartbeat timeout
2026-01-15 21:10:10.950 [taskScheduler-3] WARN  c.q.federated.service.FederatedCoordinatorService - Node 11 marked as inactive due to heartbeat timeout
2026-01-15 21:10:10.951 [taskScheduler-3] WARN  c.q.federated.service.FederatedCoordinatorService - Node 111 marked as inactive due to heartbeat timeout
2026-01-15 21:10:15.968 [taskScheduler-3] WARN  c.q.federated.service.FederatedCoordinatorService - Node 11 marked as inactive due to heartbeat timeout
2026-01-15 21:10:15.971 [taskScheduler-3] WARN  c.q.federated.service.FederatedCoordinatorService - Node 111 marked as inactive due to heartbeat timeout
2026-01-15 21:10:20.983 [taskScheduler-3] WARN  c.q.federated.service.FederatedCoordinatorService - Node 11 marked as inactive due to heartbeat timeout
2026-01-15 21:10:20.984 [taskScheduler-3] WARN  c.q.federated.service.FederatedCoordinatorService - Node 111 marked as inactive due to heartbeat timeout
2026-01-15 21:10:26.006 [taskScheduler-3] WARN  c.q.federated.service.FederatedCoordinatorService - Node 11 marked as inactive due to heartbeat timeout
2026-01-15 21:10:26.006 [taskScheduler-3] WARN  c.q.federated.service.FederatedCoordinatorService - Node 111 marked as inactive due to heartbeat timeout
2026-01-15 21:10:31.018 [taskScheduler-3] WARN  c.q.federated.service.FederatedCoordinatorService - Node 11 marked as inactive due to heartbeat timeout
2026-01-15 21:10:31.019 [taskScheduler-3] WARN  c.q.federated.service.FederatedCoordinatorService - Node 111 marked as inactive due to heartbeat timeout
2026-01-15 21:10:36.034 [taskScheduler-3] WARN  c.q.federated.service.FederatedCoordinatorService - Node 11 marked as inactive due to heartbeat timeout
2026-01-15 21:10:36.034 [taskScheduler-3] WARN  c.q.federated.service.FederatedCoordinatorService - Node 111 marked as inactive due to heartbeat timeout
2026-01-15 21:10:41.055 [taskScheduler-3] WARN  c.q.federated.service.FederatedCoordinatorService - Node 11 marked as inactive due to heartbeat timeout
2026-01-15 21:10:41.057 [taskScheduler-3] WARN  c.q.federated.service.FederatedCoordinatorService - Node 111 marked as inactive due to heartbeat timeout
2026-01-15 21:10:46.075 [taskScheduler-2] WARN  c.q.federated.service.FederatedCoordinatorService - Node 11 marked as inactive due to heartbeat timeout
2026-01-15 21:10:46.076 [taskScheduler-2] WARN  c.q.federated.service.FederatedCoordinatorService - Node 111 marked as inactive due to heartbeat timeout
2026-01-15 21:10:51.087 [taskScheduler-2] WARN  c.q.federated.service.FederatedCoordinatorService - Node 11 marked as inactive due to heartbeat timeout
2026-01-15 21:10:51.087 [taskScheduler-2] WARN  c.q.federated.service.FederatedCoordinatorService - Node 111 marked as inactive due to heartbeat timeout
2026-01-15 21:10:56.097 [taskScheduler-2] WARN  c.q.federated.service.FederatedCoordinatorService - Node 11 marked as inactive due to heartbeat timeout
2026-01-15 21:10:56.098 [taskScheduler-2] WARN  c.q.federated.service.FederatedCoordinatorService - Node 111 marked as inactive due to heartbeat timeout
2026-01-15 21:11:01.105 [taskScheduler-2] WARN  c.q.federated.service.FederatedCoordinatorService - Node 11 marked as inactive due to heartbeat timeout
2026-01-15 21:11:01.106 [taskScheduler-2] WARN  c.q.federated.service.FederatedCoordinatorService - Node 111 marked as inactive due to heartbeat timeout
2026-01-15 21:11:06.111 [taskScheduler-2] WARN  c.q.federated.service.FederatedCoordinatorService - Node 11 marked as inactive due to heartbeat timeout
2026-01-15 21:11:06.112 [taskScheduler-2] WARN  c.q.federated.service.FederatedCoordinatorService - Node 111 marked as inactive due to heartbeat timeout
2026-01-15 21:11:11.124 [taskScheduler-2] WARN  c.q.federated.service.FederatedCoordinatorService - Node 11 marked as inactive due to heartbeat timeout
2026-01-15 21:11:11.125 [taskScheduler-2] WARN  c.q.federated.service.FederatedCoordinatorService - Node 111 marked as inactive due to heartbeat timeout
2026-01-15 21:11:16.138 [taskScheduler-2] WARN  c.q.federated.service.FederatedCoordinatorService - Node 11 marked as inactive due to heartbeat timeout
2026-01-15 21:11:16.139 [taskScheduler-2] WARN  c.q.federated.service.FederatedCoordinatorService - Node 111 marked as inactive due to heartbeat timeout
2026-01-15 21:11:21.160 [taskScheduler-2] WARN  c.q.federated.service.FederatedCoordinatorService - Node 11 marked as inactive due to heartbeat timeout
2026-01-15 21:11:21.165 [taskScheduler-2] WARN  c.q.federated.service.FederatedCoordinatorService - Node 111 marked as inactive due to heartbeat timeout
2026-01-15 21:11:26.187 [taskScheduler-2] WARN  c.q.federated.service.FederatedCoordinatorService - Node 11 marked as inactive due to heartbeat timeout
2026-01-15 21:11:26.188 [taskScheduler-2] WARN  c.q.federated.service.FederatedCoordinatorService - Node 111 marked as inactive due to heartbeat timeout
2026-01-15 21:11:31.198 [taskScheduler-2] WARN  c.q.federated.service.FederatedCoordinatorService - Node 11 marked as inactive due to heartbeat timeout
2026-01-15 21:11:31.198 [taskScheduler-2] WARN  c.q.federated.service.FederatedCoordinatorService - Node 111 marked as inactive due to heartbeat timeout
2026-01-15 21:11:36.216 [taskScheduler-2] WARN  c.q.federated.service.FederatedCoordinatorService - Node 11 marked as inactive due to heartbeat timeout
2026-01-15 21:11:36.216 [taskScheduler-2] WARN  c.q.federated.service.FederatedCoordinatorService - Node 111 marked as inactive due to heartbeat timeout
2026-01-15 21:11:41.232 [taskScheduler-2] WARN  c.q.federated.service.FederatedCoordinatorService - Node 11 marked as inactive due to heartbeat timeout
2026-01-15 21:11:41.233 [taskScheduler-2] WARN  c.q.federated.service.FederatedCoordinatorService - Node 111 marked as inactive due to heartbeat timeout
2026-01-15 21:11:46.249 [taskScheduler-2] WARN  c.q.federated.service.FederatedCoordinatorService - Node 11 marked as inactive due to heartbeat timeout
2026-01-15 21:11:46.250 [taskScheduler-2] WARN  c.q.federated.service.FederatedCoordinatorService - Node 111 marked as inactive due to heartbeat timeout
2026-01-15 21:11:51.257 [taskScheduler-2] WARN  c.q.federated.service.FederatedCoordinatorService - Node 11 marked as inactive due to heartbeat timeout
2026-01-15 21:11:51.257 [taskScheduler-2] WARN  c.q.federated.service.FederatedCoordinatorService - Node 111 marked as inactive due to heartbeat timeout
2026-01-15 21:11:56.265 [taskScheduler-2] WARN  c.q.federated.service.FederatedCoordinatorService - Node 11 marked as inactive due to heartbeat timeout
2026-01-15 21:11:56.265 [taskScheduler-2] WARN  c.q.federated.service.FederatedCoordinatorService - Node 111 marked as inactive due to heartbeat timeout
2026-01-15 21:12:01.282 [taskScheduler-2] WARN  c.q.federated.service.FederatedCoordinatorService - Node 11 marked as inactive due to heartbeat timeout
2026-01-15 21:12:01.283 [taskScheduler-2] WARN  c.q.federated.service.FederatedCoordinatorService - Node 111 marked as inactive due to heartbeat timeout
2026-01-15 21:12:06.299 [taskScheduler-2] WARN  c.q.federated.service.FederatedCoordinatorService - Node 11 marked as inactive due to heartbeat timeout
2026-01-15 21:12:06.300 [taskScheduler-2] WARN  c.q.federated.service.FederatedCoordinatorService - Node 111 marked as inactive due to heartbeat timeout
2026-01-15 21:12:11.309 [taskScheduler-2] WARN  c.q.federated.service.FederatedCoordinatorService - Node 11 marked as inactive due to heartbeat timeout
2026-01-15 21:12:11.310 [taskScheduler-2] WARN  c.q.federated.service.FederatedCoordinatorService - Node 111 marked as inactive due to heartbeat timeout
2026-01-15 21:12:16.314 [taskScheduler-2] WARN  c.q.federated.service.FederatedCoordinatorService - Node 11 marked as inactive due to heartbeat timeout
2026-01-15 21:12:16.315 [taskScheduler-2] WARN  c.q.federated.service.FederatedCoordinatorService - Node 111 marked as inactive due to heartbeat timeout
2026-01-15 21:12:21.329 [taskScheduler-2] WARN  c.q.federated.service.FederatedCoordinatorService - Node 11 marked as inactive due to heartbeat timeout
2026-01-15 21:12:21.330 [taskScheduler-2] WARN  c.q.federated.service.FederatedCoordinatorService - Node 111 marked as inactive due to heartbeat timeout
2026-01-15 21:12:26.337 [taskScheduler-2] WARN  c.q.federated.service.FederatedCoordinatorService - Node 11 marked as inactive due to heartbeat timeout
2026-01-15 21:12:26.338 [taskScheduler-2] WARN  c.q.federated.service.FederatedCoordinatorService - Node 111 marked as inactive due to heartbeat timeout
2026-01-15 21:12:31.344 [taskScheduler-2] WARN  c.q.federated.service.FederatedCoordinatorService - Node 11 marked as inactive due to heartbeat timeout
2026-01-15 21:12:31.345 [taskScheduler-2] WARN  c.q.federated.service.FederatedCoordinatorService - Node 111 marked as inactive due to heartbeat timeout
2026-01-15 21:12:36.357 [taskScheduler-2] WARN  c.q.federated.service.FederatedCoordinatorService - Node 11 marked as inactive due to heartbeat timeout
2026-01-15 21:12:36.357 [taskScheduler-2] WARN  c.q.federated.service.FederatedCoordinatorService - Node 111 marked as inactive due to heartbeat timeout
2026-01-15 21:12:41.368 [taskScheduler-2] WARN  c.q.federated.service.FederatedCoordinatorService - Node 11 marked as inactive due to heartbeat timeout
2026-01-15 21:12:41.368 [taskScheduler-2] WARN  c.q.federated.service.FederatedCoordinatorService - Node 111 marked as inactive due to heartbeat timeout
2026-01-15 21:12:46.379 [taskScheduler-2] WARN  c.q.federated.service.FederatedCoordinatorService - Node 11 marked as inactive due to heartbeat timeout
2026-01-15 21:12:46.380 [taskScheduler-2] WARN  c.q.federated.service.FederatedCoordinatorService - Node 111 marked as inactive due to heartbeat timeout
2026-01-15 21:12:51.389 [taskScheduler-2] WARN  c.q.federated.service.FederatedCoordinatorService - Node 11 marked as inactive due to heartbeat timeout
2026-01-15 21:12:51.390 [taskScheduler-2] WARN  c.q.federated.service.FederatedCoordinatorService - Node 111 marked as inactive due to heartbeat timeout
2026-01-15 21:12:56.399 [taskScheduler-2] WARN  c.q.federated.service.FederatedCoordinatorService - Node 11 marked as inactive due to heartbeat timeout
2026-01-15 21:12:56.400 [taskScheduler-2] WARN  c.q.federated.service.FederatedCoordinatorService - Node 111 marked as inactive due to heartbeat timeout
2026-01-15 21:13:01.419 [taskScheduler-2] WARN  c.q.federated.service.FederatedCoordinatorService - Node 11 marked as inactive due to heartbeat timeout
2026-01-15 21:13:01.419 [taskScheduler-2] WARN  c.q.federated.service.FederatedCoordinatorService - Node 111 marked as inactive due to heartbeat timeout
2026-01-15 21:13:06.433 [taskScheduler-2] WARN  c.q.federated.service.FederatedCoordinatorService - Node 11 marked as inactive due to heartbeat timeout
2026-01-15 21:13:06.433 [taskScheduler-2] WARN  c.q.federated.service.FederatedCoordinatorService - Node 111 marked as inactive due to heartbeat timeout
2026-01-15 21:13:11.446 [taskScheduler-2] WARN  c.q.federated.service.FederatedCoordinatorService - Node 11 marked as inactive due to heartbeat timeout
2026-01-15 21:13:11.447 [taskScheduler-2] WARN  c.q.federated.service.FederatedCoordinatorService - Node 111 marked as inactive due to heartbeat timeout
2026-01-15 21:13:16.464 [taskScheduler-2] WARN  c.q.federated.service.FederatedCoordinatorService - Node 11 marked as inactive due to heartbeat timeout
2026-01-15 21:13:16.465 [taskScheduler-2] WARN  c.q.federated.service.FederatedCoordinatorService - Node 111 marked as inactive due to heartbeat timeout
2026-01-15 21:13:21.474 [taskScheduler-2] WARN  c.q.federated.service.FederatedCoordinatorService - Node 11 marked as inactive due to heartbeat timeout
2026-01-15 21:13:21.474 [taskScheduler-2] WARN  c.q.federated.service.FederatedCoordinatorService - Node 111 marked as inactive due to heartbeat timeout
2026-01-15 21:13:26.480 [taskScheduler-2] WARN  c.q.federated.service.FederatedCoordinatorService - Node 11 marked as inactive due to heartbeat timeout
2026-01-15 21:13:26.480 [taskScheduler-2] WARN  c.q.federated.service.FederatedCoordinatorService - Node 111 marked as inactive due to heartbeat timeout
2026-01-15 21:13:31.489 [taskScheduler-2] WARN  c.q.federated.service.FederatedCoordinatorService - Node 11 marked as inactive due to heartbeat timeout
2026-01-15 21:13:31.489 [taskScheduler-2] WARN  c.q.federated.service.FederatedCoordinatorService - Node 111 marked as inactive due to heartbeat timeout
2026-01-15 21:13:36.507 [taskScheduler-2] WARN  c.q.federated.service.FederatedCoordinatorService - Node 11 marked as inactive due to heartbeat timeout
2026-01-15 21:13:36.507 [taskScheduler-2] WARN  c.q.federated.service.FederatedCoordinatorService - Node 111 marked as inactive due to heartbeat timeout
2026-01-15 21:13:41.514 [taskScheduler-2] WARN  c.q.federated.service.FederatedCoordinatorService - Node 11 marked as inactive due to heartbeat timeout
2026-01-15 21:13:41.514 [taskScheduler-2] WARN  c.q.federated.service.FederatedCoordinatorService - Node 111 marked as inactive due to heartbeat timeout
2026-01-15 21:13:46.532 [taskScheduler-2] WARN  c.q.federated.service.FederatedCoordinatorService - Node 11 marked as inactive due to heartbeat timeout
2026-01-15 21:13:46.532 [taskScheduler-2] WARN  c.q.federated.service.FederatedCoordinatorService - Node 111 marked as inactive due to heartbeat timeout
2026-01-15 21:13:51.541 [taskScheduler-2] WARN  c.q.federated.service.FederatedCoordinatorService - Node 11 marked as inactive due to heartbeat timeout
2026-01-15 21:13:51.541 [taskScheduler-2] WARN  c.q.federated.service.FederatedCoordinatorService - Node 111 marked as inactive due to heartbeat timeout
2026-01-15 21:13:56.549 [taskScheduler-2] WARN  c.q.federated.service.FederatedCoordinatorService - Node 11 marked as inactive due to heartbeat timeout
2026-01-15 21:13:56.550 [taskScheduler-2] WARN  c.q.federated.service.FederatedCoordinatorService - Node 111 marked as inactive due to heartbeat timeout
2026-01-15 21:14:01.559 [taskScheduler-2] WARN  c.q.federated.service.FederatedCoordinatorService - Node 11 marked as inactive due to heartbeat timeout
2026-01-15 21:14:01.560 [taskScheduler-2] WARN  c.q.federated.service.FederatedCoordinatorService - Node 111 marked as inactive due to heartbeat timeout
2026-01-15 21:14:06.577 [taskScheduler-2] WARN  c.q.federated.service.FederatedCoordinatorService - Node 11 marked as inactive due to heartbeat timeout
2026-01-15 21:14:06.577 [taskScheduler-2] WARN  c.q.federated.service.FederatedCoordinatorService - Node 111 marked as inactive due to heartbeat timeout
2026-01-15 21:14:11.595 [taskScheduler-2] WARN  c.q.federated.service.FederatedCoordinatorService - Node 11 marked as inactive due to heartbeat timeout
2026-01-15 21:14:11.596 [taskScheduler-2] WARN  c.q.federated.service.FederatedCoordinatorService - Node 111 marked as inactive due to heartbeat timeout
2026-01-15 21:14:16.605 [taskScheduler-2] WARN  c.q.federated.service.FederatedCoordinatorService - Node 11 marked as inactive due to heartbeat timeout
2026-01-15 21:14:16.606 [taskScheduler-2] WARN  c.q.federated.service.FederatedCoordinatorService - Node 111 marked as inactive due to heartbeat timeout
2026-01-15 21:14:21.616 [taskScheduler-2] WARN  c.q.federated.service.FederatedCoordinatorService - Node 11 marked as inactive due to heartbeat timeout
2026-01-15 21:14:21.617 [taskScheduler-2] WARN  c.q.federated.service.FederatedCoordinatorService - Node 111 marked as inactive due to heartbeat timeout
2026-01-15 21:14:26.628 [taskScheduler-2] WARN  c.q.federated.service.FederatedCoordinatorService - Node 11 marked as inactive due to heartbeat timeout
2026-01-15 21:14:26.629 [taskScheduler-2] WARN  c.q.federated.service.FederatedCoordinatorService - Node 111 marked as inactive due to heartbeat timeout
2026-01-15 21:14:31.643 [taskScheduler-2] WARN  c.q.federated.service.FederatedCoordinatorService - Node 11 marked as inactive due to heartbeat timeout
2026-01-15 21:14:31.644 [taskScheduler-2] WARN  c.q.federated.service.FederatedCoordinatorService - Node 111 marked as inactive due to heartbeat timeout
2026-01-15 21:14:36.662 [taskScheduler-2] WARN  c.q.federated.service.FederatedCoordinatorService - Node 11 marked as inactive due to heartbeat timeout
2026-01-15 21:14:36.662 [taskScheduler-2] WARN  c.q.federated.service.FederatedCoordinatorService - Node 111 marked as inactive due to heartbeat timeout
2026-01-15 21:14:41.671 [taskScheduler-2] WARN  c.q.federated.service.FederatedCoordinatorService - Node 11 marked as inactive due to heartbeat timeout
2026-01-15 21:14:41.672 [taskScheduler-2] WARN  c.q.federated.service.FederatedCoordinatorService - Node 111 marked as inactive due to heartbeat timeout
2026-01-15 21:14:46.687 [taskScheduler-2] WARN  c.q.federated.service.FederatedCoordinatorService - Node 11 marked as inactive due to heartbeat timeout
2026-01-15 21:14:46.688 [taskScheduler-2] WARN  c.q.federated.service.FederatedCoordinatorService - Node 111 marked as inactive due to heartbeat timeout
2026-01-15 21:14:51.696 [taskScheduler-2] WARN  c.q.federated.service.FederatedCoordinatorService - Node 11 marked as inactive due to heartbeat timeout
2026-01-15 21:14:51.696 [taskScheduler-2] WARN  c.q.federated.service.FederatedCoordinatorService - Node 111 marked as inactive due to heartbeat timeout
2026-01-15 21:14:56.706 [taskScheduler-2] WARN  c.q.federated.service.FederatedCoordinatorService - Node 11 marked as inactive due to heartbeat timeout
2026-01-15 21:14:56.707 [taskScheduler-2] WARN  c.q.federated.service.FederatedCoordinatorService - Node 111 marked as inactive due to heartbeat timeout
2026-01-15 21:15:01.742 [taskScheduler-2] WARN  c.q.federated.service.FederatedCoordinatorService - Node 11 marked as inactive due to heartbeat timeout
2026-01-15 21:15:01.743 [taskScheduler-2] WARN  c.q.federated.service.FederatedCoordinatorService - Node 111 marked as inactive due to heartbeat timeout
2026-01-15 21:15:06.754 [taskScheduler-2] WARN  c.q.federated.service.FederatedCoordinatorService - Node 11 marked as inactive due to heartbeat timeout
2026-01-15 21:15:06.754 [taskScheduler-2] WARN  c.q.federated.service.FederatedCoordinatorService - Node 111 marked as inactive due to heartbeat timeout
2026-01-15 21:15:11.767 [taskScheduler-2] WARN  c.q.federated.service.FederatedCoordinatorService - Node 11 marked as inactive due to heartbeat timeout
2026-01-15 21:15:11.767 [taskScheduler-2] WARN  c.q.federated.service.FederatedCoordinatorService - Node 111 marked as inactive due to heartbeat timeout
2026-01-15 21:15:16.788 [taskScheduler-2] WARN  c.q.federated.service.FederatedCoordinatorService - Node 11 marked as inactive due to heartbeat timeout
2026-01-15 21:15:16.788 [taskScheduler-2] WARN  c.q.federated.service.FederatedCoordinatorService - Node 111 marked as inactive due to heartbeat timeout
2026-01-15 21:15:21.800 [taskScheduler-2] WARN  c.q.federated.service.FederatedCoordinatorService - Node 11 marked as inactive due to heartbeat timeout
2026-01-15 21:15:21.801 [taskScheduler-2] WARN  c.q.federated.service.FederatedCoordinatorService - Node 111 marked as inactive due to heartbeat timeout
2026-01-15 21:15:26.821 [taskScheduler-2] WARN  c.q.federated.service.FederatedCoordinatorService - Node 11 marked as inactive due to heartbeat timeout
2026-01-15 21:15:26.821 [taskScheduler-2] WARN  c.q.federated.service.FederatedCoordinatorService - Node 111 marked as inactive due to heartbeat timeout
2026-01-15 21:15:31.840 [taskScheduler-2] WARN  c.q.federated.service.FederatedCoordinatorService - Node 11 marked as inactive due to heartbeat timeout
2026-01-15 21:15:31.840 [taskScheduler-2] WARN  c.q.federated.service.FederatedCoordinatorService - Node 111 marked as inactive due to heartbeat timeout
2026-01-15 21:15:36.859 [taskScheduler-6] WARN  c.q.federated.service.FederatedCoordinatorService - Node 11 marked as inactive due to heartbeat timeout
2026-01-15 21:15:36.859 [taskScheduler-6] WARN  c.q.federated.service.FederatedCoordinatorService - Node 111 marked as inactive due to heartbeat timeout
2026-01-15 21:15:41.867 [taskScheduler-6] WARN  c.q.federated.service.FederatedCoordinatorService - Node 11 marked as inactive due to heartbeat timeout
2026-01-15 21:15:41.867 [taskScheduler-6] WARN  c.q.federated.service.FederatedCoordinatorService - Node 111 marked as inactive due to heartbeat timeout
2026-01-15 21:15:46.878 [taskScheduler-6] WARN  c.q.federated.service.FederatedCoordinatorService - Node 11 marked as inactive due to heartbeat timeout
2026-01-15 21:15:46.878 [taskScheduler-6] WARN  c.q.federated.service.FederatedCoordinatorService - Node 111 marked as inactive due to heartbeat timeout
2026-01-15 21:15:51.890 [taskScheduler-6] WARN  c.q.federated.service.FederatedCoordinatorService - Node 11 marked as inactive due to heartbeat timeout
2026-01-15 21:15:51.891 [taskScheduler-6] WARN  c.q.federated.service.FederatedCoordinatorService - Node 111 marked as inactive due to heartbeat timeout
2026-01-15 21:15:56.908 [taskScheduler-6] WARN  c.q.federated.service.FederatedCoordinatorService - Node 11 marked as inactive due to heartbeat timeout
2026-01-15 21:15:56.908 [taskScheduler-6] WARN  c.q.federated.service.FederatedCoordinatorService - Node 111 marked as inactive due to heartbeat timeout
2026-01-15 21:16:01.928 [taskScheduler-6] WARN  c.q.federated.service.FederatedCoordinatorService - Node 11 marked as inactive due to heartbeat timeout
2026-01-15 21:16:01.929 [taskScheduler-6] WARN  c.q.federated.service.FederatedCoordinatorService - Node 111 marked as inactive due to heartbeat timeout
2026-01-15 21:16:06.949 [taskScheduler-6] WARN  c.q.federated.service.FederatedCoordinatorService - Node 11 marked as inactive due to heartbeat timeout
2026-01-15 21:16:06.950 [taskScheduler-6] WARN  c.q.federated.service.FederatedCoordinatorService - Node 111 marked as inactive due to heartbeat timeout
2026-01-15 21:16:11.958 [taskScheduler-6] WARN  c.q.federated.service.FederatedCoordinatorService - Node 11 marked as inactive due to heartbeat timeout
2026-01-15 21:16:11.959 [taskScheduler-6] WARN  c.q.federated.service.FederatedCoordinatorService - Node 111 marked as inactive due to heartbeat timeout
2026-01-15 21:16:16.973 [taskScheduler-6] WARN  c.q.federated.service.FederatedCoordinatorService - Node 11 marked as inactive due to heartbeat timeout
2026-01-15 21:16:16.974 [taskScheduler-6] WARN  c.q.federated.service.FederatedCoordinatorService - Node 111 marked as inactive due to heartbeat timeout
2026-01-15 21:16:21.986 [taskScheduler-6] WARN  c.q.federated.service.FederatedCoordinatorService - Node 11 marked as inactive due to heartbeat timeout
2026-01-15 21:16:21.986 [taskScheduler-6] WARN  c.q.federated.service.FederatedCoordinatorService - Node 111 marked as inactive due to heartbeat timeout
2026-01-15 21:16:27.005 [taskScheduler-6] WARN  c.q.federated.service.FederatedCoordinatorService - Node 11 marked as inactive due to heartbeat timeout
2026-01-15 21:16:27.006 [taskScheduler-6] WARN  c.q.federated.service.FederatedCoordinatorService - Node 111 marked as inactive due to heartbeat timeout
2026-01-15 21:16:32.020 [taskScheduler-6] WARN  c.q.federated.service.FederatedCoordinatorService - Node 11 marked as inactive due to heartbeat timeout
2026-01-15 21:16:32.020 [taskScheduler-6] WARN  c.q.federated.service.FederatedCoordinatorService - Node 111 marked as inactive due to heartbeat timeout
2026-01-15 21:16:37.033 [taskScheduler-6] WARN  c.q.federated.service.FederatedCoordinatorService - Node 11 marked as inactive due to heartbeat timeout
2026-01-15 21:16:37.034 [taskScheduler-6] WARN  c.q.federated.service.FederatedCoordinatorService - Node 111 marked as inactive due to heartbeat timeout
2026-01-15 21:16:42.040 [taskScheduler-6] WARN  c.q.federated.service.FederatedCoordinatorService - Node 11 marked as inactive due to heartbeat timeout
2026-01-15 21:16:42.040 [taskScheduler-6] WARN  c.q.federated.service.FederatedCoordinatorService - Node 111 marked as inactive due to heartbeat timeout
2026-01-15 21:16:47.051 [taskScheduler-6] WARN  c.q.federated.service.FederatedCoordinatorService - Node 11 marked as inactive due to heartbeat timeout
2026-01-15 21:16:47.051 [taskScheduler-6] WARN  c.q.federated.service.FederatedCoordinatorService - Node 111 marked as inactive due to heartbeat timeout
2026-01-15 21:16:52.059 [taskScheduler-6] WARN  c.q.federated.service.FederatedCoordinatorService - Node 11 marked as inactive due to heartbeat timeout
2026-01-15 21:16:52.060 [taskScheduler-6] WARN  c.q.federated.service.FederatedCoordinatorService - Node 111 marked as inactive due to heartbeat timeout
2026-01-15 21:16:57.074 [taskScheduler-6] WARN  c.q.federated.service.FederatedCoordinatorService - Node 11 marked as inactive due to heartbeat timeout
2026-01-15 21:16:57.075 [taskScheduler-6] WARN  c.q.federated.service.FederatedCoordinatorService - Node 111 marked as inactive due to heartbeat timeout
2026-01-15 21:17:02.088 [taskScheduler-6] WARN  c.q.federated.service.FederatedCoordinatorService - Node 11 marked as inactive due to heartbeat timeout
2026-01-15 21:17:02.089 [taskScheduler-6] WARN  c.q.federated.service.FederatedCoordinatorService - Node 111 marked as inactive due to heartbeat timeout
2026-01-15 21:17:07.107 [taskScheduler-6] WARN  c.q.federated.service.FederatedCoordinatorService - Node 11 marked as inactive due to heartbeat timeout
2026-01-15 21:17:07.107 [taskScheduler-6] WARN  c.q.federated.service.FederatedCoordinatorService - Node 111 marked as inactive due to heartbeat timeout
2026-01-15 21:17:12.113 [taskScheduler-6] WARN  c.q.federated.service.FederatedCoordinatorService - Node 11 marked as inactive due to heartbeat timeout
2026-01-15 21:17:12.113 [taskScheduler-6] WARN  c.q.federated.service.FederatedCoordinatorService - Node 111 marked as inactive due to heartbeat timeout
2026-01-15 22:27:01.974 [background-preinit] WARN  o.s.h.converter.json.Jackson2ObjectMapperBuilder - For Jackson Kotlin classes support please add "com.fasterxml.jackson.module:jackson-module-kotlin" to the classpath
2026-01-15 22:27:09.682 [background-preinit] WARN  o.s.h.converter.json.Jackson2ObjectMapperBuilder - For Jackson Kotlin classes support please add "com.fasterxml.jackson.module:jackson-module-kotlin" to the classpath
2026-01-15 22:27:37.719 [main] WARN  c.b.mybatisplus.core.metadata.TableInfoHelper - Can not find table primary key in Class: "com.qczy.model.entity.OperLogEntity".
2026-01-15 22:27:37.765 [main] WARN  c.b.mybatisplus.core.metadata.TableInfoHelper - Can not find table primary key in Class: "com.qczy.model.entity.OperLogEntity".
2026-01-15 22:27:46.551 [main] WARN  c.b.mybatisplus.core.metadata.TableInfoHelper - Can not find table primary key in Class: "com.qczy.model.entity.AlgorithmTaskResultEntity".
2026-01-15 22:27:46.963 [main] WARN  c.b.mybatisplus.core.metadata.TableInfoHelper - Can not find table primary key in Class: "com.qczy.model.entity.AlgorithmTaskResultEntity".
2026-01-15 22:27:50.407 [main] WARN  c.b.mybatisplus.core.metadata.TableInfoHelper - Can not find table primary key in Class: "com.qczy.model.entity.RoleMenuEntity".
2026-01-15 22:27:50.492 [main] WARN  c.b.mybatisplus.core.metadata.TableInfoHelper - Can not find table primary key in Class: "com.qczy.model.entity.RoleButtonEntity".
2026-01-15 22:27:51.342 [main] WARN  c.b.mybatisplus.core.metadata.TableInfoHelper - Can not find table primary key in Class: "com.qczy.model.entity.RoleMenuEntity".
2026-01-15 22:27:51.453 [main] WARN  c.b.mybatisplus.core.metadata.TableInfoHelper - Can not find table primary key in Class: "com.qczy.model.entity.RoleButtonEntity".
2026-01-15 22:28:01.141 [taskScheduler-3] WARN  c.q.federated.service.FederatedCoordinatorService - Node 11 marked as inactive due to heartbeat timeout
2026-01-15 22:28:01.166 [taskScheduler-3] WARN  c.q.federated.service.FederatedCoordinatorService - Node 111 marked as inactive due to heartbeat timeout
2026-01-15 22:28:01.417 [taskScheduler-1] WARN  c.q.federated.service.FederatedCoordinatorService - Node 11 marked as inactive due to heartbeat timeout
2026-01-15 22:28:01.419 [taskScheduler-1] WARN  c.q.federated.service.FederatedCoordinatorService - Node 111 marked as inactive due to heartbeat timeout
2026-01-15 22:28:06.219 [taskScheduler-2] WARN  c.q.federated.service.FederatedCoordinatorService - Node 11 marked as inactive due to heartbeat timeout
2026-01-15 22:28:06.219 [taskScheduler-2] WARN  c.q.federated.service.FederatedCoordinatorService - Node 111 marked as inactive due to heartbeat timeout
2026-01-15 22:28:11.233 [taskScheduler-3] WARN  c.q.federated.service.FederatedCoordinatorService - Node 11 marked as inactive due to heartbeat timeout
2026-01-15 22:28:11.234 [taskScheduler-3] WARN  c.q.federated.service.FederatedCoordinatorService - Node 111 marked as inactive due to heartbeat timeout
2026-01-15 22:28:16.246 [taskScheduler-1] WARN  c.q.federated.service.FederatedCoordinatorService - Node 11 marked as inactive due to heartbeat timeout
2026-01-15 22:28:16.246 [taskScheduler-1] WARN  c.q.federated.service.FederatedCoordinatorService - Node 111 marked as inactive due to heartbeat timeout
2026-01-15 22:28:21.253 [taskScheduler-5] WARN  c.q.federated.service.FederatedCoordinatorService - Node 11 marked as inactive due to heartbeat timeout
2026-01-15 22:28:21.253 [taskScheduler-5] WARN  c.q.federated.service.FederatedCoordinatorService - Node 111 marked as inactive due to heartbeat timeout
2026-01-15 22:28:26.264 [taskScheduler-3] WARN  c.q.federated.service.FederatedCoordinatorService - Node 11 marked as inactive due to heartbeat timeout
2026-01-15 22:28:26.265 [taskScheduler-3] WARN  c.q.federated.service.FederatedCoordinatorService - Node 111 marked as inactive due to heartbeat timeout
2026-01-15 22:28:31.286 [taskScheduler-2] WARN  c.q.federated.service.FederatedCoordinatorService - Node 11 marked as inactive due to heartbeat timeout
2026-01-15 22:28:31.288 [taskScheduler-2] WARN  c.q.federated.service.FederatedCoordinatorService - Node 111 marked as inactive due to heartbeat timeout
2026-01-15 22:28:36.304 [taskScheduler-7] WARN  c.q.federated.service.FederatedCoordinatorService - Node 11 marked as inactive due to heartbeat timeout
2026-01-15 22:28:36.305 [taskScheduler-7] WARN  c.q.federated.service.FederatedCoordinatorService - Node 111 marked as inactive due to heartbeat timeout
2026-01-15 22:28:41.327 [taskScheduler-7] WARN  c.q.federated.service.FederatedCoordinatorService - Node 11 marked as inactive due to heartbeat timeout
2026-01-15 22:28:41.328 [taskScheduler-7] WARN  c.q.federated.service.FederatedCoordinatorService - Node 111 marked as inactive due to heartbeat timeout
2026-01-15 22:28:46.358 [taskScheduler-7] WARN  c.q.federated.service.FederatedCoordinatorService - Node 11 marked as inactive due to heartbeat timeout
2026-01-15 22:28:46.359 [taskScheduler-7] WARN  c.q.federated.service.FederatedCoordinatorService - Node 111 marked as inactive due to heartbeat timeout
2026-01-15 22:28:51.370 [taskScheduler-7] WARN  c.q.federated.service.FederatedCoordinatorService - Node 11 marked as inactive due to heartbeat timeout
2026-01-15 22:28:51.371 [taskScheduler-7] WARN  c.q.federated.service.FederatedCoordinatorService - Node 111 marked as inactive due to heartbeat timeout
2026-01-15 22:28:56.384 [taskScheduler-7] WARN  c.q.federated.service.FederatedCoordinatorService - Node 11 marked as inactive due to heartbeat timeout
2026-01-15 22:28:56.385 [taskScheduler-7] WARN  c.q.federated.service.FederatedCoordinatorService - Node 111 marked as inactive due to heartbeat timeout
2026-01-15 22:29:01.398 [taskScheduler-7] WARN  c.q.federated.service.FederatedCoordinatorService - Node 11 marked as inactive due to heartbeat timeout
2026-01-15 22:29:01.398 [taskScheduler-7] WARN  c.q.federated.service.FederatedCoordinatorService - Node 111 marked as inactive due to heartbeat timeout
2026-01-15 22:29:06.421 [taskScheduler-7] WARN  c.q.federated.service.FederatedCoordinatorService - Node 11 marked as inactive due to heartbeat timeout
2026-01-15 22:29:06.421 [taskScheduler-7] WARN  c.q.federated.service.FederatedCoordinatorService - Node 111 marked as inactive due to heartbeat timeout
2026-01-15 22:29:11.435 [taskScheduler-7] WARN  c.q.federated.service.FederatedCoordinatorService - Node 11 marked as inactive due to heartbeat timeout
2026-01-15 22:29:11.436 [taskScheduler-7] WARN  c.q.federated.service.FederatedCoordinatorService - Node 111 marked as inactive due to heartbeat timeout
2026-01-15 22:29:16.450 [taskScheduler-7] WARN  c.q.federated.service.FederatedCoordinatorService - Node 11 marked as inactive due to heartbeat timeout
2026-01-15 22:29:16.450 [taskScheduler-7] WARN  c.q.federated.service.FederatedCoordinatorService - Node 111 marked as inactive due to heartbeat timeout
2026-01-15 22:29:21.468 [taskScheduler-7] WARN  c.q.federated.service.FederatedCoordinatorService - Node 11 marked as inactive due to heartbeat timeout
2026-01-15 22:29:21.469 [taskScheduler-7] WARN  c.q.federated.service.FederatedCoordinatorService - Node 111 marked as inactive due to heartbeat timeout
2026-01-15 22:29:26.483 [taskScheduler-7] WARN  c.q.federated.service.FederatedCoordinatorService - Node 11 marked as inactive due to heartbeat timeout
2026-01-15 22:29:26.484 [taskScheduler-7] WARN  c.q.federated.service.FederatedCoordinatorService - Node 111 marked as inactive due to heartbeat timeout
2026-01-15 22:29:31.499 [taskScheduler-7] WARN  c.q.federated.service.FederatedCoordinatorService - Node 11 marked as inactive due to heartbeat timeout
2026-01-15 22:29:31.499 [taskScheduler-7] WARN  c.q.federated.service.FederatedCoordinatorService - Node 111 marked as inactive due to heartbeat timeout
2026-01-15 22:29:36.689 [taskScheduler-7] WARN  c.q.federated.service.FederatedCoordinatorService - Node 11 marked as inactive due to heartbeat timeout
2026-01-15 22:29:37.198 [taskScheduler-7] WARN  c.q.federated.service.FederatedCoordinatorService - Node 111 marked as inactive due to heartbeat timeout
2026-01-15 22:29:43.169 [taskScheduler-7] WARN  c.q.federated.service.FederatedCoordinatorService - Node 11 marked as inactive due to heartbeat timeout
2026-01-15 22:29:43.172 [taskScheduler-7] WARN  c.q.federated.service.FederatedCoordinatorService - Node 111 marked as inactive due to heartbeat timeout
2026-01-15 22:29:48.219 [taskScheduler-7] WARN  c.q.federated.service.FederatedCoordinatorService - Node 11 marked as inactive due to heartbeat timeout
2026-01-15 22:29:48.220 [taskScheduler-7] WARN  c.q.federated.service.FederatedCoordinatorService - Node 111 marked as inactive due to heartbeat timeout
2026-01-15 22:29:53.239 [taskScheduler-7] WARN  c.q.federated.service.FederatedCoordinatorService - Node 11 marked as inactive due to heartbeat timeout
2026-01-15 22:29:53.240 [taskScheduler-7] WARN  c.q.federated.service.FederatedCoordinatorService - Node 111 marked as inactive due to heartbeat timeout
2026-01-15 22:29:58.252 [taskScheduler-7] WARN  c.q.federated.service.FederatedCoordinatorService - Node 11 marked as inactive due to heartbeat timeout
2026-01-15 22:29:58.256 [taskScheduler-7] WARN  c.q.federated.service.FederatedCoordinatorService - Node 111 marked as inactive due to heartbeat timeout
2026-01-15 22:30:03.279 [taskScheduler-7] WARN  c.q.federated.service.FederatedCoordinatorService - Node 11 marked as inactive due to heartbeat timeout
2026-01-15 22:30:03.280 [taskScheduler-7] WARN  c.q.federated.service.FederatedCoordinatorService - Node 111 marked as inactive due to heartbeat timeout
2026-01-15 22:30:08.301 [taskScheduler-7] WARN  c.q.federated.service.FederatedCoordinatorService - Node 11 marked as inactive due to heartbeat timeout
2026-01-15 22:30:08.302 [taskScheduler-7] WARN  c.q.federated.service.FederatedCoordinatorService - Node 111 marked as inactive due to heartbeat timeout
2026-01-15 22:30:13.315 [taskScheduler-7] WARN  c.q.federated.service.FederatedCoordinatorService - Node 11 marked as inactive due to heartbeat timeout
2026-01-15 22:30:13.316 [taskScheduler-7] WARN  c.q.federated.service.FederatedCoordinatorService - Node 111 marked as inactive due to heartbeat timeout
2026-01-15 22:30:18.322 [taskScheduler-7] WARN  c.q.federated.service.FederatedCoordinatorService - Node 11 marked as inactive due to heartbeat timeout
2026-01-15 22:30:18.322 [taskScheduler-7] WARN  c.q.federated.service.FederatedCoordinatorService - Node 111 marked as inactive due to heartbeat timeout
2026-01-15 22:30:23.333 [taskScheduler-7] WARN  c.q.federated.service.FederatedCoordinatorService - Node 11 marked as inactive due to heartbeat timeout
2026-01-15 22:30:23.333 [taskScheduler-7] WARN  c.q.federated.service.FederatedCoordinatorService - Node 111 marked as inactive due to heartbeat timeout
2026-01-15 22:30:28.350 [taskScheduler-7] WARN  c.q.federated.service.FederatedCoordinatorService - Node 11 marked as inactive due to heartbeat timeout
2026-01-15 22:30:28.351 [taskScheduler-7] WARN  c.q.federated.service.FederatedCoordinatorService - Node 111 marked as inactive due to heartbeat timeout
2026-01-15 22:30:33.365 [taskScheduler-7] WARN  c.q.federated.service.FederatedCoordinatorService - Node 11 marked as inactive due to heartbeat timeout
2026-01-15 22:30:33.366 [taskScheduler-7] WARN  c.q.federated.service.FederatedCoordinatorService - Node 111 marked as inactive due to heartbeat timeout
2026-01-15 22:30:38.382 [taskScheduler-7] WARN  c.q.federated.service.FederatedCoordinatorService - Node 11 marked as inactive due to heartbeat timeout
2026-01-15 22:30:38.383 [taskScheduler-7] WARN  c.q.federated.service.FederatedCoordinatorService - Node 111 marked as inactive due to heartbeat timeout
2026-01-15 22:30:43.395 [taskScheduler-7] WARN  c.q.federated.service.FederatedCoordinatorService - Node 11 marked as inactive due to heartbeat timeout
2026-01-15 22:30:43.395 [taskScheduler-7] WARN  c.q.federated.service.FederatedCoordinatorService - Node 111 marked as inactive due to heartbeat timeout
2026-01-15 22:30:48.414 [taskScheduler-7] WARN  c.q.federated.service.FederatedCoordinatorService - Node 11 marked as inactive due to heartbeat timeout
2026-01-15 22:30:48.415 [taskScheduler-7] WARN  c.q.federated.service.FederatedCoordinatorService - Node 111 marked as inactive due to heartbeat timeout
2026-01-15 22:30:53.428 [taskScheduler-7] WARN  c.q.federated.service.FederatedCoordinatorService - Node 11 marked as inactive due to heartbeat timeout
2026-01-15 22:30:53.428 [taskScheduler-7] WARN  c.q.federated.service.FederatedCoordinatorService - Node 111 marked as inactive due to heartbeat timeout
