2026-01-17 19:13:38.628 [background-preinit] WARN  o.s.h.converter.json.Jackson2ObjectMapperBuilder - For Jackson Kotlin classes support please add "com.fasterxml.jackson.module:jackson-module-kotlin" to the classpath
2026-01-17 19:13:54.597 [main] WARN  c.b.mybatisplus.core.metadata.TableInfoHelper - Can not find table primary key in Class: "com.qczy.model.entity.OperLogEntity".
2026-01-17 19:14:00.250 [main] WARN  c.b.mybatisplus.core.metadata.TableInfoHelper - Can not find table primary key in Class: "com.qczy.model.entity.AlgorithmTaskResultEntity".
2026-01-17 19:14:02.660 [main] WARN  c.b.mybatisplus.core.metadata.TableInfoHelper - Can not find table primary key in Class: "com.qczy.model.entity.RoleMenuEntity".
2026-01-17 19:14:02.757 [main] WARN  c.b.mybatisplus.core.metadata.TableInfoHelper - Can not find table primary key in Class: "com.qczy.model.entity.RoleButtonEntity".
2026-01-17 19:14:08.735 [taskScheduler-1] WARN  c.q.federated.service.FederatedCoordinatorService - Node 11 marked as inactive due to heartbeat timeout
2026-01-17 19:14:08.744 [taskScheduler-1] WARN  c.q.federated.service.FederatedCoordinatorService - Node 111 marked as inactive due to heartbeat timeout
2026-01-17 19:14:13.797 [taskScheduler-3] WARN  c.q.federated.service.FederatedCoordinatorService - Node 11 marked as inactive due to heartbeat timeout
2026-01-17 19:14:13.798 [taskScheduler-3] WARN  c.q.federated.service.FederatedCoordinatorService - Node 111 marked as inactive due to heartbeat timeout
2026-01-17 19:14:18.813 [taskScheduler-1] WARN  c.q.federated.service.FederatedCoordinatorService - Node 11 marked as inactive due to heartbeat timeout
2026-01-17 19:14:18.814 [taskScheduler-1] WARN  c.q.federated.service.FederatedCoordinatorService - Node 111 marked as inactive due to heartbeat timeout
2026-01-17 19:14:23.828 [taskScheduler-2] WARN  c.q.federated.service.FederatedCoordinatorService - Node 11 marked as inactive due to heartbeat timeout
2026-01-17 19:14:23.831 [taskScheduler-2] WARN  c.q.federated.service.FederatedCoordinatorService - Node 111 marked as inactive due to heartbeat timeout
2026-01-17 19:14:28.853 [taskScheduler-5] WARN  c.q.federated.service.FederatedCoordinatorService - Node 11 marked as inactive due to heartbeat timeout
2026-01-17 19:14:28.853 [taskScheduler-5] WARN  c.q.federated.service.FederatedCoordinatorService - Node 111 marked as inactive due to heartbeat timeout
2026-01-17 19:14:33.863 [taskScheduler-1] WARN  c.q.federated.service.FederatedCoordinatorService - Node 11 marked as inactive due to heartbeat timeout
2026-01-17 19:14:33.863 [taskScheduler-1] WARN  c.q.federated.service.FederatedCoordinatorService - Node 111 marked as inactive due to heartbeat timeout
2026-01-17 19:14:38.877 [taskScheduler-3] WARN  c.q.federated.service.FederatedCoordinatorService - Node 11 marked as inactive due to heartbeat timeout
2026-01-17 19:14:38.877 [taskScheduler-3] WARN  c.q.federated.service.FederatedCoordinatorService - Node 111 marked as inactive due to heartbeat timeout
2026-01-17 19:14:43.900 [taskScheduler-7] WARN  c.q.federated.service.FederatedCoordinatorService - Node 11 marked as inactive due to heartbeat timeout
2026-01-17 19:14:43.900 [taskScheduler-7] WARN  c.q.federated.service.FederatedCoordinatorService - Node 111 marked as inactive due to heartbeat timeout
2026-01-17 19:14:48.908 [taskScheduler-7] WARN  c.q.federated.service.FederatedCoordinatorService - Node 11 marked as inactive due to heartbeat timeout
2026-01-17 19:14:48.909 [taskScheduler-7] WARN  c.q.federated.service.FederatedCoordinatorService - Node 111 marked as inactive due to heartbeat timeout
2026-01-17 19:14:53.941 [taskScheduler-7] WARN  c.q.federated.service.FederatedCoordinatorService - Node 11 marked as inactive due to heartbeat timeout
2026-01-17 19:14:53.944 [taskScheduler-7] WARN  c.q.federated.service.FederatedCoordinatorService - Node 111 marked as inactive due to heartbeat timeout
2026-01-17 19:14:58.980 [taskScheduler-7] WARN  c.q.federated.service.FederatedCoordinatorService - Node 11 marked as inactive due to heartbeat timeout
2026-01-17 19:14:58.981 [taskScheduler-7] WARN  c.q.federated.service.FederatedCoordinatorService - Node 111 marked as inactive due to heartbeat timeout
2026-01-17 19:15:03.998 [taskScheduler-7] WARN  c.q.federated.service.FederatedCoordinatorService - Node 11 marked as inactive due to heartbeat timeout
2026-01-17 19:15:04.000 [taskScheduler-7] WARN  c.q.federated.service.FederatedCoordinatorService - Node 111 marked as inactive due to heartbeat timeout
2026-01-17 19:15:09.022 [taskScheduler-7] WARN  c.q.federated.service.FederatedCoordinatorService - Node 11 marked as inactive due to heartbeat timeout
2026-01-17 19:15:09.022 [taskScheduler-7] WARN  c.q.federated.service.FederatedCoordinatorService - Node 111 marked as inactive due to heartbeat timeout
2026-01-17 19:15:14.035 [taskScheduler-7] WARN  c.q.federated.service.FederatedCoordinatorService - Node 11 marked as inactive due to heartbeat timeout
2026-01-17 19:15:14.035 [taskScheduler-7] WARN  c.q.federated.service.FederatedCoordinatorService - Node 111 marked as inactive due to heartbeat timeout
2026-01-17 19:15:19.058 [taskScheduler-7] WARN  c.q.federated.service.FederatedCoordinatorService - Node 11 marked as inactive due to heartbeat timeout
2026-01-17 19:15:19.058 [taskScheduler-7] WARN  c.q.federated.service.FederatedCoordinatorService - Node 111 marked as inactive due to heartbeat timeout
2026-01-17 19:15:24.090 [taskScheduler-7] WARN  c.q.federated.service.FederatedCoordinatorService - Node 11 marked as inactive due to heartbeat timeout
2026-01-17 19:15:24.092 [taskScheduler-7] WARN  c.q.federated.service.FederatedCoordinatorService - Node 111 marked as inactive due to heartbeat timeout
2026-01-17 19:15:29.125 [taskScheduler-7] WARN  c.q.federated.service.FederatedCoordinatorService - Node 11 marked as inactive due to heartbeat timeout
2026-01-17 19:15:29.126 [taskScheduler-7] WARN  c.q.federated.service.FederatedCoordinatorService - Node 111 marked as inactive due to heartbeat timeout
2026-01-17 19:15:34.138 [taskScheduler-7] WARN  c.q.federated.service.FederatedCoordinatorService - Node 11 marked as inactive due to heartbeat timeout
2026-01-17 19:15:34.139 [taskScheduler-7] WARN  c.q.federated.service.FederatedCoordinatorService - Node 111 marked as inactive due to heartbeat timeout
2026-01-17 19:15:39.156 [taskScheduler-7] WARN  c.q.federated.service.FederatedCoordinatorService - Node 11 marked as inactive due to heartbeat timeout
2026-01-17 19:15:39.157 [taskScheduler-7] WARN  c.q.federated.service.FederatedCoordinatorService - Node 111 marked as inactive due to heartbeat timeout
2026-01-17 19:15:44.176 [taskScheduler-7] WARN  c.q.federated.service.FederatedCoordinatorService - Node 11 marked as inactive due to heartbeat timeout
2026-01-17 19:15:44.176 [taskScheduler-7] WARN  c.q.federated.service.FederatedCoordinatorService - Node 111 marked as inactive due to heartbeat timeout
2026-01-17 19:15:49.184 [taskScheduler-7] WARN  c.q.federated.service.FederatedCoordinatorService - Node 11 marked as inactive due to heartbeat timeout
2026-01-17 19:15:49.184 [taskScheduler-7] WARN  c.q.federated.service.FederatedCoordinatorService - Node 111 marked as inactive due to heartbeat timeout
2026-01-17 19:15:54.197 [taskScheduler-7] WARN  c.q.federated.service.FederatedCoordinatorService - Node 11 marked as inactive due to heartbeat timeout
2026-01-17 19:15:54.198 [taskScheduler-7] WARN  c.q.federated.service.FederatedCoordinatorService - Node 111 marked as inactive due to heartbeat timeout
2026-01-17 19:15:59.218 [taskScheduler-7] WARN  c.q.federated.service.FederatedCoordinatorService - Node 11 marked as inactive due to heartbeat timeout
2026-01-17 19:15:59.218 [taskScheduler-7] WARN  c.q.federated.service.FederatedCoordinatorService - Node 111 marked as inactive due to heartbeat timeout
2026-01-17 19:16:04.224 [taskScheduler-7] WARN  c.q.federated.service.FederatedCoordinatorService - Node 11 marked as inactive due to heartbeat timeout
2026-01-17 19:16:04.225 [taskScheduler-7] WARN  c.q.federated.service.FederatedCoordinatorService - Node 111 marked as inactive due to heartbeat timeout
2026-01-17 19:16:09.236 [taskScheduler-7] WARN  c.q.federated.service.FederatedCoordinatorService - Node 11 marked as inactive due to heartbeat timeout
2026-01-17 19:16:09.237 [taskScheduler-7] WARN  c.q.federated.service.FederatedCoordinatorService - Node 111 marked as inactive due to heartbeat timeout
2026-01-17 19:16:14.251 [taskScheduler-7] WARN  c.q.federated.service.FederatedCoordinatorService - Node 11 marked as inactive due to heartbeat timeout
2026-01-17 19:16:14.252 [taskScheduler-7] WARN  c.q.federated.service.FederatedCoordinatorService - Node 111 marked as inactive due to heartbeat timeout
2026-01-17 19:16:19.259 [taskScheduler-7] WARN  c.q.federated.service.FederatedCoordinatorService - Node 11 marked as inactive due to heartbeat timeout
2026-01-17 19:16:19.259 [taskScheduler-7] WARN  c.q.federated.service.FederatedCoordinatorService - Node 111 marked as inactive due to heartbeat timeout
2026-01-17 19:16:24.274 [taskScheduler-7] WARN  c.q.federated.service.FederatedCoordinatorService - Node 11 marked as inactive due to heartbeat timeout
2026-01-17 19:16:24.274 [taskScheduler-7] WARN  c.q.federated.service.FederatedCoordinatorService - Node 111 marked as inactive due to heartbeat timeout
2026-01-17 19:16:29.281 [taskScheduler-7] WARN  c.q.federated.service.FederatedCoordinatorService - Node 11 marked as inactive due to heartbeat timeout
2026-01-17 19:16:29.282 [taskScheduler-7] WARN  c.q.federated.service.FederatedCoordinatorService - Node 111 marked as inactive due to heartbeat timeout
2026-01-17 19:16:34.292 [taskScheduler-7] WARN  c.q.federated.service.FederatedCoordinatorService - Node 11 marked as inactive due to heartbeat timeout
2026-01-17 19:16:34.293 [taskScheduler-7] WARN  c.q.federated.service.FederatedCoordinatorService - Node 111 marked as inactive due to heartbeat timeout
2026-01-17 19:16:39.300 [taskScheduler-7] WARN  c.q.federated.service.FederatedCoordinatorService - Node 11 marked as inactive due to heartbeat timeout
2026-01-17 19:16:39.301 [taskScheduler-7] WARN  c.q.federated.service.FederatedCoordinatorService - Node 111 marked as inactive due to heartbeat timeout
2026-01-17 19:16:44.313 [taskScheduler-7] WARN  c.q.federated.service.FederatedCoordinatorService - Node 11 marked as inactive due to heartbeat timeout
2026-01-17 19:16:44.314 [taskScheduler-7] WARN  c.q.federated.service.FederatedCoordinatorService - Node 111 marked as inactive due to heartbeat timeout
2026-01-17 19:16:49.324 [taskScheduler-7] WARN  c.q.federated.service.FederatedCoordinatorService - Node 11 marked as inactive due to heartbeat timeout
2026-01-17 19:16:49.324 [taskScheduler-7] WARN  c.q.federated.service.FederatedCoordinatorService - Node 111 marked as inactive due to heartbeat timeout
2026-01-17 19:16:54.332 [taskScheduler-7] WARN  c.q.federated.service.FederatedCoordinatorService - Node 11 marked as inactive due to heartbeat timeout
2026-01-17 19:16:54.332 [taskScheduler-7] WARN  c.q.federated.service.FederatedCoordinatorService - Node 111 marked as inactive due to heartbeat timeout
2026-01-17 19:16:59.343 [taskScheduler-7] WARN  c.q.federated.service.FederatedCoordinatorService - Node 11 marked as inactive due to heartbeat timeout
2026-01-17 19:16:59.343 [taskScheduler-7] WARN  c.q.federated.service.FederatedCoordinatorService - Node 111 marked as inactive due to heartbeat timeout
2026-01-17 19:17:04.359 [taskScheduler-7] WARN  c.q.federated.service.FederatedCoordinatorService - Node 11 marked as inactive due to heartbeat timeout
2026-01-17 19:17:04.359 [taskScheduler-7] WARN  c.q.federated.service.FederatedCoordinatorService - Node 111 marked as inactive due to heartbeat timeout
2026-01-17 19:17:09.373 [taskScheduler-7] WARN  c.q.federated.service.FederatedCoordinatorService - Node 11 marked as inactive due to heartbeat timeout
2026-01-17 19:17:09.374 [taskScheduler-7] WARN  c.q.federated.service.FederatedCoordinatorService - Node 111 marked as inactive due to heartbeat timeout
2026-01-17 19:17:14.389 [taskScheduler-7] WARN  c.q.federated.service.FederatedCoordinatorService - Node 11 marked as inactive due to heartbeat timeout
2026-01-17 19:17:14.389 [taskScheduler-7] WARN  c.q.federated.service.FederatedCoordinatorService - Node 111 marked as inactive due to heartbeat timeout
2026-01-17 19:17:19.404 [taskScheduler-7] WARN  c.q.federated.service.FederatedCoordinatorService - Node 11 marked as inactive due to heartbeat timeout
2026-01-17 19:17:19.404 [taskScheduler-7] WARN  c.q.federated.service.FederatedCoordinatorService - Node 111 marked as inactive due to heartbeat timeout
2026-01-17 19:17:24.416 [taskScheduler-7] WARN  c.q.federated.service.FederatedCoordinatorService - Node 11 marked as inactive due to heartbeat timeout
2026-01-17 19:17:24.416 [taskScheduler-7] WARN  c.q.federated.service.FederatedCoordinatorService - Node 111 marked as inactive due to heartbeat timeout
2026-01-17 19:17:29.441 [taskScheduler-7] WARN  c.q.federated.service.FederatedCoordinatorService - Node 11 marked as inactive due to heartbeat timeout
2026-01-17 19:17:29.441 [taskScheduler-7] WARN  c.q.federated.service.FederatedCoordinatorService - Node 111 marked as inactive due to heartbeat timeout
2026-01-17 19:17:34.461 [taskScheduler-7] WARN  c.q.federated.service.FederatedCoordinatorService - Node 11 marked as inactive due to heartbeat timeout
2026-01-17 19:17:34.461 [taskScheduler-7] WARN  c.q.federated.service.FederatedCoordinatorService - Node 111 marked as inactive due to heartbeat timeout
2026-01-17 19:17:39.470 [taskScheduler-7] WARN  c.q.federated.service.FederatedCoordinatorService - Node 11 marked as inactive due to heartbeat timeout
2026-01-17 19:17:39.470 [taskScheduler-7] WARN  c.q.federated.service.FederatedCoordinatorService - Node 111 marked as inactive due to heartbeat timeout
2026-01-17 19:17:44.485 [taskScheduler-7] WARN  c.q.federated.service.FederatedCoordinatorService - Node 11 marked as inactive due to heartbeat timeout
2026-01-17 19:17:44.485 [taskScheduler-7] WARN  c.q.federated.service.FederatedCoordinatorService - Node 111 marked as inactive due to heartbeat timeout
2026-01-17 19:17:49.505 [taskScheduler-7] WARN  c.q.federated.service.FederatedCoordinatorService - Node 11 marked as inactive due to heartbeat timeout
2026-01-17 19:17:49.505 [taskScheduler-7] WARN  c.q.federated.service.FederatedCoordinatorService - Node 111 marked as inactive due to heartbeat timeout
2026-01-17 19:17:54.518 [taskScheduler-7] WARN  c.q.federated.service.FederatedCoordinatorService - Node 11 marked as inactive due to heartbeat timeout
2026-01-17 19:17:54.518 [taskScheduler-7] WARN  c.q.federated.service.FederatedCoordinatorService - Node 111 marked as inactive due to heartbeat timeout
2026-01-17 19:17:59.537 [taskScheduler-9] WARN  c.q.federated.service.FederatedCoordinatorService - Node 11 marked as inactive due to heartbeat timeout
2026-01-17 19:17:59.538 [taskScheduler-9] WARN  c.q.federated.service.FederatedCoordinatorService - Node 111 marked as inactive due to heartbeat timeout
2026-01-17 19:18:04.550 [taskScheduler-9] WARN  c.q.federated.service.FederatedCoordinatorService - Node 11 marked as inactive due to heartbeat timeout
2026-01-17 19:18:04.550 [taskScheduler-9] WARN  c.q.federated.service.FederatedCoordinatorService - Node 111 marked as inactive due to heartbeat timeout
2026-01-17 19:18:09.563 [taskScheduler-9] WARN  c.q.federated.service.FederatedCoordinatorService - Node 11 marked as inactive due to heartbeat timeout
2026-01-17 19:18:09.564 [taskScheduler-9] WARN  c.q.federated.service.FederatedCoordinatorService - Node 111 marked as inactive due to heartbeat timeout
2026-01-17 19:18:14.574 [taskScheduler-9] WARN  c.q.federated.service.FederatedCoordinatorService - Node 11 marked as inactive due to heartbeat timeout
2026-01-17 19:18:14.575 [taskScheduler-9] WARN  c.q.federated.service.FederatedCoordinatorService - Node 111 marked as inactive due to heartbeat timeout
2026-01-17 19:18:19.594 [taskScheduler-9] WARN  c.q.federated.service.FederatedCoordinatorService - Node 11 marked as inactive due to heartbeat timeout
2026-01-17 19:18:19.594 [taskScheduler-9] WARN  c.q.federated.service.FederatedCoordinatorService - Node 111 marked as inactive due to heartbeat timeout
2026-01-17 19:18:24.610 [taskScheduler-9] WARN  c.q.federated.service.FederatedCoordinatorService - Node 11 marked as inactive due to heartbeat timeout
2026-01-17 19:18:24.610 [taskScheduler-9] WARN  c.q.federated.service.FederatedCoordinatorService - Node 111 marked as inactive due to heartbeat timeout
2026-01-17 19:18:29.622 [taskScheduler-9] WARN  c.q.federated.service.FederatedCoordinatorService - Node 11 marked as inactive due to heartbeat timeout
2026-01-17 19:18:29.622 [taskScheduler-9] WARN  c.q.federated.service.FederatedCoordinatorService - Node 111 marked as inactive due to heartbeat timeout
2026-01-17 19:18:34.638 [taskScheduler-9] WARN  c.q.federated.service.FederatedCoordinatorService - Node 11 marked as inactive due to heartbeat timeout
2026-01-17 19:18:34.640 [taskScheduler-9] WARN  c.q.federated.service.FederatedCoordinatorService - Node 111 marked as inactive due to heartbeat timeout
2026-01-17 19:18:39.647 [taskScheduler-9] WARN  c.q.federated.service.FederatedCoordinatorService - Node 11 marked as inactive due to heartbeat timeout
2026-01-17 19:18:39.648 [taskScheduler-9] WARN  c.q.federated.service.FederatedCoordinatorService - Node 111 marked as inactive due to heartbeat timeout
2026-01-17 19:18:44.666 [taskScheduler-9] WARN  c.q.federated.service.FederatedCoordinatorService - Node 11 marked as inactive due to heartbeat timeout
2026-01-17 19:18:44.666 [taskScheduler-9] WARN  c.q.federated.service.FederatedCoordinatorService - Node 111 marked as inactive due to heartbeat timeout
2026-01-17 19:18:49.683 [taskScheduler-9] WARN  c.q.federated.service.FederatedCoordinatorService - Node 11 marked as inactive due to heartbeat timeout
2026-01-17 19:18:49.684 [taskScheduler-9] WARN  c.q.federated.service.FederatedCoordinatorService - Node 111 marked as inactive due to heartbeat timeout
2026-01-17 19:18:54.703 [taskScheduler-9] WARN  c.q.federated.service.FederatedCoordinatorService - Node 11 marked as inactive due to heartbeat timeout
2026-01-17 19:18:54.703 [taskScheduler-9] WARN  c.q.federated.service.FederatedCoordinatorService - Node 111 marked as inactive due to heartbeat timeout
2026-01-17 19:18:59.711 [taskScheduler-9] WARN  c.q.federated.service.FederatedCoordinatorService - Node 11 marked as inactive due to heartbeat timeout
2026-01-17 19:18:59.711 [taskScheduler-9] WARN  c.q.federated.service.FederatedCoordinatorService - Node 111 marked as inactive due to heartbeat timeout
2026-01-17 19:19:04.720 [taskScheduler-9] WARN  c.q.federated.service.FederatedCoordinatorService - Node 11 marked as inactive due to heartbeat timeout
2026-01-17 19:19:04.720 [taskScheduler-9] WARN  c.q.federated.service.FederatedCoordinatorService - Node 111 marked as inactive due to heartbeat timeout
2026-01-17 19:19:09.733 [taskScheduler-9] WARN  c.q.federated.service.FederatedCoordinatorService - Node 11 marked as inactive due to heartbeat timeout
2026-01-17 19:19:09.734 [taskScheduler-9] WARN  c.q.federated.service.FederatedCoordinatorService - Node 111 marked as inactive due to heartbeat timeout
2026-01-17 19:19:14.737 [taskScheduler-9] WARN  c.q.federated.service.FederatedCoordinatorService - Node 11 marked as inactive due to heartbeat timeout
2026-01-17 19:19:14.739 [taskScheduler-9] WARN  c.q.federated.service.FederatedCoordinatorService - Node 111 marked as inactive due to heartbeat timeout
2026-01-17 19:19:19.754 [taskScheduler-9] WARN  c.q.federated.service.FederatedCoordinatorService - Node 11 marked as inactive due to heartbeat timeout
2026-01-17 19:19:19.755 [taskScheduler-9] WARN  c.q.federated.service.FederatedCoordinatorService - Node 111 marked as inactive due to heartbeat timeout
2026-01-17 19:19:24.764 [taskScheduler-9] WARN  c.q.federated.service.FederatedCoordinatorService - Node 11 marked as inactive due to heartbeat timeout
2026-01-17 19:19:24.764 [taskScheduler-9] WARN  c.q.federated.service.FederatedCoordinatorService - Node 111 marked as inactive due to heartbeat timeout
2026-01-17 19:19:29.770 [taskScheduler-9] WARN  c.q.federated.service.FederatedCoordinatorService - Node 11 marked as inactive due to heartbeat timeout
2026-01-17 19:19:29.770 [taskScheduler-9] WARN  c.q.federated.service.FederatedCoordinatorService - Node 111 marked as inactive due to heartbeat timeout
2026-01-17 19:19:34.783 [taskScheduler-9] WARN  c.q.federated.service.FederatedCoordinatorService - Node 11 marked as inactive due to heartbeat timeout
2026-01-17 19:19:34.785 [taskScheduler-9] WARN  c.q.federated.service.FederatedCoordinatorService - Node 111 marked as inactive due to heartbeat timeout
2026-01-17 19:19:39.795 [taskScheduler-9] WARN  c.q.federated.service.FederatedCoordinatorService - Node 11 marked as inactive due to heartbeat timeout
2026-01-17 19:19:39.795 [taskScheduler-9] WARN  c.q.federated.service.FederatedCoordinatorService - Node 111 marked as inactive due to heartbeat timeout
2026-01-17 19:19:44.815 [taskScheduler-9] WARN  c.q.federated.service.FederatedCoordinatorService - Node 11 marked as inactive due to heartbeat timeout
2026-01-17 19:19:44.815 [taskScheduler-9] WARN  c.q.federated.service.FederatedCoordinatorService - Node 111 marked as inactive due to heartbeat timeout
2026-01-17 19:19:49.828 [taskScheduler-9] WARN  c.q.federated.service.FederatedCoordinatorService - Node 11 marked as inactive due to heartbeat timeout
2026-01-17 19:19:49.829 [taskScheduler-9] WARN  c.q.federated.service.FederatedCoordinatorService - Node 111 marked as inactive due to heartbeat timeout
2026-01-17 19:19:54.844 [taskScheduler-9] WARN  c.q.federated.service.FederatedCoordinatorService - Node 11 marked as inactive due to heartbeat timeout
2026-01-17 19:19:54.845 [taskScheduler-9] WARN  c.q.federated.service.FederatedCoordinatorService - Node 111 marked as inactive due to heartbeat timeout
2026-01-17 19:19:59.853 [taskScheduler-9] WARN  c.q.federated.service.FederatedCoordinatorService - Node 11 marked as inactive due to heartbeat timeout
2026-01-17 19:19:59.853 [taskScheduler-9] WARN  c.q.federated.service.FederatedCoordinatorService - Node 111 marked as inactive due to heartbeat timeout
2026-01-17 19:20:04.860 [taskScheduler-9] WARN  c.q.federated.service.FederatedCoordinatorService - Node 11 marked as inactive due to heartbeat timeout
2026-01-17 19:20:04.860 [taskScheduler-9] WARN  c.q.federated.service.FederatedCoordinatorService - Node 111 marked as inactive due to heartbeat timeout
2026-01-17 19:20:09.866 [taskScheduler-9] WARN  c.q.federated.service.FederatedCoordinatorService - Node 11 marked as inactive due to heartbeat timeout
2026-01-17 19:20:09.866 [taskScheduler-9] WARN  c.q.federated.service.FederatedCoordinatorService - Node 111 marked as inactive due to heartbeat timeout
2026-01-17 19:20:14.883 [taskScheduler-9] WARN  c.q.federated.service.FederatedCoordinatorService - Node 11 marked as inactive due to heartbeat timeout
2026-01-17 19:20:14.883 [taskScheduler-9] WARN  c.q.federated.service.FederatedCoordinatorService - Node 111 marked as inactive due to heartbeat timeout
2026-01-17 19:20:19.901 [taskScheduler-9] WARN  c.q.federated.service.FederatedCoordinatorService - Node 11 marked as inactive due to heartbeat timeout
2026-01-17 19:20:19.901 [taskScheduler-9] WARN  c.q.federated.service.FederatedCoordinatorService - Node 111 marked as inactive due to heartbeat timeout
2026-01-17 19:20:24.906 [taskScheduler-9] WARN  c.q.federated.service.FederatedCoordinatorService - Node 11 marked as inactive due to heartbeat timeout
2026-01-17 19:20:24.907 [taskScheduler-9] WARN  c.q.federated.service.FederatedCoordinatorService - Node 111 marked as inactive due to heartbeat timeout
2026-01-17 19:20:29.923 [taskScheduler-9] WARN  c.q.federated.service.FederatedCoordinatorService - Node 11 marked as inactive due to heartbeat timeout
2026-01-17 19:20:29.924 [taskScheduler-9] WARN  c.q.federated.service.FederatedCoordinatorService - Node 111 marked as inactive due to heartbeat timeout
2026-01-17 19:20:34.936 [taskScheduler-9] WARN  c.q.federated.service.FederatedCoordinatorService - Node 11 marked as inactive due to heartbeat timeout
2026-01-17 19:20:34.937 [taskScheduler-9] WARN  c.q.federated.service.FederatedCoordinatorService - Node 111 marked as inactive due to heartbeat timeout
2026-01-17 19:20:39.953 [taskScheduler-9] WARN  c.q.federated.service.FederatedCoordinatorService - Node 11 marked as inactive due to heartbeat timeout
2026-01-17 19:20:39.953 [taskScheduler-9] WARN  c.q.federated.service.FederatedCoordinatorService - Node 111 marked as inactive due to heartbeat timeout
2026-01-17 19:20:44.968 [taskScheduler-9] WARN  c.q.federated.service.FederatedCoordinatorService - Node 11 marked as inactive due to heartbeat timeout
2026-01-17 19:20:44.968 [taskScheduler-9] WARN  c.q.federated.service.FederatedCoordinatorService - Node 111 marked as inactive due to heartbeat timeout
2026-01-17 19:20:49.982 [taskScheduler-9] WARN  c.q.federated.service.FederatedCoordinatorService - Node 11 marked as inactive due to heartbeat timeout
2026-01-17 19:20:49.982 [taskScheduler-9] WARN  c.q.federated.service.FederatedCoordinatorService - Node 111 marked as inactive due to heartbeat timeout
2026-01-17 19:20:54.999 [taskScheduler-9] WARN  c.q.federated.service.FederatedCoordinatorService - Node 11 marked as inactive due to heartbeat timeout
2026-01-17 19:20:54.999 [taskScheduler-9] WARN  c.q.federated.service.FederatedCoordinatorService - Node 111 marked as inactive due to heartbeat timeout
2026-01-17 19:21:00.013 [taskScheduler-9] WARN  c.q.federated.service.FederatedCoordinatorService - Node 11 marked as inactive due to heartbeat timeout
2026-01-17 19:21:00.014 [taskScheduler-9] WARN  c.q.federated.service.FederatedCoordinatorService - Node 111 marked as inactive due to heartbeat timeout
2026-01-17 19:21:05.026 [taskScheduler-9] WARN  c.q.federated.service.FederatedCoordinatorService - Node 11 marked as inactive due to heartbeat timeout
2026-01-17 19:21:05.026 [taskScheduler-9] WARN  c.q.federated.service.FederatedCoordinatorService - Node 111 marked as inactive due to heartbeat timeout
2026-01-17 19:21:10.036 [taskScheduler-9] WARN  c.q.federated.service.FederatedCoordinatorService - Node 11 marked as inactive due to heartbeat timeout
2026-01-17 19:21:10.036 [taskScheduler-9] WARN  c.q.federated.service.FederatedCoordinatorService - Node 111 marked as inactive due to heartbeat timeout
2026-01-17 19:21:15.046 [taskScheduler-9] WARN  c.q.federated.service.FederatedCoordinatorService - Node 11 marked as inactive due to heartbeat timeout
2026-01-17 19:21:15.046 [taskScheduler-9] WARN  c.q.federated.service.FederatedCoordinatorService - Node 111 marked as inactive due to heartbeat timeout
2026-01-17 19:21:20.060 [taskScheduler-9] WARN  c.q.federated.service.FederatedCoordinatorService - Node 11 marked as inactive due to heartbeat timeout
2026-01-17 19:21:20.060 [taskScheduler-9] WARN  c.q.federated.service.FederatedCoordinatorService - Node 111 marked as inactive due to heartbeat timeout
2026-01-17 19:21:25.079 [taskScheduler-9] WARN  c.q.federated.service.FederatedCoordinatorService - Node 11 marked as inactive due to heartbeat timeout
2026-01-17 19:21:25.080 [taskScheduler-9] WARN  c.q.federated.service.FederatedCoordinatorService - Node 111 marked as inactive due to heartbeat timeout
2026-01-17 19:21:30.086 [taskScheduler-9] WARN  c.q.federated.service.FederatedCoordinatorService - Node 11 marked as inactive due to heartbeat timeout
2026-01-17 19:21:30.086 [taskScheduler-9] WARN  c.q.federated.service.FederatedCoordinatorService - Node 111 marked as inactive due to heartbeat timeout
2026-01-17 19:21:35.105 [taskScheduler-9] WARN  c.q.federated.service.FederatedCoordinatorService - Node 11 marked as inactive due to heartbeat timeout
2026-01-17 19:21:35.106 [taskScheduler-9] WARN  c.q.federated.service.FederatedCoordinatorService - Node 111 marked as inactive due to heartbeat timeout
2026-01-17 19:21:40.113 [taskScheduler-9] WARN  c.q.federated.service.FederatedCoordinatorService - Node 11 marked as inactive due to heartbeat timeout
2026-01-17 19:21:40.114 [taskScheduler-9] WARN  c.q.federated.service.FederatedCoordinatorService - Node 111 marked as inactive due to heartbeat timeout
2026-01-17 19:21:45.131 [taskScheduler-9] WARN  c.q.federated.service.FederatedCoordinatorService - Node 11 marked as inactive due to heartbeat timeout
2026-01-17 19:21:45.131 [taskScheduler-9] WARN  c.q.federated.service.FederatedCoordinatorService - Node 111 marked as inactive due to heartbeat timeout
2026-01-17 19:21:50.147 [taskScheduler-9] WARN  c.q.federated.service.FederatedCoordinatorService - Node 11 marked as inactive due to heartbeat timeout
2026-01-17 19:21:50.148 [taskScheduler-9] WARN  c.q.federated.service.FederatedCoordinatorService - Node 111 marked as inactive due to heartbeat timeout
2026-01-17 19:21:55.154 [taskScheduler-9] WARN  c.q.federated.service.FederatedCoordinatorService - Node 11 marked as inactive due to heartbeat timeout
2026-01-17 19:21:55.155 [taskScheduler-9] WARN  c.q.federated.service.FederatedCoordinatorService - Node 111 marked as inactive due to heartbeat timeout
2026-01-17 19:22:00.166 [taskScheduler-9] WARN  c.q.federated.service.FederatedCoordinatorService - Node 11 marked as inactive due to heartbeat timeout
2026-01-17 19:22:00.166 [taskScheduler-9] WARN  c.q.federated.service.FederatedCoordinatorService - Node 111 marked as inactive due to heartbeat timeout
2026-01-17 19:22:05.172 [taskScheduler-9] WARN  c.q.federated.service.FederatedCoordinatorService - Node 11 marked as inactive due to heartbeat timeout
2026-01-17 19:22:05.172 [taskScheduler-9] WARN  c.q.federated.service.FederatedCoordinatorService - Node 111 marked as inactive due to heartbeat timeout
2026-01-17 19:22:10.181 [taskScheduler-9] WARN  c.q.federated.service.FederatedCoordinatorService - Node 11 marked as inactive due to heartbeat timeout
2026-01-17 19:22:10.181 [taskScheduler-9] WARN  c.q.federated.service.FederatedCoordinatorService - Node 111 marked as inactive due to heartbeat timeout
2026-01-17 19:22:15.198 [taskScheduler-9] WARN  c.q.federated.service.FederatedCoordinatorService - Node 11 marked as inactive due to heartbeat timeout
2026-01-17 19:22:15.198 [taskScheduler-9] WARN  c.q.federated.service.FederatedCoordinatorService - Node 111 marked as inactive due to heartbeat timeout
2026-01-17 19:22:20.214 [taskScheduler-9] WARN  c.q.federated.service.FederatedCoordinatorService - Node 11 marked as inactive due to heartbeat timeout
2026-01-17 19:22:20.214 [taskScheduler-9] WARN  c.q.federated.service.FederatedCoordinatorService - Node 111 marked as inactive due to heartbeat timeout
2026-01-17 19:22:25.232 [taskScheduler-9] WARN  c.q.federated.service.FederatedCoordinatorService - Node 11 marked as inactive due to heartbeat timeout
2026-01-17 19:22:25.234 [taskScheduler-9] WARN  c.q.federated.service.FederatedCoordinatorService - Node 111 marked as inactive due to heartbeat timeout
2026-01-17 19:22:30.250 [taskScheduler-9] WARN  c.q.federated.service.FederatedCoordinatorService - Node 11 marked as inactive due to heartbeat timeout
2026-01-17 19:22:30.250 [taskScheduler-9] WARN  c.q.federated.service.FederatedCoordinatorService - Node 111 marked as inactive due to heartbeat timeout
2026-01-17 19:22:35.265 [taskScheduler-9] WARN  c.q.federated.service.FederatedCoordinatorService - Node 11 marked as inactive due to heartbeat timeout
2026-01-17 19:22:35.265 [taskScheduler-9] WARN  c.q.federated.service.FederatedCoordinatorService - Node 111 marked as inactive due to heartbeat timeout
2026-01-17 19:22:40.281 [taskScheduler-9] WARN  c.q.federated.service.FederatedCoordinatorService - Node 11 marked as inactive due to heartbeat timeout
2026-01-17 19:22:40.281 [taskScheduler-9] WARN  c.q.federated.service.FederatedCoordinatorService - Node 111 marked as inactive due to heartbeat timeout
2026-01-17 19:22:45.294 [taskScheduler-9] WARN  c.q.federated.service.FederatedCoordinatorService - Node 11 marked as inactive due to heartbeat timeout
2026-01-17 19:22:45.294 [taskScheduler-9] WARN  c.q.federated.service.FederatedCoordinatorService - Node 111 marked as inactive due to heartbeat timeout
2026-01-17 19:22:50.311 [taskScheduler-9] WARN  c.q.federated.service.FederatedCoordinatorService - Node 11 marked as inactive due to heartbeat timeout
2026-01-17 19:22:50.311 [taskScheduler-9] WARN  c.q.federated.service.FederatedCoordinatorService - Node 111 marked as inactive due to heartbeat timeout
2026-01-17 19:22:55.326 [taskScheduler-9] WARN  c.q.federated.service.FederatedCoordinatorService - Node 11 marked as inactive due to heartbeat timeout
2026-01-17 19:22:55.326 [taskScheduler-9] WARN  c.q.federated.service.FederatedCoordinatorService - Node 111 marked as inactive due to heartbeat timeout
2026-01-17 19:23:00.340 [taskScheduler-9] WARN  c.q.federated.service.FederatedCoordinatorService - Node 11 marked as inactive due to heartbeat timeout
2026-01-17 19:23:00.340 [taskScheduler-9] WARN  c.q.federated.service.FederatedCoordinatorService - Node 111 marked as inactive due to heartbeat timeout
2026-01-17 19:23:05.348 [taskScheduler-9] WARN  c.q.federated.service.FederatedCoordinatorService - Node 11 marked as inactive due to heartbeat timeout
2026-01-17 19:23:05.349 [taskScheduler-9] WARN  c.q.federated.service.FederatedCoordinatorService - Node 111 marked as inactive due to heartbeat timeout
2026-01-17 19:23:10.365 [taskScheduler-9] WARN  c.q.federated.service.FederatedCoordinatorService - Node 11 marked as inactive due to heartbeat timeout
2026-01-17 19:23:10.365 [taskScheduler-9] WARN  c.q.federated.service.FederatedCoordinatorService - Node 111 marked as inactive due to heartbeat timeout
2026-01-17 19:23:15.383 [taskScheduler-9] WARN  c.q.federated.service.FederatedCoordinatorService - Node 11 marked as inactive due to heartbeat timeout
2026-01-17 19:23:15.383 [taskScheduler-9] WARN  c.q.federated.service.FederatedCoordinatorService - Node 111 marked as inactive due to heartbeat timeout
2026-01-17 19:23:20.388 [taskScheduler-9] WARN  c.q.federated.service.FederatedCoordinatorService - Node 11 marked as inactive due to heartbeat timeout
2026-01-17 19:23:20.388 [taskScheduler-9] WARN  c.q.federated.service.FederatedCoordinatorService - Node 111 marked as inactive due to heartbeat timeout
2026-01-17 19:23:25.395 [taskScheduler-9] WARN  c.q.federated.service.FederatedCoordinatorService - Node 11 marked as inactive due to heartbeat timeout
2026-01-17 19:23:25.396 [taskScheduler-9] WARN  c.q.federated.service.FederatedCoordinatorService - Node 111 marked as inactive due to heartbeat timeout
2026-01-17 19:23:30.406 [taskScheduler-9] WARN  c.q.federated.service.FederatedCoordinatorService - Node 11 marked as inactive due to heartbeat timeout
2026-01-17 19:23:30.406 [taskScheduler-9] WARN  c.q.federated.service.FederatedCoordinatorService - Node 111 marked as inactive due to heartbeat timeout
2026-01-17 19:23:35.426 [taskScheduler-9] WARN  c.q.federated.service.FederatedCoordinatorService - Node 11 marked as inactive due to heartbeat timeout
2026-01-17 19:23:35.427 [taskScheduler-9] WARN  c.q.federated.service.FederatedCoordinatorService - Node 111 marked as inactive due to heartbeat timeout
2026-01-17 19:23:40.435 [taskScheduler-9] WARN  c.q.federated.service.FederatedCoordinatorService - Node 11 marked as inactive due to heartbeat timeout
2026-01-17 19:23:40.435 [taskScheduler-9] WARN  c.q.federated.service.FederatedCoordinatorService - Node 111 marked as inactive due to heartbeat timeout
2026-01-17 19:23:45.449 [taskScheduler-9] WARN  c.q.federated.service.FederatedCoordinatorService - Node 11 marked as inactive due to heartbeat timeout
2026-01-17 19:23:45.449 [taskScheduler-9] WARN  c.q.federated.service.FederatedCoordinatorService - Node 111 marked as inactive due to heartbeat timeout
2026-01-17 19:23:50.464 [taskScheduler-9] WARN  c.q.federated.service.FederatedCoordinatorService - Node 11 marked as inactive due to heartbeat timeout
2026-01-17 19:23:50.465 [taskScheduler-9] WARN  c.q.federated.service.FederatedCoordinatorService - Node 111 marked as inactive due to heartbeat timeout
2026-01-17 19:23:55.483 [taskScheduler-9] WARN  c.q.federated.service.FederatedCoordinatorService - Node 11 marked as inactive due to heartbeat timeout
2026-01-17 19:23:55.484 [taskScheduler-9] WARN  c.q.federated.service.FederatedCoordinatorService - Node 111 marked as inactive due to heartbeat timeout
2026-01-17 19:24:00.503 [taskScheduler-9] WARN  c.q.federated.service.FederatedCoordinatorService - Node 11 marked as inactive due to heartbeat timeout
2026-01-17 19:24:00.504 [taskScheduler-9] WARN  c.q.federated.service.FederatedCoordinatorService - Node 111 marked as inactive due to heartbeat timeout
2026-01-17 19:24:05.512 [taskScheduler-9] WARN  c.q.federated.service.FederatedCoordinatorService - Node 11 marked as inactive due to heartbeat timeout
2026-01-17 19:24:05.513 [taskScheduler-9] WARN  c.q.federated.service.FederatedCoordinatorService - Node 111 marked as inactive due to heartbeat timeout
2026-01-17 19:24:10.530 [taskScheduler-9] WARN  c.q.federated.service.FederatedCoordinatorService - Node 11 marked as inactive due to heartbeat timeout
2026-01-17 19:24:10.530 [taskScheduler-9] WARN  c.q.federated.service.FederatedCoordinatorService - Node 111 marked as inactive due to heartbeat timeout
2026-01-17 19:24:15.539 [taskScheduler-9] WARN  c.q.federated.service.FederatedCoordinatorService - Node 11 marked as inactive due to heartbeat timeout
2026-01-17 19:24:15.539 [taskScheduler-9] WARN  c.q.federated.service.FederatedCoordinatorService - Node 111 marked as inactive due to heartbeat timeout
2026-01-17 19:24:20.559 [taskScheduler-9] WARN  c.q.federated.service.FederatedCoordinatorService - Node 11 marked as inactive due to heartbeat timeout
2026-01-17 19:24:20.559 [taskScheduler-9] WARN  c.q.federated.service.FederatedCoordinatorService - Node 111 marked as inactive due to heartbeat timeout
2026-01-17 19:24:25.573 [taskScheduler-9] WARN  c.q.federated.service.FederatedCoordinatorService - Node 11 marked as inactive due to heartbeat timeout
2026-01-17 19:24:25.573 [taskScheduler-9] WARN  c.q.federated.service.FederatedCoordinatorService - Node 111 marked as inactive due to heartbeat timeout
2026-01-17 19:24:30.590 [taskScheduler-9] WARN  c.q.federated.service.FederatedCoordinatorService - Node 11 marked as inactive due to heartbeat timeout
2026-01-17 19:24:30.590 [taskScheduler-9] WARN  c.q.federated.service.FederatedCoordinatorService - Node 111 marked as inactive due to heartbeat timeout
2026-01-17 19:24:35.598 [taskScheduler-9] WARN  c.q.federated.service.FederatedCoordinatorService - Node 11 marked as inactive due to heartbeat timeout
2026-01-17 19:24:35.598 [taskScheduler-9] WARN  c.q.federated.service.FederatedCoordinatorService - Node 111 marked as inactive due to heartbeat timeout
2026-01-17 19:24:40.616 [taskScheduler-9] WARN  c.q.federated.service.FederatedCoordinatorService - Node 11 marked as inactive due to heartbeat timeout
2026-01-17 19:24:40.617 [taskScheduler-9] WARN  c.q.federated.service.FederatedCoordinatorService - Node 111 marked as inactive due to heartbeat timeout
2026-01-17 19:24:45.625 [taskScheduler-9] WARN  c.q.federated.service.FederatedCoordinatorService - Node 11 marked as inactive due to heartbeat timeout
2026-01-17 19:24:45.626 [taskScheduler-9] WARN  c.q.federated.service.FederatedCoordinatorService - Node 111 marked as inactive due to heartbeat timeout
2026-01-17 19:24:50.631 [taskScheduler-9] WARN  c.q.federated.service.FederatedCoordinatorService - Node 11 marked as inactive due to heartbeat timeout
2026-01-17 19:24:50.631 [taskScheduler-9] WARN  c.q.federated.service.FederatedCoordinatorService - Node 111 marked as inactive due to heartbeat timeout
2026-01-17 19:24:55.647 [taskScheduler-9] WARN  c.q.federated.service.FederatedCoordinatorService - Node 11 marked as inactive due to heartbeat timeout
2026-01-17 19:24:55.647 [taskScheduler-9] WARN  c.q.federated.service.FederatedCoordinatorService - Node 111 marked as inactive due to heartbeat timeout
2026-01-17 19:25:00.662 [taskScheduler-9] WARN  c.q.federated.service.FederatedCoordinatorService - Node 11 marked as inactive due to heartbeat timeout
2026-01-17 19:25:00.663 [taskScheduler-9] WARN  c.q.federated.service.FederatedCoordinatorService - Node 111 marked as inactive due to heartbeat timeout
2026-01-17 19:25:05.683 [taskScheduler-9] WARN  c.q.federated.service.FederatedCoordinatorService - Node 11 marked as inactive due to heartbeat timeout
2026-01-17 19:25:05.683 [taskScheduler-9] WARN  c.q.federated.service.FederatedCoordinatorService - Node 111 marked as inactive due to heartbeat timeout
2026-01-17 19:25:10.692 [taskScheduler-9] WARN  c.q.federated.service.FederatedCoordinatorService - Node 11 marked as inactive due to heartbeat timeout
2026-01-17 19:25:10.692 [taskScheduler-9] WARN  c.q.federated.service.FederatedCoordinatorService - Node 111 marked as inactive due to heartbeat timeout
2026-01-17 19:25:15.713 [taskScheduler-9] WARN  c.q.federated.service.FederatedCoordinatorService - Node 11 marked as inactive due to heartbeat timeout
2026-01-17 19:25:15.713 [taskScheduler-9] WARN  c.q.federated.service.FederatedCoordinatorService - Node 111 marked as inactive due to heartbeat timeout
2026-01-17 19:25:20.731 [taskScheduler-9] WARN  c.q.federated.service.FederatedCoordinatorService - Node 11 marked as inactive due to heartbeat timeout
2026-01-17 19:25:20.732 [taskScheduler-9] WARN  c.q.federated.service.FederatedCoordinatorService - Node 111 marked as inactive due to heartbeat timeout
2026-01-17 19:25:25.750 [taskScheduler-9] WARN  c.q.federated.service.FederatedCoordinatorService - Node 11 marked as inactive due to heartbeat timeout
2026-01-17 19:25:25.751 [taskScheduler-9] WARN  c.q.federated.service.FederatedCoordinatorService - Node 111 marked as inactive due to heartbeat timeout
2026-01-17 19:25:30.763 [taskScheduler-9] WARN  c.q.federated.service.FederatedCoordinatorService - Node 11 marked as inactive due to heartbeat timeout
2026-01-17 19:25:30.764 [taskScheduler-9] WARN  c.q.federated.service.FederatedCoordinatorService - Node 111 marked as inactive due to heartbeat timeout
2026-01-17 19:25:35.778 [taskScheduler-9] WARN  c.q.federated.service.FederatedCoordinatorService - Node 11 marked as inactive due to heartbeat timeout
2026-01-17 19:25:35.779 [taskScheduler-9] WARN  c.q.federated.service.FederatedCoordinatorService - Node 111 marked as inactive due to heartbeat timeout
2026-01-17 19:25:40.791 [taskScheduler-9] WARN  c.q.federated.service.FederatedCoordinatorService - Node 11 marked as inactive due to heartbeat timeout
2026-01-17 19:25:40.792 [taskScheduler-9] WARN  c.q.federated.service.FederatedCoordinatorService - Node 111 marked as inactive due to heartbeat timeout
2026-01-17 19:25:45.810 [taskScheduler-9] WARN  c.q.federated.service.FederatedCoordinatorService - Node 11 marked as inactive due to heartbeat timeout
2026-01-17 19:25:45.811 [taskScheduler-9] WARN  c.q.federated.service.FederatedCoordinatorService - Node 111 marked as inactive due to heartbeat timeout
2026-01-17 19:25:50.821 [taskScheduler-9] WARN  c.q.federated.service.FederatedCoordinatorService - Node 11 marked as inactive due to heartbeat timeout
2026-01-17 19:25:50.822 [taskScheduler-9] WARN  c.q.federated.service.FederatedCoordinatorService - Node 111 marked as inactive due to heartbeat timeout
2026-01-17 19:25:55.837 [taskScheduler-9] WARN  c.q.federated.service.FederatedCoordinatorService - Node 11 marked as inactive due to heartbeat timeout
2026-01-17 19:25:55.837 [taskScheduler-9] WARN  c.q.federated.service.FederatedCoordinatorService - Node 111 marked as inactive due to heartbeat timeout
2026-01-17 19:26:00.844 [taskScheduler-9] WARN  c.q.federated.service.FederatedCoordinatorService - Node 11 marked as inactive due to heartbeat timeout
2026-01-17 19:26:00.844 [taskScheduler-9] WARN  c.q.federated.service.FederatedCoordinatorService - Node 111 marked as inactive due to heartbeat timeout
2026-01-17 19:26:05.855 [taskScheduler-9] WARN  c.q.federated.service.FederatedCoordinatorService - Node 11 marked as inactive due to heartbeat timeout
2026-01-17 19:26:05.855 [taskScheduler-9] WARN  c.q.federated.service.FederatedCoordinatorService - Node 111 marked as inactive due to heartbeat timeout
2026-01-17 19:26:10.877 [taskScheduler-9] WARN  c.q.federated.service.FederatedCoordinatorService - Node 11 marked as inactive due to heartbeat timeout
2026-01-17 19:26:10.878 [taskScheduler-9] WARN  c.q.federated.service.FederatedCoordinatorService - Node 111 marked as inactive due to heartbeat timeout
2026-01-17 19:26:15.894 [taskScheduler-9] WARN  c.q.federated.service.FederatedCoordinatorService - Node 11 marked as inactive due to heartbeat timeout
2026-01-17 19:26:15.895 [taskScheduler-9] WARN  c.q.federated.service.FederatedCoordinatorService - Node 111 marked as inactive due to heartbeat timeout
2026-01-17 19:26:20.915 [taskScheduler-9] WARN  c.q.federated.service.FederatedCoordinatorService - Node 11 marked as inactive due to heartbeat timeout
2026-01-17 19:26:20.916 [taskScheduler-9] WARN  c.q.federated.service.FederatedCoordinatorService - Node 111 marked as inactive due to heartbeat timeout
2026-01-17 19:26:25.923 [taskScheduler-9] WARN  c.q.federated.service.FederatedCoordinatorService - Node 11 marked as inactive due to heartbeat timeout
2026-01-17 19:26:25.923 [taskScheduler-9] WARN  c.q.federated.service.FederatedCoordinatorService - Node 111 marked as inactive due to heartbeat timeout
2026-01-17 19:26:30.935 [taskScheduler-9] WARN  c.q.federated.service.FederatedCoordinatorService - Node 11 marked as inactive due to heartbeat timeout
2026-01-17 19:26:30.935 [taskScheduler-9] WARN  c.q.federated.service.FederatedCoordinatorService - Node 111 marked as inactive due to heartbeat timeout
2026-01-17 19:26:35.941 [taskScheduler-9] WARN  c.q.federated.service.FederatedCoordinatorService - Node 11 marked as inactive due to heartbeat timeout
2026-01-17 19:26:35.941 [taskScheduler-9] WARN  c.q.federated.service.FederatedCoordinatorService - Node 111 marked as inactive due to heartbeat timeout
2026-01-17 19:26:40.955 [taskScheduler-9] WARN  c.q.federated.service.FederatedCoordinatorService - Node 11 marked as inactive due to heartbeat timeout
2026-01-17 19:26:40.956 [taskScheduler-9] WARN  c.q.federated.service.FederatedCoordinatorService - Node 111 marked as inactive due to heartbeat timeout
2026-01-17 19:26:45.964 [taskScheduler-9] WARN  c.q.federated.service.FederatedCoordinatorService - Node 11 marked as inactive due to heartbeat timeout
2026-01-17 19:26:45.964 [taskScheduler-9] WARN  c.q.federated.service.FederatedCoordinatorService - Node 111 marked as inactive due to heartbeat timeout
2026-01-17 19:26:50.972 [taskScheduler-9] WARN  c.q.federated.service.FederatedCoordinatorService - Node 11 marked as inactive due to heartbeat timeout
2026-01-17 19:26:50.973 [taskScheduler-9] WARN  c.q.federated.service.FederatedCoordinatorService - Node 111 marked as inactive due to heartbeat timeout
2026-01-17 19:26:55.991 [taskScheduler-9] WARN  c.q.federated.service.FederatedCoordinatorService - Node 11 marked as inactive due to heartbeat timeout
2026-01-17 19:26:55.992 [taskScheduler-9] WARN  c.q.federated.service.FederatedCoordinatorService - Node 111 marked as inactive due to heartbeat timeout
2026-01-17 19:27:00.998 [taskScheduler-9] WARN  c.q.federated.service.FederatedCoordinatorService - Node 11 marked as inactive due to heartbeat timeout
2026-01-17 19:27:00.998 [taskScheduler-9] WARN  c.q.federated.service.FederatedCoordinatorService - Node 111 marked as inactive due to heartbeat timeout
2026-01-17 19:27:06.004 [taskScheduler-9] WARN  c.q.federated.service.FederatedCoordinatorService - Node 11 marked as inactive due to heartbeat timeout
2026-01-17 19:27:06.005 [taskScheduler-9] WARN  c.q.federated.service.FederatedCoordinatorService - Node 111 marked as inactive due to heartbeat timeout
2026-01-17 19:27:11.016 [taskScheduler-9] WARN  c.q.federated.service.FederatedCoordinatorService - Node 11 marked as inactive due to heartbeat timeout
2026-01-17 19:27:11.016 [taskScheduler-9] WARN  c.q.federated.service.FederatedCoordinatorService - Node 111 marked as inactive due to heartbeat timeout
2026-01-17 19:27:16.025 [taskScheduler-9] WARN  c.q.federated.service.FederatedCoordinatorService - Node 11 marked as inactive due to heartbeat timeout
2026-01-17 19:27:16.026 [taskScheduler-9] WARN  c.q.federated.service.FederatedCoordinatorService - Node 111 marked as inactive due to heartbeat timeout
2026-01-17 19:27:21.041 [taskScheduler-9] WARN  c.q.federated.service.FederatedCoordinatorService - Node 11 marked as inactive due to heartbeat timeout
2026-01-17 19:27:21.042 [taskScheduler-9] WARN  c.q.federated.service.FederatedCoordinatorService - Node 111 marked as inactive due to heartbeat timeout
2026-01-17 19:27:26.058 [taskScheduler-9] WARN  c.q.federated.service.FederatedCoordinatorService - Node 11 marked as inactive due to heartbeat timeout
2026-01-17 19:27:26.058 [taskScheduler-9] WARN  c.q.federated.service.FederatedCoordinatorService - Node 111 marked as inactive due to heartbeat timeout
2026-01-17 19:27:31.071 [taskScheduler-9] WARN  c.q.federated.service.FederatedCoordinatorService - Node 11 marked as inactive due to heartbeat timeout
2026-01-17 19:27:31.072 [taskScheduler-9] WARN  c.q.federated.service.FederatedCoordinatorService - Node 111 marked as inactive due to heartbeat timeout
2026-01-17 19:27:36.081 [taskScheduler-9] WARN  c.q.federated.service.FederatedCoordinatorService - Node 11 marked as inactive due to heartbeat timeout
2026-01-17 19:27:36.082 [taskScheduler-9] WARN  c.q.federated.service.FederatedCoordinatorService - Node 111 marked as inactive due to heartbeat timeout
2026-01-17 19:27:41.091 [taskScheduler-9] WARN  c.q.federated.service.FederatedCoordinatorService - Node 11 marked as inactive due to heartbeat timeout
2026-01-17 19:27:41.091 [taskScheduler-9] WARN  c.q.federated.service.FederatedCoordinatorService - Node 111 marked as inactive due to heartbeat timeout
2026-01-17 19:27:46.108 [taskScheduler-9] WARN  c.q.federated.service.FederatedCoordinatorService - Node 11 marked as inactive due to heartbeat timeout
2026-01-17 19:27:46.108 [taskScheduler-9] WARN  c.q.federated.service.FederatedCoordinatorService - Node 111 marked as inactive due to heartbeat timeout
2026-01-17 19:27:51.116 [taskScheduler-9] WARN  c.q.federated.service.FederatedCoordinatorService - Node 11 marked as inactive due to heartbeat timeout
2026-01-17 19:27:51.116 [taskScheduler-9] WARN  c.q.federated.service.FederatedCoordinatorService - Node 111 marked as inactive due to heartbeat timeout
2026-01-17 19:27:56.121 [taskScheduler-9] WARN  c.q.federated.service.FederatedCoordinatorService - Node 11 marked as inactive due to heartbeat timeout
2026-01-17 19:27:56.122 [taskScheduler-9] WARN  c.q.federated.service.FederatedCoordinatorService - Node 111 marked as inactive due to heartbeat timeout
2026-01-17 19:28:01.141 [taskScheduler-9] WARN  c.q.federated.service.FederatedCoordinatorService - Node 11 marked as inactive due to heartbeat timeout
2026-01-17 19:28:01.142 [taskScheduler-9] WARN  c.q.federated.service.FederatedCoordinatorService - Node 111 marked as inactive due to heartbeat timeout
2026-01-17 19:28:06.157 [taskScheduler-9] WARN  c.q.federated.service.FederatedCoordinatorService - Node 11 marked as inactive due to heartbeat timeout
2026-01-17 19:28:06.157 [taskScheduler-9] WARN  c.q.federated.service.FederatedCoordinatorService - Node 111 marked as inactive due to heartbeat timeout
2026-01-17 19:28:11.170 [taskScheduler-9] WARN  c.q.federated.service.FederatedCoordinatorService - Node 11 marked as inactive due to heartbeat timeout
2026-01-17 19:28:11.170 [taskScheduler-9] WARN  c.q.federated.service.FederatedCoordinatorService - Node 111 marked as inactive due to heartbeat timeout
2026-01-17 19:28:16.190 [taskScheduler-9] WARN  c.q.federated.service.FederatedCoordinatorService - Node 11 marked as inactive due to heartbeat timeout
2026-01-17 19:28:16.190 [taskScheduler-9] WARN  c.q.federated.service.FederatedCoordinatorService - Node 111 marked as inactive due to heartbeat timeout
2026-01-17 19:28:21.202 [taskScheduler-9] WARN  c.q.federated.service.FederatedCoordinatorService - Node 11 marked as inactive due to heartbeat timeout
2026-01-17 19:28:21.202 [taskScheduler-9] WARN  c.q.federated.service.FederatedCoordinatorService - Node 111 marked as inactive due to heartbeat timeout
2026-01-17 19:28:26.218 [taskScheduler-9] WARN  c.q.federated.service.FederatedCoordinatorService - Node 11 marked as inactive due to heartbeat timeout
2026-01-17 19:28:26.219 [taskScheduler-9] WARN  c.q.federated.service.FederatedCoordinatorService - Node 111 marked as inactive due to heartbeat timeout
2026-01-17 19:28:31.226 [taskScheduler-9] WARN  c.q.federated.service.FederatedCoordinatorService - Node 11 marked as inactive due to heartbeat timeout
2026-01-17 19:28:31.226 [taskScheduler-9] WARN  c.q.federated.service.FederatedCoordinatorService - Node 111 marked as inactive due to heartbeat timeout
2026-01-17 19:28:36.231 [taskScheduler-9] WARN  c.q.federated.service.FederatedCoordinatorService - Node 11 marked as inactive due to heartbeat timeout
2026-01-17 19:28:36.231 [taskScheduler-9] WARN  c.q.federated.service.FederatedCoordinatorService - Node 111 marked as inactive due to heartbeat timeout
2026-01-17 19:28:41.244 [taskScheduler-9] WARN  c.q.federated.service.FederatedCoordinatorService - Node 11 marked as inactive due to heartbeat timeout
2026-01-17 19:28:41.245 [taskScheduler-9] WARN  c.q.federated.service.FederatedCoordinatorService - Node 111 marked as inactive due to heartbeat timeout
2026-01-17 19:28:46.256 [taskScheduler-9] WARN  c.q.federated.service.FederatedCoordinatorService - Node 11 marked as inactive due to heartbeat timeout
2026-01-17 19:28:46.257 [taskScheduler-9] WARN  c.q.federated.service.FederatedCoordinatorService - Node 111 marked as inactive due to heartbeat timeout
2026-01-17 19:28:51.273 [taskScheduler-9] WARN  c.q.federated.service.FederatedCoordinatorService - Node 11 marked as inactive due to heartbeat timeout
2026-01-17 19:28:51.273 [taskScheduler-9] WARN  c.q.federated.service.FederatedCoordinatorService - Node 111 marked as inactive due to heartbeat timeout
2026-01-17 19:28:56.288 [taskScheduler-9] WARN  c.q.federated.service.FederatedCoordinatorService - Node 11 marked as inactive due to heartbeat timeout
2026-01-17 19:28:56.289 [taskScheduler-9] WARN  c.q.federated.service.FederatedCoordinatorService - Node 111 marked as inactive due to heartbeat timeout
2026-01-17 19:29:01.301 [taskScheduler-9] WARN  c.q.federated.service.FederatedCoordinatorService - Node 11 marked as inactive due to heartbeat timeout
2026-01-17 19:29:01.301 [taskScheduler-9] WARN  c.q.federated.service.FederatedCoordinatorService - Node 111 marked as inactive due to heartbeat timeout
2026-01-17 19:29:06.318 [taskScheduler-9] WARN  c.q.federated.service.FederatedCoordinatorService - Node 11 marked as inactive due to heartbeat timeout
2026-01-17 19:29:06.318 [taskScheduler-9] WARN  c.q.federated.service.FederatedCoordinatorService - Node 111 marked as inactive due to heartbeat timeout
2026-01-17 19:29:11.339 [taskScheduler-9] WARN  c.q.federated.service.FederatedCoordinatorService - Node 11 marked as inactive due to heartbeat timeout
2026-01-17 19:29:11.340 [taskScheduler-9] WARN  c.q.federated.service.FederatedCoordinatorService - Node 111 marked as inactive due to heartbeat timeout
2026-01-17 19:29:16.360 [taskScheduler-9] WARN  c.q.federated.service.FederatedCoordinatorService - Node 11 marked as inactive due to heartbeat timeout
2026-01-17 19:29:16.360 [taskScheduler-9] WARN  c.q.federated.service.FederatedCoordinatorService - Node 111 marked as inactive due to heartbeat timeout
2026-01-17 19:29:21.367 [taskScheduler-9] WARN  c.q.federated.service.FederatedCoordinatorService - Node 11 marked as inactive due to heartbeat timeout
2026-01-17 19:29:21.367 [taskScheduler-9] WARN  c.q.federated.service.FederatedCoordinatorService - Node 111 marked as inactive due to heartbeat timeout
2026-01-17 19:29:26.381 [taskScheduler-9] WARN  c.q.federated.service.FederatedCoordinatorService - Node 11 marked as inactive due to heartbeat timeout
2026-01-17 19:29:26.381 [taskScheduler-9] WARN  c.q.federated.service.FederatedCoordinatorService - Node 111 marked as inactive due to heartbeat timeout
2026-01-17 19:29:31.388 [taskScheduler-9] WARN  c.q.federated.service.FederatedCoordinatorService - Node 11 marked as inactive due to heartbeat timeout
2026-01-17 19:29:31.388 [taskScheduler-9] WARN  c.q.federated.service.FederatedCoordinatorService - Node 111 marked as inactive due to heartbeat timeout
2026-01-17 19:29:36.405 [taskScheduler-9] WARN  c.q.federated.service.FederatedCoordinatorService - Node 11 marked as inactive due to heartbeat timeout
2026-01-17 19:29:36.405 [taskScheduler-9] WARN  c.q.federated.service.FederatedCoordinatorService - Node 111 marked as inactive due to heartbeat timeout
2026-01-17 19:29:41.428 [taskScheduler-9] WARN  c.q.federated.service.FederatedCoordinatorService - Node 11 marked as inactive due to heartbeat timeout
2026-01-17 19:29:41.428 [taskScheduler-9] WARN  c.q.federated.service.FederatedCoordinatorService - Node 111 marked as inactive due to heartbeat timeout
2026-01-17 19:29:46.442 [taskScheduler-9] WARN  c.q.federated.service.FederatedCoordinatorService - Node 11 marked as inactive due to heartbeat timeout
2026-01-17 19:29:46.442 [taskScheduler-9] WARN  c.q.federated.service.FederatedCoordinatorService - Node 111 marked as inactive due to heartbeat timeout
2026-01-17 19:29:51.450 [taskScheduler-9] WARN  c.q.federated.service.FederatedCoordinatorService - Node 11 marked as inactive due to heartbeat timeout
2026-01-17 19:29:51.451 [taskScheduler-9] WARN  c.q.federated.service.FederatedCoordinatorService - Node 111 marked as inactive due to heartbeat timeout
2026-01-17 19:29:56.459 [taskScheduler-9] WARN  c.q.federated.service.FederatedCoordinatorService - Node 11 marked as inactive due to heartbeat timeout
2026-01-17 19:29:56.460 [taskScheduler-9] WARN  c.q.federated.service.FederatedCoordinatorService - Node 111 marked as inactive due to heartbeat timeout
2026-01-17 19:30:01.465 [taskScheduler-9] WARN  c.q.federated.service.FederatedCoordinatorService - Node 11 marked as inactive due to heartbeat timeout
2026-01-17 19:30:01.465 [taskScheduler-9] WARN  c.q.federated.service.FederatedCoordinatorService - Node 111 marked as inactive due to heartbeat timeout
2026-01-17 19:30:06.476 [taskScheduler-9] WARN  c.q.federated.service.FederatedCoordinatorService - Node 11 marked as inactive due to heartbeat timeout
2026-01-17 19:30:06.476 [taskScheduler-9] WARN  c.q.federated.service.FederatedCoordinatorService - Node 111 marked as inactive due to heartbeat timeout
2026-01-17 19:30:11.495 [taskScheduler-9] WARN  c.q.federated.service.FederatedCoordinatorService - Node 11 marked as inactive due to heartbeat timeout
2026-01-17 19:30:11.496 [taskScheduler-9] WARN  c.q.federated.service.FederatedCoordinatorService - Node 111 marked as inactive due to heartbeat timeout
2026-01-17 19:30:16.504 [taskScheduler-9] WARN  c.q.federated.service.FederatedCoordinatorService - Node 11 marked as inactive due to heartbeat timeout
2026-01-17 19:30:16.504 [taskScheduler-9] WARN  c.q.federated.service.FederatedCoordinatorService - Node 111 marked as inactive due to heartbeat timeout
2026-01-17 19:30:21.521 [taskScheduler-9] WARN  c.q.federated.service.FederatedCoordinatorService - Node 11 marked as inactive due to heartbeat timeout
2026-01-17 19:30:21.521 [taskScheduler-9] WARN  c.q.federated.service.FederatedCoordinatorService - Node 111 marked as inactive due to heartbeat timeout
2026-01-17 19:30:26.535 [taskScheduler-9] WARN  c.q.federated.service.FederatedCoordinatorService - Node 11 marked as inactive due to heartbeat timeout
2026-01-17 19:30:26.536 [taskScheduler-9] WARN  c.q.federated.service.FederatedCoordinatorService - Node 111 marked as inactive due to heartbeat timeout
2026-01-17 19:30:31.547 [taskScheduler-9] WARN  c.q.federated.service.FederatedCoordinatorService - Node 11 marked as inactive due to heartbeat timeout
2026-01-17 19:30:31.548 [taskScheduler-9] WARN  c.q.federated.service.FederatedCoordinatorService - Node 111 marked as inactive due to heartbeat timeout
2026-01-17 19:30:36.552 [taskScheduler-9] WARN  c.q.federated.service.FederatedCoordinatorService - Node 11 marked as inactive due to heartbeat timeout
2026-01-17 19:30:36.553 [taskScheduler-9] WARN  c.q.federated.service.FederatedCoordinatorService - Node 111 marked as inactive due to heartbeat timeout
2026-01-17 19:30:41.569 [taskScheduler-9] WARN  c.q.federated.service.FederatedCoordinatorService - Node 11 marked as inactive due to heartbeat timeout
2026-01-17 19:30:41.569 [taskScheduler-9] WARN  c.q.federated.service.FederatedCoordinatorService - Node 111 marked as inactive due to heartbeat timeout
2026-01-17 19:30:46.588 [taskScheduler-9] WARN  c.q.federated.service.FederatedCoordinatorService - Node 11 marked as inactive due to heartbeat timeout
2026-01-17 19:30:46.588 [taskScheduler-9] WARN  c.q.federated.service.FederatedCoordinatorService - Node 111 marked as inactive due to heartbeat timeout
2026-01-17 19:30:51.602 [taskScheduler-9] WARN  c.q.federated.service.FederatedCoordinatorService - Node 11 marked as inactive due to heartbeat timeout
2026-01-17 19:30:51.602 [taskScheduler-9] WARN  c.q.federated.service.FederatedCoordinatorService - Node 111 marked as inactive due to heartbeat timeout
2026-01-17 19:30:56.619 [taskScheduler-9] WARN  c.q.federated.service.FederatedCoordinatorService - Node 11 marked as inactive due to heartbeat timeout
2026-01-17 19:30:56.620 [taskScheduler-9] WARN  c.q.federated.service.FederatedCoordinatorService - Node 111 marked as inactive due to heartbeat timeout
2026-01-17 19:31:01.631 [taskScheduler-9] WARN  c.q.federated.service.FederatedCoordinatorService - Node 11 marked as inactive due to heartbeat timeout
2026-01-17 19:31:01.631 [taskScheduler-9] WARN  c.q.federated.service.FederatedCoordinatorService - Node 111 marked as inactive due to heartbeat timeout
2026-01-17 19:31:06.643 [taskScheduler-9] WARN  c.q.federated.service.FederatedCoordinatorService - Node 11 marked as inactive due to heartbeat timeout
2026-01-17 19:31:06.644 [taskScheduler-9] WARN  c.q.federated.service.FederatedCoordinatorService - Node 111 marked as inactive due to heartbeat timeout
2026-01-17 19:31:11.652 [taskScheduler-9] WARN  c.q.federated.service.FederatedCoordinatorService - Node 11 marked as inactive due to heartbeat timeout
2026-01-17 19:31:11.652 [taskScheduler-9] WARN  c.q.federated.service.FederatedCoordinatorService - Node 111 marked as inactive due to heartbeat timeout
2026-01-17 19:31:16.670 [taskScheduler-9] WARN  c.q.federated.service.FederatedCoordinatorService - Node 11 marked as inactive due to heartbeat timeout
2026-01-17 19:31:16.670 [taskScheduler-9] WARN  c.q.federated.service.FederatedCoordinatorService - Node 111 marked as inactive due to heartbeat timeout
2026-01-17 19:31:21.677 [taskScheduler-9] WARN  c.q.federated.service.FederatedCoordinatorService - Node 11 marked as inactive due to heartbeat timeout
2026-01-17 19:31:21.677 [taskScheduler-9] WARN  c.q.federated.service.FederatedCoordinatorService - Node 111 marked as inactive due to heartbeat timeout
2026-01-17 19:31:26.688 [taskScheduler-9] WARN  c.q.federated.service.FederatedCoordinatorService - Node 11 marked as inactive due to heartbeat timeout
2026-01-17 19:31:26.688 [taskScheduler-9] WARN  c.q.federated.service.FederatedCoordinatorService - Node 111 marked as inactive due to heartbeat timeout
2026-01-17 19:31:31.696 [taskScheduler-9] WARN  c.q.federated.service.FederatedCoordinatorService - Node 11 marked as inactive due to heartbeat timeout
2026-01-17 19:31:31.696 [taskScheduler-9] WARN  c.q.federated.service.FederatedCoordinatorService - Node 111 marked as inactive due to heartbeat timeout
2026-01-17 19:31:36.720 [taskScheduler-9] WARN  c.q.federated.service.FederatedCoordinatorService - Node 11 marked as inactive due to heartbeat timeout
2026-01-17 19:31:36.720 [taskScheduler-9] WARN  c.q.federated.service.FederatedCoordinatorService - Node 111 marked as inactive due to heartbeat timeout
2026-01-17 19:31:41.739 [taskScheduler-9] WARN  c.q.federated.service.FederatedCoordinatorService - Node 11 marked as inactive due to heartbeat timeout
2026-01-17 19:31:41.740 [taskScheduler-9] WARN  c.q.federated.service.FederatedCoordinatorService - Node 111 marked as inactive due to heartbeat timeout
2026-01-17 19:31:46.759 [taskScheduler-9] WARN  c.q.federated.service.FederatedCoordinatorService - Node 11 marked as inactive due to heartbeat timeout
2026-01-17 19:31:46.759 [taskScheduler-9] WARN  c.q.federated.service.FederatedCoordinatorService - Node 111 marked as inactive due to heartbeat timeout
2026-01-17 19:31:51.775 [taskScheduler-9] WARN  c.q.federated.service.FederatedCoordinatorService - Node 11 marked as inactive due to heartbeat timeout
2026-01-17 19:31:51.775 [taskScheduler-9] WARN  c.q.federated.service.FederatedCoordinatorService - Node 111 marked as inactive due to heartbeat timeout
2026-01-17 19:31:56.798 [taskScheduler-9] WARN  c.q.federated.service.FederatedCoordinatorService - Node 11 marked as inactive due to heartbeat timeout
2026-01-17 19:31:56.798 [taskScheduler-9] WARN  c.q.federated.service.FederatedCoordinatorService - Node 111 marked as inactive due to heartbeat timeout
2026-01-17 19:32:01.803 [taskScheduler-9] WARN  c.q.federated.service.FederatedCoordinatorService - Node 11 marked as inactive due to heartbeat timeout
2026-01-17 19:32:01.804 [taskScheduler-9] WARN  c.q.federated.service.FederatedCoordinatorService - Node 111 marked as inactive due to heartbeat timeout
2026-01-17 19:32:06.814 [taskScheduler-9] WARN  c.q.federated.service.FederatedCoordinatorService - Node 11 marked as inactive due to heartbeat timeout
2026-01-17 19:32:06.814 [taskScheduler-9] WARN  c.q.federated.service.FederatedCoordinatorService - Node 111 marked as inactive due to heartbeat timeout
2026-01-17 19:32:11.827 [taskScheduler-9] WARN  c.q.federated.service.FederatedCoordinatorService - Node 11 marked as inactive due to heartbeat timeout
2026-01-17 19:32:11.827 [taskScheduler-9] WARN  c.q.federated.service.FederatedCoordinatorService - Node 111 marked as inactive due to heartbeat timeout
2026-01-17 19:32:16.838 [taskScheduler-9] WARN  c.q.federated.service.FederatedCoordinatorService - Node 11 marked as inactive due to heartbeat timeout
2026-01-17 19:32:16.839 [taskScheduler-9] WARN  c.q.federated.service.FederatedCoordinatorService - Node 111 marked as inactive due to heartbeat timeout
2026-01-17 19:32:21.852 [taskScheduler-9] WARN  c.q.federated.service.FederatedCoordinatorService - Node 11 marked as inactive due to heartbeat timeout
2026-01-17 19:32:21.853 [taskScheduler-9] WARN  c.q.federated.service.FederatedCoordinatorService - Node 111 marked as inactive due to heartbeat timeout
2026-01-17 19:32:26.868 [taskScheduler-9] WARN  c.q.federated.service.FederatedCoordinatorService - Node 11 marked as inactive due to heartbeat timeout
2026-01-17 19:32:26.868 [taskScheduler-9] WARN  c.q.federated.service.FederatedCoordinatorService - Node 111 marked as inactive due to heartbeat timeout
2026-01-17 19:32:31.880 [taskScheduler-9] WARN  c.q.federated.service.FederatedCoordinatorService - Node 11 marked as inactive due to heartbeat timeout
2026-01-17 19:32:31.881 [taskScheduler-9] WARN  c.q.federated.service.FederatedCoordinatorService - Node 111 marked as inactive due to heartbeat timeout
2026-01-17 19:32:36.899 [taskScheduler-9] WARN  c.q.federated.service.FederatedCoordinatorService - Node 11 marked as inactive due to heartbeat timeout
2026-01-17 19:32:36.900 [taskScheduler-9] WARN  c.q.federated.service.FederatedCoordinatorService - Node 111 marked as inactive due to heartbeat timeout
2026-01-17 19:32:41.908 [taskScheduler-9] WARN  c.q.federated.service.FederatedCoordinatorService - Node 11 marked as inactive due to heartbeat timeout
2026-01-17 19:32:41.908 [taskScheduler-9] WARN  c.q.federated.service.FederatedCoordinatorService - Node 111 marked as inactive due to heartbeat timeout
2026-01-17 19:32:46.917 [taskScheduler-9] WARN  c.q.federated.service.FederatedCoordinatorService - Node 11 marked as inactive due to heartbeat timeout
2026-01-17 19:32:46.918 [taskScheduler-9] WARN  c.q.federated.service.FederatedCoordinatorService - Node 111 marked as inactive due to heartbeat timeout
2026-01-17 19:32:51.927 [taskScheduler-9] WARN  c.q.federated.service.FederatedCoordinatorService - Node 11 marked as inactive due to heartbeat timeout
2026-01-17 19:32:51.927 [taskScheduler-9] WARN  c.q.federated.service.FederatedCoordinatorService - Node 111 marked as inactive due to heartbeat timeout
2026-01-17 19:32:56.939 [taskScheduler-9] WARN  c.q.federated.service.FederatedCoordinatorService - Node 11 marked as inactive due to heartbeat timeout
2026-01-17 19:32:56.940 [taskScheduler-9] WARN  c.q.federated.service.FederatedCoordinatorService - Node 111 marked as inactive due to heartbeat timeout
2026-01-17 19:33:01.945 [taskScheduler-9] WARN  c.q.federated.service.FederatedCoordinatorService - Node 11 marked as inactive due to heartbeat timeout
2026-01-17 19:33:01.945 [taskScheduler-9] WARN  c.q.federated.service.FederatedCoordinatorService - Node 111 marked as inactive due to heartbeat timeout
2026-01-17 19:33:06.967 [taskScheduler-9] WARN  c.q.federated.service.FederatedCoordinatorService - Node 11 marked as inactive due to heartbeat timeout
2026-01-17 19:33:06.967 [taskScheduler-9] WARN  c.q.federated.service.FederatedCoordinatorService - Node 111 marked as inactive due to heartbeat timeout
2026-01-17 19:33:11.986 [taskScheduler-9] WARN  c.q.federated.service.FederatedCoordinatorService - Node 11 marked as inactive due to heartbeat timeout
2026-01-17 19:33:11.987 [taskScheduler-9] WARN  c.q.federated.service.FederatedCoordinatorService - Node 111 marked as inactive due to heartbeat timeout
2026-01-17 19:33:17.001 [taskScheduler-9] WARN  c.q.federated.service.FederatedCoordinatorService - Node 11 marked as inactive due to heartbeat timeout
2026-01-17 19:33:17.001 [taskScheduler-9] WARN  c.q.federated.service.FederatedCoordinatorService - Node 111 marked as inactive due to heartbeat timeout
2026-01-17 19:33:22.024 [taskScheduler-9] WARN  c.q.federated.service.FederatedCoordinatorService - Node 11 marked as inactive due to heartbeat timeout
2026-01-17 19:33:22.024 [taskScheduler-9] WARN  c.q.federated.service.FederatedCoordinatorService - Node 111 marked as inactive due to heartbeat timeout
2026-01-17 19:33:27.030 [taskScheduler-9] WARN  c.q.federated.service.FederatedCoordinatorService - Node 11 marked as inactive due to heartbeat timeout
2026-01-17 19:33:27.030 [taskScheduler-9] WARN  c.q.federated.service.FederatedCoordinatorService - Node 111 marked as inactive due to heartbeat timeout
2026-01-17 19:33:32.046 [taskScheduler-9] WARN  c.q.federated.service.FederatedCoordinatorService - Node 11 marked as inactive due to heartbeat timeout
2026-01-17 19:33:32.047 [taskScheduler-9] WARN  c.q.federated.service.FederatedCoordinatorService - Node 111 marked as inactive due to heartbeat timeout
2026-01-17 19:33:37.061 [taskScheduler-9] WARN  c.q.federated.service.FederatedCoordinatorService - Node 11 marked as inactive due to heartbeat timeout
2026-01-17 19:33:37.061 [taskScheduler-9] WARN  c.q.federated.service.FederatedCoordinatorService - Node 111 marked as inactive due to heartbeat timeout
2026-01-17 19:33:42.082 [taskScheduler-9] WARN  c.q.federated.service.FederatedCoordinatorService - Node 11 marked as inactive due to heartbeat timeout
2026-01-17 19:33:42.082 [taskScheduler-9] WARN  c.q.federated.service.FederatedCoordinatorService - Node 111 marked as inactive due to heartbeat timeout
2026-01-17 19:33:47.096 [taskScheduler-9] WARN  c.q.federated.service.FederatedCoordinatorService - Node 11 marked as inactive due to heartbeat timeout
2026-01-17 19:33:47.097 [taskScheduler-9] WARN  c.q.federated.service.FederatedCoordinatorService - Node 111 marked as inactive due to heartbeat timeout
2026-01-17 19:33:52.105 [taskScheduler-9] WARN  c.q.federated.service.FederatedCoordinatorService - Node 11 marked as inactive due to heartbeat timeout
2026-01-17 19:33:52.106 [taskScheduler-9] WARN  c.q.federated.service.FederatedCoordinatorService - Node 111 marked as inactive due to heartbeat timeout
2026-01-17 19:33:57.120 [taskScheduler-9] WARN  c.q.federated.service.FederatedCoordinatorService - Node 11 marked as inactive due to heartbeat timeout
2026-01-17 19:33:57.120 [taskScheduler-9] WARN  c.q.federated.service.FederatedCoordinatorService - Node 111 marked as inactive due to heartbeat timeout
2026-01-17 19:34:02.129 [taskScheduler-9] WARN  c.q.federated.service.FederatedCoordinatorService - Node 11 marked as inactive due to heartbeat timeout
2026-01-17 19:34:02.130 [taskScheduler-9] WARN  c.q.federated.service.FederatedCoordinatorService - Node 111 marked as inactive due to heartbeat timeout
2026-01-17 19:34:07.150 [taskScheduler-9] WARN  c.q.federated.service.FederatedCoordinatorService - Node 11 marked as inactive due to heartbeat timeout
2026-01-17 19:34:07.151 [taskScheduler-9] WARN  c.q.federated.service.FederatedCoordinatorService - Node 111 marked as inactive due to heartbeat timeout
2026-01-17 19:34:12.163 [taskScheduler-9] WARN  c.q.federated.service.FederatedCoordinatorService - Node 11 marked as inactive due to heartbeat timeout
2026-01-17 19:34:12.164 [taskScheduler-9] WARN  c.q.federated.service.FederatedCoordinatorService - Node 111 marked as inactive due to heartbeat timeout
2026-01-17 19:34:17.172 [taskScheduler-9] WARN  c.q.federated.service.FederatedCoordinatorService - Node 11 marked as inactive due to heartbeat timeout
2026-01-17 19:34:17.172 [taskScheduler-9] WARN  c.q.federated.service.FederatedCoordinatorService - Node 111 marked as inactive due to heartbeat timeout
2026-01-17 19:34:22.186 [taskScheduler-9] WARN  c.q.federated.service.FederatedCoordinatorService - Node 11 marked as inactive due to heartbeat timeout
2026-01-17 19:34:22.187 [taskScheduler-9] WARN  c.q.federated.service.FederatedCoordinatorService - Node 111 marked as inactive due to heartbeat timeout
2026-01-17 19:34:27.193 [taskScheduler-9] WARN  c.q.federated.service.FederatedCoordinatorService - Node 11 marked as inactive due to heartbeat timeout
2026-01-17 19:34:27.195 [taskScheduler-9] WARN  c.q.federated.service.FederatedCoordinatorService - Node 111 marked as inactive due to heartbeat timeout
2026-01-17 19:34:32.207 [taskScheduler-9] WARN  c.q.federated.service.FederatedCoordinatorService - Node 11 marked as inactive due to heartbeat timeout
2026-01-17 19:34:32.208 [taskScheduler-9] WARN  c.q.federated.service.FederatedCoordinatorService - Node 111 marked as inactive due to heartbeat timeout
2026-01-17 19:34:37.221 [taskScheduler-9] WARN  c.q.federated.service.FederatedCoordinatorService - Node 11 marked as inactive due to heartbeat timeout
2026-01-17 19:34:37.222 [taskScheduler-9] WARN  c.q.federated.service.FederatedCoordinatorService - Node 111 marked as inactive due to heartbeat timeout
2026-01-17 19:34:42.236 [taskScheduler-9] WARN  c.q.federated.service.FederatedCoordinatorService - Node 11 marked as inactive due to heartbeat timeout
2026-01-17 19:34:42.237 [taskScheduler-9] WARN  c.q.federated.service.FederatedCoordinatorService - Node 111 marked as inactive due to heartbeat timeout
2026-01-17 19:34:47.249 [taskScheduler-9] WARN  c.q.federated.service.FederatedCoordinatorService - Node 11 marked as inactive due to heartbeat timeout
2026-01-17 19:34:47.250 [taskScheduler-9] WARN  c.q.federated.service.FederatedCoordinatorService - Node 111 marked as inactive due to heartbeat timeout
2026-01-17 19:34:52.265 [taskScheduler-9] WARN  c.q.federated.service.FederatedCoordinatorService - Node 11 marked as inactive due to heartbeat timeout
2026-01-17 19:34:52.265 [taskScheduler-9] WARN  c.q.federated.service.FederatedCoordinatorService - Node 111 marked as inactive due to heartbeat timeout
2026-01-17 19:34:57.284 [taskScheduler-9] WARN  c.q.federated.service.FederatedCoordinatorService - Node 11 marked as inactive due to heartbeat timeout
2026-01-17 19:34:57.285 [taskScheduler-9] WARN  c.q.federated.service.FederatedCoordinatorService - Node 111 marked as inactive due to heartbeat timeout
2026-01-17 19:35:02.293 [taskScheduler-9] WARN  c.q.federated.service.FederatedCoordinatorService - Node 11 marked as inactive due to heartbeat timeout
2026-01-17 19:35:02.293 [taskScheduler-9] WARN  c.q.federated.service.FederatedCoordinatorService - Node 111 marked as inactive due to heartbeat timeout
2026-01-17 19:35:07.314 [taskScheduler-9] WARN  c.q.federated.service.FederatedCoordinatorService - Node 11 marked as inactive due to heartbeat timeout
2026-01-17 19:35:07.314 [taskScheduler-9] WARN  c.q.federated.service.FederatedCoordinatorService - Node 111 marked as inactive due to heartbeat timeout
2026-01-17 19:35:12.329 [taskScheduler-9] WARN  c.q.federated.service.FederatedCoordinatorService - Node 11 marked as inactive due to heartbeat timeout
2026-01-17 19:35:12.329 [taskScheduler-9] WARN  c.q.federated.service.FederatedCoordinatorService - Node 111 marked as inactive due to heartbeat timeout
2026-01-17 19:35:17.346 [taskScheduler-9] WARN  c.q.federated.service.FederatedCoordinatorService - Node 11 marked as inactive due to heartbeat timeout
2026-01-17 19:35:17.346 [taskScheduler-9] WARN  c.q.federated.service.FederatedCoordinatorService - Node 111 marked as inactive due to heartbeat timeout
2026-01-17 19:35:22.364 [taskScheduler-9] WARN  c.q.federated.service.FederatedCoordinatorService - Node 11 marked as inactive due to heartbeat timeout
2026-01-17 19:35:22.365 [taskScheduler-9] WARN  c.q.federated.service.FederatedCoordinatorService - Node 111 marked as inactive due to heartbeat timeout
2026-01-17 19:35:27.379 [taskScheduler-9] WARN  c.q.federated.service.FederatedCoordinatorService - Node 11 marked as inactive due to heartbeat timeout
2026-01-17 19:35:27.379 [taskScheduler-9] WARN  c.q.federated.service.FederatedCoordinatorService - Node 111 marked as inactive due to heartbeat timeout
2026-01-17 19:35:32.395 [taskScheduler-9] WARN  c.q.federated.service.FederatedCoordinatorService - Node 11 marked as inactive due to heartbeat timeout
2026-01-17 19:35:32.395 [taskScheduler-9] WARN  c.q.federated.service.FederatedCoordinatorService - Node 111 marked as inactive due to heartbeat timeout
2026-01-17 19:35:37.415 [taskScheduler-9] WARN  c.q.federated.service.FederatedCoordinatorService - Node 11 marked as inactive due to heartbeat timeout
2026-01-17 19:35:37.416 [taskScheduler-9] WARN  c.q.federated.service.FederatedCoordinatorService - Node 111 marked as inactive due to heartbeat timeout
2026-01-17 19:35:42.422 [taskScheduler-9] WARN  c.q.federated.service.FederatedCoordinatorService - Node 11 marked as inactive due to heartbeat timeout
2026-01-17 19:35:42.422 [taskScheduler-9] WARN  c.q.federated.service.FederatedCoordinatorService - Node 111 marked as inactive due to heartbeat timeout
2026-01-17 19:35:47.429 [taskScheduler-9] WARN  c.q.federated.service.FederatedCoordinatorService - Node 11 marked as inactive due to heartbeat timeout
2026-01-17 19:35:47.430 [taskScheduler-9] WARN  c.q.federated.service.FederatedCoordinatorService - Node 111 marked as inactive due to heartbeat timeout
2026-01-17 19:35:52.446 [taskScheduler-9] WARN  c.q.federated.service.FederatedCoordinatorService - Node 11 marked as inactive due to heartbeat timeout
2026-01-17 19:35:52.446 [taskScheduler-9] WARN  c.q.federated.service.FederatedCoordinatorService - Node 111 marked as inactive due to heartbeat timeout
2026-01-17 19:35:57.464 [taskScheduler-9] WARN  c.q.federated.service.FederatedCoordinatorService - Node 11 marked as inactive due to heartbeat timeout
2026-01-17 19:35:57.464 [taskScheduler-9] WARN  c.q.federated.service.FederatedCoordinatorService - Node 111 marked as inactive due to heartbeat timeout
2026-01-17 19:36:02.473 [taskScheduler-9] WARN  c.q.federated.service.FederatedCoordinatorService - Node 11 marked as inactive due to heartbeat timeout
2026-01-17 19:36:02.474 [taskScheduler-9] WARN  c.q.federated.service.FederatedCoordinatorService - Node 111 marked as inactive due to heartbeat timeout
2026-01-17 19:36:07.485 [taskScheduler-9] WARN  c.q.federated.service.FederatedCoordinatorService - Node 11 marked as inactive due to heartbeat timeout
2026-01-17 19:36:07.485 [taskScheduler-9] WARN  c.q.federated.service.FederatedCoordinatorService - Node 111 marked as inactive due to heartbeat timeout
2026-01-17 19:36:12.505 [taskScheduler-9] WARN  c.q.federated.service.FederatedCoordinatorService - Node 11 marked as inactive due to heartbeat timeout
2026-01-17 19:36:12.506 [taskScheduler-9] WARN  c.q.federated.service.FederatedCoordinatorService - Node 111 marked as inactive due to heartbeat timeout
2026-01-17 19:36:17.513 [taskScheduler-9] WARN  c.q.federated.service.FederatedCoordinatorService - Node 11 marked as inactive due to heartbeat timeout
2026-01-17 19:36:17.513 [taskScheduler-9] WARN  c.q.federated.service.FederatedCoordinatorService - Node 111 marked as inactive due to heartbeat timeout
2026-01-17 19:36:22.532 [taskScheduler-9] WARN  c.q.federated.service.FederatedCoordinatorService - Node 11 marked as inactive due to heartbeat timeout
2026-01-17 19:36:22.533 [taskScheduler-9] WARN  c.q.federated.service.FederatedCoordinatorService - Node 111 marked as inactive due to heartbeat timeout
2026-01-17 19:36:27.545 [taskScheduler-9] WARN  c.q.federated.service.FederatedCoordinatorService - Node 11 marked as inactive due to heartbeat timeout
2026-01-17 19:36:27.546 [taskScheduler-9] WARN  c.q.federated.service.FederatedCoordinatorService - Node 111 marked as inactive due to heartbeat timeout
2026-01-17 19:36:32.563 [taskScheduler-9] WARN  c.q.federated.service.FederatedCoordinatorService - Node 11 marked as inactive due to heartbeat timeout
2026-01-17 19:36:32.563 [taskScheduler-9] WARN  c.q.federated.service.FederatedCoordinatorService - Node 111 marked as inactive due to heartbeat timeout
2026-01-17 19:36:37.576 [taskScheduler-9] WARN  c.q.federated.service.FederatedCoordinatorService - Node 11 marked as inactive due to heartbeat timeout
2026-01-17 19:36:37.576 [taskScheduler-9] WARN  c.q.federated.service.FederatedCoordinatorService - Node 111 marked as inactive due to heartbeat timeout
2026-01-17 19:36:42.595 [taskScheduler-9] WARN  c.q.federated.service.FederatedCoordinatorService - Node 11 marked as inactive due to heartbeat timeout
2026-01-17 19:36:42.595 [taskScheduler-9] WARN  c.q.federated.service.FederatedCoordinatorService - Node 111 marked as inactive due to heartbeat timeout
2026-01-17 19:36:47.616 [taskScheduler-9] WARN  c.q.federated.service.FederatedCoordinatorService - Node 11 marked as inactive due to heartbeat timeout
2026-01-17 19:36:47.616 [taskScheduler-9] WARN  c.q.federated.service.FederatedCoordinatorService - Node 111 marked as inactive due to heartbeat timeout
2026-01-17 19:36:52.625 [taskScheduler-9] WARN  c.q.federated.service.FederatedCoordinatorService - Node 11 marked as inactive due to heartbeat timeout
2026-01-17 19:36:52.626 [taskScheduler-9] WARN  c.q.federated.service.FederatedCoordinatorService - Node 111 marked as inactive due to heartbeat timeout
2026-01-17 19:36:57.645 [taskScheduler-9] WARN  c.q.federated.service.FederatedCoordinatorService - Node 11 marked as inactive due to heartbeat timeout
2026-01-17 19:36:57.645 [taskScheduler-9] WARN  c.q.federated.service.FederatedCoordinatorService - Node 111 marked as inactive due to heartbeat timeout
2026-01-17 19:37:02.663 [taskScheduler-9] WARN  c.q.federated.service.FederatedCoordinatorService - Node 11 marked as inactive due to heartbeat timeout
2026-01-17 19:37:02.664 [taskScheduler-9] WARN  c.q.federated.service.FederatedCoordinatorService - Node 111 marked as inactive due to heartbeat timeout
2026-01-17 19:37:07.670 [taskScheduler-9] WARN  c.q.federated.service.FederatedCoordinatorService - Node 11 marked as inactive due to heartbeat timeout
2026-01-17 19:37:07.670 [taskScheduler-9] WARN  c.q.federated.service.FederatedCoordinatorService - Node 111 marked as inactive due to heartbeat timeout
2026-01-17 19:37:12.677 [taskScheduler-9] WARN  c.q.federated.service.FederatedCoordinatorService - Node 11 marked as inactive due to heartbeat timeout
2026-01-17 19:37:12.677 [taskScheduler-9] WARN  c.q.federated.service.FederatedCoordinatorService - Node 111 marked as inactive due to heartbeat timeout
2026-01-17 19:37:17.694 [taskScheduler-9] WARN  c.q.federated.service.FederatedCoordinatorService - Node 11 marked as inactive due to heartbeat timeout
2026-01-17 19:37:17.694 [taskScheduler-9] WARN  c.q.federated.service.FederatedCoordinatorService - Node 111 marked as inactive due to heartbeat timeout
2026-01-17 19:37:22.704 [taskScheduler-9] WARN  c.q.federated.service.FederatedCoordinatorService - Node 11 marked as inactive due to heartbeat timeout
2026-01-17 19:37:22.705 [taskScheduler-9] WARN  c.q.federated.service.FederatedCoordinatorService - Node 111 marked as inactive due to heartbeat timeout
2026-01-17 19:37:27.725 [taskScheduler-9] WARN  c.q.federated.service.FederatedCoordinatorService - Node 11 marked as inactive due to heartbeat timeout
2026-01-17 19:37:27.726 [taskScheduler-9] WARN  c.q.federated.service.FederatedCoordinatorService - Node 111 marked as inactive due to heartbeat timeout
2026-01-17 19:37:32.737 [taskScheduler-9] WARN  c.q.federated.service.FederatedCoordinatorService - Node 11 marked as inactive due to heartbeat timeout
2026-01-17 19:37:32.737 [taskScheduler-9] WARN  c.q.federated.service.FederatedCoordinatorService - Node 111 marked as inactive due to heartbeat timeout
2026-01-17 19:37:37.753 [taskScheduler-9] WARN  c.q.federated.service.FederatedCoordinatorService - Node 11 marked as inactive due to heartbeat timeout
2026-01-17 19:37:37.753 [taskScheduler-9] WARN  c.q.federated.service.FederatedCoordinatorService - Node 111 marked as inactive due to heartbeat timeout
2026-01-17 19:37:42.776 [taskScheduler-9] WARN  c.q.federated.service.FederatedCoordinatorService - Node 11 marked as inactive due to heartbeat timeout
2026-01-17 19:37:42.777 [taskScheduler-9] WARN  c.q.federated.service.FederatedCoordinatorService - Node 111 marked as inactive due to heartbeat timeout
2026-01-17 19:37:47.782 [taskScheduler-9] WARN  c.q.federated.service.FederatedCoordinatorService - Node 11 marked as inactive due to heartbeat timeout
2026-01-17 19:37:47.783 [taskScheduler-9] WARN  c.q.federated.service.FederatedCoordinatorService - Node 111 marked as inactive due to heartbeat timeout
2026-01-17 19:37:52.793 [taskScheduler-9] WARN  c.q.federated.service.FederatedCoordinatorService - Node 11 marked as inactive due to heartbeat timeout
2026-01-17 19:37:52.793 [taskScheduler-9] WARN  c.q.federated.service.FederatedCoordinatorService - Node 111 marked as inactive due to heartbeat timeout
2026-01-17 19:37:57.809 [taskScheduler-9] WARN  c.q.federated.service.FederatedCoordinatorService - Node 11 marked as inactive due to heartbeat timeout
2026-01-17 19:37:57.809 [taskScheduler-9] WARN  c.q.federated.service.FederatedCoordinatorService - Node 111 marked as inactive due to heartbeat timeout
2026-01-17 19:38:02.824 [taskScheduler-9] WARN  c.q.federated.service.FederatedCoordinatorService - Node 11 marked as inactive due to heartbeat timeout
2026-01-17 19:38:02.825 [taskScheduler-9] WARN  c.q.federated.service.FederatedCoordinatorService - Node 111 marked as inactive due to heartbeat timeout
2026-01-17 19:38:07.842 [taskScheduler-9] WARN  c.q.federated.service.FederatedCoordinatorService - Node 11 marked as inactive due to heartbeat timeout
2026-01-17 19:38:07.843 [taskScheduler-9] WARN  c.q.federated.service.FederatedCoordinatorService - Node 111 marked as inactive due to heartbeat timeout
2026-01-17 19:38:12.851 [taskScheduler-9] WARN  c.q.federated.service.FederatedCoordinatorService - Node 11 marked as inactive due to heartbeat timeout
2026-01-17 19:38:12.851 [taskScheduler-9] WARN  c.q.federated.service.FederatedCoordinatorService - Node 111 marked as inactive due to heartbeat timeout
2026-01-17 19:38:17.857 [taskScheduler-9] WARN  c.q.federated.service.FederatedCoordinatorService - Node 11 marked as inactive due to heartbeat timeout
2026-01-17 19:38:17.858 [taskScheduler-9] WARN  c.q.federated.service.FederatedCoordinatorService - Node 111 marked as inactive due to heartbeat timeout
2026-01-17 19:38:22.875 [taskScheduler-9] WARN  c.q.federated.service.FederatedCoordinatorService - Node 11 marked as inactive due to heartbeat timeout
2026-01-17 19:38:22.876 [taskScheduler-9] WARN  c.q.federated.service.FederatedCoordinatorService - Node 111 marked as inactive due to heartbeat timeout
2026-01-17 19:38:27.881 [taskScheduler-9] WARN  c.q.federated.service.FederatedCoordinatorService - Node 11 marked as inactive due to heartbeat timeout
2026-01-17 19:38:27.882 [taskScheduler-9] WARN  c.q.federated.service.FederatedCoordinatorService - Node 111 marked as inactive due to heartbeat timeout
2026-01-17 19:38:32.890 [taskScheduler-9] WARN  c.q.federated.service.FederatedCoordinatorService - Node 11 marked as inactive due to heartbeat timeout
2026-01-17 19:38:32.890 [taskScheduler-9] WARN  c.q.federated.service.FederatedCoordinatorService - Node 111 marked as inactive due to heartbeat timeout
2026-01-17 19:38:37.908 [taskScheduler-9] WARN  c.q.federated.service.FederatedCoordinatorService - Node 11 marked as inactive due to heartbeat timeout
2026-01-17 19:38:37.909 [taskScheduler-9] WARN  c.q.federated.service.FederatedCoordinatorService - Node 111 marked as inactive due to heartbeat timeout
2026-01-17 19:38:42.916 [taskScheduler-9] WARN  c.q.federated.service.FederatedCoordinatorService - Node 11 marked as inactive due to heartbeat timeout
2026-01-17 19:38:42.916 [taskScheduler-9] WARN  c.q.federated.service.FederatedCoordinatorService - Node 111 marked as inactive due to heartbeat timeout
2026-01-17 19:38:47.921 [taskScheduler-9] WARN  c.q.federated.service.FederatedCoordinatorService - Node 11 marked as inactive due to heartbeat timeout
2026-01-17 19:38:47.922 [taskScheduler-9] WARN  c.q.federated.service.FederatedCoordinatorService - Node 111 marked as inactive due to heartbeat timeout
2026-01-17 19:38:52.938 [taskScheduler-9] WARN  c.q.federated.service.FederatedCoordinatorService - Node 11 marked as inactive due to heartbeat timeout
2026-01-17 19:38:52.939 [taskScheduler-9] WARN  c.q.federated.service.FederatedCoordinatorService - Node 111 marked as inactive due to heartbeat timeout
2026-01-17 19:38:57.958 [taskScheduler-9] WARN  c.q.federated.service.FederatedCoordinatorService - Node 11 marked as inactive due to heartbeat timeout
2026-01-17 19:38:57.958 [taskScheduler-9] WARN  c.q.federated.service.FederatedCoordinatorService - Node 111 marked as inactive due to heartbeat timeout
2026-01-17 19:39:02.964 [taskScheduler-9] WARN  c.q.federated.service.FederatedCoordinatorService - Node 11 marked as inactive due to heartbeat timeout
2026-01-17 19:39:02.965 [taskScheduler-9] WARN  c.q.federated.service.FederatedCoordinatorService - Node 111 marked as inactive due to heartbeat timeout
2026-01-17 19:39:07.972 [taskScheduler-9] WARN  c.q.federated.service.FederatedCoordinatorService - Node 11 marked as inactive due to heartbeat timeout
2026-01-17 19:39:07.973 [taskScheduler-9] WARN  c.q.federated.service.FederatedCoordinatorService - Node 111 marked as inactive due to heartbeat timeout
2026-01-17 19:39:12.980 [taskScheduler-9] WARN  c.q.federated.service.FederatedCoordinatorService - Node 11 marked as inactive due to heartbeat timeout
2026-01-17 19:39:12.981 [taskScheduler-9] WARN  c.q.federated.service.FederatedCoordinatorService - Node 111 marked as inactive due to heartbeat timeout
2026-01-17 19:39:17.997 [taskScheduler-9] WARN  c.q.federated.service.FederatedCoordinatorService - Node 11 marked as inactive due to heartbeat timeout
2026-01-17 19:39:17.997 [taskScheduler-9] WARN  c.q.federated.service.FederatedCoordinatorService - Node 111 marked as inactive due to heartbeat timeout
2026-01-17 19:39:23.016 [taskScheduler-9] WARN  c.q.federated.service.FederatedCoordinatorService - Node 11 marked as inactive due to heartbeat timeout
2026-01-17 19:39:23.017 [taskScheduler-9] WARN  c.q.federated.service.FederatedCoordinatorService - Node 111 marked as inactive due to heartbeat timeout
2026-01-17 19:39:28.023 [taskScheduler-9] WARN  c.q.federated.service.FederatedCoordinatorService - Node 11 marked as inactive due to heartbeat timeout
2026-01-17 19:39:28.024 [taskScheduler-9] WARN  c.q.federated.service.FederatedCoordinatorService - Node 111 marked as inactive due to heartbeat timeout
2026-01-17 19:39:33.041 [taskScheduler-9] WARN  c.q.federated.service.FederatedCoordinatorService - Node 11 marked as inactive due to heartbeat timeout
2026-01-17 19:39:33.042 [taskScheduler-9] WARN  c.q.federated.service.FederatedCoordinatorService - Node 111 marked as inactive due to heartbeat timeout
2026-01-17 19:39:38.052 [taskScheduler-9] WARN  c.q.federated.service.FederatedCoordinatorService - Node 11 marked as inactive due to heartbeat timeout
2026-01-17 19:39:38.054 [taskScheduler-9] WARN  c.q.federated.service.FederatedCoordinatorService - Node 111 marked as inactive due to heartbeat timeout
2026-01-17 19:39:43.073 [taskScheduler-9] WARN  c.q.federated.service.FederatedCoordinatorService - Node 11 marked as inactive due to heartbeat timeout
2026-01-17 19:39:43.074 [taskScheduler-9] WARN  c.q.federated.service.FederatedCoordinatorService - Node 111 marked as inactive due to heartbeat timeout
2026-01-17 19:39:48.089 [taskScheduler-9] WARN  c.q.federated.service.FederatedCoordinatorService - Node 11 marked as inactive due to heartbeat timeout
2026-01-17 19:39:48.090 [taskScheduler-9] WARN  c.q.federated.service.FederatedCoordinatorService - Node 111 marked as inactive due to heartbeat timeout
2026-01-17 19:39:53.103 [taskScheduler-9] WARN  c.q.federated.service.FederatedCoordinatorService - Node 11 marked as inactive due to heartbeat timeout
2026-01-17 19:39:53.103 [taskScheduler-9] WARN  c.q.federated.service.FederatedCoordinatorService - Node 111 marked as inactive due to heartbeat timeout
2026-01-17 19:39:58.121 [taskScheduler-9] WARN  c.q.federated.service.FederatedCoordinatorService - Node 11 marked as inactive due to heartbeat timeout
2026-01-17 19:39:58.122 [taskScheduler-9] WARN  c.q.federated.service.FederatedCoordinatorService - Node 111 marked as inactive due to heartbeat timeout
2026-01-17 19:40:03.135 [taskScheduler-9] WARN  c.q.federated.service.FederatedCoordinatorService - Node 11 marked as inactive due to heartbeat timeout
2026-01-17 19:40:03.135 [taskScheduler-9] WARN  c.q.federated.service.FederatedCoordinatorService - Node 111 marked as inactive due to heartbeat timeout
2026-01-17 19:40:08.148 [taskScheduler-9] WARN  c.q.federated.service.FederatedCoordinatorService - Node 11 marked as inactive due to heartbeat timeout
2026-01-17 19:40:08.149 [taskScheduler-9] WARN  c.q.federated.service.FederatedCoordinatorService - Node 111 marked as inactive due to heartbeat timeout
2026-01-17 19:40:13.158 [taskScheduler-9] WARN  c.q.federated.service.FederatedCoordinatorService - Node 11 marked as inactive due to heartbeat timeout
2026-01-17 19:40:13.158 [taskScheduler-9] WARN  c.q.federated.service.FederatedCoordinatorService - Node 111 marked as inactive due to heartbeat timeout
2026-01-17 19:40:18.164 [taskScheduler-9] WARN  c.q.federated.service.FederatedCoordinatorService - Node 11 marked as inactive due to heartbeat timeout
2026-01-17 19:40:18.165 [taskScheduler-9] WARN  c.q.federated.service.FederatedCoordinatorService - Node 111 marked as inactive due to heartbeat timeout
2026-01-17 19:40:23.178 [taskScheduler-9] WARN  c.q.federated.service.FederatedCoordinatorService - Node 11 marked as inactive due to heartbeat timeout
2026-01-17 19:40:23.178 [taskScheduler-9] WARN  c.q.federated.service.FederatedCoordinatorService - Node 111 marked as inactive due to heartbeat timeout
2026-01-17 19:40:28.188 [taskScheduler-9] WARN  c.q.federated.service.FederatedCoordinatorService - Node 11 marked as inactive due to heartbeat timeout
2026-01-17 19:40:28.190 [taskScheduler-9] WARN  c.q.federated.service.FederatedCoordinatorService - Node 111 marked as inactive due to heartbeat timeout
2026-01-17 19:40:33.205 [taskScheduler-9] WARN  c.q.federated.service.FederatedCoordinatorService - Node 11 marked as inactive due to heartbeat timeout
2026-01-17 19:40:33.206 [taskScheduler-9] WARN  c.q.federated.service.FederatedCoordinatorService - Node 111 marked as inactive due to heartbeat timeout
2026-01-17 19:40:38.222 [taskScheduler-9] WARN  c.q.federated.service.FederatedCoordinatorService - Node 11 marked as inactive due to heartbeat timeout
2026-01-17 19:40:38.222 [taskScheduler-9] WARN  c.q.federated.service.FederatedCoordinatorService - Node 111 marked as inactive due to heartbeat timeout
2026-01-17 19:40:43.234 [taskScheduler-9] WARN  c.q.federated.service.FederatedCoordinatorService - Node 11 marked as inactive due to heartbeat timeout
2026-01-17 19:40:43.234 [taskScheduler-9] WARN  c.q.federated.service.FederatedCoordinatorService - Node 111 marked as inactive due to heartbeat timeout
2026-01-17 19:40:48.242 [taskScheduler-9] WARN  c.q.federated.service.FederatedCoordinatorService - Node 11 marked as inactive due to heartbeat timeout
2026-01-17 19:40:48.242 [taskScheduler-9] WARN  c.q.federated.service.FederatedCoordinatorService - Node 111 marked as inactive due to heartbeat timeout
2026-01-17 19:40:53.254 [taskScheduler-9] WARN  c.q.federated.service.FederatedCoordinatorService - Node 11 marked as inactive due to heartbeat timeout
2026-01-17 19:40:53.254 [taskScheduler-9] WARN  c.q.federated.service.FederatedCoordinatorService - Node 111 marked as inactive due to heartbeat timeout
2026-01-17 19:40:58.263 [taskScheduler-9] WARN  c.q.federated.service.FederatedCoordinatorService - Node 11 marked as inactive due to heartbeat timeout
2026-01-17 19:40:58.264 [taskScheduler-9] WARN  c.q.federated.service.FederatedCoordinatorService - Node 111 marked as inactive due to heartbeat timeout
2026-01-17 19:41:03.271 [taskScheduler-9] WARN  c.q.federated.service.FederatedCoordinatorService - Node 11 marked as inactive due to heartbeat timeout
2026-01-17 19:41:03.271 [taskScheduler-9] WARN  c.q.federated.service.FederatedCoordinatorService - Node 111 marked as inactive due to heartbeat timeout
2026-01-17 19:41:08.285 [taskScheduler-9] WARN  c.q.federated.service.FederatedCoordinatorService - Node 11 marked as inactive due to heartbeat timeout
2026-01-17 19:41:08.285 [taskScheduler-9] WARN  c.q.federated.service.FederatedCoordinatorService - Node 111 marked as inactive due to heartbeat timeout
2026-01-17 19:41:13.304 [taskScheduler-9] WARN  c.q.federated.service.FederatedCoordinatorService - Node 11 marked as inactive due to heartbeat timeout
2026-01-17 19:41:13.305 [taskScheduler-9] WARN  c.q.federated.service.FederatedCoordinatorService - Node 111 marked as inactive due to heartbeat timeout
2026-01-17 19:41:18.320 [taskScheduler-9] WARN  c.q.federated.service.FederatedCoordinatorService - Node 11 marked as inactive due to heartbeat timeout
2026-01-17 19:41:18.320 [taskScheduler-9] WARN  c.q.federated.service.FederatedCoordinatorService - Node 111 marked as inactive due to heartbeat timeout
2026-01-17 19:41:23.326 [taskScheduler-9] WARN  c.q.federated.service.FederatedCoordinatorService - Node 11 marked as inactive due to heartbeat timeout
2026-01-17 19:41:23.326 [taskScheduler-9] WARN  c.q.federated.service.FederatedCoordinatorService - Node 111 marked as inactive due to heartbeat timeout
2026-01-17 19:41:28.336 [taskScheduler-9] WARN  c.q.federated.service.FederatedCoordinatorService - Node 11 marked as inactive due to heartbeat timeout
2026-01-17 19:41:28.337 [taskScheduler-9] WARN  c.q.federated.service.FederatedCoordinatorService - Node 111 marked as inactive due to heartbeat timeout
2026-01-17 19:41:33.352 [taskScheduler-9] WARN  c.q.federated.service.FederatedCoordinatorService - Node 11 marked as inactive due to heartbeat timeout
2026-01-17 19:41:33.352 [taskScheduler-9] WARN  c.q.federated.service.FederatedCoordinatorService - Node 111 marked as inactive due to heartbeat timeout
2026-01-17 19:41:38.360 [taskScheduler-9] WARN  c.q.federated.service.FederatedCoordinatorService - Node 11 marked as inactive due to heartbeat timeout
2026-01-17 19:41:38.361 [taskScheduler-9] WARN  c.q.federated.service.FederatedCoordinatorService - Node 111 marked as inactive due to heartbeat timeout
2026-01-17 19:41:43.366 [taskScheduler-9] WARN  c.q.federated.service.FederatedCoordinatorService - Node 11 marked as inactive due to heartbeat timeout
2026-01-17 19:41:43.367 [taskScheduler-9] WARN  c.q.federated.service.FederatedCoordinatorService - Node 111 marked as inactive due to heartbeat timeout
2026-01-17 19:41:48.374 [taskScheduler-9] WARN  c.q.federated.service.FederatedCoordinatorService - Node 11 marked as inactive due to heartbeat timeout
2026-01-17 19:41:48.374 [taskScheduler-9] WARN  c.q.federated.service.FederatedCoordinatorService - Node 111 marked as inactive due to heartbeat timeout
2026-01-17 19:41:53.389 [taskScheduler-9] WARN  c.q.federated.service.FederatedCoordinatorService - Node 11 marked as inactive due to heartbeat timeout
2026-01-17 19:41:53.389 [taskScheduler-9] WARN  c.q.federated.service.FederatedCoordinatorService - Node 111 marked as inactive due to heartbeat timeout
2026-01-17 19:41:58.403 [taskScheduler-9] WARN  c.q.federated.service.FederatedCoordinatorService - Node 11 marked as inactive due to heartbeat timeout
2026-01-17 19:41:58.404 [taskScheduler-9] WARN  c.q.federated.service.FederatedCoordinatorService - Node 111 marked as inactive due to heartbeat timeout
2026-01-17 19:42:03.419 [taskScheduler-9] WARN  c.q.federated.service.FederatedCoordinatorService - Node 11 marked as inactive due to heartbeat timeout
2026-01-17 19:42:03.419 [taskScheduler-9] WARN  c.q.federated.service.FederatedCoordinatorService - Node 111 marked as inactive due to heartbeat timeout
2026-01-17 19:42:08.433 [taskScheduler-9] WARN  c.q.federated.service.FederatedCoordinatorService - Node 11 marked as inactive due to heartbeat timeout
2026-01-17 19:42:08.434 [taskScheduler-9] WARN  c.q.federated.service.FederatedCoordinatorService - Node 111 marked as inactive due to heartbeat timeout
2026-01-17 19:42:13.447 [taskScheduler-9] WARN  c.q.federated.service.FederatedCoordinatorService - Node 11 marked as inactive due to heartbeat timeout
2026-01-17 19:42:13.447 [taskScheduler-9] WARN  c.q.federated.service.FederatedCoordinatorService - Node 111 marked as inactive due to heartbeat timeout
2026-01-17 19:42:18.454 [taskScheduler-9] WARN  c.q.federated.service.FederatedCoordinatorService - Node 11 marked as inactive due to heartbeat timeout
2026-01-17 19:42:18.454 [taskScheduler-9] WARN  c.q.federated.service.FederatedCoordinatorService - Node 111 marked as inactive due to heartbeat timeout
2026-01-17 19:42:23.462 [taskScheduler-9] WARN  c.q.federated.service.FederatedCoordinatorService - Node 11 marked as inactive due to heartbeat timeout
2026-01-17 19:42:23.463 [taskScheduler-9] WARN  c.q.federated.service.FederatedCoordinatorService - Node 111 marked as inactive due to heartbeat timeout
2026-01-17 19:42:28.473 [taskScheduler-9] WARN  c.q.federated.service.FederatedCoordinatorService - Node 11 marked as inactive due to heartbeat timeout
2026-01-17 19:42:28.474 [taskScheduler-9] WARN  c.q.federated.service.FederatedCoordinatorService - Node 111 marked as inactive due to heartbeat timeout
2026-01-17 19:42:33.485 [taskScheduler-9] WARN  c.q.federated.service.FederatedCoordinatorService - Node 11 marked as inactive due to heartbeat timeout
2026-01-17 19:42:33.485 [taskScheduler-9] WARN  c.q.federated.service.FederatedCoordinatorService - Node 111 marked as inactive due to heartbeat timeout
2026-01-17 19:42:38.500 [taskScheduler-9] WARN  c.q.federated.service.FederatedCoordinatorService - Node 11 marked as inactive due to heartbeat timeout
2026-01-17 19:42:38.501 [taskScheduler-9] WARN  c.q.federated.service.FederatedCoordinatorService - Node 111 marked as inactive due to heartbeat timeout
2026-01-17 19:42:43.518 [taskScheduler-9] WARN  c.q.federated.service.FederatedCoordinatorService - Node 11 marked as inactive due to heartbeat timeout
2026-01-17 19:42:43.519 [taskScheduler-9] WARN  c.q.federated.service.FederatedCoordinatorService - Node 111 marked as inactive due to heartbeat timeout
2026-01-17 19:42:48.529 [taskScheduler-9] WARN  c.q.federated.service.FederatedCoordinatorService - Node 11 marked as inactive due to heartbeat timeout
2026-01-17 19:42:48.529 [taskScheduler-9] WARN  c.q.federated.service.FederatedCoordinatorService - Node 111 marked as inactive due to heartbeat timeout
2026-01-17 19:42:53.535 [taskScheduler-9] WARN  c.q.federated.service.FederatedCoordinatorService - Node 11 marked as inactive due to heartbeat timeout
2026-01-17 19:42:53.536 [taskScheduler-9] WARN  c.q.federated.service.FederatedCoordinatorService - Node 111 marked as inactive due to heartbeat timeout
2026-01-17 19:42:58.549 [taskScheduler-9] WARN  c.q.federated.service.FederatedCoordinatorService - Node 11 marked as inactive due to heartbeat timeout
2026-01-17 19:42:58.550 [taskScheduler-9] WARN  c.q.federated.service.FederatedCoordinatorService - Node 111 marked as inactive due to heartbeat timeout
2026-01-17 19:43:03.564 [taskScheduler-9] WARN  c.q.federated.service.FederatedCoordinatorService - Node 11 marked as inactive due to heartbeat timeout
2026-01-17 19:43:03.565 [taskScheduler-9] WARN  c.q.federated.service.FederatedCoordinatorService - Node 111 marked as inactive due to heartbeat timeout
2026-01-17 19:43:08.582 [taskScheduler-9] WARN  c.q.federated.service.FederatedCoordinatorService - Node 11 marked as inactive due to heartbeat timeout
2026-01-17 19:43:08.583 [taskScheduler-9] WARN  c.q.federated.service.FederatedCoordinatorService - Node 111 marked as inactive due to heartbeat timeout
2026-01-17 19:43:13.598 [taskScheduler-9] WARN  c.q.federated.service.FederatedCoordinatorService - Node 11 marked as inactive due to heartbeat timeout
2026-01-17 19:43:13.598 [taskScheduler-9] WARN  c.q.federated.service.FederatedCoordinatorService - Node 111 marked as inactive due to heartbeat timeout
2026-01-17 19:43:18.612 [taskScheduler-9] WARN  c.q.federated.service.FederatedCoordinatorService - Node 11 marked as inactive due to heartbeat timeout
2026-01-17 19:43:18.612 [taskScheduler-9] WARN  c.q.federated.service.FederatedCoordinatorService - Node 111 marked as inactive due to heartbeat timeout
2026-01-17 19:43:23.618 [taskScheduler-9] WARN  c.q.federated.service.FederatedCoordinatorService - Node 11 marked as inactive due to heartbeat timeout
2026-01-17 19:43:23.618 [taskScheduler-9] WARN  c.q.federated.service.FederatedCoordinatorService - Node 111 marked as inactive due to heartbeat timeout
2026-01-17 19:43:28.626 [taskScheduler-9] WARN  c.q.federated.service.FederatedCoordinatorService - Node 11 marked as inactive due to heartbeat timeout
2026-01-17 19:43:28.626 [taskScheduler-9] WARN  c.q.federated.service.FederatedCoordinatorService - Node 111 marked as inactive due to heartbeat timeout
2026-01-17 19:43:33.638 [taskScheduler-9] WARN  c.q.federated.service.FederatedCoordinatorService - Node 11 marked as inactive due to heartbeat timeout
2026-01-17 19:43:33.639 [taskScheduler-9] WARN  c.q.federated.service.FederatedCoordinatorService - Node 111 marked as inactive due to heartbeat timeout
2026-01-17 19:43:38.653 [taskScheduler-9] WARN  c.q.federated.service.FederatedCoordinatorService - Node 11 marked as inactive due to heartbeat timeout
2026-01-17 19:43:38.653 [taskScheduler-9] WARN  c.q.federated.service.FederatedCoordinatorService - Node 111 marked as inactive due to heartbeat timeout
2026-01-17 19:43:43.666 [taskScheduler-9] WARN  c.q.federated.service.FederatedCoordinatorService - Node 11 marked as inactive due to heartbeat timeout
2026-01-17 19:43:43.667 [taskScheduler-9] WARN  c.q.federated.service.FederatedCoordinatorService - Node 111 marked as inactive due to heartbeat timeout
2026-01-17 19:43:48.677 [taskScheduler-9] WARN  c.q.federated.service.FederatedCoordinatorService - Node 11 marked as inactive due to heartbeat timeout
2026-01-17 19:43:48.678 [taskScheduler-9] WARN  c.q.federated.service.FederatedCoordinatorService - Node 111 marked as inactive due to heartbeat timeout
2026-01-17 19:43:53.692 [taskScheduler-9] WARN  c.q.federated.service.FederatedCoordinatorService - Node 11 marked as inactive due to heartbeat timeout
2026-01-17 19:43:53.692 [taskScheduler-9] WARN  c.q.federated.service.FederatedCoordinatorService - Node 111 marked as inactive due to heartbeat timeout
2026-01-17 19:43:58.699 [taskScheduler-9] WARN  c.q.federated.service.FederatedCoordinatorService - Node 11 marked as inactive due to heartbeat timeout
2026-01-17 19:43:58.700 [taskScheduler-9] WARN  c.q.federated.service.FederatedCoordinatorService - Node 111 marked as inactive due to heartbeat timeout
2026-01-17 19:44:03.716 [taskScheduler-9] WARN  c.q.federated.service.FederatedCoordinatorService - Node 11 marked as inactive due to heartbeat timeout
2026-01-17 19:44:03.716 [taskScheduler-9] WARN  c.q.federated.service.FederatedCoordinatorService - Node 111 marked as inactive due to heartbeat timeout
2026-01-17 19:44:08.731 [taskScheduler-9] WARN  c.q.federated.service.FederatedCoordinatorService - Node 11 marked as inactive due to heartbeat timeout
2026-01-17 19:44:08.732 [taskScheduler-9] WARN  c.q.federated.service.FederatedCoordinatorService - Node 111 marked as inactive due to heartbeat timeout
2026-01-17 19:44:13.746 [taskScheduler-9] WARN  c.q.federated.service.FederatedCoordinatorService - Node 11 marked as inactive due to heartbeat timeout
2026-01-17 19:44:13.748 [taskScheduler-9] WARN  c.q.federated.service.FederatedCoordinatorService - Node 111 marked as inactive due to heartbeat timeout
2026-01-17 19:44:18.766 [taskScheduler-9] WARN  c.q.federated.service.FederatedCoordinatorService - Node 11 marked as inactive due to heartbeat timeout
2026-01-17 19:44:18.768 [taskScheduler-9] WARN  c.q.federated.service.FederatedCoordinatorService - Node 111 marked as inactive due to heartbeat timeout
2026-01-17 19:44:23.781 [taskScheduler-9] WARN  c.q.federated.service.FederatedCoordinatorService - Node 11 marked as inactive due to heartbeat timeout
2026-01-17 19:44:23.782 [taskScheduler-9] WARN  c.q.federated.service.FederatedCoordinatorService - Node 111 marked as inactive due to heartbeat timeout
2026-01-17 19:44:28.797 [taskScheduler-9] WARN  c.q.federated.service.FederatedCoordinatorService - Node 11 marked as inactive due to heartbeat timeout
2026-01-17 19:44:28.798 [taskScheduler-9] WARN  c.q.federated.service.FederatedCoordinatorService - Node 111 marked as inactive due to heartbeat timeout
2026-01-17 19:44:33.812 [taskScheduler-9] WARN  c.q.federated.service.FederatedCoordinatorService - Node 11 marked as inactive due to heartbeat timeout
2026-01-17 19:44:33.813 [taskScheduler-9] WARN  c.q.federated.service.FederatedCoordinatorService - Node 111 marked as inactive due to heartbeat timeout
2026-01-17 19:44:38.827 [taskScheduler-9] WARN  c.q.federated.service.FederatedCoordinatorService - Node 11 marked as inactive due to heartbeat timeout
2026-01-17 19:44:38.827 [taskScheduler-9] WARN  c.q.federated.service.FederatedCoordinatorService - Node 111 marked as inactive due to heartbeat timeout
2026-01-17 19:44:43.846 [taskScheduler-9] WARN  c.q.federated.service.FederatedCoordinatorService - Node 11 marked as inactive due to heartbeat timeout
2026-01-17 19:44:43.846 [taskScheduler-9] WARN  c.q.federated.service.FederatedCoordinatorService - Node 111 marked as inactive due to heartbeat timeout
2026-01-17 19:44:48.856 [taskScheduler-9] WARN  c.q.federated.service.FederatedCoordinatorService - Node 11 marked as inactive due to heartbeat timeout
2026-01-17 19:44:48.856 [taskScheduler-9] WARN  c.q.federated.service.FederatedCoordinatorService - Node 111 marked as inactive due to heartbeat timeout
2026-01-17 19:44:53.876 [taskScheduler-9] WARN  c.q.federated.service.FederatedCoordinatorService - Node 11 marked as inactive due to heartbeat timeout
2026-01-17 19:44:53.876 [taskScheduler-9] WARN  c.q.federated.service.FederatedCoordinatorService - Node 111 marked as inactive due to heartbeat timeout
2026-01-17 19:44:58.884 [taskScheduler-9] WARN  c.q.federated.service.FederatedCoordinatorService - Node 11 marked as inactive due to heartbeat timeout
2026-01-17 19:44:58.885 [taskScheduler-9] WARN  c.q.federated.service.FederatedCoordinatorService - Node 111 marked as inactive due to heartbeat timeout
2026-01-17 19:45:03.905 [taskScheduler-9] WARN  c.q.federated.service.FederatedCoordinatorService - Node 11 marked as inactive due to heartbeat timeout
2026-01-17 19:45:03.905 [taskScheduler-9] WARN  c.q.federated.service.FederatedCoordinatorService - Node 111 marked as inactive due to heartbeat timeout
2026-01-17 19:45:08.914 [taskScheduler-9] WARN  c.q.federated.service.FederatedCoordinatorService - Node 11 marked as inactive due to heartbeat timeout
2026-01-17 19:45:08.914 [taskScheduler-9] WARN  c.q.federated.service.FederatedCoordinatorService - Node 111 marked as inactive due to heartbeat timeout
2026-01-17 19:45:13.930 [taskScheduler-9] WARN  c.q.federated.service.FederatedCoordinatorService - Node 11 marked as inactive due to heartbeat timeout
2026-01-17 19:45:13.930 [taskScheduler-9] WARN  c.q.federated.service.FederatedCoordinatorService - Node 111 marked as inactive due to heartbeat timeout
2026-01-17 19:45:18.941 [taskScheduler-9] WARN  c.q.federated.service.FederatedCoordinatorService - Node 11 marked as inactive due to heartbeat timeout
2026-01-17 19:45:18.941 [taskScheduler-9] WARN  c.q.federated.service.FederatedCoordinatorService - Node 111 marked as inactive due to heartbeat timeout
2026-01-17 19:45:23.946 [taskScheduler-9] WARN  c.q.federated.service.FederatedCoordinatorService - Node 11 marked as inactive due to heartbeat timeout
2026-01-17 19:45:23.947 [taskScheduler-9] WARN  c.q.federated.service.FederatedCoordinatorService - Node 111 marked as inactive due to heartbeat timeout
2026-01-17 19:45:28.961 [taskScheduler-9] WARN  c.q.federated.service.FederatedCoordinatorService - Node 11 marked as inactive due to heartbeat timeout
2026-01-17 19:45:28.962 [taskScheduler-9] WARN  c.q.federated.service.FederatedCoordinatorService - Node 111 marked as inactive due to heartbeat timeout
2026-01-17 19:45:33.981 [taskScheduler-9] WARN  c.q.federated.service.FederatedCoordinatorService - Node 11 marked as inactive due to heartbeat timeout
2026-01-17 19:45:33.981 [taskScheduler-9] WARN  c.q.federated.service.FederatedCoordinatorService - Node 111 marked as inactive due to heartbeat timeout
2026-01-17 19:45:38.996 [taskScheduler-9] WARN  c.q.federated.service.FederatedCoordinatorService - Node 11 marked as inactive due to heartbeat timeout
2026-01-17 19:45:38.996 [taskScheduler-9] WARN  c.q.federated.service.FederatedCoordinatorService - Node 111 marked as inactive due to heartbeat timeout
2026-01-17 19:45:44.014 [taskScheduler-9] WARN  c.q.federated.service.FederatedCoordinatorService - Node 11 marked as inactive due to heartbeat timeout
2026-01-17 19:45:44.015 [taskScheduler-9] WARN  c.q.federated.service.FederatedCoordinatorService - Node 111 marked as inactive due to heartbeat timeout
2026-01-17 19:45:49.030 [taskScheduler-9] WARN  c.q.federated.service.FederatedCoordinatorService - Node 11 marked as inactive due to heartbeat timeout
2026-01-17 19:45:49.031 [taskScheduler-9] WARN  c.q.federated.service.FederatedCoordinatorService - Node 111 marked as inactive due to heartbeat timeout
2026-01-17 19:45:54.050 [taskScheduler-9] WARN  c.q.federated.service.FederatedCoordinatorService - Node 11 marked as inactive due to heartbeat timeout
2026-01-17 19:45:54.050 [taskScheduler-9] WARN  c.q.federated.service.FederatedCoordinatorService - Node 111 marked as inactive due to heartbeat timeout
2026-01-17 19:45:59.057 [taskScheduler-9] WARN  c.q.federated.service.FederatedCoordinatorService - Node 11 marked as inactive due to heartbeat timeout
2026-01-17 19:45:59.057 [taskScheduler-9] WARN  c.q.federated.service.FederatedCoordinatorService - Node 111 marked as inactive due to heartbeat timeout
2026-01-17 19:46:04.062 [taskScheduler-9] WARN  c.q.federated.service.FederatedCoordinatorService - Node 11 marked as inactive due to heartbeat timeout
2026-01-17 19:46:04.063 [taskScheduler-9] WARN  c.q.federated.service.FederatedCoordinatorService - Node 111 marked as inactive due to heartbeat timeout
2026-01-17 19:46:09.077 [taskScheduler-9] WARN  c.q.federated.service.FederatedCoordinatorService - Node 11 marked as inactive due to heartbeat timeout
2026-01-17 19:46:09.078 [taskScheduler-9] WARN  c.q.federated.service.FederatedCoordinatorService - Node 111 marked as inactive due to heartbeat timeout
2026-01-17 19:46:14.086 [taskScheduler-9] WARN  c.q.federated.service.FederatedCoordinatorService - Node 11 marked as inactive due to heartbeat timeout
2026-01-17 19:46:14.087 [taskScheduler-9] WARN  c.q.federated.service.FederatedCoordinatorService - Node 111 marked as inactive due to heartbeat timeout
2026-01-17 19:46:19.098 [taskScheduler-9] WARN  c.q.federated.service.FederatedCoordinatorService - Node 11 marked as inactive due to heartbeat timeout
2026-01-17 19:46:19.099 [taskScheduler-9] WARN  c.q.federated.service.FederatedCoordinatorService - Node 111 marked as inactive due to heartbeat timeout
2026-01-17 19:46:24.108 [taskScheduler-9] WARN  c.q.federated.service.FederatedCoordinatorService - Node 11 marked as inactive due to heartbeat timeout
2026-01-17 19:46:24.108 [taskScheduler-9] WARN  c.q.federated.service.FederatedCoordinatorService - Node 111 marked as inactive due to heartbeat timeout
2026-01-17 19:46:29.123 [taskScheduler-9] WARN  c.q.federated.service.FederatedCoordinatorService - Node 11 marked as inactive due to heartbeat timeout
2026-01-17 19:46:29.123 [taskScheduler-9] WARN  c.q.federated.service.FederatedCoordinatorService - Node 111 marked as inactive due to heartbeat timeout
2026-01-17 19:46:34.128 [taskScheduler-9] WARN  c.q.federated.service.FederatedCoordinatorService - Node 11 marked as inactive due to heartbeat timeout
2026-01-17 19:46:34.129 [taskScheduler-9] WARN  c.q.federated.service.FederatedCoordinatorService - Node 111 marked as inactive due to heartbeat timeout
2026-01-17 19:46:39.136 [taskScheduler-9] WARN  c.q.federated.service.FederatedCoordinatorService - Node 11 marked as inactive due to heartbeat timeout
2026-01-17 19:46:39.136 [taskScheduler-9] WARN  c.q.federated.service.FederatedCoordinatorService - Node 111 marked as inactive due to heartbeat timeout
2026-01-17 19:46:44.146 [taskScheduler-9] WARN  c.q.federated.service.FederatedCoordinatorService - Node 11 marked as inactive due to heartbeat timeout
2026-01-17 19:46:44.147 [taskScheduler-9] WARN  c.q.federated.service.FederatedCoordinatorService - Node 111 marked as inactive due to heartbeat timeout
2026-01-17 19:46:49.163 [taskScheduler-9] WARN  c.q.federated.service.FederatedCoordinatorService - Node 11 marked as inactive due to heartbeat timeout
2026-01-17 19:46:49.163 [taskScheduler-9] WARN  c.q.federated.service.FederatedCoordinatorService - Node 111 marked as inactive due to heartbeat timeout
2026-01-17 19:46:54.177 [taskScheduler-9] WARN  c.q.federated.service.FederatedCoordinatorService - Node 11 marked as inactive due to heartbeat timeout
2026-01-17 19:46:54.178 [taskScheduler-9] WARN  c.q.federated.service.FederatedCoordinatorService - Node 111 marked as inactive due to heartbeat timeout
2026-01-17 19:46:59.195 [taskScheduler-9] WARN  c.q.federated.service.FederatedCoordinatorService - Node 11 marked as inactive due to heartbeat timeout
2026-01-17 19:46:59.195 [taskScheduler-9] WARN  c.q.federated.service.FederatedCoordinatorService - Node 111 marked as inactive due to heartbeat timeout
2026-01-17 19:47:04.208 [taskScheduler-9] WARN  c.q.federated.service.FederatedCoordinatorService - Node 11 marked as inactive due to heartbeat timeout
2026-01-17 19:47:04.209 [taskScheduler-9] WARN  c.q.federated.service.FederatedCoordinatorService - Node 111 marked as inactive due to heartbeat timeout
2026-01-17 19:47:09.227 [taskScheduler-9] WARN  c.q.federated.service.FederatedCoordinatorService - Node 11 marked as inactive due to heartbeat timeout
2026-01-17 19:47:09.228 [taskScheduler-9] WARN  c.q.federated.service.FederatedCoordinatorService - Node 111 marked as inactive due to heartbeat timeout
2026-01-17 19:47:14.244 [taskScheduler-9] WARN  c.q.federated.service.FederatedCoordinatorService - Node 11 marked as inactive due to heartbeat timeout
2026-01-17 19:47:14.244 [taskScheduler-9] WARN  c.q.federated.service.FederatedCoordinatorService - Node 111 marked as inactive due to heartbeat timeout
2026-01-17 19:47:19.250 [taskScheduler-9] WARN  c.q.federated.service.FederatedCoordinatorService - Node 11 marked as inactive due to heartbeat timeout
2026-01-17 19:47:19.251 [taskScheduler-9] WARN  c.q.federated.service.FederatedCoordinatorService - Node 111 marked as inactive due to heartbeat timeout
2026-01-17 19:47:24.265 [taskScheduler-9] WARN  c.q.federated.service.FederatedCoordinatorService - Node 11 marked as inactive due to heartbeat timeout
2026-01-17 19:47:24.265 [taskScheduler-9] WARN  c.q.federated.service.FederatedCoordinatorService - Node 111 marked as inactive due to heartbeat timeout
2026-01-17 19:47:29.276 [taskScheduler-9] WARN  c.q.federated.service.FederatedCoordinatorService - Node 11 marked as inactive due to heartbeat timeout
2026-01-17 19:47:29.277 [taskScheduler-9] WARN  c.q.federated.service.FederatedCoordinatorService - Node 111 marked as inactive due to heartbeat timeout
2026-01-17 19:47:34.283 [taskScheduler-9] WARN  c.q.federated.service.FederatedCoordinatorService - Node 11 marked as inactive due to heartbeat timeout
2026-01-17 19:47:34.284 [taskScheduler-9] WARN  c.q.federated.service.FederatedCoordinatorService - Node 111 marked as inactive due to heartbeat timeout
2026-01-17 19:47:39.306 [taskScheduler-9] WARN  c.q.federated.service.FederatedCoordinatorService - Node 11 marked as inactive due to heartbeat timeout
2026-01-17 19:47:39.306 [taskScheduler-9] WARN  c.q.federated.service.FederatedCoordinatorService - Node 111 marked as inactive due to heartbeat timeout
2026-01-17 19:47:44.316 [taskScheduler-9] WARN  c.q.federated.service.FederatedCoordinatorService - Node 11 marked as inactive due to heartbeat timeout
2026-01-17 19:47:44.316 [taskScheduler-9] WARN  c.q.federated.service.FederatedCoordinatorService - Node 111 marked as inactive due to heartbeat timeout
2026-01-17 19:47:49.325 [taskScheduler-9] WARN  c.q.federated.service.FederatedCoordinatorService - Node 11 marked as inactive due to heartbeat timeout
2026-01-17 19:47:49.326 [taskScheduler-9] WARN  c.q.federated.service.FederatedCoordinatorService - Node 111 marked as inactive due to heartbeat timeout
2026-01-17 19:47:54.339 [taskScheduler-9] WARN  c.q.federated.service.FederatedCoordinatorService - Node 11 marked as inactive due to heartbeat timeout
2026-01-17 19:47:54.341 [taskScheduler-9] WARN  c.q.federated.service.FederatedCoordinatorService - Node 111 marked as inactive due to heartbeat timeout
2026-01-17 19:47:59.361 [taskScheduler-9] WARN  c.q.federated.service.FederatedCoordinatorService - Node 11 marked as inactive due to heartbeat timeout
2026-01-17 19:47:59.361 [taskScheduler-9] WARN  c.q.federated.service.FederatedCoordinatorService - Node 111 marked as inactive due to heartbeat timeout
2026-01-17 19:48:04.370 [taskScheduler-9] WARN  c.q.federated.service.FederatedCoordinatorService - Node 11 marked as inactive due to heartbeat timeout
2026-01-17 19:48:04.371 [taskScheduler-9] WARN  c.q.federated.service.FederatedCoordinatorService - Node 111 marked as inactive due to heartbeat timeout
2026-01-17 19:48:09.381 [taskScheduler-9] WARN  c.q.federated.service.FederatedCoordinatorService - Node 11 marked as inactive due to heartbeat timeout
2026-01-17 19:48:09.381 [taskScheduler-9] WARN  c.q.federated.service.FederatedCoordinatorService - Node 111 marked as inactive due to heartbeat timeout
2026-01-17 19:48:14.396 [taskScheduler-9] WARN  c.q.federated.service.FederatedCoordinatorService - Node 11 marked as inactive due to heartbeat timeout
2026-01-17 19:48:14.397 [taskScheduler-9] WARN  c.q.federated.service.FederatedCoordinatorService - Node 111 marked as inactive due to heartbeat timeout
2026-01-17 19:48:19.410 [taskScheduler-9] WARN  c.q.federated.service.FederatedCoordinatorService - Node 11 marked as inactive due to heartbeat timeout
2026-01-17 19:48:19.411 [taskScheduler-9] WARN  c.q.federated.service.FederatedCoordinatorService - Node 111 marked as inactive due to heartbeat timeout
2026-01-17 19:48:24.423 [taskScheduler-9] WARN  c.q.federated.service.FederatedCoordinatorService - Node 11 marked as inactive due to heartbeat timeout
2026-01-17 19:48:24.423 [taskScheduler-9] WARN  c.q.federated.service.FederatedCoordinatorService - Node 111 marked as inactive due to heartbeat timeout
2026-01-17 19:48:29.441 [taskScheduler-9] WARN  c.q.federated.service.FederatedCoordinatorService - Node 11 marked as inactive due to heartbeat timeout
2026-01-17 19:48:29.441 [taskScheduler-9] WARN  c.q.federated.service.FederatedCoordinatorService - Node 111 marked as inactive due to heartbeat timeout
2026-01-17 19:48:34.459 [taskScheduler-9] WARN  c.q.federated.service.FederatedCoordinatorService - Node 11 marked as inactive due to heartbeat timeout
2026-01-17 19:48:34.461 [taskScheduler-9] WARN  c.q.federated.service.FederatedCoordinatorService - Node 111 marked as inactive due to heartbeat timeout
2026-01-17 19:48:39.473 [taskScheduler-9] WARN  c.q.federated.service.FederatedCoordinatorService - Node 11 marked as inactive due to heartbeat timeout
2026-01-17 19:48:39.473 [taskScheduler-9] WARN  c.q.federated.service.FederatedCoordinatorService - Node 111 marked as inactive due to heartbeat timeout
2026-01-17 19:48:44.485 [taskScheduler-9] WARN  c.q.federated.service.FederatedCoordinatorService - Node 11 marked as inactive due to heartbeat timeout
2026-01-17 19:48:44.486 [taskScheduler-9] WARN  c.q.federated.service.FederatedCoordinatorService - Node 111 marked as inactive due to heartbeat timeout
2026-01-17 19:48:49.492 [taskScheduler-9] WARN  c.q.federated.service.FederatedCoordinatorService - Node 11 marked as inactive due to heartbeat timeout
2026-01-17 19:48:49.493 [taskScheduler-9] WARN  c.q.federated.service.FederatedCoordinatorService - Node 111 marked as inactive due to heartbeat timeout
2026-01-17 19:48:54.504 [taskScheduler-9] WARN  c.q.federated.service.FederatedCoordinatorService - Node 11 marked as inactive due to heartbeat timeout
2026-01-17 19:48:54.505 [taskScheduler-9] WARN  c.q.federated.service.FederatedCoordinatorService - Node 111 marked as inactive due to heartbeat timeout
2026-01-17 19:48:59.518 [taskScheduler-9] WARN  c.q.federated.service.FederatedCoordinatorService - Node 11 marked as inactive due to heartbeat timeout
2026-01-17 19:48:59.518 [taskScheduler-9] WARN  c.q.federated.service.FederatedCoordinatorService - Node 111 marked as inactive due to heartbeat timeout
2026-01-17 19:49:04.526 [taskScheduler-9] WARN  c.q.federated.service.FederatedCoordinatorService - Node 11 marked as inactive due to heartbeat timeout
2026-01-17 19:49:04.527 [taskScheduler-9] WARN  c.q.federated.service.FederatedCoordinatorService - Node 111 marked as inactive due to heartbeat timeout
2026-01-17 19:49:09.533 [taskScheduler-9] WARN  c.q.federated.service.FederatedCoordinatorService - Node 11 marked as inactive due to heartbeat timeout
2026-01-17 19:49:09.533 [taskScheduler-9] WARN  c.q.federated.service.FederatedCoordinatorService - Node 111 marked as inactive due to heartbeat timeout
2026-01-17 19:49:14.544 [taskScheduler-9] WARN  c.q.federated.service.FederatedCoordinatorService - Node 11 marked as inactive due to heartbeat timeout
2026-01-17 19:49:14.545 [taskScheduler-9] WARN  c.q.federated.service.FederatedCoordinatorService - Node 111 marked as inactive due to heartbeat timeout
2026-01-17 19:49:19.555 [taskScheduler-9] WARN  c.q.federated.service.FederatedCoordinatorService - Node 11 marked as inactive due to heartbeat timeout
2026-01-17 19:49:19.555 [taskScheduler-9] WARN  c.q.federated.service.FederatedCoordinatorService - Node 111 marked as inactive due to heartbeat timeout
2026-01-17 19:49:24.569 [taskScheduler-9] WARN  c.q.federated.service.FederatedCoordinatorService - Node 11 marked as inactive due to heartbeat timeout
2026-01-17 19:49:24.569 [taskScheduler-9] WARN  c.q.federated.service.FederatedCoordinatorService - Node 111 marked as inactive due to heartbeat timeout
2026-01-17 19:49:29.585 [taskScheduler-9] WARN  c.q.federated.service.FederatedCoordinatorService - Node 11 marked as inactive due to heartbeat timeout
2026-01-17 19:49:29.585 [taskScheduler-9] WARN  c.q.federated.service.FederatedCoordinatorService - Node 111 marked as inactive due to heartbeat timeout
2026-01-17 19:49:34.597 [taskScheduler-9] WARN  c.q.federated.service.FederatedCoordinatorService - Node 11 marked as inactive due to heartbeat timeout
2026-01-17 19:49:34.597 [taskScheduler-9] WARN  c.q.federated.service.FederatedCoordinatorService - Node 111 marked as inactive due to heartbeat timeout
2026-01-17 19:49:39.615 [taskScheduler-9] WARN  c.q.federated.service.FederatedCoordinatorService - Node 11 marked as inactive due to heartbeat timeout
2026-01-17 19:49:39.616 [taskScheduler-9] WARN  c.q.federated.service.FederatedCoordinatorService - Node 111 marked as inactive due to heartbeat timeout
2026-01-17 19:49:44.623 [taskScheduler-9] WARN  c.q.federated.service.FederatedCoordinatorService - Node 11 marked as inactive due to heartbeat timeout
2026-01-17 19:49:44.624 [taskScheduler-9] WARN  c.q.federated.service.FederatedCoordinatorService - Node 111 marked as inactive due to heartbeat timeout
2026-01-17 19:49:49.659 [taskScheduler-9] WARN  c.q.federated.service.FederatedCoordinatorService - Node 11 marked as inactive due to heartbeat timeout
2026-01-17 19:49:49.659 [taskScheduler-9] WARN  c.q.federated.service.FederatedCoordinatorService - Node 111 marked as inactive due to heartbeat timeout
2026-01-17 19:49:54.664 [taskScheduler-9] WARN  c.q.federated.service.FederatedCoordinatorService - Node 11 marked as inactive due to heartbeat timeout
2026-01-17 19:49:54.665 [taskScheduler-9] WARN  c.q.federated.service.FederatedCoordinatorService - Node 111 marked as inactive due to heartbeat timeout
2026-01-17 19:49:59.687 [taskScheduler-9] WARN  c.q.federated.service.FederatedCoordinatorService - Node 11 marked as inactive due to heartbeat timeout
2026-01-17 19:49:59.687 [taskScheduler-9] WARN  c.q.federated.service.FederatedCoordinatorService - Node 111 marked as inactive due to heartbeat timeout
2026-01-17 19:50:04.707 [taskScheduler-9] WARN  c.q.federated.service.FederatedCoordinatorService - Node 11 marked as inactive due to heartbeat timeout
2026-01-17 19:50:04.707 [taskScheduler-9] WARN  c.q.federated.service.FederatedCoordinatorService - Node 111 marked as inactive due to heartbeat timeout
2026-01-17 19:50:09.721 [taskScheduler-9] WARN  c.q.federated.service.FederatedCoordinatorService - Node 11 marked as inactive due to heartbeat timeout
2026-01-17 19:50:09.721 [taskScheduler-9] WARN  c.q.federated.service.FederatedCoordinatorService - Node 111 marked as inactive due to heartbeat timeout
2026-01-17 19:50:14.729 [taskScheduler-9] WARN  c.q.federated.service.FederatedCoordinatorService - Node 11 marked as inactive due to heartbeat timeout
2026-01-17 19:50:14.730 [taskScheduler-9] WARN  c.q.federated.service.FederatedCoordinatorService - Node 111 marked as inactive due to heartbeat timeout
2026-01-17 19:50:19.738 [taskScheduler-9] WARN  c.q.federated.service.FederatedCoordinatorService - Node 11 marked as inactive due to heartbeat timeout
2026-01-17 19:50:19.738 [taskScheduler-9] WARN  c.q.federated.service.FederatedCoordinatorService - Node 111 marked as inactive due to heartbeat timeout
2026-01-17 19:50:24.754 [taskScheduler-9] WARN  c.q.federated.service.FederatedCoordinatorService - Node 11 marked as inactive due to heartbeat timeout
2026-01-17 19:50:24.754 [taskScheduler-9] WARN  c.q.federated.service.FederatedCoordinatorService - Node 111 marked as inactive due to heartbeat timeout
2026-01-17 19:50:29.777 [taskScheduler-9] WARN  c.q.federated.service.FederatedCoordinatorService - Node 11 marked as inactive due to heartbeat timeout
2026-01-17 19:50:29.777 [taskScheduler-9] WARN  c.q.federated.service.FederatedCoordinatorService - Node 111 marked as inactive due to heartbeat timeout
2026-01-17 19:50:34.800 [taskScheduler-9] WARN  c.q.federated.service.FederatedCoordinatorService - Node 11 marked as inactive due to heartbeat timeout
2026-01-17 19:50:34.800 [taskScheduler-9] WARN  c.q.federated.service.FederatedCoordinatorService - Node 111 marked as inactive due to heartbeat timeout
2026-01-17 19:50:39.811 [taskScheduler-9] WARN  c.q.federated.service.FederatedCoordinatorService - Node 11 marked as inactive due to heartbeat timeout
2026-01-17 19:50:39.811 [taskScheduler-9] WARN  c.q.federated.service.FederatedCoordinatorService - Node 111 marked as inactive due to heartbeat timeout
2026-01-17 19:50:44.822 [taskScheduler-9] WARN  c.q.federated.service.FederatedCoordinatorService - Node 11 marked as inactive due to heartbeat timeout
2026-01-17 19:50:44.822 [taskScheduler-9] WARN  c.q.federated.service.FederatedCoordinatorService - Node 111 marked as inactive due to heartbeat timeout
2026-01-17 19:50:49.838 [taskScheduler-9] WARN  c.q.federated.service.FederatedCoordinatorService - Node 11 marked as inactive due to heartbeat timeout
2026-01-17 19:50:49.839 [taskScheduler-9] WARN  c.q.federated.service.FederatedCoordinatorService - Node 111 marked as inactive due to heartbeat timeout
2026-01-17 19:50:54.856 [taskScheduler-9] WARN  c.q.federated.service.FederatedCoordinatorService - Node 11 marked as inactive due to heartbeat timeout
2026-01-17 19:50:54.856 [taskScheduler-9] WARN  c.q.federated.service.FederatedCoordinatorService - Node 111 marked as inactive due to heartbeat timeout
2026-01-17 19:50:59.867 [taskScheduler-9] WARN  c.q.federated.service.FederatedCoordinatorService - Node 11 marked as inactive due to heartbeat timeout
2026-01-17 19:50:59.867 [taskScheduler-9] WARN  c.q.federated.service.FederatedCoordinatorService - Node 111 marked as inactive due to heartbeat timeout
2026-01-17 19:51:04.878 [taskScheduler-9] WARN  c.q.federated.service.FederatedCoordinatorService - Node 11 marked as inactive due to heartbeat timeout
2026-01-17 19:51:04.879 [taskScheduler-9] WARN  c.q.federated.service.FederatedCoordinatorService - Node 111 marked as inactive due to heartbeat timeout
2026-01-17 19:51:09.889 [taskScheduler-9] WARN  c.q.federated.service.FederatedCoordinatorService - Node 11 marked as inactive due to heartbeat timeout
2026-01-17 19:51:09.889 [taskScheduler-9] WARN  c.q.federated.service.FederatedCoordinatorService - Node 111 marked as inactive due to heartbeat timeout
2026-01-17 19:51:14.896 [taskScheduler-9] WARN  c.q.federated.service.FederatedCoordinatorService - Node 11 marked as inactive due to heartbeat timeout
2026-01-17 19:51:14.896 [taskScheduler-9] WARN  c.q.federated.service.FederatedCoordinatorService - Node 111 marked as inactive due to heartbeat timeout
2026-01-17 19:51:19.910 [taskScheduler-9] WARN  c.q.federated.service.FederatedCoordinatorService - Node 11 marked as inactive due to heartbeat timeout
2026-01-17 19:51:19.911 [taskScheduler-9] WARN  c.q.federated.service.FederatedCoordinatorService - Node 111 marked as inactive due to heartbeat timeout
2026-01-17 19:51:24.919 [taskScheduler-9] WARN  c.q.federated.service.FederatedCoordinatorService - Node 11 marked as inactive due to heartbeat timeout
2026-01-17 19:51:24.920 [taskScheduler-9] WARN  c.q.federated.service.FederatedCoordinatorService - Node 111 marked as inactive due to heartbeat timeout
2026-01-17 19:51:29.937 [taskScheduler-9] WARN  c.q.federated.service.FederatedCoordinatorService - Node 11 marked as inactive due to heartbeat timeout
2026-01-17 19:51:29.937 [taskScheduler-9] WARN  c.q.federated.service.FederatedCoordinatorService - Node 111 marked as inactive due to heartbeat timeout
2026-01-17 19:51:34.953 [taskScheduler-9] WARN  c.q.federated.service.FederatedCoordinatorService - Node 11 marked as inactive due to heartbeat timeout
2026-01-17 19:51:34.953 [taskScheduler-9] WARN  c.q.federated.service.FederatedCoordinatorService - Node 111 marked as inactive due to heartbeat timeout
2026-01-17 19:51:39.960 [taskScheduler-9] WARN  c.q.federated.service.FederatedCoordinatorService - Node 11 marked as inactive due to heartbeat timeout
2026-01-17 19:51:39.961 [taskScheduler-9] WARN  c.q.federated.service.FederatedCoordinatorService - Node 111 marked as inactive due to heartbeat timeout
2026-01-17 19:51:44.969 [taskScheduler-9] WARN  c.q.federated.service.FederatedCoordinatorService - Node 11 marked as inactive due to heartbeat timeout
2026-01-17 19:51:44.969 [taskScheduler-9] WARN  c.q.federated.service.FederatedCoordinatorService - Node 111 marked as inactive due to heartbeat timeout
2026-01-17 19:51:49.984 [taskScheduler-9] WARN  c.q.federated.service.FederatedCoordinatorService - Node 11 marked as inactive due to heartbeat timeout
2026-01-17 19:51:49.985 [taskScheduler-9] WARN  c.q.federated.service.FederatedCoordinatorService - Node 111 marked as inactive due to heartbeat timeout
2026-01-17 19:51:54.994 [taskScheduler-9] WARN  c.q.federated.service.FederatedCoordinatorService - Node 11 marked as inactive due to heartbeat timeout
2026-01-17 19:51:54.994 [taskScheduler-9] WARN  c.q.federated.service.FederatedCoordinatorService - Node 111 marked as inactive due to heartbeat timeout
2026-01-17 19:52:00.000 [taskScheduler-9] WARN  c.q.federated.service.FederatedCoordinatorService - Node 11 marked as inactive due to heartbeat timeout
2026-01-17 19:52:00.000 [taskScheduler-9] WARN  c.q.federated.service.FederatedCoordinatorService - Node 111 marked as inactive due to heartbeat timeout
2026-01-17 19:52:05.013 [taskScheduler-9] WARN  c.q.federated.service.FederatedCoordinatorService - Node 11 marked as inactive due to heartbeat timeout
2026-01-17 19:52:05.014 [taskScheduler-9] WARN  c.q.federated.service.FederatedCoordinatorService - Node 111 marked as inactive due to heartbeat timeout
2026-01-17 19:52:10.027 [taskScheduler-9] WARN  c.q.federated.service.FederatedCoordinatorService - Node 11 marked as inactive due to heartbeat timeout
2026-01-17 19:52:10.027 [taskScheduler-9] WARN  c.q.federated.service.FederatedCoordinatorService - Node 111 marked as inactive due to heartbeat timeout
2026-01-17 19:52:15.037 [taskScheduler-9] WARN  c.q.federated.service.FederatedCoordinatorService - Node 11 marked as inactive due to heartbeat timeout
2026-01-17 19:52:15.037 [taskScheduler-9] WARN  c.q.federated.service.FederatedCoordinatorService - Node 111 marked as inactive due to heartbeat timeout
2026-01-17 19:52:20.053 [taskScheduler-9] WARN  c.q.federated.service.FederatedCoordinatorService - Node 11 marked as inactive due to heartbeat timeout
2026-01-17 19:52:20.054 [taskScheduler-9] WARN  c.q.federated.service.FederatedCoordinatorService - Node 111 marked as inactive due to heartbeat timeout
2026-01-17 19:52:25.067 [taskScheduler-9] WARN  c.q.federated.service.FederatedCoordinatorService - Node 11 marked as inactive due to heartbeat timeout
2026-01-17 19:52:25.068 [taskScheduler-9] WARN  c.q.federated.service.FederatedCoordinatorService - Node 111 marked as inactive due to heartbeat timeout
2026-01-17 19:52:30.082 [taskScheduler-9] WARN  c.q.federated.service.FederatedCoordinatorService - Node 11 marked as inactive due to heartbeat timeout
2026-01-17 19:52:30.083 [taskScheduler-9] WARN  c.q.federated.service.FederatedCoordinatorService - Node 111 marked as inactive due to heartbeat timeout
2026-01-17 19:52:35.088 [taskScheduler-9] WARN  c.q.federated.service.FederatedCoordinatorService - Node 11 marked as inactive due to heartbeat timeout
2026-01-17 19:52:35.088 [taskScheduler-9] WARN  c.q.federated.service.FederatedCoordinatorService - Node 111 marked as inactive due to heartbeat timeout
2026-01-17 19:52:40.099 [taskScheduler-9] WARN  c.q.federated.service.FederatedCoordinatorService - Node 11 marked as inactive due to heartbeat timeout
2026-01-17 19:52:40.100 [taskScheduler-9] WARN  c.q.federated.service.FederatedCoordinatorService - Node 111 marked as inactive due to heartbeat timeout
2026-01-17 19:52:45.112 [taskScheduler-9] WARN  c.q.federated.service.FederatedCoordinatorService - Node 11 marked as inactive due to heartbeat timeout
2026-01-17 19:52:45.113 [taskScheduler-9] WARN  c.q.federated.service.FederatedCoordinatorService - Node 111 marked as inactive due to heartbeat timeout
2026-01-17 19:52:50.120 [taskScheduler-9] WARN  c.q.federated.service.FederatedCoordinatorService - Node 11 marked as inactive due to heartbeat timeout
2026-01-17 19:52:50.121 [taskScheduler-9] WARN  c.q.federated.service.FederatedCoordinatorService - Node 111 marked as inactive due to heartbeat timeout
2026-01-17 19:52:55.134 [taskScheduler-9] WARN  c.q.federated.service.FederatedCoordinatorService - Node 11 marked as inactive due to heartbeat timeout
2026-01-17 19:52:55.135 [taskScheduler-9] WARN  c.q.federated.service.FederatedCoordinatorService - Node 111 marked as inactive due to heartbeat timeout
2026-01-17 19:53:00.151 [taskScheduler-9] WARN  c.q.federated.service.FederatedCoordinatorService - Node 11 marked as inactive due to heartbeat timeout
2026-01-17 19:53:00.151 [taskScheduler-9] WARN  c.q.federated.service.FederatedCoordinatorService - Node 111 marked as inactive due to heartbeat timeout
2026-01-17 19:53:05.162 [taskScheduler-9] WARN  c.q.federated.service.FederatedCoordinatorService - Node 11 marked as inactive due to heartbeat timeout
2026-01-17 19:53:05.163 [taskScheduler-9] WARN  c.q.federated.service.FederatedCoordinatorService - Node 111 marked as inactive due to heartbeat timeout
2026-01-17 19:53:10.169 [taskScheduler-9] WARN  c.q.federated.service.FederatedCoordinatorService - Node 11 marked as inactive due to heartbeat timeout
2026-01-17 19:53:10.170 [taskScheduler-9] WARN  c.q.federated.service.FederatedCoordinatorService - Node 111 marked as inactive due to heartbeat timeout
2026-01-17 19:53:15.185 [taskScheduler-9] WARN  c.q.federated.service.FederatedCoordinatorService - Node 11 marked as inactive due to heartbeat timeout
2026-01-17 19:53:15.185 [taskScheduler-9] WARN  c.q.federated.service.FederatedCoordinatorService - Node 111 marked as inactive due to heartbeat timeout
2026-01-17 19:53:20.196 [taskScheduler-9] WARN  c.q.federated.service.FederatedCoordinatorService - Node 11 marked as inactive due to heartbeat timeout
2026-01-17 19:53:20.197 [taskScheduler-9] WARN  c.q.federated.service.FederatedCoordinatorService - Node 111 marked as inactive due to heartbeat timeout
2026-01-17 19:53:25.210 [taskScheduler-9] WARN  c.q.federated.service.FederatedCoordinatorService - Node 11 marked as inactive due to heartbeat timeout
2026-01-17 19:53:25.211 [taskScheduler-9] WARN  c.q.federated.service.FederatedCoordinatorService - Node 111 marked as inactive due to heartbeat timeout
2026-01-17 19:53:30.217 [taskScheduler-9] WARN  c.q.federated.service.FederatedCoordinatorService - Node 11 marked as inactive due to heartbeat timeout
2026-01-17 19:53:30.218 [taskScheduler-9] WARN  c.q.federated.service.FederatedCoordinatorService - Node 111 marked as inactive due to heartbeat timeout
2026-01-17 19:53:35.230 [taskScheduler-9] WARN  c.q.federated.service.FederatedCoordinatorService - Node 11 marked as inactive due to heartbeat timeout
2026-01-17 19:53:35.230 [taskScheduler-9] WARN  c.q.federated.service.FederatedCoordinatorService - Node 111 marked as inactive due to heartbeat timeout
2026-01-17 19:53:40.237 [taskScheduler-9] WARN  c.q.federated.service.FederatedCoordinatorService - Node 11 marked as inactive due to heartbeat timeout
2026-01-17 19:53:40.237 [taskScheduler-9] WARN  c.q.federated.service.FederatedCoordinatorService - Node 111 marked as inactive due to heartbeat timeout
2026-01-17 19:53:45.247 [taskScheduler-9] WARN  c.q.federated.service.FederatedCoordinatorService - Node 11 marked as inactive due to heartbeat timeout
2026-01-17 19:53:45.248 [taskScheduler-9] WARN  c.q.federated.service.FederatedCoordinatorService - Node 111 marked as inactive due to heartbeat timeout
2026-01-17 19:53:50.255 [taskScheduler-9] WARN  c.q.federated.service.FederatedCoordinatorService - Node 11 marked as inactive due to heartbeat timeout
2026-01-17 19:53:50.255 [taskScheduler-9] WARN  c.q.federated.service.FederatedCoordinatorService - Node 111 marked as inactive due to heartbeat timeout
2026-01-17 19:53:55.274 [taskScheduler-9] WARN  c.q.federated.service.FederatedCoordinatorService - Node 11 marked as inactive due to heartbeat timeout
2026-01-17 19:53:55.274 [taskScheduler-9] WARN  c.q.federated.service.FederatedCoordinatorService - Node 111 marked as inactive due to heartbeat timeout
2026-01-17 19:54:00.284 [taskScheduler-9] WARN  c.q.federated.service.FederatedCoordinatorService - Node 11 marked as inactive due to heartbeat timeout
2026-01-17 19:54:00.284 [taskScheduler-9] WARN  c.q.federated.service.FederatedCoordinatorService - Node 111 marked as inactive due to heartbeat timeout
2026-01-17 19:54:05.302 [taskScheduler-9] WARN  c.q.federated.service.FederatedCoordinatorService - Node 11 marked as inactive due to heartbeat timeout
2026-01-17 19:54:05.303 [taskScheduler-9] WARN  c.q.federated.service.FederatedCoordinatorService - Node 111 marked as inactive due to heartbeat timeout
2026-01-17 19:54:10.309 [taskScheduler-9] WARN  c.q.federated.service.FederatedCoordinatorService - Node 11 marked as inactive due to heartbeat timeout
2026-01-17 19:54:10.310 [taskScheduler-9] WARN  c.q.federated.service.FederatedCoordinatorService - Node 111 marked as inactive due to heartbeat timeout
2026-01-17 19:54:15.317 [taskScheduler-9] WARN  c.q.federated.service.FederatedCoordinatorService - Node 11 marked as inactive due to heartbeat timeout
2026-01-17 19:54:15.318 [taskScheduler-9] WARN  c.q.federated.service.FederatedCoordinatorService - Node 111 marked as inactive due to heartbeat timeout
2026-01-17 19:54:20.334 [taskScheduler-9] WARN  c.q.federated.service.FederatedCoordinatorService - Node 11 marked as inactive due to heartbeat timeout
2026-01-17 19:54:20.335 [taskScheduler-9] WARN  c.q.federated.service.FederatedCoordinatorService - Node 111 marked as inactive due to heartbeat timeout
2026-01-17 19:54:25.349 [taskScheduler-9] WARN  c.q.federated.service.FederatedCoordinatorService - Node 11 marked as inactive due to heartbeat timeout
2026-01-17 19:54:25.350 [taskScheduler-9] WARN  c.q.federated.service.FederatedCoordinatorService - Node 111 marked as inactive due to heartbeat timeout
2026-01-17 19:54:30.369 [taskScheduler-9] WARN  c.q.federated.service.FederatedCoordinatorService - Node 11 marked as inactive due to heartbeat timeout
2026-01-17 19:54:30.370 [taskScheduler-9] WARN  c.q.federated.service.FederatedCoordinatorService - Node 111 marked as inactive due to heartbeat timeout
2026-01-17 19:54:35.382 [taskScheduler-9] WARN  c.q.federated.service.FederatedCoordinatorService - Node 11 marked as inactive due to heartbeat timeout
2026-01-17 19:54:35.383 [taskScheduler-9] WARN  c.q.federated.service.FederatedCoordinatorService - Node 111 marked as inactive due to heartbeat timeout
2026-01-17 19:54:40.399 [taskScheduler-9] WARN  c.q.federated.service.FederatedCoordinatorService - Node 11 marked as inactive due to heartbeat timeout
2026-01-17 19:54:40.399 [taskScheduler-9] WARN  c.q.federated.service.FederatedCoordinatorService - Node 111 marked as inactive due to heartbeat timeout
2026-01-17 19:54:45.415 [taskScheduler-9] WARN  c.q.federated.service.FederatedCoordinatorService - Node 11 marked as inactive due to heartbeat timeout
2026-01-17 19:54:45.416 [taskScheduler-9] WARN  c.q.federated.service.FederatedCoordinatorService - Node 111 marked as inactive due to heartbeat timeout
2026-01-17 19:54:50.424 [taskScheduler-9] WARN  c.q.federated.service.FederatedCoordinatorService - Node 11 marked as inactive due to heartbeat timeout
2026-01-17 19:54:50.424 [taskScheduler-9] WARN  c.q.federated.service.FederatedCoordinatorService - Node 111 marked as inactive due to heartbeat timeout
2026-01-17 19:54:55.433 [taskScheduler-9] WARN  c.q.federated.service.FederatedCoordinatorService - Node 11 marked as inactive due to heartbeat timeout
2026-01-17 19:54:55.434 [taskScheduler-9] WARN  c.q.federated.service.FederatedCoordinatorService - Node 111 marked as inactive due to heartbeat timeout
2026-01-17 19:55:00.449 [taskScheduler-9] WARN  c.q.federated.service.FederatedCoordinatorService - Node 11 marked as inactive due to heartbeat timeout
2026-01-17 19:55:00.449 [taskScheduler-9] WARN  c.q.federated.service.FederatedCoordinatorService - Node 111 marked as inactive due to heartbeat timeout
2026-01-17 19:55:05.457 [taskScheduler-9] WARN  c.q.federated.service.FederatedCoordinatorService - Node 11 marked as inactive due to heartbeat timeout
2026-01-17 19:55:05.458 [taskScheduler-9] WARN  c.q.federated.service.FederatedCoordinatorService - Node 111 marked as inactive due to heartbeat timeout
2026-01-17 19:55:10.464 [taskScheduler-9] WARN  c.q.federated.service.FederatedCoordinatorService - Node 11 marked as inactive due to heartbeat timeout
2026-01-17 19:55:10.464 [taskScheduler-9] WARN  c.q.federated.service.FederatedCoordinatorService - Node 111 marked as inactive due to heartbeat timeout
2026-01-17 19:55:15.477 [taskScheduler-9] WARN  c.q.federated.service.FederatedCoordinatorService - Node 11 marked as inactive due to heartbeat timeout
2026-01-17 19:55:15.477 [taskScheduler-9] WARN  c.q.federated.service.FederatedCoordinatorService - Node 111 marked as inactive due to heartbeat timeout
2026-01-17 19:55:20.488 [taskScheduler-9] WARN  c.q.federated.service.FederatedCoordinatorService - Node 11 marked as inactive due to heartbeat timeout
2026-01-17 19:55:20.488 [taskScheduler-9] WARN  c.q.federated.service.FederatedCoordinatorService - Node 111 marked as inactive due to heartbeat timeout
2026-01-17 19:55:25.497 [taskScheduler-9] WARN  c.q.federated.service.FederatedCoordinatorService - Node 11 marked as inactive due to heartbeat timeout
2026-01-17 19:55:25.498 [taskScheduler-9] WARN  c.q.federated.service.FederatedCoordinatorService - Node 111 marked as inactive due to heartbeat timeout
2026-01-17 19:55:30.506 [taskScheduler-9] WARN  c.q.federated.service.FederatedCoordinatorService - Node 11 marked as inactive due to heartbeat timeout
2026-01-17 19:55:30.507 [taskScheduler-9] WARN  c.q.federated.service.FederatedCoordinatorService - Node 111 marked as inactive due to heartbeat timeout
2026-01-17 19:55:35.515 [taskScheduler-9] WARN  c.q.federated.service.FederatedCoordinatorService - Node 11 marked as inactive due to heartbeat timeout
2026-01-17 19:55:35.516 [taskScheduler-9] WARN  c.q.federated.service.FederatedCoordinatorService - Node 111 marked as inactive due to heartbeat timeout
2026-01-17 19:55:40.532 [taskScheduler-9] WARN  c.q.federated.service.FederatedCoordinatorService - Node 11 marked as inactive due to heartbeat timeout
2026-01-17 19:55:40.533 [taskScheduler-9] WARN  c.q.federated.service.FederatedCoordinatorService - Node 111 marked as inactive due to heartbeat timeout
2026-01-17 19:55:45.548 [taskScheduler-9] WARN  c.q.federated.service.FederatedCoordinatorService - Node 11 marked as inactive due to heartbeat timeout
2026-01-17 19:55:45.548 [taskScheduler-9] WARN  c.q.federated.service.FederatedCoordinatorService - Node 111 marked as inactive due to heartbeat timeout
2026-01-17 19:55:50.564 [taskScheduler-9] WARN  c.q.federated.service.FederatedCoordinatorService - Node 11 marked as inactive due to heartbeat timeout
2026-01-17 19:55:50.566 [taskScheduler-9] WARN  c.q.federated.service.FederatedCoordinatorService - Node 111 marked as inactive due to heartbeat timeout
2026-01-17 19:55:55.571 [taskScheduler-9] WARN  c.q.federated.service.FederatedCoordinatorService - Node 11 marked as inactive due to heartbeat timeout
2026-01-17 19:55:55.571 [taskScheduler-9] WARN  c.q.federated.service.FederatedCoordinatorService - Node 111 marked as inactive due to heartbeat timeout
2026-01-17 19:56:00.581 [taskScheduler-9] WARN  c.q.federated.service.FederatedCoordinatorService - Node 11 marked as inactive due to heartbeat timeout
2026-01-17 19:56:00.582 [taskScheduler-9] WARN  c.q.federated.service.FederatedCoordinatorService - Node 111 marked as inactive due to heartbeat timeout
2026-01-17 19:56:05.598 [taskScheduler-9] WARN  c.q.federated.service.FederatedCoordinatorService - Node 11 marked as inactive due to heartbeat timeout
2026-01-17 19:56:05.598 [taskScheduler-9] WARN  c.q.federated.service.FederatedCoordinatorService - Node 111 marked as inactive due to heartbeat timeout
2026-01-17 19:56:10.605 [taskScheduler-9] WARN  c.q.federated.service.FederatedCoordinatorService - Node 11 marked as inactive due to heartbeat timeout
2026-01-17 19:56:10.605 [taskScheduler-9] WARN  c.q.federated.service.FederatedCoordinatorService - Node 111 marked as inactive due to heartbeat timeout
2026-01-17 19:56:15.613 [taskScheduler-9] WARN  c.q.federated.service.FederatedCoordinatorService - Node 11 marked as inactive due to heartbeat timeout
2026-01-17 19:56:15.614 [taskScheduler-9] WARN  c.q.federated.service.FederatedCoordinatorService - Node 111 marked as inactive due to heartbeat timeout
2026-01-17 19:56:20.623 [taskScheduler-9] WARN  c.q.federated.service.FederatedCoordinatorService - Node 11 marked as inactive due to heartbeat timeout
2026-01-17 19:56:20.623 [taskScheduler-9] WARN  c.q.federated.service.FederatedCoordinatorService - Node 111 marked as inactive due to heartbeat timeout
2026-01-17 19:56:25.636 [taskScheduler-9] WARN  c.q.federated.service.FederatedCoordinatorService - Node 11 marked as inactive due to heartbeat timeout
2026-01-17 19:56:25.637 [taskScheduler-9] WARN  c.q.federated.service.FederatedCoordinatorService - Node 111 marked as inactive due to heartbeat timeout
2026-01-17 19:56:30.646 [taskScheduler-9] WARN  c.q.federated.service.FederatedCoordinatorService - Node 11 marked as inactive due to heartbeat timeout
2026-01-17 19:56:30.647 [taskScheduler-9] WARN  c.q.federated.service.FederatedCoordinatorService - Node 111 marked as inactive due to heartbeat timeout
2026-01-17 19:56:35.668 [taskScheduler-9] WARN  c.q.federated.service.FederatedCoordinatorService - Node 11 marked as inactive due to heartbeat timeout
2026-01-17 19:56:35.668 [taskScheduler-9] WARN  c.q.federated.service.FederatedCoordinatorService - Node 111 marked as inactive due to heartbeat timeout
2026-01-17 19:56:40.678 [taskScheduler-9] WARN  c.q.federated.service.FederatedCoordinatorService - Node 11 marked as inactive due to heartbeat timeout
2026-01-17 19:56:40.679 [taskScheduler-9] WARN  c.q.federated.service.FederatedCoordinatorService - Node 111 marked as inactive due to heartbeat timeout
2026-01-17 19:56:45.697 [taskScheduler-9] WARN  c.q.federated.service.FederatedCoordinatorService - Node 11 marked as inactive due to heartbeat timeout
2026-01-17 19:56:45.697 [taskScheduler-9] WARN  c.q.federated.service.FederatedCoordinatorService - Node 111 marked as inactive due to heartbeat timeout
2026-01-17 19:56:50.714 [taskScheduler-9] WARN  c.q.federated.service.FederatedCoordinatorService - Node 11 marked as inactive due to heartbeat timeout
2026-01-17 19:56:50.714 [taskScheduler-9] WARN  c.q.federated.service.FederatedCoordinatorService - Node 111 marked as inactive due to heartbeat timeout
2026-01-17 19:56:55.726 [taskScheduler-9] WARN  c.q.federated.service.FederatedCoordinatorService - Node 11 marked as inactive due to heartbeat timeout
2026-01-17 19:56:55.726 [taskScheduler-9] WARN  c.q.federated.service.FederatedCoordinatorService - Node 111 marked as inactive due to heartbeat timeout
2026-01-17 19:57:00.737 [taskScheduler-9] WARN  c.q.federated.service.FederatedCoordinatorService - Node 11 marked as inactive due to heartbeat timeout
2026-01-17 19:57:00.738 [taskScheduler-9] WARN  c.q.federated.service.FederatedCoordinatorService - Node 111 marked as inactive due to heartbeat timeout
2026-01-17 19:57:05.749 [taskScheduler-9] WARN  c.q.federated.service.FederatedCoordinatorService - Node 11 marked as inactive due to heartbeat timeout
2026-01-17 19:57:05.750 [taskScheduler-9] WARN  c.q.federated.service.FederatedCoordinatorService - Node 111 marked as inactive due to heartbeat timeout
2026-01-17 19:57:10.761 [taskScheduler-9] WARN  c.q.federated.service.FederatedCoordinatorService - Node 11 marked as inactive due to heartbeat timeout
2026-01-17 19:57:10.762 [taskScheduler-9] WARN  c.q.federated.service.FederatedCoordinatorService - Node 111 marked as inactive due to heartbeat timeout
2026-01-17 19:57:15.782 [taskScheduler-9] WARN  c.q.federated.service.FederatedCoordinatorService - Node 11 marked as inactive due to heartbeat timeout
2026-01-17 19:57:15.783 [taskScheduler-9] WARN  c.q.federated.service.FederatedCoordinatorService - Node 111 marked as inactive due to heartbeat timeout
2026-01-17 19:57:20.789 [taskScheduler-9] WARN  c.q.federated.service.FederatedCoordinatorService - Node 11 marked as inactive due to heartbeat timeout
2026-01-17 19:57:20.790 [taskScheduler-9] WARN  c.q.federated.service.FederatedCoordinatorService - Node 111 marked as inactive due to heartbeat timeout
2026-01-17 19:57:25.797 [taskScheduler-9] WARN  c.q.federated.service.FederatedCoordinatorService - Node 11 marked as inactive due to heartbeat timeout
2026-01-17 19:57:25.797 [taskScheduler-9] WARN  c.q.federated.service.FederatedCoordinatorService - Node 111 marked as inactive due to heartbeat timeout
2026-01-17 19:57:30.811 [taskScheduler-9] WARN  c.q.federated.service.FederatedCoordinatorService - Node 11 marked as inactive due to heartbeat timeout
2026-01-17 19:57:30.812 [taskScheduler-9] WARN  c.q.federated.service.FederatedCoordinatorService - Node 111 marked as inactive due to heartbeat timeout
2026-01-17 19:57:35.824 [taskScheduler-9] WARN  c.q.federated.service.FederatedCoordinatorService - Node 11 marked as inactive due to heartbeat timeout
2026-01-17 19:57:35.825 [taskScheduler-9] WARN  c.q.federated.service.FederatedCoordinatorService - Node 111 marked as inactive due to heartbeat timeout
2026-01-17 19:57:40.834 [taskScheduler-9] WARN  c.q.federated.service.FederatedCoordinatorService - Node 11 marked as inactive due to heartbeat timeout
2026-01-17 19:57:40.834 [taskScheduler-9] WARN  c.q.federated.service.FederatedCoordinatorService - Node 111 marked as inactive due to heartbeat timeout
2026-01-17 19:57:45.842 [taskScheduler-9] WARN  c.q.federated.service.FederatedCoordinatorService - Node 11 marked as inactive due to heartbeat timeout
2026-01-17 19:57:45.843 [taskScheduler-9] WARN  c.q.federated.service.FederatedCoordinatorService - Node 111 marked as inactive due to heartbeat timeout
2026-01-17 19:57:50.857 [taskScheduler-9] WARN  c.q.federated.service.FederatedCoordinatorService - Node 11 marked as inactive due to heartbeat timeout
2026-01-17 19:57:50.858 [taskScheduler-9] WARN  c.q.federated.service.FederatedCoordinatorService - Node 111 marked as inactive due to heartbeat timeout
2026-01-17 19:57:55.865 [taskScheduler-9] WARN  c.q.federated.service.FederatedCoordinatorService - Node 11 marked as inactive due to heartbeat timeout
2026-01-17 19:57:55.866 [taskScheduler-9] WARN  c.q.federated.service.FederatedCoordinatorService - Node 111 marked as inactive due to heartbeat timeout
2026-01-17 19:58:00.872 [taskScheduler-9] WARN  c.q.federated.service.FederatedCoordinatorService - Node 11 marked as inactive due to heartbeat timeout
2026-01-17 19:58:00.873 [taskScheduler-9] WARN  c.q.federated.service.FederatedCoordinatorService - Node 111 marked as inactive due to heartbeat timeout
2026-01-17 19:58:05.883 [taskScheduler-9] WARN  c.q.federated.service.FederatedCoordinatorService - Node 11 marked as inactive due to heartbeat timeout
2026-01-17 19:58:05.884 [taskScheduler-9] WARN  c.q.federated.service.FederatedCoordinatorService - Node 111 marked as inactive due to heartbeat timeout
2026-01-17 19:58:10.894 [taskScheduler-9] WARN  c.q.federated.service.FederatedCoordinatorService - Node 11 marked as inactive due to heartbeat timeout
2026-01-17 19:58:10.894 [taskScheduler-9] WARN  c.q.federated.service.FederatedCoordinatorService - Node 111 marked as inactive due to heartbeat timeout
2026-01-17 19:58:15.911 [taskScheduler-9] WARN  c.q.federated.service.FederatedCoordinatorService - Node 11 marked as inactive due to heartbeat timeout
2026-01-17 19:58:15.912 [taskScheduler-9] WARN  c.q.federated.service.FederatedCoordinatorService - Node 111 marked as inactive due to heartbeat timeout
2026-01-17 19:58:20.927 [taskScheduler-9] WARN  c.q.federated.service.FederatedCoordinatorService - Node 11 marked as inactive due to heartbeat timeout
2026-01-17 19:58:20.928 [taskScheduler-9] WARN  c.q.federated.service.FederatedCoordinatorService - Node 111 marked as inactive due to heartbeat timeout
2026-01-17 19:58:25.939 [taskScheduler-9] WARN  c.q.federated.service.FederatedCoordinatorService - Node 11 marked as inactive due to heartbeat timeout
2026-01-17 19:58:25.939 [taskScheduler-9] WARN  c.q.federated.service.FederatedCoordinatorService - Node 111 marked as inactive due to heartbeat timeout
2026-01-17 19:58:30.953 [taskScheduler-9] WARN  c.q.federated.service.FederatedCoordinatorService - Node 11 marked as inactive due to heartbeat timeout
2026-01-17 19:58:30.954 [taskScheduler-9] WARN  c.q.federated.service.FederatedCoordinatorService - Node 111 marked as inactive due to heartbeat timeout
2026-01-17 19:58:35.961 [taskScheduler-9] WARN  c.q.federated.service.FederatedCoordinatorService - Node 11 marked as inactive due to heartbeat timeout
2026-01-17 19:58:35.962 [taskScheduler-9] WARN  c.q.federated.service.FederatedCoordinatorService - Node 111 marked as inactive due to heartbeat timeout
2026-01-17 19:58:40.968 [taskScheduler-9] WARN  c.q.federated.service.FederatedCoordinatorService - Node 11 marked as inactive due to heartbeat timeout
2026-01-17 19:58:40.968 [taskScheduler-9] WARN  c.q.federated.service.FederatedCoordinatorService - Node 111 marked as inactive due to heartbeat timeout
2026-01-17 19:58:45.979 [taskScheduler-9] WARN  c.q.federated.service.FederatedCoordinatorService - Node 11 marked as inactive due to heartbeat timeout
2026-01-17 19:58:45.979 [taskScheduler-9] WARN  c.q.federated.service.FederatedCoordinatorService - Node 111 marked as inactive due to heartbeat timeout
2026-01-17 19:58:50.992 [taskScheduler-9] WARN  c.q.federated.service.FederatedCoordinatorService - Node 11 marked as inactive due to heartbeat timeout
2026-01-17 19:58:50.993 [taskScheduler-9] WARN  c.q.federated.service.FederatedCoordinatorService - Node 111 marked as inactive due to heartbeat timeout
2026-01-17 19:58:56.010 [taskScheduler-9] WARN  c.q.federated.service.FederatedCoordinatorService - Node 11 marked as inactive due to heartbeat timeout
2026-01-17 19:58:56.011 [taskScheduler-9] WARN  c.q.federated.service.FederatedCoordinatorService - Node 111 marked as inactive due to heartbeat timeout
2026-01-17 19:59:01.028 [taskScheduler-9] WARN  c.q.federated.service.FederatedCoordinatorService - Node 11 marked as inactive due to heartbeat timeout
2026-01-17 19:59:01.028 [taskScheduler-9] WARN  c.q.federated.service.FederatedCoordinatorService - Node 111 marked as inactive due to heartbeat timeout
2026-01-17 19:59:06.035 [taskScheduler-9] WARN  c.q.federated.service.FederatedCoordinatorService - Node 11 marked as inactive due to heartbeat timeout
2026-01-17 19:59:06.036 [taskScheduler-9] WARN  c.q.federated.service.FederatedCoordinatorService - Node 111 marked as inactive due to heartbeat timeout
2026-01-17 19:59:11.042 [taskScheduler-9] WARN  c.q.federated.service.FederatedCoordinatorService - Node 11 marked as inactive due to heartbeat timeout
2026-01-17 19:59:11.043 [taskScheduler-9] WARN  c.q.federated.service.FederatedCoordinatorService - Node 111 marked as inactive due to heartbeat timeout
2026-01-17 19:59:16.060 [taskScheduler-9] WARN  c.q.federated.service.FederatedCoordinatorService - Node 11 marked as inactive due to heartbeat timeout
2026-01-17 19:59:16.060 [taskScheduler-9] WARN  c.q.federated.service.FederatedCoordinatorService - Node 111 marked as inactive due to heartbeat timeout
2026-01-17 19:59:21.069 [taskScheduler-9] WARN  c.q.federated.service.FederatedCoordinatorService - Node 11 marked as inactive due to heartbeat timeout
2026-01-17 19:59:21.070 [taskScheduler-9] WARN  c.q.federated.service.FederatedCoordinatorService - Node 111 marked as inactive due to heartbeat timeout
2026-01-17 19:59:26.090 [taskScheduler-9] WARN  c.q.federated.service.FederatedCoordinatorService - Node 11 marked as inactive due to heartbeat timeout
2026-01-17 19:59:26.091 [taskScheduler-9] WARN  c.q.federated.service.FederatedCoordinatorService - Node 111 marked as inactive due to heartbeat timeout
2026-01-17 19:59:31.102 [taskScheduler-9] WARN  c.q.federated.service.FederatedCoordinatorService - Node 11 marked as inactive due to heartbeat timeout
2026-01-17 19:59:31.103 [taskScheduler-9] WARN  c.q.federated.service.FederatedCoordinatorService - Node 111 marked as inactive due to heartbeat timeout
2026-01-17 19:59:36.116 [taskScheduler-9] WARN  c.q.federated.service.FederatedCoordinatorService - Node 11 marked as inactive due to heartbeat timeout
2026-01-17 19:59:36.116 [taskScheduler-9] WARN  c.q.federated.service.FederatedCoordinatorService - Node 111 marked as inactive due to heartbeat timeout
2026-01-17 19:59:41.142 [taskScheduler-9] WARN  c.q.federated.service.FederatedCoordinatorService - Node 11 marked as inactive due to heartbeat timeout
2026-01-17 19:59:41.142 [taskScheduler-9] WARN  c.q.federated.service.FederatedCoordinatorService - Node 111 marked as inactive due to heartbeat timeout
2026-01-17 19:59:46.148 [taskScheduler-9] WARN  c.q.federated.service.FederatedCoordinatorService - Node 11 marked as inactive due to heartbeat timeout
2026-01-17 19:59:46.148 [taskScheduler-9] WARN  c.q.federated.service.FederatedCoordinatorService - Node 111 marked as inactive due to heartbeat timeout
2026-01-17 19:59:51.159 [taskScheduler-9] WARN  c.q.federated.service.FederatedCoordinatorService - Node 11 marked as inactive due to heartbeat timeout
2026-01-17 19:59:51.159 [taskScheduler-9] WARN  c.q.federated.service.FederatedCoordinatorService - Node 111 marked as inactive due to heartbeat timeout
2026-01-17 19:59:56.191 [taskScheduler-9] WARN  c.q.federated.service.FederatedCoordinatorService - Node 11 marked as inactive due to heartbeat timeout
2026-01-17 19:59:56.191 [taskScheduler-9] WARN  c.q.federated.service.FederatedCoordinatorService - Node 111 marked as inactive due to heartbeat timeout
2026-01-17 20:00:01.208 [taskScheduler-9] WARN  c.q.federated.service.FederatedCoordinatorService - Node 11 marked as inactive due to heartbeat timeout
2026-01-17 20:00:01.209 [taskScheduler-9] WARN  c.q.federated.service.FederatedCoordinatorService - Node 111 marked as inactive due to heartbeat timeout
2026-01-17 20:00:06.215 [taskScheduler-9] WARN  c.q.federated.service.FederatedCoordinatorService - Node 11 marked as inactive due to heartbeat timeout
2026-01-17 20:00:06.216 [taskScheduler-9] WARN  c.q.federated.service.FederatedCoordinatorService - Node 111 marked as inactive due to heartbeat timeout
2026-01-17 20:00:11.230 [taskScheduler-9] WARN  c.q.federated.service.FederatedCoordinatorService - Node 11 marked as inactive due to heartbeat timeout
2026-01-17 20:00:11.231 [taskScheduler-9] WARN  c.q.federated.service.FederatedCoordinatorService - Node 111 marked as inactive due to heartbeat timeout
2026-01-17 20:00:16.247 [taskScheduler-9] WARN  c.q.federated.service.FederatedCoordinatorService - Node 11 marked as inactive due to heartbeat timeout
2026-01-17 20:00:16.247 [taskScheduler-9] WARN  c.q.federated.service.FederatedCoordinatorService - Node 111 marked as inactive due to heartbeat timeout
2026-01-17 20:00:21.262 [taskScheduler-9] WARN  c.q.federated.service.FederatedCoordinatorService - Node 11 marked as inactive due to heartbeat timeout
2026-01-17 20:00:21.263 [taskScheduler-9] WARN  c.q.federated.service.FederatedCoordinatorService - Node 111 marked as inactive due to heartbeat timeout
2026-01-17 20:00:26.267 [taskScheduler-9] WARN  c.q.federated.service.FederatedCoordinatorService - Node 11 marked as inactive due to heartbeat timeout
2026-01-17 20:00:26.267 [taskScheduler-9] WARN  c.q.federated.service.FederatedCoordinatorService - Node 111 marked as inactive due to heartbeat timeout
2026-01-17 20:00:31.284 [taskScheduler-9] WARN  c.q.federated.service.FederatedCoordinatorService - Node 11 marked as inactive due to heartbeat timeout
2026-01-17 20:00:31.285 [taskScheduler-9] WARN  c.q.federated.service.FederatedCoordinatorService - Node 111 marked as inactive due to heartbeat timeout
2026-01-17 20:00:36.295 [taskScheduler-9] WARN  c.q.federated.service.FederatedCoordinatorService - Node 11 marked as inactive due to heartbeat timeout
2026-01-17 20:00:36.296 [taskScheduler-9] WARN  c.q.federated.service.FederatedCoordinatorService - Node 111 marked as inactive due to heartbeat timeout
2026-01-17 20:00:41.305 [taskScheduler-9] WARN  c.q.federated.service.FederatedCoordinatorService - Node 11 marked as inactive due to heartbeat timeout
2026-01-17 20:00:41.306 [taskScheduler-9] WARN  c.q.federated.service.FederatedCoordinatorService - Node 111 marked as inactive due to heartbeat timeout
2026-01-17 20:00:46.314 [taskScheduler-9] WARN  c.q.federated.service.FederatedCoordinatorService - Node 11 marked as inactive due to heartbeat timeout
2026-01-17 20:00:46.315 [taskScheduler-9] WARN  c.q.federated.service.FederatedCoordinatorService - Node 111 marked as inactive due to heartbeat timeout
2026-01-17 20:00:51.328 [taskScheduler-9] WARN  c.q.federated.service.FederatedCoordinatorService - Node 11 marked as inactive due to heartbeat timeout
2026-01-17 20:00:51.328 [taskScheduler-9] WARN  c.q.federated.service.FederatedCoordinatorService - Node 111 marked as inactive due to heartbeat timeout
2026-01-17 20:00:56.339 [taskScheduler-9] WARN  c.q.federated.service.FederatedCoordinatorService - Node 11 marked as inactive due to heartbeat timeout
2026-01-17 20:00:56.339 [taskScheduler-9] WARN  c.q.federated.service.FederatedCoordinatorService - Node 111 marked as inactive due to heartbeat timeout
2026-01-17 20:01:01.349 [taskScheduler-9] WARN  c.q.federated.service.FederatedCoordinatorService - Node 11 marked as inactive due to heartbeat timeout
2026-01-17 20:01:01.349 [taskScheduler-9] WARN  c.q.federated.service.FederatedCoordinatorService - Node 111 marked as inactive due to heartbeat timeout
2026-01-17 20:01:06.369 [taskScheduler-9] WARN  c.q.federated.service.FederatedCoordinatorService - Node 11 marked as inactive due to heartbeat timeout
2026-01-17 20:01:06.369 [taskScheduler-9] WARN  c.q.federated.service.FederatedCoordinatorService - Node 111 marked as inactive due to heartbeat timeout
2026-01-17 20:01:11.382 [taskScheduler-9] WARN  c.q.federated.service.FederatedCoordinatorService - Node 11 marked as inactive due to heartbeat timeout
2026-01-17 20:01:11.382 [taskScheduler-9] WARN  c.q.federated.service.FederatedCoordinatorService - Node 111 marked as inactive due to heartbeat timeout
2026-01-17 20:01:16.393 [taskScheduler-9] WARN  c.q.federated.service.FederatedCoordinatorService - Node 11 marked as inactive due to heartbeat timeout
2026-01-17 20:01:16.394 [taskScheduler-9] WARN  c.q.federated.service.FederatedCoordinatorService - Node 111 marked as inactive due to heartbeat timeout
2026-01-17 20:01:21.405 [taskScheduler-9] WARN  c.q.federated.service.FederatedCoordinatorService - Node 11 marked as inactive due to heartbeat timeout
2026-01-17 20:01:21.406 [taskScheduler-9] WARN  c.q.federated.service.FederatedCoordinatorService - Node 111 marked as inactive due to heartbeat timeout
2026-01-17 20:01:26.421 [taskScheduler-9] WARN  c.q.federated.service.FederatedCoordinatorService - Node 11 marked as inactive due to heartbeat timeout
2026-01-17 20:01:26.421 [taskScheduler-9] WARN  c.q.federated.service.FederatedCoordinatorService - Node 111 marked as inactive due to heartbeat timeout
2026-01-17 20:01:31.438 [taskScheduler-9] WARN  c.q.federated.service.FederatedCoordinatorService - Node 11 marked as inactive due to heartbeat timeout
2026-01-17 20:01:31.439 [taskScheduler-9] WARN  c.q.federated.service.FederatedCoordinatorService - Node 111 marked as inactive due to heartbeat timeout
2026-01-17 20:01:36.446 [taskScheduler-9] WARN  c.q.federated.service.FederatedCoordinatorService - Node 11 marked as inactive due to heartbeat timeout
2026-01-17 20:01:36.446 [taskScheduler-9] WARN  c.q.federated.service.FederatedCoordinatorService - Node 111 marked as inactive due to heartbeat timeout
2026-01-17 20:01:41.457 [taskScheduler-9] WARN  c.q.federated.service.FederatedCoordinatorService - Node 11 marked as inactive due to heartbeat timeout
2026-01-17 20:01:41.457 [taskScheduler-9] WARN  c.q.federated.service.FederatedCoordinatorService - Node 111 marked as inactive due to heartbeat timeout
2026-01-17 20:01:46.472 [taskScheduler-9] WARN  c.q.federated.service.FederatedCoordinatorService - Node 11 marked as inactive due to heartbeat timeout
2026-01-17 20:01:46.472 [taskScheduler-9] WARN  c.q.federated.service.FederatedCoordinatorService - Node 111 marked as inactive due to heartbeat timeout
2026-01-17 20:01:51.486 [taskScheduler-9] WARN  c.q.federated.service.FederatedCoordinatorService - Node 11 marked as inactive due to heartbeat timeout
2026-01-17 20:01:51.487 [taskScheduler-9] WARN  c.q.federated.service.FederatedCoordinatorService - Node 111 marked as inactive due to heartbeat timeout
2026-01-17 20:01:56.503 [taskScheduler-9] WARN  c.q.federated.service.FederatedCoordinatorService - Node 11 marked as inactive due to heartbeat timeout
2026-01-17 20:01:56.504 [taskScheduler-9] WARN  c.q.federated.service.FederatedCoordinatorService - Node 111 marked as inactive due to heartbeat timeout
2026-01-17 20:02:01.521 [taskScheduler-9] WARN  c.q.federated.service.FederatedCoordinatorService - Node 11 marked as inactive due to heartbeat timeout
2026-01-17 20:02:01.521 [taskScheduler-9] WARN  c.q.federated.service.FederatedCoordinatorService - Node 111 marked as inactive due to heartbeat timeout
2026-01-17 20:02:06.536 [taskScheduler-9] WARN  c.q.federated.service.FederatedCoordinatorService - Node 11 marked as inactive due to heartbeat timeout
2026-01-17 20:02:06.536 [taskScheduler-9] WARN  c.q.federated.service.FederatedCoordinatorService - Node 111 marked as inactive due to heartbeat timeout
2026-01-17 20:02:11.552 [taskScheduler-9] WARN  c.q.federated.service.FederatedCoordinatorService - Node 11 marked as inactive due to heartbeat timeout
2026-01-17 20:02:11.553 [taskScheduler-9] WARN  c.q.federated.service.FederatedCoordinatorService - Node 111 marked as inactive due to heartbeat timeout
2026-01-17 20:02:16.572 [taskScheduler-9] WARN  c.q.federated.service.FederatedCoordinatorService - Node 11 marked as inactive due to heartbeat timeout
2026-01-17 20:02:16.573 [taskScheduler-9] WARN  c.q.federated.service.FederatedCoordinatorService - Node 111 marked as inactive due to heartbeat timeout
2026-01-17 20:02:21.583 [taskScheduler-9] WARN  c.q.federated.service.FederatedCoordinatorService - Node 11 marked as inactive due to heartbeat timeout
2026-01-17 20:02:21.584 [taskScheduler-9] WARN  c.q.federated.service.FederatedCoordinatorService - Node 111 marked as inactive due to heartbeat timeout
2026-01-17 20:02:26.600 [taskScheduler-9] WARN  c.q.federated.service.FederatedCoordinatorService - Node 11 marked as inactive due to heartbeat timeout
2026-01-17 20:02:26.600 [taskScheduler-9] WARN  c.q.federated.service.FederatedCoordinatorService - Node 111 marked as inactive due to heartbeat timeout
2026-01-17 20:02:31.621 [taskScheduler-9] WARN  c.q.federated.service.FederatedCoordinatorService - Node 11 marked as inactive due to heartbeat timeout
2026-01-17 20:02:31.622 [taskScheduler-9] WARN  c.q.federated.service.FederatedCoordinatorService - Node 111 marked as inactive due to heartbeat timeout
2026-01-17 20:02:36.631 [taskScheduler-9] WARN  c.q.federated.service.FederatedCoordinatorService - Node 11 marked as inactive due to heartbeat timeout
2026-01-17 20:02:36.632 [taskScheduler-9] WARN  c.q.federated.service.FederatedCoordinatorService - Node 111 marked as inactive due to heartbeat timeout
2026-01-17 20:02:41.640 [taskScheduler-9] WARN  c.q.federated.service.FederatedCoordinatorService - Node 11 marked as inactive due to heartbeat timeout
2026-01-17 20:02:41.640 [taskScheduler-9] WARN  c.q.federated.service.FederatedCoordinatorService - Node 111 marked as inactive due to heartbeat timeout
2026-01-17 20:02:46.657 [taskScheduler-9] WARN  c.q.federated.service.FederatedCoordinatorService - Node 11 marked as inactive due to heartbeat timeout
2026-01-17 20:02:46.658 [taskScheduler-9] WARN  c.q.federated.service.FederatedCoordinatorService - Node 111 marked as inactive due to heartbeat timeout
2026-01-17 20:02:51.665 [taskScheduler-9] WARN  c.q.federated.service.FederatedCoordinatorService - Node 11 marked as inactive due to heartbeat timeout
2026-01-17 20:02:51.666 [taskScheduler-9] WARN  c.q.federated.service.FederatedCoordinatorService - Node 111 marked as inactive due to heartbeat timeout
2026-01-17 20:02:56.673 [taskScheduler-9] WARN  c.q.federated.service.FederatedCoordinatorService - Node 11 marked as inactive due to heartbeat timeout
2026-01-17 20:02:56.673 [taskScheduler-9] WARN  c.q.federated.service.FederatedCoordinatorService - Node 111 marked as inactive due to heartbeat timeout
2026-01-17 20:03:01.680 [taskScheduler-9] WARN  c.q.federated.service.FederatedCoordinatorService - Node 11 marked as inactive due to heartbeat timeout
2026-01-17 20:03:01.680 [taskScheduler-9] WARN  c.q.federated.service.FederatedCoordinatorService - Node 111 marked as inactive due to heartbeat timeout
2026-01-17 20:03:06.688 [taskScheduler-9] WARN  c.q.federated.service.FederatedCoordinatorService - Node 11 marked as inactive due to heartbeat timeout
2026-01-17 20:03:06.688 [taskScheduler-9] WARN  c.q.federated.service.FederatedCoordinatorService - Node 111 marked as inactive due to heartbeat timeout
2026-01-17 20:03:11.704 [taskScheduler-9] WARN  c.q.federated.service.FederatedCoordinatorService - Node 11 marked as inactive due to heartbeat timeout
2026-01-17 20:03:11.705 [taskScheduler-9] WARN  c.q.federated.service.FederatedCoordinatorService - Node 111 marked as inactive due to heartbeat timeout
2026-01-17 20:03:16.719 [taskScheduler-9] WARN  c.q.federated.service.FederatedCoordinatorService - Node 11 marked as inactive due to heartbeat timeout
2026-01-17 20:03:16.719 [taskScheduler-9] WARN  c.q.federated.service.FederatedCoordinatorService - Node 111 marked as inactive due to heartbeat timeout
2026-01-17 20:03:21.736 [taskScheduler-9] WARN  c.q.federated.service.FederatedCoordinatorService - Node 11 marked as inactive due to heartbeat timeout
2026-01-17 20:03:21.736 [taskScheduler-9] WARN  c.q.federated.service.FederatedCoordinatorService - Node 111 marked as inactive due to heartbeat timeout
2026-01-17 20:03:26.751 [taskScheduler-9] WARN  c.q.federated.service.FederatedCoordinatorService - Node 11 marked as inactive due to heartbeat timeout
2026-01-17 20:03:26.751 [taskScheduler-9] WARN  c.q.federated.service.FederatedCoordinatorService - Node 111 marked as inactive due to heartbeat timeout
2026-01-17 20:03:31.766 [taskScheduler-9] WARN  c.q.federated.service.FederatedCoordinatorService - Node 11 marked as inactive due to heartbeat timeout
2026-01-17 20:03:31.766 [taskScheduler-9] WARN  c.q.federated.service.FederatedCoordinatorService - Node 111 marked as inactive due to heartbeat timeout
2026-01-17 20:03:36.782 [taskScheduler-9] WARN  c.q.federated.service.FederatedCoordinatorService - Node 11 marked as inactive due to heartbeat timeout
2026-01-17 20:03:36.783 [taskScheduler-9] WARN  c.q.federated.service.FederatedCoordinatorService - Node 111 marked as inactive due to heartbeat timeout
2026-01-17 20:03:41.797 [taskScheduler-9] WARN  c.q.federated.service.FederatedCoordinatorService - Node 11 marked as inactive due to heartbeat timeout
2026-01-17 20:03:41.798 [taskScheduler-9] WARN  c.q.federated.service.FederatedCoordinatorService - Node 111 marked as inactive due to heartbeat timeout
2026-01-17 20:03:46.818 [taskScheduler-9] WARN  c.q.federated.service.FederatedCoordinatorService - Node 11 marked as inactive due to heartbeat timeout
2026-01-17 20:03:46.818 [taskScheduler-9] WARN  c.q.federated.service.FederatedCoordinatorService - Node 111 marked as inactive due to heartbeat timeout
2026-01-17 20:03:51.830 [taskScheduler-9] WARN  c.q.federated.service.FederatedCoordinatorService - Node 11 marked as inactive due to heartbeat timeout
2026-01-17 20:03:51.830 [taskScheduler-9] WARN  c.q.federated.service.FederatedCoordinatorService - Node 111 marked as inactive due to heartbeat timeout
2026-01-17 20:03:56.841 [taskScheduler-9] WARN  c.q.federated.service.FederatedCoordinatorService - Node 11 marked as inactive due to heartbeat timeout
2026-01-17 20:03:56.842 [taskScheduler-9] WARN  c.q.federated.service.FederatedCoordinatorService - Node 111 marked as inactive due to heartbeat timeout
2026-01-17 20:04:01.847 [taskScheduler-9] WARN  c.q.federated.service.FederatedCoordinatorService - Node 11 marked as inactive due to heartbeat timeout
2026-01-17 20:04:01.848 [taskScheduler-9] WARN  c.q.federated.service.FederatedCoordinatorService - Node 111 marked as inactive due to heartbeat timeout
2026-01-17 20:04:06.859 [taskScheduler-9] WARN  c.q.federated.service.FederatedCoordinatorService - Node 11 marked as inactive due to heartbeat timeout
2026-01-17 20:04:06.860 [taskScheduler-9] WARN  c.q.federated.service.FederatedCoordinatorService - Node 111 marked as inactive due to heartbeat timeout
2026-01-17 20:04:11.871 [taskScheduler-9] WARN  c.q.federated.service.FederatedCoordinatorService - Node 11 marked as inactive due to heartbeat timeout
2026-01-17 20:04:11.871 [taskScheduler-9] WARN  c.q.federated.service.FederatedCoordinatorService - Node 111 marked as inactive due to heartbeat timeout
2026-01-17 20:04:16.885 [taskScheduler-9] WARN  c.q.federated.service.FederatedCoordinatorService - Node 11 marked as inactive due to heartbeat timeout
2026-01-17 20:04:16.886 [taskScheduler-9] WARN  c.q.federated.service.FederatedCoordinatorService - Node 111 marked as inactive due to heartbeat timeout
2026-01-17 20:04:21.904 [taskScheduler-9] WARN  c.q.federated.service.FederatedCoordinatorService - Node 11 marked as inactive due to heartbeat timeout
2026-01-17 20:04:21.904 [taskScheduler-9] WARN  c.q.federated.service.FederatedCoordinatorService - Node 111 marked as inactive due to heartbeat timeout
2026-01-17 20:04:26.917 [taskScheduler-9] WARN  c.q.federated.service.FederatedCoordinatorService - Node 11 marked as inactive due to heartbeat timeout
2026-01-17 20:04:26.917 [taskScheduler-9] WARN  c.q.federated.service.FederatedCoordinatorService - Node 111 marked as inactive due to heartbeat timeout
2026-01-17 20:04:31.934 [taskScheduler-9] WARN  c.q.federated.service.FederatedCoordinatorService - Node 11 marked as inactive due to heartbeat timeout
2026-01-17 20:04:31.934 [taskScheduler-9] WARN  c.q.federated.service.FederatedCoordinatorService - Node 111 marked as inactive due to heartbeat timeout
2026-01-17 20:04:36.949 [taskScheduler-9] WARN  c.q.federated.service.FederatedCoordinatorService - Node 11 marked as inactive due to heartbeat timeout
2026-01-17 20:04:36.949 [taskScheduler-9] WARN  c.q.federated.service.FederatedCoordinatorService - Node 111 marked as inactive due to heartbeat timeout
2026-01-17 20:04:41.967 [taskScheduler-9] WARN  c.q.federated.service.FederatedCoordinatorService - Node 11 marked as inactive due to heartbeat timeout
2026-01-17 20:04:41.967 [taskScheduler-9] WARN  c.q.federated.service.FederatedCoordinatorService - Node 111 marked as inactive due to heartbeat timeout
2026-01-17 20:04:46.973 [taskScheduler-9] WARN  c.q.federated.service.FederatedCoordinatorService - Node 11 marked as inactive due to heartbeat timeout
2026-01-17 20:04:46.973 [taskScheduler-9] WARN  c.q.federated.service.FederatedCoordinatorService - Node 111 marked as inactive due to heartbeat timeout
2026-01-17 20:04:51.978 [taskScheduler-9] WARN  c.q.federated.service.FederatedCoordinatorService - Node 11 marked as inactive due to heartbeat timeout
2026-01-17 20:04:51.978 [taskScheduler-9] WARN  c.q.federated.service.FederatedCoordinatorService - Node 111 marked as inactive due to heartbeat timeout
2026-01-17 20:04:56.986 [taskScheduler-9] WARN  c.q.federated.service.FederatedCoordinatorService - Node 11 marked as inactive due to heartbeat timeout
2026-01-17 20:04:56.986 [taskScheduler-9] WARN  c.q.federated.service.FederatedCoordinatorService - Node 111 marked as inactive due to heartbeat timeout
2026-01-17 20:05:02.002 [taskScheduler-9] WARN  c.q.federated.service.FederatedCoordinatorService - Node 11 marked as inactive due to heartbeat timeout
2026-01-17 20:05:02.003 [taskScheduler-9] WARN  c.q.federated.service.FederatedCoordinatorService - Node 111 marked as inactive due to heartbeat timeout
2026-01-17 20:05:07.010 [taskScheduler-9] WARN  c.q.federated.service.FederatedCoordinatorService - Node 11 marked as inactive due to heartbeat timeout
2026-01-17 20:05:07.011 [taskScheduler-9] WARN  c.q.federated.service.FederatedCoordinatorService - Node 111 marked as inactive due to heartbeat timeout
2026-01-17 20:05:12.017 [taskScheduler-9] WARN  c.q.federated.service.FederatedCoordinatorService - Node 11 marked as inactive due to heartbeat timeout
2026-01-17 20:05:12.017 [taskScheduler-9] WARN  c.q.federated.service.FederatedCoordinatorService - Node 111 marked as inactive due to heartbeat timeout
2026-01-17 20:05:17.031 [taskScheduler-9] WARN  c.q.federated.service.FederatedCoordinatorService - Node 11 marked as inactive due to heartbeat timeout
2026-01-17 20:05:17.031 [taskScheduler-9] WARN  c.q.federated.service.FederatedCoordinatorService - Node 111 marked as inactive due to heartbeat timeout
2026-01-17 20:05:22.045 [taskScheduler-9] WARN  c.q.federated.service.FederatedCoordinatorService - Node 11 marked as inactive due to heartbeat timeout
2026-01-17 20:05:22.046 [taskScheduler-9] WARN  c.q.federated.service.FederatedCoordinatorService - Node 111 marked as inactive due to heartbeat timeout
2026-01-17 20:05:27.065 [taskScheduler-9] WARN  c.q.federated.service.FederatedCoordinatorService - Node 11 marked as inactive due to heartbeat timeout
2026-01-17 20:05:27.066 [taskScheduler-9] WARN  c.q.federated.service.FederatedCoordinatorService - Node 111 marked as inactive due to heartbeat timeout
2026-01-17 20:05:32.081 [taskScheduler-9] WARN  c.q.federated.service.FederatedCoordinatorService - Node 11 marked as inactive due to heartbeat timeout
2026-01-17 20:05:32.082 [taskScheduler-9] WARN  c.q.federated.service.FederatedCoordinatorService - Node 111 marked as inactive due to heartbeat timeout
2026-01-17 20:05:37.090 [taskScheduler-9] WARN  c.q.federated.service.FederatedCoordinatorService - Node 11 marked as inactive due to heartbeat timeout
2026-01-17 20:05:37.090 [taskScheduler-9] WARN  c.q.federated.service.FederatedCoordinatorService - Node 111 marked as inactive due to heartbeat timeout
2026-01-17 20:05:42.100 [taskScheduler-9] WARN  c.q.federated.service.FederatedCoordinatorService - Node 11 marked as inactive due to heartbeat timeout
2026-01-17 20:05:42.100 [taskScheduler-9] WARN  c.q.federated.service.FederatedCoordinatorService - Node 111 marked as inactive due to heartbeat timeout
2026-01-17 20:05:47.107 [taskScheduler-9] WARN  c.q.federated.service.FederatedCoordinatorService - Node 11 marked as inactive due to heartbeat timeout
2026-01-17 20:05:47.108 [taskScheduler-9] WARN  c.q.federated.service.FederatedCoordinatorService - Node 111 marked as inactive due to heartbeat timeout
2026-01-17 20:05:52.116 [taskScheduler-9] WARN  c.q.federated.service.FederatedCoordinatorService - Node 11 marked as inactive due to heartbeat timeout
2026-01-17 20:05:52.117 [taskScheduler-9] WARN  c.q.federated.service.FederatedCoordinatorService - Node 111 marked as inactive due to heartbeat timeout
2026-01-17 20:05:57.136 [taskScheduler-9] WARN  c.q.federated.service.FederatedCoordinatorService - Node 11 marked as inactive due to heartbeat timeout
2026-01-17 20:05:57.136 [taskScheduler-9] WARN  c.q.federated.service.FederatedCoordinatorService - Node 111 marked as inactive due to heartbeat timeout
2026-01-17 20:06:02.145 [taskScheduler-9] WARN  c.q.federated.service.FederatedCoordinatorService - Node 11 marked as inactive due to heartbeat timeout
2026-01-17 20:06:02.146 [taskScheduler-9] WARN  c.q.federated.service.FederatedCoordinatorService - Node 111 marked as inactive due to heartbeat timeout
2026-01-17 20:06:07.150 [taskScheduler-9] WARN  c.q.federated.service.FederatedCoordinatorService - Node 11 marked as inactive due to heartbeat timeout
2026-01-17 20:06:07.150 [taskScheduler-9] WARN  c.q.federated.service.FederatedCoordinatorService - Node 111 marked as inactive due to heartbeat timeout
2026-01-17 20:06:12.170 [taskScheduler-9] WARN  c.q.federated.service.FederatedCoordinatorService - Node 11 marked as inactive due to heartbeat timeout
2026-01-17 20:06:12.171 [taskScheduler-9] WARN  c.q.federated.service.FederatedCoordinatorService - Node 111 marked as inactive due to heartbeat timeout
2026-01-17 20:06:17.182 [taskScheduler-9] WARN  c.q.federated.service.FederatedCoordinatorService - Node 11 marked as inactive due to heartbeat timeout
2026-01-17 20:06:17.183 [taskScheduler-9] WARN  c.q.federated.service.FederatedCoordinatorService - Node 111 marked as inactive due to heartbeat timeout
2026-01-17 20:06:22.197 [taskScheduler-9] WARN  c.q.federated.service.FederatedCoordinatorService - Node 11 marked as inactive due to heartbeat timeout
2026-01-17 20:06:22.198 [taskScheduler-9] WARN  c.q.federated.service.FederatedCoordinatorService - Node 111 marked as inactive due to heartbeat timeout
2026-01-17 20:06:27.210 [taskScheduler-9] WARN  c.q.federated.service.FederatedCoordinatorService - Node 11 marked as inactive due to heartbeat timeout
2026-01-17 20:06:27.211 [taskScheduler-9] WARN  c.q.federated.service.FederatedCoordinatorService - Node 111 marked as inactive due to heartbeat timeout
2026-01-17 20:06:32.223 [taskScheduler-9] WARN  c.q.federated.service.FederatedCoordinatorService - Node 11 marked as inactive due to heartbeat timeout
2026-01-17 20:06:32.223 [taskScheduler-9] WARN  c.q.federated.service.FederatedCoordinatorService - Node 111 marked as inactive due to heartbeat timeout
2026-01-17 20:06:37.227 [taskScheduler-9] WARN  c.q.federated.service.FederatedCoordinatorService - Node 11 marked as inactive due to heartbeat timeout
2026-01-17 20:06:37.228 [taskScheduler-9] WARN  c.q.federated.service.FederatedCoordinatorService - Node 111 marked as inactive due to heartbeat timeout
2026-01-17 20:06:42.236 [taskScheduler-9] WARN  c.q.federated.service.FederatedCoordinatorService - Node 11 marked as inactive due to heartbeat timeout
2026-01-17 20:06:42.237 [taskScheduler-9] WARN  c.q.federated.service.FederatedCoordinatorService - Node 111 marked as inactive due to heartbeat timeout
2026-01-17 20:06:47.246 [taskScheduler-9] WARN  c.q.federated.service.FederatedCoordinatorService - Node 11 marked as inactive due to heartbeat timeout
2026-01-17 20:06:47.247 [taskScheduler-9] WARN  c.q.federated.service.FederatedCoordinatorService - Node 111 marked as inactive due to heartbeat timeout
2026-01-17 20:06:52.255 [taskScheduler-9] WARN  c.q.federated.service.FederatedCoordinatorService - Node 11 marked as inactive due to heartbeat timeout
2026-01-17 20:06:52.256 [taskScheduler-9] WARN  c.q.federated.service.FederatedCoordinatorService - Node 111 marked as inactive due to heartbeat timeout
2026-01-17 20:06:57.267 [taskScheduler-9] WARN  c.q.federated.service.FederatedCoordinatorService - Node 11 marked as inactive due to heartbeat timeout
2026-01-17 20:06:57.268 [taskScheduler-9] WARN  c.q.federated.service.FederatedCoordinatorService - Node 111 marked as inactive due to heartbeat timeout
2026-01-17 20:07:02.281 [taskScheduler-9] WARN  c.q.federated.service.FederatedCoordinatorService - Node 11 marked as inactive due to heartbeat timeout
2026-01-17 20:07:02.282 [taskScheduler-9] WARN  c.q.federated.service.FederatedCoordinatorService - Node 111 marked as inactive due to heartbeat timeout
2026-01-17 20:07:07.298 [taskScheduler-9] WARN  c.q.federated.service.FederatedCoordinatorService - Node 11 marked as inactive due to heartbeat timeout
2026-01-17 20:07:07.298 [taskScheduler-9] WARN  c.q.federated.service.FederatedCoordinatorService - Node 111 marked as inactive due to heartbeat timeout
2026-01-17 20:07:12.313 [taskScheduler-9] WARN  c.q.federated.service.FederatedCoordinatorService - Node 11 marked as inactive due to heartbeat timeout
2026-01-17 20:07:12.313 [taskScheduler-9] WARN  c.q.federated.service.FederatedCoordinatorService - Node 111 marked as inactive due to heartbeat timeout
2026-01-17 20:07:17.323 [taskScheduler-9] WARN  c.q.federated.service.FederatedCoordinatorService - Node 11 marked as inactive due to heartbeat timeout
2026-01-17 20:07:17.323 [taskScheduler-9] WARN  c.q.federated.service.FederatedCoordinatorService - Node 111 marked as inactive due to heartbeat timeout
2026-01-17 20:07:22.341 [taskScheduler-9] WARN  c.q.federated.service.FederatedCoordinatorService - Node 11 marked as inactive due to heartbeat timeout
2026-01-17 20:07:22.341 [taskScheduler-9] WARN  c.q.federated.service.FederatedCoordinatorService - Node 111 marked as inactive due to heartbeat timeout
2026-01-17 20:07:27.361 [taskScheduler-9] WARN  c.q.federated.service.FederatedCoordinatorService - Node 11 marked as inactive due to heartbeat timeout
2026-01-17 20:07:27.361 [taskScheduler-9] WARN  c.q.federated.service.FederatedCoordinatorService - Node 111 marked as inactive due to heartbeat timeout
2026-01-17 20:07:32.370 [taskScheduler-9] WARN  c.q.federated.service.FederatedCoordinatorService - Node 11 marked as inactive due to heartbeat timeout
2026-01-17 20:07:32.370 [taskScheduler-9] WARN  c.q.federated.service.FederatedCoordinatorService - Node 111 marked as inactive due to heartbeat timeout
2026-01-17 20:07:37.380 [taskScheduler-9] WARN  c.q.federated.service.FederatedCoordinatorService - Node 11 marked as inactive due to heartbeat timeout
2026-01-17 20:07:37.380 [taskScheduler-9] WARN  c.q.federated.service.FederatedCoordinatorService - Node 111 marked as inactive due to heartbeat timeout
2026-01-17 20:07:42.392 [taskScheduler-9] WARN  c.q.federated.service.FederatedCoordinatorService - Node 11 marked as inactive due to heartbeat timeout
2026-01-17 20:07:42.392 [taskScheduler-9] WARN  c.q.federated.service.FederatedCoordinatorService - Node 111 marked as inactive due to heartbeat timeout
2026-01-17 20:07:47.412 [taskScheduler-9] WARN  c.q.federated.service.FederatedCoordinatorService - Node 11 marked as inactive due to heartbeat timeout
2026-01-17 20:07:47.412 [taskScheduler-9] WARN  c.q.federated.service.FederatedCoordinatorService - Node 111 marked as inactive due to heartbeat timeout
2026-01-17 20:07:52.429 [taskScheduler-9] WARN  c.q.federated.service.FederatedCoordinatorService - Node 11 marked as inactive due to heartbeat timeout
2026-01-17 20:07:52.429 [taskScheduler-9] WARN  c.q.federated.service.FederatedCoordinatorService - Node 111 marked as inactive due to heartbeat timeout
2026-01-17 20:07:57.440 [taskScheduler-9] WARN  c.q.federated.service.FederatedCoordinatorService - Node 11 marked as inactive due to heartbeat timeout
2026-01-17 20:07:57.441 [taskScheduler-9] WARN  c.q.federated.service.FederatedCoordinatorService - Node 111 marked as inactive due to heartbeat timeout
2026-01-17 20:08:02.447 [taskScheduler-9] WARN  c.q.federated.service.FederatedCoordinatorService - Node 11 marked as inactive due to heartbeat timeout
2026-01-17 20:08:02.447 [taskScheduler-9] WARN  c.q.federated.service.FederatedCoordinatorService - Node 111 marked as inactive due to heartbeat timeout
2026-01-17 20:08:07.459 [taskScheduler-9] WARN  c.q.federated.service.FederatedCoordinatorService - Node 11 marked as inactive due to heartbeat timeout
2026-01-17 20:08:07.459 [taskScheduler-9] WARN  c.q.federated.service.FederatedCoordinatorService - Node 111 marked as inactive due to heartbeat timeout
2026-01-17 20:08:12.467 [taskScheduler-9] WARN  c.q.federated.service.FederatedCoordinatorService - Node 11 marked as inactive due to heartbeat timeout
2026-01-17 20:08:12.468 [taskScheduler-9] WARN  c.q.federated.service.FederatedCoordinatorService - Node 111 marked as inactive due to heartbeat timeout
2026-01-17 20:08:17.477 [taskScheduler-9] WARN  c.q.federated.service.FederatedCoordinatorService - Node 11 marked as inactive due to heartbeat timeout
2026-01-17 20:08:17.477 [taskScheduler-9] WARN  c.q.federated.service.FederatedCoordinatorService - Node 111 marked as inactive due to heartbeat timeout
2026-01-17 20:08:22.489 [taskScheduler-9] WARN  c.q.federated.service.FederatedCoordinatorService - Node 11 marked as inactive due to heartbeat timeout
2026-01-17 20:08:22.489 [taskScheduler-9] WARN  c.q.federated.service.FederatedCoordinatorService - Node 111 marked as inactive due to heartbeat timeout
2026-01-17 20:08:27.498 [taskScheduler-9] WARN  c.q.federated.service.FederatedCoordinatorService - Node 11 marked as inactive due to heartbeat timeout
2026-01-17 20:08:27.499 [taskScheduler-9] WARN  c.q.federated.service.FederatedCoordinatorService - Node 111 marked as inactive due to heartbeat timeout
2026-01-17 20:08:32.510 [taskScheduler-9] WARN  c.q.federated.service.FederatedCoordinatorService - Node 11 marked as inactive due to heartbeat timeout
2026-01-17 20:08:32.510 [taskScheduler-9] WARN  c.q.federated.service.FederatedCoordinatorService - Node 111 marked as inactive due to heartbeat timeout
2026-01-17 20:08:37.526 [taskScheduler-9] WARN  c.q.federated.service.FederatedCoordinatorService - Node 11 marked as inactive due to heartbeat timeout
2026-01-17 20:08:37.527 [taskScheduler-9] WARN  c.q.federated.service.FederatedCoordinatorService - Node 111 marked as inactive due to heartbeat timeout
2026-01-17 20:08:42.540 [taskScheduler-9] WARN  c.q.federated.service.FederatedCoordinatorService - Node 11 marked as inactive due to heartbeat timeout
2026-01-17 20:08:42.540 [taskScheduler-9] WARN  c.q.federated.service.FederatedCoordinatorService - Node 111 marked as inactive due to heartbeat timeout
2026-01-17 20:08:47.558 [taskScheduler-9] WARN  c.q.federated.service.FederatedCoordinatorService - Node 11 marked as inactive due to heartbeat timeout
2026-01-17 20:08:47.559 [taskScheduler-9] WARN  c.q.federated.service.FederatedCoordinatorService - Node 111 marked as inactive due to heartbeat timeout
2026-01-17 20:08:52.579 [taskScheduler-9] WARN  c.q.federated.service.FederatedCoordinatorService - Node 11 marked as inactive due to heartbeat timeout
2026-01-17 20:08:52.580 [taskScheduler-9] WARN  c.q.federated.service.FederatedCoordinatorService - Node 111 marked as inactive due to heartbeat timeout
2026-01-17 20:08:57.589 [taskScheduler-9] WARN  c.q.federated.service.FederatedCoordinatorService - Node 11 marked as inactive due to heartbeat timeout
2026-01-17 20:08:57.589 [taskScheduler-9] WARN  c.q.federated.service.FederatedCoordinatorService - Node 111 marked as inactive due to heartbeat timeout
2026-01-17 20:09:02.603 [taskScheduler-9] WARN  c.q.federated.service.FederatedCoordinatorService - Node 11 marked as inactive due to heartbeat timeout
2026-01-17 20:09:02.603 [taskScheduler-9] WARN  c.q.federated.service.FederatedCoordinatorService - Node 111 marked as inactive due to heartbeat timeout
2026-01-17 20:09:07.610 [taskScheduler-9] WARN  c.q.federated.service.FederatedCoordinatorService - Node 11 marked as inactive due to heartbeat timeout
2026-01-17 20:09:07.611 [taskScheduler-9] WARN  c.q.federated.service.FederatedCoordinatorService - Node 111 marked as inactive due to heartbeat timeout
2026-01-17 20:09:12.625 [taskScheduler-9] WARN  c.q.federated.service.FederatedCoordinatorService - Node 11 marked as inactive due to heartbeat timeout
2026-01-17 20:09:12.625 [taskScheduler-9] WARN  c.q.federated.service.FederatedCoordinatorService - Node 111 marked as inactive due to heartbeat timeout
2026-01-17 20:09:17.641 [taskScheduler-9] WARN  c.q.federated.service.FederatedCoordinatorService - Node 11 marked as inactive due to heartbeat timeout
2026-01-17 20:09:17.642 [taskScheduler-9] WARN  c.q.federated.service.FederatedCoordinatorService - Node 111 marked as inactive due to heartbeat timeout
2026-01-17 20:09:22.652 [taskScheduler-9] WARN  c.q.federated.service.FederatedCoordinatorService - Node 11 marked as inactive due to heartbeat timeout
2026-01-17 20:09:22.652 [taskScheduler-9] WARN  c.q.federated.service.FederatedCoordinatorService - Node 111 marked as inactive due to heartbeat timeout
2026-01-17 20:09:27.678 [taskScheduler-9] WARN  c.q.federated.service.FederatedCoordinatorService - Node 11 marked as inactive due to heartbeat timeout
2026-01-17 20:09:27.679 [taskScheduler-9] WARN  c.q.federated.service.FederatedCoordinatorService - Node 111 marked as inactive due to heartbeat timeout
2026-01-17 20:09:32.693 [taskScheduler-9] WARN  c.q.federated.service.FederatedCoordinatorService - Node 11 marked as inactive due to heartbeat timeout
2026-01-17 20:09:32.694 [taskScheduler-9] WARN  c.q.federated.service.FederatedCoordinatorService - Node 111 marked as inactive due to heartbeat timeout
2026-01-17 20:09:37.703 [taskScheduler-9] WARN  c.q.federated.service.FederatedCoordinatorService - Node 11 marked as inactive due to heartbeat timeout
2026-01-17 20:09:37.703 [taskScheduler-9] WARN  c.q.federated.service.FederatedCoordinatorService - Node 111 marked as inactive due to heartbeat timeout
2026-01-17 20:09:42.723 [taskScheduler-9] WARN  c.q.federated.service.FederatedCoordinatorService - Node 11 marked as inactive due to heartbeat timeout
2026-01-17 20:09:42.723 [taskScheduler-9] WARN  c.q.federated.service.FederatedCoordinatorService - Node 111 marked as inactive due to heartbeat timeout
2026-01-17 20:09:47.736 [taskScheduler-9] WARN  c.q.federated.service.FederatedCoordinatorService - Node 11 marked as inactive due to heartbeat timeout
2026-01-17 20:09:47.737 [taskScheduler-9] WARN  c.q.federated.service.FederatedCoordinatorService - Node 111 marked as inactive due to heartbeat timeout
2026-01-17 20:09:52.750 [taskScheduler-9] WARN  c.q.federated.service.FederatedCoordinatorService - Node 11 marked as inactive due to heartbeat timeout
2026-01-17 20:09:52.751 [taskScheduler-9] WARN  c.q.federated.service.FederatedCoordinatorService - Node 111 marked as inactive due to heartbeat timeout
2026-01-17 20:09:57.760 [taskScheduler-9] WARN  c.q.federated.service.FederatedCoordinatorService - Node 11 marked as inactive due to heartbeat timeout
2026-01-17 20:09:57.761 [taskScheduler-9] WARN  c.q.federated.service.FederatedCoordinatorService - Node 111 marked as inactive due to heartbeat timeout
2026-01-17 20:10:02.767 [taskScheduler-9] WARN  c.q.federated.service.FederatedCoordinatorService - Node 11 marked as inactive due to heartbeat timeout
2026-01-17 20:10:02.768 [taskScheduler-9] WARN  c.q.federated.service.FederatedCoordinatorService - Node 111 marked as inactive due to heartbeat timeout
2026-01-17 20:10:07.775 [taskScheduler-9] WARN  c.q.federated.service.FederatedCoordinatorService - Node 11 marked as inactive due to heartbeat timeout
2026-01-17 20:10:07.775 [taskScheduler-9] WARN  c.q.federated.service.FederatedCoordinatorService - Node 111 marked as inactive due to heartbeat timeout
2026-01-17 20:10:12.795 [taskScheduler-9] WARN  c.q.federated.service.FederatedCoordinatorService - Node 11 marked as inactive due to heartbeat timeout
2026-01-17 20:10:12.795 [taskScheduler-9] WARN  c.q.federated.service.FederatedCoordinatorService - Node 111 marked as inactive due to heartbeat timeout
2026-01-17 20:10:17.809 [taskScheduler-9] WARN  c.q.federated.service.FederatedCoordinatorService - Node 11 marked as inactive due to heartbeat timeout
2026-01-17 20:10:17.809 [taskScheduler-9] WARN  c.q.federated.service.FederatedCoordinatorService - Node 111 marked as inactive due to heartbeat timeout
2026-01-17 20:10:22.819 [taskScheduler-9] WARN  c.q.federated.service.FederatedCoordinatorService - Node 11 marked as inactive due to heartbeat timeout
2026-01-17 20:10:22.820 [taskScheduler-9] WARN  c.q.federated.service.FederatedCoordinatorService - Node 111 marked as inactive due to heartbeat timeout
2026-01-17 20:10:27.831 [taskScheduler-9] WARN  c.q.federated.service.FederatedCoordinatorService - Node 11 marked as inactive due to heartbeat timeout
2026-01-17 20:10:27.832 [taskScheduler-9] WARN  c.q.federated.service.FederatedCoordinatorService - Node 111 marked as inactive due to heartbeat timeout
2026-01-17 20:10:32.841 [taskScheduler-9] WARN  c.q.federated.service.FederatedCoordinatorService - Node 11 marked as inactive due to heartbeat timeout
2026-01-17 20:10:32.842 [taskScheduler-9] WARN  c.q.federated.service.FederatedCoordinatorService - Node 111 marked as inactive due to heartbeat timeout
2026-01-17 20:10:37.859 [taskScheduler-9] WARN  c.q.federated.service.FederatedCoordinatorService - Node 11 marked as inactive due to heartbeat timeout
2026-01-17 20:10:37.860 [taskScheduler-9] WARN  c.q.federated.service.FederatedCoordinatorService - Node 111 marked as inactive due to heartbeat timeout
2026-01-17 20:10:42.874 [taskScheduler-9] WARN  c.q.federated.service.FederatedCoordinatorService - Node 11 marked as inactive due to heartbeat timeout
2026-01-17 20:10:42.875 [taskScheduler-9] WARN  c.q.federated.service.FederatedCoordinatorService - Node 111 marked as inactive due to heartbeat timeout
2026-01-17 20:10:47.890 [taskScheduler-9] WARN  c.q.federated.service.FederatedCoordinatorService - Node 11 marked as inactive due to heartbeat timeout
2026-01-17 20:10:47.890 [taskScheduler-9] WARN  c.q.federated.service.FederatedCoordinatorService - Node 111 marked as inactive due to heartbeat timeout
2026-01-17 20:10:52.907 [taskScheduler-9] WARN  c.q.federated.service.FederatedCoordinatorService - Node 11 marked as inactive due to heartbeat timeout
2026-01-17 20:10:52.907 [taskScheduler-9] WARN  c.q.federated.service.FederatedCoordinatorService - Node 111 marked as inactive due to heartbeat timeout
2026-01-17 20:10:57.924 [taskScheduler-9] WARN  c.q.federated.service.FederatedCoordinatorService - Node 11 marked as inactive due to heartbeat timeout
2026-01-17 20:10:57.924 [taskScheduler-9] WARN  c.q.federated.service.FederatedCoordinatorService - Node 111 marked as inactive due to heartbeat timeout
2026-01-17 20:11:02.931 [taskScheduler-9] WARN  c.q.federated.service.FederatedCoordinatorService - Node 11 marked as inactive due to heartbeat timeout
2026-01-17 20:11:02.932 [taskScheduler-9] WARN  c.q.federated.service.FederatedCoordinatorService - Node 111 marked as inactive due to heartbeat timeout
2026-01-17 20:11:07.958 [taskScheduler-9] WARN  c.q.federated.service.FederatedCoordinatorService - Node 11 marked as inactive due to heartbeat timeout
2026-01-17 20:11:07.959 [taskScheduler-9] WARN  c.q.federated.service.FederatedCoordinatorService - Node 111 marked as inactive due to heartbeat timeout
2026-01-17 20:11:12.967 [taskScheduler-9] WARN  c.q.federated.service.FederatedCoordinatorService - Node 11 marked as inactive due to heartbeat timeout
2026-01-17 20:11:12.967 [taskScheduler-9] WARN  c.q.federated.service.FederatedCoordinatorService - Node 111 marked as inactive due to heartbeat timeout
2026-01-17 20:11:17.985 [taskScheduler-9] WARN  c.q.federated.service.FederatedCoordinatorService - Node 11 marked as inactive due to heartbeat timeout
2026-01-17 20:11:17.985 [taskScheduler-9] WARN  c.q.federated.service.FederatedCoordinatorService - Node 111 marked as inactive due to heartbeat timeout
2026-01-17 20:11:22.991 [taskScheduler-9] WARN  c.q.federated.service.FederatedCoordinatorService - Node 11 marked as inactive due to heartbeat timeout
2026-01-17 20:11:22.991 [taskScheduler-9] WARN  c.q.federated.service.FederatedCoordinatorService - Node 111 marked as inactive due to heartbeat timeout
2026-01-17 20:11:28.004 [taskScheduler-9] WARN  c.q.federated.service.FederatedCoordinatorService - Node 11 marked as inactive due to heartbeat timeout
2026-01-17 20:11:28.005 [taskScheduler-9] WARN  c.q.federated.service.FederatedCoordinatorService - Node 111 marked as inactive due to heartbeat timeout
2026-01-17 20:11:33.022 [taskScheduler-9] WARN  c.q.federated.service.FederatedCoordinatorService - Node 11 marked as inactive due to heartbeat timeout
2026-01-17 20:11:33.023 [taskScheduler-9] WARN  c.q.federated.service.FederatedCoordinatorService - Node 111 marked as inactive due to heartbeat timeout
2026-01-17 20:11:38.034 [taskScheduler-9] WARN  c.q.federated.service.FederatedCoordinatorService - Node 11 marked as inactive due to heartbeat timeout
2026-01-17 20:11:38.035 [taskScheduler-9] WARN  c.q.federated.service.FederatedCoordinatorService - Node 111 marked as inactive due to heartbeat timeout
2026-01-17 20:11:43.056 [taskScheduler-9] WARN  c.q.federated.service.FederatedCoordinatorService - Node 11 marked as inactive due to heartbeat timeout
2026-01-17 20:11:43.056 [taskScheduler-9] WARN  c.q.federated.service.FederatedCoordinatorService - Node 111 marked as inactive due to heartbeat timeout
2026-01-17 20:11:48.070 [taskScheduler-9] WARN  c.q.federated.service.FederatedCoordinatorService - Node 11 marked as inactive due to heartbeat timeout
2026-01-17 20:11:48.071 [taskScheduler-9] WARN  c.q.federated.service.FederatedCoordinatorService - Node 111 marked as inactive due to heartbeat timeout
2026-01-17 20:11:53.081 [taskScheduler-9] WARN  c.q.federated.service.FederatedCoordinatorService - Node 11 marked as inactive due to heartbeat timeout
2026-01-17 20:11:53.081 [taskScheduler-9] WARN  c.q.federated.service.FederatedCoordinatorService - Node 111 marked as inactive due to heartbeat timeout
2026-01-17 20:11:58.090 [taskScheduler-9] WARN  c.q.federated.service.FederatedCoordinatorService - Node 11 marked as inactive due to heartbeat timeout
2026-01-17 20:11:58.091 [taskScheduler-9] WARN  c.q.federated.service.FederatedCoordinatorService - Node 111 marked as inactive due to heartbeat timeout
2026-01-17 20:12:03.104 [taskScheduler-9] WARN  c.q.federated.service.FederatedCoordinatorService - Node 11 marked as inactive due to heartbeat timeout
2026-01-17 20:12:03.105 [taskScheduler-9] WARN  c.q.federated.service.FederatedCoordinatorService - Node 111 marked as inactive due to heartbeat timeout
2026-01-17 20:12:08.123 [taskScheduler-9] WARN  c.q.federated.service.FederatedCoordinatorService - Node 11 marked as inactive due to heartbeat timeout
2026-01-17 20:12:08.123 [taskScheduler-9] WARN  c.q.federated.service.FederatedCoordinatorService - Node 111 marked as inactive due to heartbeat timeout
2026-01-17 20:12:13.137 [taskScheduler-9] WARN  c.q.federated.service.FederatedCoordinatorService - Node 11 marked as inactive due to heartbeat timeout
2026-01-17 20:12:13.138 [taskScheduler-9] WARN  c.q.federated.service.FederatedCoordinatorService - Node 111 marked as inactive due to heartbeat timeout
2026-01-17 20:12:18.155 [taskScheduler-9] WARN  c.q.federated.service.FederatedCoordinatorService - Node 11 marked as inactive due to heartbeat timeout
2026-01-17 20:12:18.155 [taskScheduler-9] WARN  c.q.federated.service.FederatedCoordinatorService - Node 111 marked as inactive due to heartbeat timeout
2026-01-17 20:12:23.172 [taskScheduler-9] WARN  c.q.federated.service.FederatedCoordinatorService - Node 11 marked as inactive due to heartbeat timeout
2026-01-17 20:12:23.173 [taskScheduler-9] WARN  c.q.federated.service.FederatedCoordinatorService - Node 111 marked as inactive due to heartbeat timeout
2026-01-17 20:12:28.184 [taskScheduler-9] WARN  c.q.federated.service.FederatedCoordinatorService - Node 11 marked as inactive due to heartbeat timeout
2026-01-17 20:12:28.184 [taskScheduler-9] WARN  c.q.federated.service.FederatedCoordinatorService - Node 111 marked as inactive due to heartbeat timeout
2026-01-17 20:12:33.189 [taskScheduler-9] WARN  c.q.federated.service.FederatedCoordinatorService - Node 11 marked as inactive due to heartbeat timeout
2026-01-17 20:12:33.190 [taskScheduler-9] WARN  c.q.federated.service.FederatedCoordinatorService - Node 111 marked as inactive due to heartbeat timeout
2026-01-17 20:12:38.206 [taskScheduler-9] WARN  c.q.federated.service.FederatedCoordinatorService - Node 11 marked as inactive due to heartbeat timeout
2026-01-17 20:12:38.207 [taskScheduler-9] WARN  c.q.federated.service.FederatedCoordinatorService - Node 111 marked as inactive due to heartbeat timeout
2026-01-17 20:12:43.218 [taskScheduler-9] WARN  c.q.federated.service.FederatedCoordinatorService - Node 11 marked as inactive due to heartbeat timeout
2026-01-17 20:12:43.218 [taskScheduler-9] WARN  c.q.federated.service.FederatedCoordinatorService - Node 111 marked as inactive due to heartbeat timeout
2026-01-17 20:12:48.227 [taskScheduler-9] WARN  c.q.federated.service.FederatedCoordinatorService - Node 11 marked as inactive due to heartbeat timeout
2026-01-17 20:12:48.228 [taskScheduler-9] WARN  c.q.federated.service.FederatedCoordinatorService - Node 111 marked as inactive due to heartbeat timeout
2026-01-17 20:12:53.237 [taskScheduler-9] WARN  c.q.federated.service.FederatedCoordinatorService - Node 11 marked as inactive due to heartbeat timeout
2026-01-17 20:12:53.238 [taskScheduler-9] WARN  c.q.federated.service.FederatedCoordinatorService - Node 111 marked as inactive due to heartbeat timeout
2026-01-17 20:12:58.258 [taskScheduler-9] WARN  c.q.federated.service.FederatedCoordinatorService - Node 11 marked as inactive due to heartbeat timeout
2026-01-17 20:12:58.258 [taskScheduler-9] WARN  c.q.federated.service.FederatedCoordinatorService - Node 111 marked as inactive due to heartbeat timeout
2026-01-17 20:13:03.275 [taskScheduler-9] WARN  c.q.federated.service.FederatedCoordinatorService - Node 11 marked as inactive due to heartbeat timeout
2026-01-17 20:13:03.276 [taskScheduler-9] WARN  c.q.federated.service.FederatedCoordinatorService - Node 111 marked as inactive due to heartbeat timeout
2026-01-17 20:13:08.288 [taskScheduler-9] WARN  c.q.federated.service.FederatedCoordinatorService - Node 11 marked as inactive due to heartbeat timeout
2026-01-17 20:13:08.289 [taskScheduler-9] WARN  c.q.federated.service.FederatedCoordinatorService - Node 111 marked as inactive due to heartbeat timeout
2026-01-17 20:13:13.306 [taskScheduler-9] WARN  c.q.federated.service.FederatedCoordinatorService - Node 11 marked as inactive due to heartbeat timeout
2026-01-17 20:13:13.307 [taskScheduler-9] WARN  c.q.federated.service.FederatedCoordinatorService - Node 111 marked as inactive due to heartbeat timeout
2026-01-17 20:13:18.316 [taskScheduler-9] WARN  c.q.federated.service.FederatedCoordinatorService - Node 11 marked as inactive due to heartbeat timeout
2026-01-17 20:13:18.317 [taskScheduler-9] WARN  c.q.federated.service.FederatedCoordinatorService - Node 111 marked as inactive due to heartbeat timeout
2026-01-17 20:13:23.336 [taskScheduler-9] WARN  c.q.federated.service.FederatedCoordinatorService - Node 11 marked as inactive due to heartbeat timeout
2026-01-17 20:13:23.336 [taskScheduler-9] WARN  c.q.federated.service.FederatedCoordinatorService - Node 111 marked as inactive due to heartbeat timeout
2026-01-17 20:13:28.352 [taskScheduler-9] WARN  c.q.federated.service.FederatedCoordinatorService - Node 11 marked as inactive due to heartbeat timeout
2026-01-17 20:13:28.353 [taskScheduler-9] WARN  c.q.federated.service.FederatedCoordinatorService - Node 111 marked as inactive due to heartbeat timeout
2026-01-17 20:13:33.368 [taskScheduler-9] WARN  c.q.federated.service.FederatedCoordinatorService - Node 11 marked as inactive due to heartbeat timeout
2026-01-17 20:13:33.369 [taskScheduler-9] WARN  c.q.federated.service.FederatedCoordinatorService - Node 111 marked as inactive due to heartbeat timeout
2026-01-17 20:13:38.386 [taskScheduler-9] WARN  c.q.federated.service.FederatedCoordinatorService - Node 11 marked as inactive due to heartbeat timeout
2026-01-17 20:13:38.387 [taskScheduler-9] WARN  c.q.federated.service.FederatedCoordinatorService - Node 111 marked as inactive due to heartbeat timeout
2026-01-17 20:13:43.403 [taskScheduler-9] WARN  c.q.federated.service.FederatedCoordinatorService - Node 11 marked as inactive due to heartbeat timeout
2026-01-17 20:13:43.404 [taskScheduler-9] WARN  c.q.federated.service.FederatedCoordinatorService - Node 111 marked as inactive due to heartbeat timeout
2026-01-17 20:13:48.421 [taskScheduler-9] WARN  c.q.federated.service.FederatedCoordinatorService - Node 11 marked as inactive due to heartbeat timeout
2026-01-17 20:13:48.421 [taskScheduler-9] WARN  c.q.federated.service.FederatedCoordinatorService - Node 111 marked as inactive due to heartbeat timeout
2026-01-17 20:13:53.438 [taskScheduler-9] WARN  c.q.federated.service.FederatedCoordinatorService - Node 11 marked as inactive due to heartbeat timeout
2026-01-17 20:13:53.438 [taskScheduler-9] WARN  c.q.federated.service.FederatedCoordinatorService - Node 111 marked as inactive due to heartbeat timeout
2026-01-17 20:13:58.459 [taskScheduler-9] WARN  c.q.federated.service.FederatedCoordinatorService - Node 11 marked as inactive due to heartbeat timeout
2026-01-17 20:13:58.459 [taskScheduler-9] WARN  c.q.federated.service.FederatedCoordinatorService - Node 111 marked as inactive due to heartbeat timeout
2026-01-17 20:14:03.472 [taskScheduler-9] WARN  c.q.federated.service.FederatedCoordinatorService - Node 11 marked as inactive due to heartbeat timeout
2026-01-17 20:14:03.472 [taskScheduler-9] WARN  c.q.federated.service.FederatedCoordinatorService - Node 111 marked as inactive due to heartbeat timeout
2026-01-17 20:14:08.486 [taskScheduler-9] WARN  c.q.federated.service.FederatedCoordinatorService - Node 11 marked as inactive due to heartbeat timeout
2026-01-17 20:14:08.486 [taskScheduler-9] WARN  c.q.federated.service.FederatedCoordinatorService - Node 111 marked as inactive due to heartbeat timeout
2026-01-17 20:14:13.504 [taskScheduler-9] WARN  c.q.federated.service.FederatedCoordinatorService - Node 11 marked as inactive due to heartbeat timeout
2026-01-17 20:14:13.504 [taskScheduler-9] WARN  c.q.federated.service.FederatedCoordinatorService - Node 111 marked as inactive due to heartbeat timeout
2026-01-17 20:14:18.512 [taskScheduler-9] WARN  c.q.federated.service.FederatedCoordinatorService - Node 11 marked as inactive due to heartbeat timeout
2026-01-17 20:14:18.513 [taskScheduler-9] WARN  c.q.federated.service.FederatedCoordinatorService - Node 111 marked as inactive due to heartbeat timeout
2026-01-17 20:14:23.524 [taskScheduler-9] WARN  c.q.federated.service.FederatedCoordinatorService - Node 11 marked as inactive due to heartbeat timeout
2026-01-17 20:14:23.525 [taskScheduler-9] WARN  c.q.federated.service.FederatedCoordinatorService - Node 111 marked as inactive due to heartbeat timeout
2026-01-17 20:14:28.543 [taskScheduler-9] WARN  c.q.federated.service.FederatedCoordinatorService - Node 11 marked as inactive due to heartbeat timeout
2026-01-17 20:14:28.544 [taskScheduler-9] WARN  c.q.federated.service.FederatedCoordinatorService - Node 111 marked as inactive due to heartbeat timeout
2026-01-17 20:14:33.553 [taskScheduler-9] WARN  c.q.federated.service.FederatedCoordinatorService - Node 11 marked as inactive due to heartbeat timeout
2026-01-17 20:14:33.554 [taskScheduler-9] WARN  c.q.federated.service.FederatedCoordinatorService - Node 111 marked as inactive due to heartbeat timeout
2026-01-17 20:14:38.572 [taskScheduler-9] WARN  c.q.federated.service.FederatedCoordinatorService - Node 11 marked as inactive due to heartbeat timeout
2026-01-17 20:14:38.572 [taskScheduler-9] WARN  c.q.federated.service.FederatedCoordinatorService - Node 111 marked as inactive due to heartbeat timeout
2026-01-17 20:14:43.582 [taskScheduler-9] WARN  c.q.federated.service.FederatedCoordinatorService - Node 11 marked as inactive due to heartbeat timeout
2026-01-17 20:14:43.583 [taskScheduler-9] WARN  c.q.federated.service.FederatedCoordinatorService - Node 111 marked as inactive due to heartbeat timeout
2026-01-17 20:14:48.602 [taskScheduler-9] WARN  c.q.federated.service.FederatedCoordinatorService - Node 11 marked as inactive due to heartbeat timeout
2026-01-17 20:14:48.602 [taskScheduler-9] WARN  c.q.federated.service.FederatedCoordinatorService - Node 111 marked as inactive due to heartbeat timeout
2026-01-17 20:14:53.621 [taskScheduler-9] WARN  c.q.federated.service.FederatedCoordinatorService - Node 11 marked as inactive due to heartbeat timeout
2026-01-17 20:14:53.621 [taskScheduler-9] WARN  c.q.federated.service.FederatedCoordinatorService - Node 111 marked as inactive due to heartbeat timeout
2026-01-17 20:14:58.634 [taskScheduler-9] WARN  c.q.federated.service.FederatedCoordinatorService - Node 11 marked as inactive due to heartbeat timeout
2026-01-17 20:14:58.634 [taskScheduler-9] WARN  c.q.federated.service.FederatedCoordinatorService - Node 111 marked as inactive due to heartbeat timeout
2026-01-17 20:15:03.651 [taskScheduler-9] WARN  c.q.federated.service.FederatedCoordinatorService - Node 11 marked as inactive due to heartbeat timeout
2026-01-17 20:15:03.652 [taskScheduler-9] WARN  c.q.federated.service.FederatedCoordinatorService - Node 111 marked as inactive due to heartbeat timeout
2026-01-17 20:15:08.669 [taskScheduler-9] WARN  c.q.federated.service.FederatedCoordinatorService - Node 11 marked as inactive due to heartbeat timeout
2026-01-17 20:15:08.669 [taskScheduler-9] WARN  c.q.federated.service.FederatedCoordinatorService - Node 111 marked as inactive due to heartbeat timeout
2026-01-17 20:15:13.687 [taskScheduler-9] WARN  c.q.federated.service.FederatedCoordinatorService - Node 11 marked as inactive due to heartbeat timeout
2026-01-17 20:15:13.687 [taskScheduler-9] WARN  c.q.federated.service.FederatedCoordinatorService - Node 111 marked as inactive due to heartbeat timeout
2026-01-17 20:15:18.696 [taskScheduler-9] WARN  c.q.federated.service.FederatedCoordinatorService - Node 11 marked as inactive due to heartbeat timeout
2026-01-17 20:15:18.697 [taskScheduler-9] WARN  c.q.federated.service.FederatedCoordinatorService - Node 111 marked as inactive due to heartbeat timeout
2026-01-17 20:15:23.705 [taskScheduler-9] WARN  c.q.federated.service.FederatedCoordinatorService - Node 11 marked as inactive due to heartbeat timeout
2026-01-17 20:15:23.706 [taskScheduler-9] WARN  c.q.federated.service.FederatedCoordinatorService - Node 111 marked as inactive due to heartbeat timeout
2026-01-17 20:15:28.717 [taskScheduler-9] WARN  c.q.federated.service.FederatedCoordinatorService - Node 11 marked as inactive due to heartbeat timeout
2026-01-17 20:15:28.717 [taskScheduler-9] WARN  c.q.federated.service.FederatedCoordinatorService - Node 111 marked as inactive due to heartbeat timeout
2026-01-17 20:15:33.735 [taskScheduler-9] WARN  c.q.federated.service.FederatedCoordinatorService - Node 11 marked as inactive due to heartbeat timeout
2026-01-17 20:15:33.735 [taskScheduler-9] WARN  c.q.federated.service.FederatedCoordinatorService - Node 111 marked as inactive due to heartbeat timeout
2026-01-17 20:15:38.754 [taskScheduler-9] WARN  c.q.federated.service.FederatedCoordinatorService - Node 11 marked as inactive due to heartbeat timeout
2026-01-17 20:15:38.754 [taskScheduler-9] WARN  c.q.federated.service.FederatedCoordinatorService - Node 111 marked as inactive due to heartbeat timeout
2026-01-17 20:15:43.766 [taskScheduler-9] WARN  c.q.federated.service.FederatedCoordinatorService - Node 11 marked as inactive due to heartbeat timeout
2026-01-17 20:15:43.767 [taskScheduler-9] WARN  c.q.federated.service.FederatedCoordinatorService - Node 111 marked as inactive due to heartbeat timeout
2026-01-17 20:15:48.773 [taskScheduler-9] WARN  c.q.federated.service.FederatedCoordinatorService - Node 11 marked as inactive due to heartbeat timeout
2026-01-17 20:15:48.774 [taskScheduler-9] WARN  c.q.federated.service.FederatedCoordinatorService - Node 111 marked as inactive due to heartbeat timeout
2026-01-17 20:15:53.791 [taskScheduler-9] WARN  c.q.federated.service.FederatedCoordinatorService - Node 11 marked as inactive due to heartbeat timeout
2026-01-17 20:15:53.792 [taskScheduler-9] WARN  c.q.federated.service.FederatedCoordinatorService - Node 111 marked as inactive due to heartbeat timeout
2026-01-17 20:15:58.800 [taskScheduler-9] WARN  c.q.federated.service.FederatedCoordinatorService - Node 11 marked as inactive due to heartbeat timeout
2026-01-17 20:15:58.800 [taskScheduler-9] WARN  c.q.federated.service.FederatedCoordinatorService - Node 111 marked as inactive due to heartbeat timeout
2026-01-17 20:16:03.807 [taskScheduler-9] WARN  c.q.federated.service.FederatedCoordinatorService - Node 11 marked as inactive due to heartbeat timeout
2026-01-17 20:16:03.808 [taskScheduler-9] WARN  c.q.federated.service.FederatedCoordinatorService - Node 111 marked as inactive due to heartbeat timeout
2026-01-17 20:16:08.815 [taskScheduler-9] WARN  c.q.federated.service.FederatedCoordinatorService - Node 11 marked as inactive due to heartbeat timeout
2026-01-17 20:16:08.815 [taskScheduler-9] WARN  c.q.federated.service.FederatedCoordinatorService - Node 111 marked as inactive due to heartbeat timeout
2026-01-17 20:16:13.831 [taskScheduler-9] WARN  c.q.federated.service.FederatedCoordinatorService - Node 11 marked as inactive due to heartbeat timeout
2026-01-17 20:16:13.831 [taskScheduler-9] WARN  c.q.federated.service.FederatedCoordinatorService - Node 111 marked as inactive due to heartbeat timeout
2026-01-17 20:16:18.844 [taskScheduler-9] WARN  c.q.federated.service.FederatedCoordinatorService - Node 11 marked as inactive due to heartbeat timeout
2026-01-17 20:16:18.845 [taskScheduler-9] WARN  c.q.federated.service.FederatedCoordinatorService - Node 111 marked as inactive due to heartbeat timeout
2026-01-17 20:16:23.851 [taskScheduler-9] WARN  c.q.federated.service.FederatedCoordinatorService - Node 11 marked as inactive due to heartbeat timeout
2026-01-17 20:16:23.851 [taskScheduler-9] WARN  c.q.federated.service.FederatedCoordinatorService - Node 111 marked as inactive due to heartbeat timeout
2026-01-17 20:16:28.860 [taskScheduler-9] WARN  c.q.federated.service.FederatedCoordinatorService - Node 11 marked as inactive due to heartbeat timeout
2026-01-17 20:16:28.860 [taskScheduler-9] WARN  c.q.federated.service.FederatedCoordinatorService - Node 111 marked as inactive due to heartbeat timeout
2026-01-17 20:16:33.868 [taskScheduler-9] WARN  c.q.federated.service.FederatedCoordinatorService - Node 11 marked as inactive due to heartbeat timeout
2026-01-17 20:16:33.868 [taskScheduler-9] WARN  c.q.federated.service.FederatedCoordinatorService - Node 111 marked as inactive due to heartbeat timeout
2026-01-17 20:16:38.883 [taskScheduler-9] WARN  c.q.federated.service.FederatedCoordinatorService - Node 11 marked as inactive due to heartbeat timeout
2026-01-17 20:16:38.884 [taskScheduler-9] WARN  c.q.federated.service.FederatedCoordinatorService - Node 111 marked as inactive due to heartbeat timeout
2026-01-17 20:16:43.891 [taskScheduler-9] WARN  c.q.federated.service.FederatedCoordinatorService - Node 11 marked as inactive due to heartbeat timeout
2026-01-17 20:16:43.892 [taskScheduler-9] WARN  c.q.federated.service.FederatedCoordinatorService - Node 111 marked as inactive due to heartbeat timeout
2026-01-17 20:16:48.897 [taskScheduler-9] WARN  c.q.federated.service.FederatedCoordinatorService - Node 11 marked as inactive due to heartbeat timeout
2026-01-17 20:16:48.897 [taskScheduler-9] WARN  c.q.federated.service.FederatedCoordinatorService - Node 111 marked as inactive due to heartbeat timeout
2026-01-17 20:16:53.915 [taskScheduler-9] WARN  c.q.federated.service.FederatedCoordinatorService - Node 11 marked as inactive due to heartbeat timeout
2026-01-17 20:16:53.915 [taskScheduler-9] WARN  c.q.federated.service.FederatedCoordinatorService - Node 111 marked as inactive due to heartbeat timeout
2026-01-17 20:16:58.935 [taskScheduler-9] WARN  c.q.federated.service.FederatedCoordinatorService - Node 11 marked as inactive due to heartbeat timeout
2026-01-17 20:16:58.935 [taskScheduler-9] WARN  c.q.federated.service.FederatedCoordinatorService - Node 111 marked as inactive due to heartbeat timeout
2026-01-17 20:17:03.946 [taskScheduler-9] WARN  c.q.federated.service.FederatedCoordinatorService - Node 11 marked as inactive due to heartbeat timeout
2026-01-17 20:17:03.946 [taskScheduler-9] WARN  c.q.federated.service.FederatedCoordinatorService - Node 111 marked as inactive due to heartbeat timeout
2026-01-17 20:17:08.954 [taskScheduler-9] WARN  c.q.federated.service.FederatedCoordinatorService - Node 11 marked as inactive due to heartbeat timeout
2026-01-17 20:17:08.955 [taskScheduler-9] WARN  c.q.federated.service.FederatedCoordinatorService - Node 111 marked as inactive due to heartbeat timeout
2026-01-17 20:17:13.963 [taskScheduler-9] WARN  c.q.federated.service.FederatedCoordinatorService - Node 11 marked as inactive due to heartbeat timeout
2026-01-17 20:17:13.963 [taskScheduler-9] WARN  c.q.federated.service.FederatedCoordinatorService - Node 111 marked as inactive due to heartbeat timeout
2026-01-17 20:17:18.981 [taskScheduler-9] WARN  c.q.federated.service.FederatedCoordinatorService - Node 11 marked as inactive due to heartbeat timeout
2026-01-17 20:17:18.982 [taskScheduler-9] WARN  c.q.federated.service.FederatedCoordinatorService - Node 111 marked as inactive due to heartbeat timeout
2026-01-17 20:17:23.996 [taskScheduler-9] WARN  c.q.federated.service.FederatedCoordinatorService - Node 11 marked as inactive due to heartbeat timeout
2026-01-17 20:17:23.996 [taskScheduler-9] WARN  c.q.federated.service.FederatedCoordinatorService - Node 111 marked as inactive due to heartbeat timeout
2026-01-17 20:17:29.007 [taskScheduler-9] WARN  c.q.federated.service.FederatedCoordinatorService - Node 11 marked as inactive due to heartbeat timeout
2026-01-17 20:17:29.007 [taskScheduler-9] WARN  c.q.federated.service.FederatedCoordinatorService - Node 111 marked as inactive due to heartbeat timeout
2026-01-17 20:17:34.019 [taskScheduler-9] WARN  c.q.federated.service.FederatedCoordinatorService - Node 11 marked as inactive due to heartbeat timeout
2026-01-17 20:17:34.020 [taskScheduler-9] WARN  c.q.federated.service.FederatedCoordinatorService - Node 111 marked as inactive due to heartbeat timeout
2026-01-17 20:17:39.033 [taskScheduler-9] WARN  c.q.federated.service.FederatedCoordinatorService - Node 11 marked as inactive due to heartbeat timeout
2026-01-17 20:17:39.033 [taskScheduler-9] WARN  c.q.federated.service.FederatedCoordinatorService - Node 111 marked as inactive due to heartbeat timeout
2026-01-17 20:17:44.043 [taskScheduler-9] WARN  c.q.federated.service.FederatedCoordinatorService - Node 11 marked as inactive due to heartbeat timeout
2026-01-17 20:17:44.044 [taskScheduler-9] WARN  c.q.federated.service.FederatedCoordinatorService - Node 111 marked as inactive due to heartbeat timeout
2026-01-17 20:17:49.050 [taskScheduler-9] WARN  c.q.federated.service.FederatedCoordinatorService - Node 11 marked as inactive due to heartbeat timeout
2026-01-17 20:17:49.050 [taskScheduler-9] WARN  c.q.federated.service.FederatedCoordinatorService - Node 111 marked as inactive due to heartbeat timeout
2026-01-17 20:17:54.059 [taskScheduler-9] WARN  c.q.federated.service.FederatedCoordinatorService - Node 11 marked as inactive due to heartbeat timeout
2026-01-17 20:17:54.060 [taskScheduler-9] WARN  c.q.federated.service.FederatedCoordinatorService - Node 111 marked as inactive due to heartbeat timeout
2026-01-17 20:17:59.066 [taskScheduler-9] WARN  c.q.federated.service.FederatedCoordinatorService - Node 11 marked as inactive due to heartbeat timeout
2026-01-17 20:17:59.066 [taskScheduler-9] WARN  c.q.federated.service.FederatedCoordinatorService - Node 111 marked as inactive due to heartbeat timeout
2026-01-17 20:18:04.080 [taskScheduler-9] WARN  c.q.federated.service.FederatedCoordinatorService - Node 11 marked as inactive due to heartbeat timeout
2026-01-17 20:18:04.081 [taskScheduler-9] WARN  c.q.federated.service.FederatedCoordinatorService - Node 111 marked as inactive due to heartbeat timeout
2026-01-17 20:18:09.091 [taskScheduler-9] WARN  c.q.federated.service.FederatedCoordinatorService - Node 11 marked as inactive due to heartbeat timeout
2026-01-17 20:18:09.091 [taskScheduler-9] WARN  c.q.federated.service.FederatedCoordinatorService - Node 111 marked as inactive due to heartbeat timeout
2026-01-17 20:18:14.098 [taskScheduler-9] WARN  c.q.federated.service.FederatedCoordinatorService - Node 11 marked as inactive due to heartbeat timeout
2026-01-17 20:18:14.099 [taskScheduler-9] WARN  c.q.federated.service.FederatedCoordinatorService - Node 111 marked as inactive due to heartbeat timeout
2026-01-17 20:18:19.111 [taskScheduler-9] WARN  c.q.federated.service.FederatedCoordinatorService - Node 11 marked as inactive due to heartbeat timeout
2026-01-17 20:18:19.111 [taskScheduler-9] WARN  c.q.federated.service.FederatedCoordinatorService - Node 111 marked as inactive due to heartbeat timeout
2026-01-17 20:18:24.119 [taskScheduler-9] WARN  c.q.federated.service.FederatedCoordinatorService - Node 11 marked as inactive due to heartbeat timeout
2026-01-17 20:18:24.120 [taskScheduler-9] WARN  c.q.federated.service.FederatedCoordinatorService - Node 111 marked as inactive due to heartbeat timeout
2026-01-17 20:18:29.133 [taskScheduler-9] WARN  c.q.federated.service.FederatedCoordinatorService - Node 11 marked as inactive due to heartbeat timeout
2026-01-17 20:18:29.133 [taskScheduler-9] WARN  c.q.federated.service.FederatedCoordinatorService - Node 111 marked as inactive due to heartbeat timeout
2026-01-17 20:18:34.140 [taskScheduler-9] WARN  c.q.federated.service.FederatedCoordinatorService - Node 11 marked as inactive due to heartbeat timeout
2026-01-17 20:18:34.140 [taskScheduler-9] WARN  c.q.federated.service.FederatedCoordinatorService - Node 111 marked as inactive due to heartbeat timeout
2026-01-17 20:18:39.152 [taskScheduler-9] WARN  c.q.federated.service.FederatedCoordinatorService - Node 11 marked as inactive due to heartbeat timeout
2026-01-17 20:18:39.152 [taskScheduler-9] WARN  c.q.federated.service.FederatedCoordinatorService - Node 111 marked as inactive due to heartbeat timeout
2026-01-17 20:18:44.163 [taskScheduler-9] WARN  c.q.federated.service.FederatedCoordinatorService - Node 11 marked as inactive due to heartbeat timeout
2026-01-17 20:18:44.164 [taskScheduler-9] WARN  c.q.federated.service.FederatedCoordinatorService - Node 111 marked as inactive due to heartbeat timeout
2026-01-17 20:18:49.179 [taskScheduler-9] WARN  c.q.federated.service.FederatedCoordinatorService - Node 11 marked as inactive due to heartbeat timeout
2026-01-17 20:18:49.180 [taskScheduler-9] WARN  c.q.federated.service.FederatedCoordinatorService - Node 111 marked as inactive due to heartbeat timeout
2026-01-17 20:18:54.196 [taskScheduler-9] WARN  c.q.federated.service.FederatedCoordinatorService - Node 11 marked as inactive due to heartbeat timeout
2026-01-17 20:18:54.197 [taskScheduler-9] WARN  c.q.federated.service.FederatedCoordinatorService - Node 111 marked as inactive due to heartbeat timeout
2026-01-17 20:18:59.209 [taskScheduler-9] WARN  c.q.federated.service.FederatedCoordinatorService - Node 11 marked as inactive due to heartbeat timeout
2026-01-17 20:18:59.210 [taskScheduler-9] WARN  c.q.federated.service.FederatedCoordinatorService - Node 111 marked as inactive due to heartbeat timeout
2026-01-17 20:19:04.222 [taskScheduler-9] WARN  c.q.federated.service.FederatedCoordinatorService - Node 11 marked as inactive due to heartbeat timeout
2026-01-17 20:19:04.223 [taskScheduler-9] WARN  c.q.federated.service.FederatedCoordinatorService - Node 111 marked as inactive due to heartbeat timeout
2026-01-17 20:19:09.246 [taskScheduler-9] WARN  c.q.federated.service.FederatedCoordinatorService - Node 11 marked as inactive due to heartbeat timeout
2026-01-17 20:19:09.247 [taskScheduler-9] WARN  c.q.federated.service.FederatedCoordinatorService - Node 111 marked as inactive due to heartbeat timeout
2026-01-17 20:19:14.255 [taskScheduler-9] WARN  c.q.federated.service.FederatedCoordinatorService - Node 11 marked as inactive due to heartbeat timeout
2026-01-17 20:19:14.256 [taskScheduler-9] WARN  c.q.federated.service.FederatedCoordinatorService - Node 111 marked as inactive due to heartbeat timeout
2026-01-17 20:19:19.263 [taskScheduler-9] WARN  c.q.federated.service.FederatedCoordinatorService - Node 11 marked as inactive due to heartbeat timeout
2026-01-17 20:19:19.264 [taskScheduler-9] WARN  c.q.federated.service.FederatedCoordinatorService - Node 111 marked as inactive due to heartbeat timeout
2026-01-17 20:19:24.274 [taskScheduler-9] WARN  c.q.federated.service.FederatedCoordinatorService - Node 11 marked as inactive due to heartbeat timeout
2026-01-17 20:19:24.275 [taskScheduler-9] WARN  c.q.federated.service.FederatedCoordinatorService - Node 111 marked as inactive due to heartbeat timeout
2026-01-17 20:19:29.280 [taskScheduler-9] WARN  c.q.federated.service.FederatedCoordinatorService - Node 11 marked as inactive due to heartbeat timeout
2026-01-17 20:19:29.280 [taskScheduler-9] WARN  c.q.federated.service.FederatedCoordinatorService - Node 111 marked as inactive due to heartbeat timeout
2026-01-17 20:19:34.295 [taskScheduler-9] WARN  c.q.federated.service.FederatedCoordinatorService - Node 11 marked as inactive due to heartbeat timeout
2026-01-17 20:19:34.296 [taskScheduler-9] WARN  c.q.federated.service.FederatedCoordinatorService - Node 111 marked as inactive due to heartbeat timeout
2026-01-17 20:19:39.315 [taskScheduler-9] WARN  c.q.federated.service.FederatedCoordinatorService - Node 11 marked as inactive due to heartbeat timeout
2026-01-17 20:19:39.316 [taskScheduler-9] WARN  c.q.federated.service.FederatedCoordinatorService - Node 111 marked as inactive due to heartbeat timeout
2026-01-17 20:19:44.327 [taskScheduler-9] WARN  c.q.federated.service.FederatedCoordinatorService - Node 11 marked as inactive due to heartbeat timeout
2026-01-17 20:19:44.327 [taskScheduler-9] WARN  c.q.federated.service.FederatedCoordinatorService - Node 111 marked as inactive due to heartbeat timeout
2026-01-17 20:19:49.340 [taskScheduler-9] WARN  c.q.federated.service.FederatedCoordinatorService - Node 11 marked as inactive due to heartbeat timeout
2026-01-17 20:19:49.340 [taskScheduler-9] WARN  c.q.federated.service.FederatedCoordinatorService - Node 111 marked as inactive due to heartbeat timeout
2026-01-17 20:19:54.351 [taskScheduler-9] WARN  c.q.federated.service.FederatedCoordinatorService - Node 11 marked as inactive due to heartbeat timeout
2026-01-17 20:19:54.352 [taskScheduler-9] WARN  c.q.federated.service.FederatedCoordinatorService - Node 111 marked as inactive due to heartbeat timeout
2026-01-17 20:19:59.357 [taskScheduler-9] WARN  c.q.federated.service.FederatedCoordinatorService - Node 11 marked as inactive due to heartbeat timeout
2026-01-17 20:19:59.358 [taskScheduler-9] WARN  c.q.federated.service.FederatedCoordinatorService - Node 111 marked as inactive due to heartbeat timeout
2026-01-17 20:20:04.371 [taskScheduler-9] WARN  c.q.federated.service.FederatedCoordinatorService - Node 11 marked as inactive due to heartbeat timeout
2026-01-17 20:20:04.372 [taskScheduler-9] WARN  c.q.federated.service.FederatedCoordinatorService - Node 111 marked as inactive due to heartbeat timeout
2026-01-17 20:20:09.384 [taskScheduler-9] WARN  c.q.federated.service.FederatedCoordinatorService - Node 11 marked as inactive due to heartbeat timeout
2026-01-17 20:20:09.384 [taskScheduler-9] WARN  c.q.federated.service.FederatedCoordinatorService - Node 111 marked as inactive due to heartbeat timeout
2026-01-17 20:20:14.393 [taskScheduler-9] WARN  c.q.federated.service.FederatedCoordinatorService - Node 11 marked as inactive due to heartbeat timeout
2026-01-17 20:20:14.394 [taskScheduler-9] WARN  c.q.federated.service.FederatedCoordinatorService - Node 111 marked as inactive due to heartbeat timeout
2026-01-17 20:20:19.400 [taskScheduler-9] WARN  c.q.federated.service.FederatedCoordinatorService - Node 11 marked as inactive due to heartbeat timeout
2026-01-17 20:20:19.400 [taskScheduler-9] WARN  c.q.federated.service.FederatedCoordinatorService - Node 111 marked as inactive due to heartbeat timeout
2026-01-17 20:20:24.406 [taskScheduler-9] WARN  c.q.federated.service.FederatedCoordinatorService - Node 11 marked as inactive due to heartbeat timeout
2026-01-17 20:20:24.407 [taskScheduler-9] WARN  c.q.federated.service.FederatedCoordinatorService - Node 111 marked as inactive due to heartbeat timeout
2026-01-17 20:20:29.424 [taskScheduler-9] WARN  c.q.federated.service.FederatedCoordinatorService - Node 11 marked as inactive due to heartbeat timeout
2026-01-17 20:20:29.424 [taskScheduler-9] WARN  c.q.federated.service.FederatedCoordinatorService - Node 111 marked as inactive due to heartbeat timeout
2026-01-17 20:20:34.442 [taskScheduler-9] WARN  c.q.federated.service.FederatedCoordinatorService - Node 11 marked as inactive due to heartbeat timeout
2026-01-17 20:20:34.442 [taskScheduler-9] WARN  c.q.federated.service.FederatedCoordinatorService - Node 111 marked as inactive due to heartbeat timeout
2026-01-17 20:20:39.458 [taskScheduler-9] WARN  c.q.federated.service.FederatedCoordinatorService - Node 11 marked as inactive due to heartbeat timeout
2026-01-17 20:20:39.459 [taskScheduler-9] WARN  c.q.federated.service.FederatedCoordinatorService - Node 111 marked as inactive due to heartbeat timeout
2026-01-17 20:20:44.478 [taskScheduler-9] WARN  c.q.federated.service.FederatedCoordinatorService - Node 11 marked as inactive due to heartbeat timeout
2026-01-17 20:20:44.478 [taskScheduler-9] WARN  c.q.federated.service.FederatedCoordinatorService - Node 111 marked as inactive due to heartbeat timeout
2026-01-17 20:20:49.492 [taskScheduler-9] WARN  c.q.federated.service.FederatedCoordinatorService - Node 11 marked as inactive due to heartbeat timeout
2026-01-17 20:20:49.493 [taskScheduler-9] WARN  c.q.federated.service.FederatedCoordinatorService - Node 111 marked as inactive due to heartbeat timeout
2026-01-17 20:20:54.509 [taskScheduler-9] WARN  c.q.federated.service.FederatedCoordinatorService - Node 11 marked as inactive due to heartbeat timeout
2026-01-17 20:20:54.510 [taskScheduler-9] WARN  c.q.federated.service.FederatedCoordinatorService - Node 111 marked as inactive due to heartbeat timeout
2026-01-17 20:20:59.527 [taskScheduler-9] WARN  c.q.federated.service.FederatedCoordinatorService - Node 11 marked as inactive due to heartbeat timeout
2026-01-17 20:20:59.528 [taskScheduler-9] WARN  c.q.federated.service.FederatedCoordinatorService - Node 111 marked as inactive due to heartbeat timeout
2026-01-17 20:21:04.537 [taskScheduler-9] WARN  c.q.federated.service.FederatedCoordinatorService - Node 11 marked as inactive due to heartbeat timeout
2026-01-17 20:21:04.537 [taskScheduler-9] WARN  c.q.federated.service.FederatedCoordinatorService - Node 111 marked as inactive due to heartbeat timeout
2026-01-17 20:21:09.556 [taskScheduler-9] WARN  c.q.federated.service.FederatedCoordinatorService - Node 11 marked as inactive due to heartbeat timeout
2026-01-17 20:21:09.557 [taskScheduler-9] WARN  c.q.federated.service.FederatedCoordinatorService - Node 111 marked as inactive due to heartbeat timeout
2026-01-17 20:21:14.576 [taskScheduler-9] WARN  c.q.federated.service.FederatedCoordinatorService - Node 11 marked as inactive due to heartbeat timeout
2026-01-17 20:21:14.576 [taskScheduler-9] WARN  c.q.federated.service.FederatedCoordinatorService - Node 111 marked as inactive due to heartbeat timeout
2026-01-17 20:21:19.587 [taskScheduler-9] WARN  c.q.federated.service.FederatedCoordinatorService - Node 11 marked as inactive due to heartbeat timeout
2026-01-17 20:21:19.588 [taskScheduler-9] WARN  c.q.federated.service.FederatedCoordinatorService - Node 111 marked as inactive due to heartbeat timeout
2026-01-17 20:21:24.594 [taskScheduler-9] WARN  c.q.federated.service.FederatedCoordinatorService - Node 11 marked as inactive due to heartbeat timeout
2026-01-17 20:21:24.594 [taskScheduler-9] WARN  c.q.federated.service.FederatedCoordinatorService - Node 111 marked as inactive due to heartbeat timeout
2026-01-17 20:21:29.602 [taskScheduler-9] WARN  c.q.federated.service.FederatedCoordinatorService - Node 11 marked as inactive due to heartbeat timeout
2026-01-17 20:21:29.602 [taskScheduler-9] WARN  c.q.federated.service.FederatedCoordinatorService - Node 111 marked as inactive due to heartbeat timeout
2026-01-17 20:21:34.620 [taskScheduler-9] WARN  c.q.federated.service.FederatedCoordinatorService - Node 11 marked as inactive due to heartbeat timeout
2026-01-17 20:21:34.621 [taskScheduler-9] WARN  c.q.federated.service.FederatedCoordinatorService - Node 111 marked as inactive due to heartbeat timeout
2026-01-17 20:21:39.642 [taskScheduler-9] WARN  c.q.federated.service.FederatedCoordinatorService - Node 11 marked as inactive due to heartbeat timeout
2026-01-17 20:21:39.643 [taskScheduler-9] WARN  c.q.federated.service.FederatedCoordinatorService - Node 111 marked as inactive due to heartbeat timeout
2026-01-17 20:21:44.651 [taskScheduler-9] WARN  c.q.federated.service.FederatedCoordinatorService - Node 11 marked as inactive due to heartbeat timeout
2026-01-17 20:21:44.652 [taskScheduler-9] WARN  c.q.federated.service.FederatedCoordinatorService - Node 111 marked as inactive due to heartbeat timeout
2026-01-17 20:21:49.661 [taskScheduler-9] WARN  c.q.federated.service.FederatedCoordinatorService - Node 11 marked as inactive due to heartbeat timeout
2026-01-17 20:21:49.661 [taskScheduler-9] WARN  c.q.federated.service.FederatedCoordinatorService - Node 111 marked as inactive due to heartbeat timeout
2026-01-17 20:21:54.677 [taskScheduler-9] WARN  c.q.federated.service.FederatedCoordinatorService - Node 11 marked as inactive due to heartbeat timeout
2026-01-17 20:21:54.678 [taskScheduler-9] WARN  c.q.federated.service.FederatedCoordinatorService - Node 111 marked as inactive due to heartbeat timeout
2026-01-17 20:21:59.683 [taskScheduler-9] WARN  c.q.federated.service.FederatedCoordinatorService - Node 11 marked as inactive due to heartbeat timeout
2026-01-17 20:21:59.683 [taskScheduler-9] WARN  c.q.federated.service.FederatedCoordinatorService - Node 111 marked as inactive due to heartbeat timeout
2026-01-17 20:22:04.704 [taskScheduler-9] WARN  c.q.federated.service.FederatedCoordinatorService - Node 11 marked as inactive due to heartbeat timeout
2026-01-17 20:22:04.704 [taskScheduler-9] WARN  c.q.federated.service.FederatedCoordinatorService - Node 111 marked as inactive due to heartbeat timeout
2026-01-17 20:22:09.717 [taskScheduler-9] WARN  c.q.federated.service.FederatedCoordinatorService - Node 11 marked as inactive due to heartbeat timeout
2026-01-17 20:22:09.717 [taskScheduler-9] WARN  c.q.federated.service.FederatedCoordinatorService - Node 111 marked as inactive due to heartbeat timeout
2026-01-17 20:22:14.723 [taskScheduler-9] WARN  c.q.federated.service.FederatedCoordinatorService - Node 11 marked as inactive due to heartbeat timeout
2026-01-17 20:22:14.723 [taskScheduler-9] WARN  c.q.federated.service.FederatedCoordinatorService - Node 111 marked as inactive due to heartbeat timeout
2026-01-17 20:22:19.742 [taskScheduler-9] WARN  c.q.federated.service.FederatedCoordinatorService - Node 11 marked as inactive due to heartbeat timeout
2026-01-17 20:22:19.742 [taskScheduler-9] WARN  c.q.federated.service.FederatedCoordinatorService - Node 111 marked as inactive due to heartbeat timeout
2026-01-17 20:22:24.758 [taskScheduler-9] WARN  c.q.federated.service.FederatedCoordinatorService - Node 11 marked as inactive due to heartbeat timeout
2026-01-17 20:22:24.759 [taskScheduler-9] WARN  c.q.federated.service.FederatedCoordinatorService - Node 111 marked as inactive due to heartbeat timeout
2026-01-17 20:22:29.773 [taskScheduler-9] WARN  c.q.federated.service.FederatedCoordinatorService - Node 11 marked as inactive due to heartbeat timeout
2026-01-17 20:22:29.774 [taskScheduler-9] WARN  c.q.federated.service.FederatedCoordinatorService - Node 111 marked as inactive due to heartbeat timeout
2026-01-17 20:22:34.791 [taskScheduler-9] WARN  c.q.federated.service.FederatedCoordinatorService - Node 11 marked as inactive due to heartbeat timeout
2026-01-17 20:22:34.792 [taskScheduler-9] WARN  c.q.federated.service.FederatedCoordinatorService - Node 111 marked as inactive due to heartbeat timeout
2026-01-17 20:22:39.807 [taskScheduler-9] WARN  c.q.federated.service.FederatedCoordinatorService - Node 11 marked as inactive due to heartbeat timeout
2026-01-17 20:22:39.808 [taskScheduler-9] WARN  c.q.federated.service.FederatedCoordinatorService - Node 111 marked as inactive due to heartbeat timeout
2026-01-17 20:22:44.821 [taskScheduler-9] WARN  c.q.federated.service.FederatedCoordinatorService - Node 11 marked as inactive due to heartbeat timeout
2026-01-17 20:22:44.821 [taskScheduler-9] WARN  c.q.federated.service.FederatedCoordinatorService - Node 111 marked as inactive due to heartbeat timeout
2026-01-17 20:22:49.837 [taskScheduler-9] WARN  c.q.federated.service.FederatedCoordinatorService - Node 11 marked as inactive due to heartbeat timeout
2026-01-17 20:22:49.838 [taskScheduler-9] WARN  c.q.federated.service.FederatedCoordinatorService - Node 111 marked as inactive due to heartbeat timeout
2026-01-17 20:22:54.856 [taskScheduler-9] WARN  c.q.federated.service.FederatedCoordinatorService - Node 11 marked as inactive due to heartbeat timeout
2026-01-17 20:22:54.856 [taskScheduler-9] WARN  c.q.federated.service.FederatedCoordinatorService - Node 111 marked as inactive due to heartbeat timeout
2026-01-17 20:22:59.868 [taskScheduler-9] WARN  c.q.federated.service.FederatedCoordinatorService - Node 11 marked as inactive due to heartbeat timeout
2026-01-17 20:22:59.869 [taskScheduler-9] WARN  c.q.federated.service.FederatedCoordinatorService - Node 111 marked as inactive due to heartbeat timeout
2026-01-17 20:23:04.887 [taskScheduler-9] WARN  c.q.federated.service.FederatedCoordinatorService - Node 11 marked as inactive due to heartbeat timeout
2026-01-17 20:23:04.888 [taskScheduler-9] WARN  c.q.federated.service.FederatedCoordinatorService - Node 111 marked as inactive due to heartbeat timeout
2026-01-17 20:23:09.898 [taskScheduler-9] WARN  c.q.federated.service.FederatedCoordinatorService - Node 11 marked as inactive due to heartbeat timeout
2026-01-17 20:23:09.899 [taskScheduler-9] WARN  c.q.federated.service.FederatedCoordinatorService - Node 111 marked as inactive due to heartbeat timeout
2026-01-17 20:23:14.910 [taskScheduler-9] WARN  c.q.federated.service.FederatedCoordinatorService - Node 11 marked as inactive due to heartbeat timeout
2026-01-17 20:23:14.911 [taskScheduler-9] WARN  c.q.federated.service.FederatedCoordinatorService - Node 111 marked as inactive due to heartbeat timeout
2026-01-17 20:23:19.923 [taskScheduler-9] WARN  c.q.federated.service.FederatedCoordinatorService - Node 11 marked as inactive due to heartbeat timeout
2026-01-17 20:23:19.924 [taskScheduler-9] WARN  c.q.federated.service.FederatedCoordinatorService - Node 111 marked as inactive due to heartbeat timeout
2026-01-17 20:23:24.938 [taskScheduler-9] WARN  c.q.federated.service.FederatedCoordinatorService - Node 11 marked as inactive due to heartbeat timeout
2026-01-17 20:23:24.939 [taskScheduler-9] WARN  c.q.federated.service.FederatedCoordinatorService - Node 111 marked as inactive due to heartbeat timeout
2026-01-17 20:23:29.954 [taskScheduler-9] WARN  c.q.federated.service.FederatedCoordinatorService - Node 11 marked as inactive due to heartbeat timeout
2026-01-17 20:23:29.955 [taskScheduler-9] WARN  c.q.federated.service.FederatedCoordinatorService - Node 111 marked as inactive due to heartbeat timeout
2026-01-17 20:23:34.966 [taskScheduler-9] WARN  c.q.federated.service.FederatedCoordinatorService - Node 11 marked as inactive due to heartbeat timeout
2026-01-17 20:23:34.966 [taskScheduler-9] WARN  c.q.federated.service.FederatedCoordinatorService - Node 111 marked as inactive due to heartbeat timeout
2026-01-17 20:23:39.972 [taskScheduler-9] WARN  c.q.federated.service.FederatedCoordinatorService - Node 11 marked as inactive due to heartbeat timeout
2026-01-17 20:23:39.973 [taskScheduler-9] WARN  c.q.federated.service.FederatedCoordinatorService - Node 111 marked as inactive due to heartbeat timeout
2026-01-17 20:23:44.991 [taskScheduler-9] WARN  c.q.federated.service.FederatedCoordinatorService - Node 11 marked as inactive due to heartbeat timeout
2026-01-17 20:23:44.992 [taskScheduler-9] WARN  c.q.federated.service.FederatedCoordinatorService - Node 111 marked as inactive due to heartbeat timeout
2026-01-17 20:23:50.010 [taskScheduler-9] WARN  c.q.federated.service.FederatedCoordinatorService - Node 11 marked as inactive due to heartbeat timeout
2026-01-17 20:23:50.011 [taskScheduler-9] WARN  c.q.federated.service.FederatedCoordinatorService - Node 111 marked as inactive due to heartbeat timeout
2026-01-17 20:23:55.025 [taskScheduler-9] WARN  c.q.federated.service.FederatedCoordinatorService - Node 11 marked as inactive due to heartbeat timeout
2026-01-17 20:23:55.026 [taskScheduler-9] WARN  c.q.federated.service.FederatedCoordinatorService - Node 111 marked as inactive due to heartbeat timeout
2026-01-17 20:24:00.039 [taskScheduler-9] WARN  c.q.federated.service.FederatedCoordinatorService - Node 11 marked as inactive due to heartbeat timeout
2026-01-17 20:24:00.040 [taskScheduler-9] WARN  c.q.federated.service.FederatedCoordinatorService - Node 111 marked as inactive due to heartbeat timeout
2026-01-17 20:24:05.054 [taskScheduler-9] WARN  c.q.federated.service.FederatedCoordinatorService - Node 11 marked as inactive due to heartbeat timeout
2026-01-17 20:24:05.055 [taskScheduler-9] WARN  c.q.federated.service.FederatedCoordinatorService - Node 111 marked as inactive due to heartbeat timeout
2026-01-17 20:24:10.072 [taskScheduler-9] WARN  c.q.federated.service.FederatedCoordinatorService - Node 11 marked as inactive due to heartbeat timeout
2026-01-17 20:24:10.073 [taskScheduler-9] WARN  c.q.federated.service.FederatedCoordinatorService - Node 111 marked as inactive due to heartbeat timeout
2026-01-17 20:24:15.077 [taskScheduler-9] WARN  c.q.federated.service.FederatedCoordinatorService - Node 11 marked as inactive due to heartbeat timeout
2026-01-17 20:24:15.078 [taskScheduler-9] WARN  c.q.federated.service.FederatedCoordinatorService - Node 111 marked as inactive due to heartbeat timeout
2026-01-17 20:24:20.088 [taskScheduler-9] WARN  c.q.federated.service.FederatedCoordinatorService - Node 11 marked as inactive due to heartbeat timeout
2026-01-17 20:24:20.089 [taskScheduler-9] WARN  c.q.federated.service.FederatedCoordinatorService - Node 111 marked as inactive due to heartbeat timeout
2026-01-17 20:24:25.103 [taskScheduler-9] WARN  c.q.federated.service.FederatedCoordinatorService - Node 11 marked as inactive due to heartbeat timeout
2026-01-17 20:24:25.103 [taskScheduler-9] WARN  c.q.federated.service.FederatedCoordinatorService - Node 111 marked as inactive due to heartbeat timeout
2026-01-17 20:24:30.109 [taskScheduler-9] WARN  c.q.federated.service.FederatedCoordinatorService - Node 11 marked as inactive due to heartbeat timeout
2026-01-17 20:24:30.109 [taskScheduler-9] WARN  c.q.federated.service.FederatedCoordinatorService - Node 111 marked as inactive due to heartbeat timeout
2026-01-17 20:24:35.120 [taskScheduler-9] WARN  c.q.federated.service.FederatedCoordinatorService - Node 11 marked as inactive due to heartbeat timeout
2026-01-17 20:24:35.120 [taskScheduler-9] WARN  c.q.federated.service.FederatedCoordinatorService - Node 111 marked as inactive due to heartbeat timeout
2026-01-17 20:24:40.131 [taskScheduler-9] WARN  c.q.federated.service.FederatedCoordinatorService - Node 11 marked as inactive due to heartbeat timeout
2026-01-17 20:24:40.132 [taskScheduler-9] WARN  c.q.federated.service.FederatedCoordinatorService - Node 111 marked as inactive due to heartbeat timeout
2026-01-17 20:24:45.144 [taskScheduler-9] WARN  c.q.federated.service.FederatedCoordinatorService - Node 11 marked as inactive due to heartbeat timeout
2026-01-17 20:24:45.145 [taskScheduler-9] WARN  c.q.federated.service.FederatedCoordinatorService - Node 111 marked as inactive due to heartbeat timeout
2026-01-17 20:24:50.154 [taskScheduler-9] WARN  c.q.federated.service.FederatedCoordinatorService - Node 11 marked as inactive due to heartbeat timeout
2026-01-17 20:24:50.155 [taskScheduler-9] WARN  c.q.federated.service.FederatedCoordinatorService - Node 111 marked as inactive due to heartbeat timeout
2026-01-17 20:24:55.160 [taskScheduler-9] WARN  c.q.federated.service.FederatedCoordinatorService - Node 11 marked as inactive due to heartbeat timeout
2026-01-17 20:24:55.161 [taskScheduler-9] WARN  c.q.federated.service.FederatedCoordinatorService - Node 111 marked as inactive due to heartbeat timeout
2026-01-17 20:25:00.172 [taskScheduler-9] WARN  c.q.federated.service.FederatedCoordinatorService - Node 11 marked as inactive due to heartbeat timeout
2026-01-17 20:25:00.172 [taskScheduler-9] WARN  c.q.federated.service.FederatedCoordinatorService - Node 111 marked as inactive due to heartbeat timeout
2026-01-17 20:25:05.186 [taskScheduler-9] WARN  c.q.federated.service.FederatedCoordinatorService - Node 11 marked as inactive due to heartbeat timeout
2026-01-17 20:25:05.186 [taskScheduler-9] WARN  c.q.federated.service.FederatedCoordinatorService - Node 111 marked as inactive due to heartbeat timeout
2026-01-17 20:25:10.201 [taskScheduler-9] WARN  c.q.federated.service.FederatedCoordinatorService - Node 11 marked as inactive due to heartbeat timeout
2026-01-17 20:25:10.202 [taskScheduler-9] WARN  c.q.federated.service.FederatedCoordinatorService - Node 111 marked as inactive due to heartbeat timeout
2026-01-17 20:25:15.207 [taskScheduler-9] WARN  c.q.federated.service.FederatedCoordinatorService - Node 11 marked as inactive due to heartbeat timeout
2026-01-17 20:25:15.207 [taskScheduler-9] WARN  c.q.federated.service.FederatedCoordinatorService - Node 111 marked as inactive due to heartbeat timeout
2026-01-17 20:25:20.226 [taskScheduler-9] WARN  c.q.federated.service.FederatedCoordinatorService - Node 11 marked as inactive due to heartbeat timeout
2026-01-17 20:25:20.226 [taskScheduler-9] WARN  c.q.federated.service.FederatedCoordinatorService - Node 111 marked as inactive due to heartbeat timeout
2026-01-17 20:25:25.236 [taskScheduler-9] WARN  c.q.federated.service.FederatedCoordinatorService - Node 11 marked as inactive due to heartbeat timeout
2026-01-17 20:25:25.236 [taskScheduler-9] WARN  c.q.federated.service.FederatedCoordinatorService - Node 111 marked as inactive due to heartbeat timeout
2026-01-17 20:25:30.242 [taskScheduler-9] WARN  c.q.federated.service.FederatedCoordinatorService - Node 11 marked as inactive due to heartbeat timeout
2026-01-17 20:25:30.242 [taskScheduler-9] WARN  c.q.federated.service.FederatedCoordinatorService - Node 111 marked as inactive due to heartbeat timeout
2026-01-17 20:25:35.257 [taskScheduler-9] WARN  c.q.federated.service.FederatedCoordinatorService - Node 11 marked as inactive due to heartbeat timeout
2026-01-17 20:25:35.257 [taskScheduler-9] WARN  c.q.federated.service.FederatedCoordinatorService - Node 111 marked as inactive due to heartbeat timeout
2026-01-17 20:25:40.268 [taskScheduler-9] WARN  c.q.federated.service.FederatedCoordinatorService - Node 11 marked as inactive due to heartbeat timeout
2026-01-17 20:25:40.269 [taskScheduler-9] WARN  c.q.federated.service.FederatedCoordinatorService - Node 111 marked as inactive due to heartbeat timeout
2026-01-17 20:25:45.286 [taskScheduler-9] WARN  c.q.federated.service.FederatedCoordinatorService - Node 11 marked as inactive due to heartbeat timeout
2026-01-17 20:25:45.287 [taskScheduler-9] WARN  c.q.federated.service.FederatedCoordinatorService - Node 111 marked as inactive due to heartbeat timeout
2026-01-17 20:25:50.292 [taskScheduler-9] WARN  c.q.federated.service.FederatedCoordinatorService - Node 11 marked as inactive due to heartbeat timeout
2026-01-17 20:25:50.293 [taskScheduler-9] WARN  c.q.federated.service.FederatedCoordinatorService - Node 111 marked as inactive due to heartbeat timeout
2026-01-17 20:25:55.298 [taskScheduler-9] WARN  c.q.federated.service.FederatedCoordinatorService - Node 11 marked as inactive due to heartbeat timeout
2026-01-17 20:25:55.300 [taskScheduler-9] WARN  c.q.federated.service.FederatedCoordinatorService - Node 111 marked as inactive due to heartbeat timeout
2026-01-17 20:26:00.308 [taskScheduler-9] WARN  c.q.federated.service.FederatedCoordinatorService - Node 11 marked as inactive due to heartbeat timeout
2026-01-17 20:26:00.309 [taskScheduler-9] WARN  c.q.federated.service.FederatedCoordinatorService - Node 111 marked as inactive due to heartbeat timeout
2026-01-17 20:26:05.317 [taskScheduler-9] WARN  c.q.federated.service.FederatedCoordinatorService - Node 11 marked as inactive due to heartbeat timeout
2026-01-17 20:26:05.318 [taskScheduler-9] WARN  c.q.federated.service.FederatedCoordinatorService - Node 111 marked as inactive due to heartbeat timeout
2026-01-17 20:26:10.334 [taskScheduler-9] WARN  c.q.federated.service.FederatedCoordinatorService - Node 11 marked as inactive due to heartbeat timeout
2026-01-17 20:26:10.334 [taskScheduler-9] WARN  c.q.federated.service.FederatedCoordinatorService - Node 111 marked as inactive due to heartbeat timeout
2026-01-17 20:26:15.350 [taskScheduler-9] WARN  c.q.federated.service.FederatedCoordinatorService - Node 11 marked as inactive due to heartbeat timeout
2026-01-17 20:26:15.351 [taskScheduler-9] WARN  c.q.federated.service.FederatedCoordinatorService - Node 111 marked as inactive due to heartbeat timeout
2026-01-17 20:26:20.362 [taskScheduler-9] WARN  c.q.federated.service.FederatedCoordinatorService - Node 11 marked as inactive due to heartbeat timeout
2026-01-17 20:26:20.363 [taskScheduler-9] WARN  c.q.federated.service.FederatedCoordinatorService - Node 111 marked as inactive due to heartbeat timeout
2026-01-17 20:26:25.376 [taskScheduler-9] WARN  c.q.federated.service.FederatedCoordinatorService - Node 11 marked as inactive due to heartbeat timeout
2026-01-17 20:26:25.376 [taskScheduler-9] WARN  c.q.federated.service.FederatedCoordinatorService - Node 111 marked as inactive due to heartbeat timeout
2026-01-17 20:26:30.393 [taskScheduler-9] WARN  c.q.federated.service.FederatedCoordinatorService - Node 11 marked as inactive due to heartbeat timeout
2026-01-17 20:26:30.394 [taskScheduler-9] WARN  c.q.federated.service.FederatedCoordinatorService - Node 111 marked as inactive due to heartbeat timeout
2026-01-17 20:26:35.401 [taskScheduler-9] WARN  c.q.federated.service.FederatedCoordinatorService - Node 11 marked as inactive due to heartbeat timeout
2026-01-17 20:26:35.401 [taskScheduler-9] WARN  c.q.federated.service.FederatedCoordinatorService - Node 111 marked as inactive due to heartbeat timeout
2026-01-17 20:26:40.420 [taskScheduler-9] WARN  c.q.federated.service.FederatedCoordinatorService - Node 11 marked as inactive due to heartbeat timeout
2026-01-17 20:26:40.420 [taskScheduler-9] WARN  c.q.federated.service.FederatedCoordinatorService - Node 111 marked as inactive due to heartbeat timeout
2026-01-17 20:26:45.429 [taskScheduler-9] WARN  c.q.federated.service.FederatedCoordinatorService - Node 11 marked as inactive due to heartbeat timeout
2026-01-17 20:26:45.429 [taskScheduler-9] WARN  c.q.federated.service.FederatedCoordinatorService - Node 111 marked as inactive due to heartbeat timeout
2026-01-17 20:26:50.434 [taskScheduler-9] WARN  c.q.federated.service.FederatedCoordinatorService - Node 11 marked as inactive due to heartbeat timeout
2026-01-17 20:26:50.435 [taskScheduler-9] WARN  c.q.federated.service.FederatedCoordinatorService - Node 111 marked as inactive due to heartbeat timeout
2026-01-17 20:26:55.450 [taskScheduler-9] WARN  c.q.federated.service.FederatedCoordinatorService - Node 11 marked as inactive due to heartbeat timeout
2026-01-17 20:26:55.450 [taskScheduler-9] WARN  c.q.federated.service.FederatedCoordinatorService - Node 111 marked as inactive due to heartbeat timeout
2026-01-17 20:27:00.461 [taskScheduler-9] WARN  c.q.federated.service.FederatedCoordinatorService - Node 11 marked as inactive due to heartbeat timeout
2026-01-17 20:27:00.462 [taskScheduler-9] WARN  c.q.federated.service.FederatedCoordinatorService - Node 111 marked as inactive due to heartbeat timeout
2026-01-17 20:27:05.476 [taskScheduler-9] WARN  c.q.federated.service.FederatedCoordinatorService - Node 11 marked as inactive due to heartbeat timeout
2026-01-17 20:27:05.476 [taskScheduler-9] WARN  c.q.federated.service.FederatedCoordinatorService - Node 111 marked as inactive due to heartbeat timeout
2026-01-17 20:27:10.481 [taskScheduler-9] WARN  c.q.federated.service.FederatedCoordinatorService - Node 11 marked as inactive due to heartbeat timeout
2026-01-17 20:27:10.481 [taskScheduler-9] WARN  c.q.federated.service.FederatedCoordinatorService - Node 111 marked as inactive due to heartbeat timeout
2026-01-17 20:27:15.496 [taskScheduler-9] WARN  c.q.federated.service.FederatedCoordinatorService - Node 11 marked as inactive due to heartbeat timeout
2026-01-17 20:27:15.496 [taskScheduler-9] WARN  c.q.federated.service.FederatedCoordinatorService - Node 111 marked as inactive due to heartbeat timeout
2026-01-17 20:27:20.502 [taskScheduler-9] WARN  c.q.federated.service.FederatedCoordinatorService - Node 11 marked as inactive due to heartbeat timeout
2026-01-17 20:27:20.502 [taskScheduler-9] WARN  c.q.federated.service.FederatedCoordinatorService - Node 111 marked as inactive due to heartbeat timeout
2026-01-17 20:27:25.510 [taskScheduler-9] WARN  c.q.federated.service.FederatedCoordinatorService - Node 11 marked as inactive due to heartbeat timeout
2026-01-17 20:27:25.511 [taskScheduler-9] WARN  c.q.federated.service.FederatedCoordinatorService - Node 111 marked as inactive due to heartbeat timeout
2026-01-17 20:27:30.520 [taskScheduler-9] WARN  c.q.federated.service.FederatedCoordinatorService - Node 11 marked as inactive due to heartbeat timeout
2026-01-17 20:27:30.520 [taskScheduler-9] WARN  c.q.federated.service.FederatedCoordinatorService - Node 111 marked as inactive due to heartbeat timeout
2026-01-17 20:27:35.533 [taskScheduler-9] WARN  c.q.federated.service.FederatedCoordinatorService - Node 11 marked as inactive due to heartbeat timeout
2026-01-17 20:27:35.533 [taskScheduler-9] WARN  c.q.federated.service.FederatedCoordinatorService - Node 111 marked as inactive due to heartbeat timeout
2026-01-17 20:27:40.550 [taskScheduler-9] WARN  c.q.federated.service.FederatedCoordinatorService - Node 11 marked as inactive due to heartbeat timeout
2026-01-17 20:27:40.550 [taskScheduler-9] WARN  c.q.federated.service.FederatedCoordinatorService - Node 111 marked as inactive due to heartbeat timeout
2026-01-17 20:27:45.567 [taskScheduler-9] WARN  c.q.federated.service.FederatedCoordinatorService - Node 11 marked as inactive due to heartbeat timeout
2026-01-17 20:27:45.567 [taskScheduler-9] WARN  c.q.federated.service.FederatedCoordinatorService - Node 111 marked as inactive due to heartbeat timeout
2026-01-17 20:27:50.578 [taskScheduler-9] WARN  c.q.federated.service.FederatedCoordinatorService - Node 11 marked as inactive due to heartbeat timeout
2026-01-17 20:27:50.578 [taskScheduler-9] WARN  c.q.federated.service.FederatedCoordinatorService - Node 111 marked as inactive due to heartbeat timeout
2026-01-17 20:27:55.592 [taskScheduler-9] WARN  c.q.federated.service.FederatedCoordinatorService - Node 11 marked as inactive due to heartbeat timeout
2026-01-17 20:27:55.592 [taskScheduler-9] WARN  c.q.federated.service.FederatedCoordinatorService - Node 111 marked as inactive due to heartbeat timeout
2026-01-17 20:28:00.597 [taskScheduler-9] WARN  c.q.federated.service.FederatedCoordinatorService - Node 11 marked as inactive due to heartbeat timeout
2026-01-17 20:28:00.597 [taskScheduler-9] WARN  c.q.federated.service.FederatedCoordinatorService - Node 111 marked as inactive due to heartbeat timeout
2026-01-17 20:28:05.606 [taskScheduler-9] WARN  c.q.federated.service.FederatedCoordinatorService - Node 11 marked as inactive due to heartbeat timeout
2026-01-17 20:28:05.606 [taskScheduler-9] WARN  c.q.federated.service.FederatedCoordinatorService - Node 111 marked as inactive due to heartbeat timeout
2026-01-17 20:28:10.613 [taskScheduler-9] WARN  c.q.federated.service.FederatedCoordinatorService - Node 11 marked as inactive due to heartbeat timeout
2026-01-17 20:28:10.614 [taskScheduler-9] WARN  c.q.federated.service.FederatedCoordinatorService - Node 111 marked as inactive due to heartbeat timeout
2026-01-17 20:28:15.631 [taskScheduler-9] WARN  c.q.federated.service.FederatedCoordinatorService - Node 11 marked as inactive due to heartbeat timeout
2026-01-17 20:28:15.632 [taskScheduler-9] WARN  c.q.federated.service.FederatedCoordinatorService - Node 111 marked as inactive due to heartbeat timeout
2026-01-17 20:28:20.646 [taskScheduler-9] WARN  c.q.federated.service.FederatedCoordinatorService - Node 11 marked as inactive due to heartbeat timeout
2026-01-17 20:28:20.646 [taskScheduler-9] WARN  c.q.federated.service.FederatedCoordinatorService - Node 111 marked as inactive due to heartbeat timeout
2026-01-17 20:28:25.660 [taskScheduler-9] WARN  c.q.federated.service.FederatedCoordinatorService - Node 11 marked as inactive due to heartbeat timeout
2026-01-17 20:28:25.661 [taskScheduler-9] WARN  c.q.federated.service.FederatedCoordinatorService - Node 111 marked as inactive due to heartbeat timeout
2026-01-17 20:28:30.676 [taskScheduler-9] WARN  c.q.federated.service.FederatedCoordinatorService - Node 11 marked as inactive due to heartbeat timeout
2026-01-17 20:28:30.676 [taskScheduler-9] WARN  c.q.federated.service.FederatedCoordinatorService - Node 111 marked as inactive due to heartbeat timeout
2026-01-17 20:28:35.681 [taskScheduler-9] WARN  c.q.federated.service.FederatedCoordinatorService - Node 11 marked as inactive due to heartbeat timeout
2026-01-17 20:28:35.681 [taskScheduler-9] WARN  c.q.federated.service.FederatedCoordinatorService - Node 111 marked as inactive due to heartbeat timeout
2026-01-17 20:28:40.698 [taskScheduler-9] WARN  c.q.federated.service.FederatedCoordinatorService - Node 11 marked as inactive due to heartbeat timeout
2026-01-17 20:28:40.698 [taskScheduler-9] WARN  c.q.federated.service.FederatedCoordinatorService - Node 111 marked as inactive due to heartbeat timeout
2026-01-17 20:28:45.705 [taskScheduler-9] WARN  c.q.federated.service.FederatedCoordinatorService - Node 11 marked as inactive due to heartbeat timeout
2026-01-17 20:28:45.705 [taskScheduler-9] WARN  c.q.federated.service.FederatedCoordinatorService - Node 111 marked as inactive due to heartbeat timeout
2026-01-17 20:28:50.714 [taskScheduler-9] WARN  c.q.federated.service.FederatedCoordinatorService - Node 11 marked as inactive due to heartbeat timeout
2026-01-17 20:28:50.714 [taskScheduler-9] WARN  c.q.federated.service.FederatedCoordinatorService - Node 111 marked as inactive due to heartbeat timeout
2026-01-17 20:28:55.722 [taskScheduler-9] WARN  c.q.federated.service.FederatedCoordinatorService - Node 11 marked as inactive due to heartbeat timeout
2026-01-17 20:28:55.723 [taskScheduler-9] WARN  c.q.federated.service.FederatedCoordinatorService - Node 111 marked as inactive due to heartbeat timeout
2026-01-17 20:29:00.740 [taskScheduler-9] WARN  c.q.federated.service.FederatedCoordinatorService - Node 11 marked as inactive due to heartbeat timeout
2026-01-17 20:29:00.740 [taskScheduler-9] WARN  c.q.federated.service.FederatedCoordinatorService - Node 111 marked as inactive due to heartbeat timeout
2026-01-17 20:29:05.756 [taskScheduler-9] WARN  c.q.federated.service.FederatedCoordinatorService - Node 11 marked as inactive due to heartbeat timeout
2026-01-17 20:29:05.757 [taskScheduler-9] WARN  c.q.federated.service.FederatedCoordinatorService - Node 111 marked as inactive due to heartbeat timeout
2026-01-17 20:29:10.763 [taskScheduler-9] WARN  c.q.federated.service.FederatedCoordinatorService - Node 11 marked as inactive due to heartbeat timeout
2026-01-17 20:29:10.764 [taskScheduler-9] WARN  c.q.federated.service.FederatedCoordinatorService - Node 111 marked as inactive due to heartbeat timeout
2026-01-17 20:29:15.778 [taskScheduler-9] WARN  c.q.federated.service.FederatedCoordinatorService - Node 11 marked as inactive due to heartbeat timeout
2026-01-17 20:29:15.779 [taskScheduler-9] WARN  c.q.federated.service.FederatedCoordinatorService - Node 111 marked as inactive due to heartbeat timeout
2026-01-17 20:29:20.798 [taskScheduler-9] WARN  c.q.federated.service.FederatedCoordinatorService - Node 11 marked as inactive due to heartbeat timeout
2026-01-17 20:29:20.798 [taskScheduler-9] WARN  c.q.federated.service.FederatedCoordinatorService - Node 111 marked as inactive due to heartbeat timeout
2026-01-17 20:29:25.813 [taskScheduler-9] WARN  c.q.federated.service.FederatedCoordinatorService - Node 11 marked as inactive due to heartbeat timeout
2026-01-17 20:29:25.813 [taskScheduler-9] WARN  c.q.federated.service.FederatedCoordinatorService - Node 111 marked as inactive due to heartbeat timeout
2026-01-17 20:29:30.824 [taskScheduler-9] WARN  c.q.federated.service.FederatedCoordinatorService - Node 11 marked as inactive due to heartbeat timeout
2026-01-17 20:29:30.824 [taskScheduler-9] WARN  c.q.federated.service.FederatedCoordinatorService - Node 111 marked as inactive due to heartbeat timeout
2026-01-17 20:29:35.832 [taskScheduler-9] WARN  c.q.federated.service.FederatedCoordinatorService - Node 11 marked as inactive due to heartbeat timeout
2026-01-17 20:29:35.832 [taskScheduler-9] WARN  c.q.federated.service.FederatedCoordinatorService - Node 111 marked as inactive due to heartbeat timeout
2026-01-17 20:29:40.847 [taskScheduler-9] WARN  c.q.federated.service.FederatedCoordinatorService - Node 11 marked as inactive due to heartbeat timeout
2026-01-17 20:29:40.848 [taskScheduler-9] WARN  c.q.federated.service.FederatedCoordinatorService - Node 111 marked as inactive due to heartbeat timeout
2026-01-17 20:29:45.861 [taskScheduler-9] WARN  c.q.federated.service.FederatedCoordinatorService - Node 11 marked as inactive due to heartbeat timeout
2026-01-17 20:29:45.861 [taskScheduler-9] WARN  c.q.federated.service.FederatedCoordinatorService - Node 111 marked as inactive due to heartbeat timeout
2026-01-17 20:29:50.878 [taskScheduler-9] WARN  c.q.federated.service.FederatedCoordinatorService - Node 11 marked as inactive due to heartbeat timeout
2026-01-17 20:29:50.879 [taskScheduler-9] WARN  c.q.federated.service.FederatedCoordinatorService - Node 111 marked as inactive due to heartbeat timeout
2026-01-17 20:29:55.892 [taskScheduler-9] WARN  c.q.federated.service.FederatedCoordinatorService - Node 11 marked as inactive due to heartbeat timeout
2026-01-17 20:29:55.892 [taskScheduler-9] WARN  c.q.federated.service.FederatedCoordinatorService - Node 111 marked as inactive due to heartbeat timeout
2026-01-17 20:30:00.911 [taskScheduler-9] WARN  c.q.federated.service.FederatedCoordinatorService - Node 11 marked as inactive due to heartbeat timeout
2026-01-17 20:30:00.911 [taskScheduler-9] WARN  c.q.federated.service.FederatedCoordinatorService - Node 111 marked as inactive due to heartbeat timeout
2026-01-17 20:30:05.929 [taskScheduler-9] WARN  c.q.federated.service.FederatedCoordinatorService - Node 11 marked as inactive due to heartbeat timeout
2026-01-17 20:30:05.929 [taskScheduler-9] WARN  c.q.federated.service.FederatedCoordinatorService - Node 111 marked as inactive due to heartbeat timeout
2026-01-17 20:30:10.941 [taskScheduler-9] WARN  c.q.federated.service.FederatedCoordinatorService - Node 11 marked as inactive due to heartbeat timeout
2026-01-17 20:30:10.941 [taskScheduler-9] WARN  c.q.federated.service.FederatedCoordinatorService - Node 111 marked as inactive due to heartbeat timeout
2026-01-17 20:30:15.945 [taskScheduler-9] WARN  c.q.federated.service.FederatedCoordinatorService - Node 11 marked as inactive due to heartbeat timeout
2026-01-17 20:30:15.946 [taskScheduler-9] WARN  c.q.federated.service.FederatedCoordinatorService - Node 111 marked as inactive due to heartbeat timeout
2026-01-17 20:30:20.959 [taskScheduler-9] WARN  c.q.federated.service.FederatedCoordinatorService - Node 11 marked as inactive due to heartbeat timeout
2026-01-17 20:30:20.960 [taskScheduler-9] WARN  c.q.federated.service.FederatedCoordinatorService - Node 111 marked as inactive due to heartbeat timeout
2026-01-17 20:30:25.968 [taskScheduler-9] WARN  c.q.federated.service.FederatedCoordinatorService - Node 11 marked as inactive due to heartbeat timeout
2026-01-17 20:30:25.968 [taskScheduler-9] WARN  c.q.federated.service.FederatedCoordinatorService - Node 111 marked as inactive due to heartbeat timeout
2026-01-17 20:30:30.979 [taskScheduler-9] WARN  c.q.federated.service.FederatedCoordinatorService - Node 11 marked as inactive due to heartbeat timeout
2026-01-17 20:30:30.979 [taskScheduler-9] WARN  c.q.federated.service.FederatedCoordinatorService - Node 111 marked as inactive due to heartbeat timeout
2026-01-17 20:30:35.988 [taskScheduler-9] WARN  c.q.federated.service.FederatedCoordinatorService - Node 11 marked as inactive due to heartbeat timeout
2026-01-17 20:30:35.988 [taskScheduler-9] WARN  c.q.federated.service.FederatedCoordinatorService - Node 111 marked as inactive due to heartbeat timeout
2026-01-17 20:30:40.997 [taskScheduler-9] WARN  c.q.federated.service.FederatedCoordinatorService - Node 11 marked as inactive due to heartbeat timeout
2026-01-17 20:30:40.998 [taskScheduler-9] WARN  c.q.federated.service.FederatedCoordinatorService - Node 111 marked as inactive due to heartbeat timeout
2026-01-17 20:30:46.009 [taskScheduler-9] WARN  c.q.federated.service.FederatedCoordinatorService - Node 11 marked as inactive due to heartbeat timeout
2026-01-17 20:30:46.009 [taskScheduler-9] WARN  c.q.federated.service.FederatedCoordinatorService - Node 111 marked as inactive due to heartbeat timeout
2026-01-17 20:30:51.017 [taskScheduler-9] WARN  c.q.federated.service.FederatedCoordinatorService - Node 11 marked as inactive due to heartbeat timeout
2026-01-17 20:30:51.017 [taskScheduler-9] WARN  c.q.federated.service.FederatedCoordinatorService - Node 111 marked as inactive due to heartbeat timeout
2026-01-17 20:30:56.025 [taskScheduler-9] WARN  c.q.federated.service.FederatedCoordinatorService - Node 11 marked as inactive due to heartbeat timeout
2026-01-17 20:30:56.025 [taskScheduler-9] WARN  c.q.federated.service.FederatedCoordinatorService - Node 111 marked as inactive due to heartbeat timeout
2026-01-17 20:31:01.031 [taskScheduler-9] WARN  c.q.federated.service.FederatedCoordinatorService - Node 11 marked as inactive due to heartbeat timeout
2026-01-17 20:31:01.032 [taskScheduler-9] WARN  c.q.federated.service.FederatedCoordinatorService - Node 111 marked as inactive due to heartbeat timeout
2026-01-17 20:31:06.040 [taskScheduler-9] WARN  c.q.federated.service.FederatedCoordinatorService - Node 11 marked as inactive due to heartbeat timeout
2026-01-17 20:31:06.041 [taskScheduler-9] WARN  c.q.federated.service.FederatedCoordinatorService - Node 111 marked as inactive due to heartbeat timeout
2026-01-17 20:31:11.051 [taskScheduler-9] WARN  c.q.federated.service.FederatedCoordinatorService - Node 11 marked as inactive due to heartbeat timeout
2026-01-17 20:31:11.051 [taskScheduler-9] WARN  c.q.federated.service.FederatedCoordinatorService - Node 111 marked as inactive due to heartbeat timeout
2026-01-17 20:31:16.061 [taskScheduler-9] WARN  c.q.federated.service.FederatedCoordinatorService - Node 11 marked as inactive due to heartbeat timeout
2026-01-17 20:31:16.062 [taskScheduler-9] WARN  c.q.federated.service.FederatedCoordinatorService - Node 111 marked as inactive due to heartbeat timeout
2026-01-17 20:31:21.079 [taskScheduler-9] WARN  c.q.federated.service.FederatedCoordinatorService - Node 11 marked as inactive due to heartbeat timeout
2026-01-17 20:31:21.079 [taskScheduler-9] WARN  c.q.federated.service.FederatedCoordinatorService - Node 111 marked as inactive due to heartbeat timeout
2026-01-17 20:31:26.093 [taskScheduler-9] WARN  c.q.federated.service.FederatedCoordinatorService - Node 11 marked as inactive due to heartbeat timeout
2026-01-17 20:31:26.093 [taskScheduler-9] WARN  c.q.federated.service.FederatedCoordinatorService - Node 111 marked as inactive due to heartbeat timeout
2026-01-17 20:31:31.101 [taskScheduler-9] WARN  c.q.federated.service.FederatedCoordinatorService - Node 11 marked as inactive due to heartbeat timeout
2026-01-17 20:31:31.101 [taskScheduler-9] WARN  c.q.federated.service.FederatedCoordinatorService - Node 111 marked as inactive due to heartbeat timeout
2026-01-17 20:31:36.112 [taskScheduler-9] WARN  c.q.federated.service.FederatedCoordinatorService - Node 11 marked as inactive due to heartbeat timeout
2026-01-17 20:31:36.112 [taskScheduler-9] WARN  c.q.federated.service.FederatedCoordinatorService - Node 111 marked as inactive due to heartbeat timeout
2026-01-17 20:31:41.119 [taskScheduler-9] WARN  c.q.federated.service.FederatedCoordinatorService - Node 11 marked as inactive due to heartbeat timeout
2026-01-17 20:31:41.120 [taskScheduler-9] WARN  c.q.federated.service.FederatedCoordinatorService - Node 111 marked as inactive due to heartbeat timeout
2026-01-17 20:31:46.125 [taskScheduler-9] WARN  c.q.federated.service.FederatedCoordinatorService - Node 11 marked as inactive due to heartbeat timeout
2026-01-17 20:31:46.125 [taskScheduler-9] WARN  c.q.federated.service.FederatedCoordinatorService - Node 111 marked as inactive due to heartbeat timeout
2026-01-17 20:31:51.131 [taskScheduler-9] WARN  c.q.federated.service.FederatedCoordinatorService - Node 11 marked as inactive due to heartbeat timeout
2026-01-17 20:31:51.131 [taskScheduler-9] WARN  c.q.federated.service.FederatedCoordinatorService - Node 111 marked as inactive due to heartbeat timeout
2026-01-17 20:31:56.151 [taskScheduler-9] WARN  c.q.federated.service.FederatedCoordinatorService - Node 11 marked as inactive due to heartbeat timeout
2026-01-17 20:31:56.151 [taskScheduler-9] WARN  c.q.federated.service.FederatedCoordinatorService - Node 111 marked as inactive due to heartbeat timeout
2026-01-17 20:32:01.160 [taskScheduler-9] WARN  c.q.federated.service.FederatedCoordinatorService - Node 11 marked as inactive due to heartbeat timeout
2026-01-17 20:32:01.161 [taskScheduler-9] WARN  c.q.federated.service.FederatedCoordinatorService - Node 111 marked as inactive due to heartbeat timeout
2026-01-17 20:32:06.170 [taskScheduler-9] WARN  c.q.federated.service.FederatedCoordinatorService - Node 11 marked as inactive due to heartbeat timeout
2026-01-17 20:32:06.170 [taskScheduler-9] WARN  c.q.federated.service.FederatedCoordinatorService - Node 111 marked as inactive due to heartbeat timeout
2026-01-17 20:32:11.188 [taskScheduler-9] WARN  c.q.federated.service.FederatedCoordinatorService - Node 11 marked as inactive due to heartbeat timeout
2026-01-17 20:32:11.188 [taskScheduler-9] WARN  c.q.federated.service.FederatedCoordinatorService - Node 111 marked as inactive due to heartbeat timeout
2026-01-17 20:32:16.205 [taskScheduler-9] WARN  c.q.federated.service.FederatedCoordinatorService - Node 11 marked as inactive due to heartbeat timeout
2026-01-17 20:32:16.205 [taskScheduler-9] WARN  c.q.federated.service.FederatedCoordinatorService - Node 111 marked as inactive due to heartbeat timeout
2026-01-17 20:32:21.217 [taskScheduler-9] WARN  c.q.federated.service.FederatedCoordinatorService - Node 11 marked as inactive due to heartbeat timeout
2026-01-17 20:32:21.217 [taskScheduler-9] WARN  c.q.federated.service.FederatedCoordinatorService - Node 111 marked as inactive due to heartbeat timeout
2026-01-17 20:32:26.228 [taskScheduler-9] WARN  c.q.federated.service.FederatedCoordinatorService - Node 11 marked as inactive due to heartbeat timeout
2026-01-17 20:32:26.229 [taskScheduler-9] WARN  c.q.federated.service.FederatedCoordinatorService - Node 111 marked as inactive due to heartbeat timeout
2026-01-17 20:32:31.235 [taskScheduler-9] WARN  c.q.federated.service.FederatedCoordinatorService - Node 11 marked as inactive due to heartbeat timeout
2026-01-17 20:32:31.235 [taskScheduler-9] WARN  c.q.federated.service.FederatedCoordinatorService - Node 111 marked as inactive due to heartbeat timeout
2026-01-17 20:32:36.246 [taskScheduler-9] WARN  c.q.federated.service.FederatedCoordinatorService - Node 11 marked as inactive due to heartbeat timeout
2026-01-17 20:32:36.246 [taskScheduler-9] WARN  c.q.federated.service.FederatedCoordinatorService - Node 111 marked as inactive due to heartbeat timeout
2026-01-17 20:32:41.255 [taskScheduler-9] WARN  c.q.federated.service.FederatedCoordinatorService - Node 11 marked as inactive due to heartbeat timeout
2026-01-17 20:32:41.255 [taskScheduler-9] WARN  c.q.federated.service.FederatedCoordinatorService - Node 111 marked as inactive due to heartbeat timeout
2026-01-17 20:32:46.264 [taskScheduler-9] WARN  c.q.federated.service.FederatedCoordinatorService - Node 11 marked as inactive due to heartbeat timeout
2026-01-17 20:32:46.264 [taskScheduler-9] WARN  c.q.federated.service.FederatedCoordinatorService - Node 111 marked as inactive due to heartbeat timeout
2026-01-17 20:32:51.275 [taskScheduler-9] WARN  c.q.federated.service.FederatedCoordinatorService - Node 11 marked as inactive due to heartbeat timeout
2026-01-17 20:32:51.275 [taskScheduler-9] WARN  c.q.federated.service.FederatedCoordinatorService - Node 111 marked as inactive due to heartbeat timeout
2026-01-17 20:32:56.291 [taskScheduler-9] WARN  c.q.federated.service.FederatedCoordinatorService - Node 11 marked as inactive due to heartbeat timeout
2026-01-17 20:32:56.291 [taskScheduler-9] WARN  c.q.federated.service.FederatedCoordinatorService - Node 111 marked as inactive due to heartbeat timeout
2026-01-17 20:33:01.300 [taskScheduler-9] WARN  c.q.federated.service.FederatedCoordinatorService - Node 11 marked as inactive due to heartbeat timeout
2026-01-17 20:33:01.300 [taskScheduler-9] WARN  c.q.federated.service.FederatedCoordinatorService - Node 111 marked as inactive due to heartbeat timeout
2026-01-17 20:33:06.306 [taskScheduler-9] WARN  c.q.federated.service.FederatedCoordinatorService - Node 11 marked as inactive due to heartbeat timeout
2026-01-17 20:33:06.306 [taskScheduler-9] WARN  c.q.federated.service.FederatedCoordinatorService - Node 111 marked as inactive due to heartbeat timeout
2026-01-17 20:33:11.317 [taskScheduler-9] WARN  c.q.federated.service.FederatedCoordinatorService - Node 11 marked as inactive due to heartbeat timeout
2026-01-17 20:33:11.317 [taskScheduler-9] WARN  c.q.federated.service.FederatedCoordinatorService - Node 111 marked as inactive due to heartbeat timeout
2026-01-17 20:33:16.331 [taskScheduler-9] WARN  c.q.federated.service.FederatedCoordinatorService - Node 11 marked as inactive due to heartbeat timeout
2026-01-17 20:33:16.331 [taskScheduler-9] WARN  c.q.federated.service.FederatedCoordinatorService - Node 111 marked as inactive due to heartbeat timeout
2026-01-17 20:33:21.338 [taskScheduler-9] WARN  c.q.federated.service.FederatedCoordinatorService - Node 11 marked as inactive due to heartbeat timeout
2026-01-17 20:33:21.339 [taskScheduler-9] WARN  c.q.federated.service.FederatedCoordinatorService - Node 111 marked as inactive due to heartbeat timeout
2026-01-17 20:33:26.347 [taskScheduler-9] WARN  c.q.federated.service.FederatedCoordinatorService - Node 11 marked as inactive due to heartbeat timeout
2026-01-17 20:33:26.347 [taskScheduler-9] WARN  c.q.federated.service.FederatedCoordinatorService - Node 111 marked as inactive due to heartbeat timeout
2026-01-17 20:33:31.357 [taskScheduler-9] WARN  c.q.federated.service.FederatedCoordinatorService - Node 11 marked as inactive due to heartbeat timeout
2026-01-17 20:33:31.357 [taskScheduler-9] WARN  c.q.federated.service.FederatedCoordinatorService - Node 111 marked as inactive due to heartbeat timeout
2026-01-17 20:33:36.371 [taskScheduler-9] WARN  c.q.federated.service.FederatedCoordinatorService - Node 11 marked as inactive due to heartbeat timeout
2026-01-17 20:33:36.371 [taskScheduler-9] WARN  c.q.federated.service.FederatedCoordinatorService - Node 111 marked as inactive due to heartbeat timeout
2026-01-17 20:33:41.391 [taskScheduler-9] WARN  c.q.federated.service.FederatedCoordinatorService - Node 11 marked as inactive due to heartbeat timeout
2026-01-17 20:33:41.391 [taskScheduler-9] WARN  c.q.federated.service.FederatedCoordinatorService - Node 111 marked as inactive due to heartbeat timeout
2026-01-17 20:33:46.403 [taskScheduler-9] WARN  c.q.federated.service.FederatedCoordinatorService - Node 11 marked as inactive due to heartbeat timeout
2026-01-17 20:33:46.404 [taskScheduler-9] WARN  c.q.federated.service.FederatedCoordinatorService - Node 111 marked as inactive due to heartbeat timeout
2026-01-17 20:33:51.412 [taskScheduler-9] WARN  c.q.federated.service.FederatedCoordinatorService - Node 11 marked as inactive due to heartbeat timeout
2026-01-17 20:33:51.413 [taskScheduler-9] WARN  c.q.federated.service.FederatedCoordinatorService - Node 111 marked as inactive due to heartbeat timeout
2026-01-17 20:33:56.423 [taskScheduler-9] WARN  c.q.federated.service.FederatedCoordinatorService - Node 11 marked as inactive due to heartbeat timeout
2026-01-17 20:33:56.424 [taskScheduler-9] WARN  c.q.federated.service.FederatedCoordinatorService - Node 111 marked as inactive due to heartbeat timeout
2026-01-17 20:34:01.440 [taskScheduler-9] WARN  c.q.federated.service.FederatedCoordinatorService - Node 11 marked as inactive due to heartbeat timeout
2026-01-17 20:34:01.441 [taskScheduler-9] WARN  c.q.federated.service.FederatedCoordinatorService - Node 111 marked as inactive due to heartbeat timeout
2026-01-17 20:34:06.445 [taskScheduler-9] WARN  c.q.federated.service.FederatedCoordinatorService - Node 11 marked as inactive due to heartbeat timeout
2026-01-17 20:34:06.446 [taskScheduler-9] WARN  c.q.federated.service.FederatedCoordinatorService - Node 111 marked as inactive due to heartbeat timeout
2026-01-17 20:34:11.450 [taskScheduler-9] WARN  c.q.federated.service.FederatedCoordinatorService - Node 11 marked as inactive due to heartbeat timeout
2026-01-17 20:34:11.450 [taskScheduler-9] WARN  c.q.federated.service.FederatedCoordinatorService - Node 111 marked as inactive due to heartbeat timeout
2026-01-17 20:34:16.468 [taskScheduler-9] WARN  c.q.federated.service.FederatedCoordinatorService - Node 11 marked as inactive due to heartbeat timeout
2026-01-17 20:34:16.469 [taskScheduler-9] WARN  c.q.federated.service.FederatedCoordinatorService - Node 111 marked as inactive due to heartbeat timeout
2026-01-17 20:34:21.487 [taskScheduler-9] WARN  c.q.federated.service.FederatedCoordinatorService - Node 11 marked as inactive due to heartbeat timeout
2026-01-17 20:34:21.488 [taskScheduler-9] WARN  c.q.federated.service.FederatedCoordinatorService - Node 111 marked as inactive due to heartbeat timeout
2026-01-17 20:34:26.503 [taskScheduler-9] WARN  c.q.federated.service.FederatedCoordinatorService - Node 11 marked as inactive due to heartbeat timeout
2026-01-17 20:34:26.503 [taskScheduler-9] WARN  c.q.federated.service.FederatedCoordinatorService - Node 111 marked as inactive due to heartbeat timeout
2026-01-17 20:34:31.522 [taskScheduler-9] WARN  c.q.federated.service.FederatedCoordinatorService - Node 11 marked as inactive due to heartbeat timeout
2026-01-17 20:34:31.523 [taskScheduler-9] WARN  c.q.federated.service.FederatedCoordinatorService - Node 111 marked as inactive due to heartbeat timeout
2026-01-17 20:34:36.539 [taskScheduler-9] WARN  c.q.federated.service.FederatedCoordinatorService - Node 11 marked as inactive due to heartbeat timeout
2026-01-17 20:34:36.539 [taskScheduler-9] WARN  c.q.federated.service.FederatedCoordinatorService - Node 111 marked as inactive due to heartbeat timeout
2026-01-17 20:34:41.548 [taskScheduler-9] WARN  c.q.federated.service.FederatedCoordinatorService - Node 11 marked as inactive due to heartbeat timeout
2026-01-17 20:34:41.549 [taskScheduler-9] WARN  c.q.federated.service.FederatedCoordinatorService - Node 111 marked as inactive due to heartbeat timeout
2026-01-17 20:34:46.559 [taskScheduler-9] WARN  c.q.federated.service.FederatedCoordinatorService - Node 11 marked as inactive due to heartbeat timeout
2026-01-17 20:34:46.560 [taskScheduler-9] WARN  c.q.federated.service.FederatedCoordinatorService - Node 111 marked as inactive due to heartbeat timeout
2026-01-17 20:34:51.569 [taskScheduler-9] WARN  c.q.federated.service.FederatedCoordinatorService - Node 11 marked as inactive due to heartbeat timeout
2026-01-17 20:34:51.570 [taskScheduler-9] WARN  c.q.federated.service.FederatedCoordinatorService - Node 111 marked as inactive due to heartbeat timeout
2026-01-17 20:34:56.580 [taskScheduler-9] WARN  c.q.federated.service.FederatedCoordinatorService - Node 11 marked as inactive due to heartbeat timeout
2026-01-17 20:34:56.580 [taskScheduler-9] WARN  c.q.federated.service.FederatedCoordinatorService - Node 111 marked as inactive due to heartbeat timeout
2026-01-17 20:35:01.590 [taskScheduler-9] WARN  c.q.federated.service.FederatedCoordinatorService - Node 11 marked as inactive due to heartbeat timeout
2026-01-17 20:35:01.591 [taskScheduler-9] WARN  c.q.federated.service.FederatedCoordinatorService - Node 111 marked as inactive due to heartbeat timeout
2026-01-17 20:35:06.598 [taskScheduler-9] WARN  c.q.federated.service.FederatedCoordinatorService - Node 11 marked as inactive due to heartbeat timeout
2026-01-17 20:35:06.598 [taskScheduler-9] WARN  c.q.federated.service.FederatedCoordinatorService - Node 111 marked as inactive due to heartbeat timeout
2026-01-17 20:35:11.605 [taskScheduler-9] WARN  c.q.federated.service.FederatedCoordinatorService - Node 11 marked as inactive due to heartbeat timeout
2026-01-17 20:35:11.605 [taskScheduler-9] WARN  c.q.federated.service.FederatedCoordinatorService - Node 111 marked as inactive due to heartbeat timeout
2026-01-17 20:35:16.623 [taskScheduler-9] WARN  c.q.federated.service.FederatedCoordinatorService - Node 11 marked as inactive due to heartbeat timeout
2026-01-17 20:35:16.624 [taskScheduler-9] WARN  c.q.federated.service.FederatedCoordinatorService - Node 111 marked as inactive due to heartbeat timeout
2026-01-17 20:35:21.633 [taskScheduler-9] WARN  c.q.federated.service.FederatedCoordinatorService - Node 11 marked as inactive due to heartbeat timeout
2026-01-17 20:35:21.634 [taskScheduler-9] WARN  c.q.federated.service.FederatedCoordinatorService - Node 111 marked as inactive due to heartbeat timeout
2026-01-17 20:35:26.638 [taskScheduler-9] WARN  c.q.federated.service.FederatedCoordinatorService - Node 11 marked as inactive due to heartbeat timeout
2026-01-17 20:35:26.638 [taskScheduler-9] WARN  c.q.federated.service.FederatedCoordinatorService - Node 111 marked as inactive due to heartbeat timeout
2026-01-17 20:35:31.648 [taskScheduler-9] WARN  c.q.federated.service.FederatedCoordinatorService - Node 11 marked as inactive due to heartbeat timeout
2026-01-17 20:35:31.649 [taskScheduler-9] WARN  c.q.federated.service.FederatedCoordinatorService - Node 111 marked as inactive due to heartbeat timeout
2026-01-17 20:35:36.658 [taskScheduler-9] WARN  c.q.federated.service.FederatedCoordinatorService - Node 11 marked as inactive due to heartbeat timeout
2026-01-17 20:35:36.658 [taskScheduler-9] WARN  c.q.federated.service.FederatedCoordinatorService - Node 111 marked as inactive due to heartbeat timeout
2026-01-17 20:35:41.668 [taskScheduler-9] WARN  c.q.federated.service.FederatedCoordinatorService - Node 11 marked as inactive due to heartbeat timeout
2026-01-17 20:35:41.668 [taskScheduler-9] WARN  c.q.federated.service.FederatedCoordinatorService - Node 111 marked as inactive due to heartbeat timeout
2026-01-17 20:35:46.687 [taskScheduler-9] WARN  c.q.federated.service.FederatedCoordinatorService - Node 11 marked as inactive due to heartbeat timeout
2026-01-17 20:35:46.687 [taskScheduler-9] WARN  c.q.federated.service.FederatedCoordinatorService - Node 111 marked as inactive due to heartbeat timeout
2026-01-17 20:35:51.704 [taskScheduler-9] WARN  c.q.federated.service.FederatedCoordinatorService - Node 11 marked as inactive due to heartbeat timeout
2026-01-17 20:35:51.705 [taskScheduler-9] WARN  c.q.federated.service.FederatedCoordinatorService - Node 111 marked as inactive due to heartbeat timeout
2026-01-17 20:35:56.715 [taskScheduler-9] WARN  c.q.federated.service.FederatedCoordinatorService - Node 11 marked as inactive due to heartbeat timeout
2026-01-17 20:35:56.715 [taskScheduler-9] WARN  c.q.federated.service.FederatedCoordinatorService - Node 111 marked as inactive due to heartbeat timeout
2026-01-17 20:36:01.722 [taskScheduler-9] WARN  c.q.federated.service.FederatedCoordinatorService - Node 11 marked as inactive due to heartbeat timeout
2026-01-17 20:36:01.723 [taskScheduler-9] WARN  c.q.federated.service.FederatedCoordinatorService - Node 111 marked as inactive due to heartbeat timeout
2026-01-17 20:36:06.737 [taskScheduler-9] WARN  c.q.federated.service.FederatedCoordinatorService - Node 11 marked as inactive due to heartbeat timeout
2026-01-17 20:36:06.737 [taskScheduler-9] WARN  c.q.federated.service.FederatedCoordinatorService - Node 111 marked as inactive due to heartbeat timeout
2026-01-17 20:36:11.743 [taskScheduler-9] WARN  c.q.federated.service.FederatedCoordinatorService - Node 11 marked as inactive due to heartbeat timeout
2026-01-17 20:36:11.744 [taskScheduler-9] WARN  c.q.federated.service.FederatedCoordinatorService - Node 111 marked as inactive due to heartbeat timeout
2026-01-17 20:36:16.754 [taskScheduler-9] WARN  c.q.federated.service.FederatedCoordinatorService - Node 11 marked as inactive due to heartbeat timeout
2026-01-17 20:36:16.755 [taskScheduler-9] WARN  c.q.federated.service.FederatedCoordinatorService - Node 111 marked as inactive due to heartbeat timeout
2026-01-17 20:36:21.765 [taskScheduler-9] WARN  c.q.federated.service.FederatedCoordinatorService - Node 11 marked as inactive due to heartbeat timeout
2026-01-17 20:36:21.765 [taskScheduler-9] WARN  c.q.federated.service.FederatedCoordinatorService - Node 111 marked as inactive due to heartbeat timeout
2026-01-17 20:36:26.780 [taskScheduler-9] WARN  c.q.federated.service.FederatedCoordinatorService - Node 11 marked as inactive due to heartbeat timeout
2026-01-17 20:36:26.781 [taskScheduler-9] WARN  c.q.federated.service.FederatedCoordinatorService - Node 111 marked as inactive due to heartbeat timeout
2026-01-17 20:36:31.786 [taskScheduler-9] WARN  c.q.federated.service.FederatedCoordinatorService - Node 11 marked as inactive due to heartbeat timeout
2026-01-17 20:36:31.787 [taskScheduler-9] WARN  c.q.federated.service.FederatedCoordinatorService - Node 111 marked as inactive due to heartbeat timeout
2026-01-17 20:36:36.797 [taskScheduler-9] WARN  c.q.federated.service.FederatedCoordinatorService - Node 11 marked as inactive due to heartbeat timeout
2026-01-17 20:36:36.797 [taskScheduler-9] WARN  c.q.federated.service.FederatedCoordinatorService - Node 111 marked as inactive due to heartbeat timeout
2026-01-17 20:36:41.805 [taskScheduler-9] WARN  c.q.federated.service.FederatedCoordinatorService - Node 11 marked as inactive due to heartbeat timeout
2026-01-17 20:36:41.806 [taskScheduler-9] WARN  c.q.federated.service.FederatedCoordinatorService - Node 111 marked as inactive due to heartbeat timeout
2026-01-17 20:36:46.820 [taskScheduler-9] WARN  c.q.federated.service.FederatedCoordinatorService - Node 11 marked as inactive due to heartbeat timeout
2026-01-17 20:36:46.821 [taskScheduler-9] WARN  c.q.federated.service.FederatedCoordinatorService - Node 111 marked as inactive due to heartbeat timeout
2026-01-17 20:36:51.836 [taskScheduler-9] WARN  c.q.federated.service.FederatedCoordinatorService - Node 11 marked as inactive due to heartbeat timeout
2026-01-17 20:36:51.837 [taskScheduler-9] WARN  c.q.federated.service.FederatedCoordinatorService - Node 111 marked as inactive due to heartbeat timeout
2026-01-17 20:36:56.849 [taskScheduler-9] WARN  c.q.federated.service.FederatedCoordinatorService - Node 11 marked as inactive due to heartbeat timeout
2026-01-17 20:36:56.850 [taskScheduler-9] WARN  c.q.federated.service.FederatedCoordinatorService - Node 111 marked as inactive due to heartbeat timeout
2026-01-17 20:37:01.862 [taskScheduler-9] WARN  c.q.federated.service.FederatedCoordinatorService - Node 11 marked as inactive due to heartbeat timeout
2026-01-17 20:37:01.863 [taskScheduler-9] WARN  c.q.federated.service.FederatedCoordinatorService - Node 111 marked as inactive due to heartbeat timeout
2026-01-17 20:37:06.868 [taskScheduler-9] WARN  c.q.federated.service.FederatedCoordinatorService - Node 11 marked as inactive due to heartbeat timeout
2026-01-17 20:37:06.868 [taskScheduler-9] WARN  c.q.federated.service.FederatedCoordinatorService - Node 111 marked as inactive due to heartbeat timeout
2026-01-17 20:37:11.884 [taskScheduler-9] WARN  c.q.federated.service.FederatedCoordinatorService - Node 11 marked as inactive due to heartbeat timeout
2026-01-17 20:37:11.885 [taskScheduler-9] WARN  c.q.federated.service.FederatedCoordinatorService - Node 111 marked as inactive due to heartbeat timeout
2026-01-17 20:37:16.900 [taskScheduler-9] WARN  c.q.federated.service.FederatedCoordinatorService - Node 11 marked as inactive due to heartbeat timeout
2026-01-17 20:37:16.901 [taskScheduler-9] WARN  c.q.federated.service.FederatedCoordinatorService - Node 111 marked as inactive due to heartbeat timeout
2026-01-17 20:37:21.912 [taskScheduler-9] WARN  c.q.federated.service.FederatedCoordinatorService - Node 11 marked as inactive due to heartbeat timeout
2026-01-17 20:37:21.913 [taskScheduler-9] WARN  c.q.federated.service.FederatedCoordinatorService - Node 111 marked as inactive due to heartbeat timeout
2026-01-17 20:37:26.933 [taskScheduler-9] WARN  c.q.federated.service.FederatedCoordinatorService - Node 11 marked as inactive due to heartbeat timeout
2026-01-17 20:37:26.933 [taskScheduler-9] WARN  c.q.federated.service.FederatedCoordinatorService - Node 111 marked as inactive due to heartbeat timeout
2026-01-17 20:37:31.950 [taskScheduler-9] WARN  c.q.federated.service.FederatedCoordinatorService - Node 11 marked as inactive due to heartbeat timeout
2026-01-17 20:37:31.950 [taskScheduler-9] WARN  c.q.federated.service.FederatedCoordinatorService - Node 111 marked as inactive due to heartbeat timeout
2026-01-17 20:37:36.966 [taskScheduler-9] WARN  c.q.federated.service.FederatedCoordinatorService - Node 11 marked as inactive due to heartbeat timeout
2026-01-17 20:37:36.967 [taskScheduler-9] WARN  c.q.federated.service.FederatedCoordinatorService - Node 111 marked as inactive due to heartbeat timeout
2026-01-17 20:37:41.982 [taskScheduler-9] WARN  c.q.federated.service.FederatedCoordinatorService - Node 11 marked as inactive due to heartbeat timeout
2026-01-17 20:37:41.982 [taskScheduler-9] WARN  c.q.federated.service.FederatedCoordinatorService - Node 111 marked as inactive due to heartbeat timeout
2026-01-17 20:37:46.999 [taskScheduler-9] WARN  c.q.federated.service.FederatedCoordinatorService - Node 11 marked as inactive due to heartbeat timeout
2026-01-17 20:37:47.000 [taskScheduler-9] WARN  c.q.federated.service.FederatedCoordinatorService - Node 111 marked as inactive due to heartbeat timeout
2026-01-17 20:37:52.013 [taskScheduler-9] WARN  c.q.federated.service.FederatedCoordinatorService - Node 11 marked as inactive due to heartbeat timeout
2026-01-17 20:37:52.014 [taskScheduler-9] WARN  c.q.federated.service.FederatedCoordinatorService - Node 111 marked as inactive due to heartbeat timeout
2026-01-17 20:37:57.020 [taskScheduler-9] WARN  c.q.federated.service.FederatedCoordinatorService - Node 11 marked as inactive due to heartbeat timeout
2026-01-17 20:37:57.021 [taskScheduler-9] WARN  c.q.federated.service.FederatedCoordinatorService - Node 111 marked as inactive due to heartbeat timeout
2026-01-17 20:38:02.028 [taskScheduler-9] WARN  c.q.federated.service.FederatedCoordinatorService - Node 11 marked as inactive due to heartbeat timeout
2026-01-17 20:38:02.028 [taskScheduler-9] WARN  c.q.federated.service.FederatedCoordinatorService - Node 111 marked as inactive due to heartbeat timeout
2026-01-17 20:38:07.043 [taskScheduler-9] WARN  c.q.federated.service.FederatedCoordinatorService - Node 11 marked as inactive due to heartbeat timeout
2026-01-17 20:38:07.043 [taskScheduler-9] WARN  c.q.federated.service.FederatedCoordinatorService - Node 111 marked as inactive due to heartbeat timeout
2026-01-17 20:38:12.050 [taskScheduler-9] WARN  c.q.federated.service.FederatedCoordinatorService - Node 11 marked as inactive due to heartbeat timeout
2026-01-17 20:38:12.050 [taskScheduler-9] WARN  c.q.federated.service.FederatedCoordinatorService - Node 111 marked as inactive due to heartbeat timeout
2026-01-17 20:38:17.065 [taskScheduler-9] WARN  c.q.federated.service.FederatedCoordinatorService - Node 11 marked as inactive due to heartbeat timeout
2026-01-17 20:38:17.066 [taskScheduler-9] WARN  c.q.federated.service.FederatedCoordinatorService - Node 111 marked as inactive due to heartbeat timeout
2026-01-17 20:38:22.084 [taskScheduler-9] WARN  c.q.federated.service.FederatedCoordinatorService - Node 11 marked as inactive due to heartbeat timeout
2026-01-17 20:38:22.084 [taskScheduler-9] WARN  c.q.federated.service.FederatedCoordinatorService - Node 111 marked as inactive due to heartbeat timeout
2026-01-17 20:38:27.096 [taskScheduler-9] WARN  c.q.federated.service.FederatedCoordinatorService - Node 11 marked as inactive due to heartbeat timeout
2026-01-17 20:38:27.097 [taskScheduler-9] WARN  c.q.federated.service.FederatedCoordinatorService - Node 111 marked as inactive due to heartbeat timeout
2026-01-17 20:38:32.116 [taskScheduler-9] WARN  c.q.federated.service.FederatedCoordinatorService - Node 11 marked as inactive due to heartbeat timeout
2026-01-17 20:38:32.117 [taskScheduler-9] WARN  c.q.federated.service.FederatedCoordinatorService - Node 111 marked as inactive due to heartbeat timeout
2026-01-17 20:38:37.132 [taskScheduler-9] WARN  c.q.federated.service.FederatedCoordinatorService - Node 11 marked as inactive due to heartbeat timeout
2026-01-17 20:38:37.133 [taskScheduler-9] WARN  c.q.federated.service.FederatedCoordinatorService - Node 111 marked as inactive due to heartbeat timeout
2026-01-17 20:38:42.149 [taskScheduler-9] WARN  c.q.federated.service.FederatedCoordinatorService - Node 11 marked as inactive due to heartbeat timeout
2026-01-17 20:38:42.150 [taskScheduler-9] WARN  c.q.federated.service.FederatedCoordinatorService - Node 111 marked as inactive due to heartbeat timeout
2026-01-17 20:38:47.165 [taskScheduler-9] WARN  c.q.federated.service.FederatedCoordinatorService - Node 11 marked as inactive due to heartbeat timeout
2026-01-17 20:38:47.165 [taskScheduler-9] WARN  c.q.federated.service.FederatedCoordinatorService - Node 111 marked as inactive due to heartbeat timeout
2026-01-17 20:38:52.182 [taskScheduler-9] WARN  c.q.federated.service.FederatedCoordinatorService - Node 11 marked as inactive due to heartbeat timeout
2026-01-17 20:38:52.183 [taskScheduler-9] WARN  c.q.federated.service.FederatedCoordinatorService - Node 111 marked as inactive due to heartbeat timeout
2026-01-17 20:38:57.199 [taskScheduler-9] WARN  c.q.federated.service.FederatedCoordinatorService - Node 11 marked as inactive due to heartbeat timeout
2026-01-17 20:38:57.200 [taskScheduler-9] WARN  c.q.federated.service.FederatedCoordinatorService - Node 111 marked as inactive due to heartbeat timeout
2026-01-17 20:39:02.214 [taskScheduler-9] WARN  c.q.federated.service.FederatedCoordinatorService - Node 11 marked as inactive due to heartbeat timeout
2026-01-17 20:39:02.214 [taskScheduler-9] WARN  c.q.federated.service.FederatedCoordinatorService - Node 111 marked as inactive due to heartbeat timeout
2026-01-17 20:39:07.220 [taskScheduler-9] WARN  c.q.federated.service.FederatedCoordinatorService - Node 11 marked as inactive due to heartbeat timeout
2026-01-17 20:39:07.221 [taskScheduler-9] WARN  c.q.federated.service.FederatedCoordinatorService - Node 111 marked as inactive due to heartbeat timeout
2026-01-17 20:39:12.230 [taskScheduler-9] WARN  c.q.federated.service.FederatedCoordinatorService - Node 11 marked as inactive due to heartbeat timeout
2026-01-17 20:39:12.231 [taskScheduler-9] WARN  c.q.federated.service.FederatedCoordinatorService - Node 111 marked as inactive due to heartbeat timeout
2026-01-17 20:39:17.246 [taskScheduler-9] WARN  c.q.federated.service.FederatedCoordinatorService - Node 11 marked as inactive due to heartbeat timeout
2026-01-17 20:39:17.247 [taskScheduler-9] WARN  c.q.federated.service.FederatedCoordinatorService - Node 111 marked as inactive due to heartbeat timeout
2026-01-17 20:39:22.257 [taskScheduler-9] WARN  c.q.federated.service.FederatedCoordinatorService - Node 11 marked as inactive due to heartbeat timeout
2026-01-17 20:39:22.258 [taskScheduler-9] WARN  c.q.federated.service.FederatedCoordinatorService - Node 111 marked as inactive due to heartbeat timeout
2026-01-17 20:39:27.263 [taskScheduler-9] WARN  c.q.federated.service.FederatedCoordinatorService - Node 11 marked as inactive due to heartbeat timeout
2026-01-17 20:39:27.263 [taskScheduler-9] WARN  c.q.federated.service.FederatedCoordinatorService - Node 111 marked as inactive due to heartbeat timeout
2026-01-17 20:39:32.273 [taskScheduler-9] WARN  c.q.federated.service.FederatedCoordinatorService - Node 11 marked as inactive due to heartbeat timeout
2026-01-17 20:39:32.273 [taskScheduler-9] WARN  c.q.federated.service.FederatedCoordinatorService - Node 111 marked as inactive due to heartbeat timeout
2026-01-17 20:39:37.290 [taskScheduler-9] WARN  c.q.federated.service.FederatedCoordinatorService - Node 11 marked as inactive due to heartbeat timeout
2026-01-17 20:39:37.291 [taskScheduler-9] WARN  c.q.federated.service.FederatedCoordinatorService - Node 111 marked as inactive due to heartbeat timeout
2026-01-17 20:39:42.298 [taskScheduler-9] WARN  c.q.federated.service.FederatedCoordinatorService - Node 11 marked as inactive due to heartbeat timeout
2026-01-17 20:39:42.298 [taskScheduler-9] WARN  c.q.federated.service.FederatedCoordinatorService - Node 111 marked as inactive due to heartbeat timeout
2026-01-17 20:39:47.305 [taskScheduler-9] WARN  c.q.federated.service.FederatedCoordinatorService - Node 11 marked as inactive due to heartbeat timeout
2026-01-17 20:39:47.305 [taskScheduler-9] WARN  c.q.federated.service.FederatedCoordinatorService - Node 111 marked as inactive due to heartbeat timeout
2026-01-17 20:39:52.316 [taskScheduler-9] WARN  c.q.federated.service.FederatedCoordinatorService - Node 11 marked as inactive due to heartbeat timeout
2026-01-17 20:39:52.316 [taskScheduler-9] WARN  c.q.federated.service.FederatedCoordinatorService - Node 111 marked as inactive due to heartbeat timeout
2026-01-17 20:39:57.332 [taskScheduler-9] WARN  c.q.federated.service.FederatedCoordinatorService - Node 11 marked as inactive due to heartbeat timeout
2026-01-17 20:39:57.332 [taskScheduler-9] WARN  c.q.federated.service.FederatedCoordinatorService - Node 111 marked as inactive due to heartbeat timeout
2026-01-17 20:40:02.346 [taskScheduler-9] WARN  c.q.federated.service.FederatedCoordinatorService - Node 11 marked as inactive due to heartbeat timeout
2026-01-17 20:40:02.346 [taskScheduler-9] WARN  c.q.federated.service.FederatedCoordinatorService - Node 111 marked as inactive due to heartbeat timeout
2026-01-17 20:40:07.360 [taskScheduler-9] WARN  c.q.federated.service.FederatedCoordinatorService - Node 11 marked as inactive due to heartbeat timeout
2026-01-17 20:40:07.360 [taskScheduler-9] WARN  c.q.federated.service.FederatedCoordinatorService - Node 111 marked as inactive due to heartbeat timeout
2026-01-17 20:40:12.372 [taskScheduler-9] WARN  c.q.federated.service.FederatedCoordinatorService - Node 11 marked as inactive due to heartbeat timeout
2026-01-17 20:40:12.372 [taskScheduler-9] WARN  c.q.federated.service.FederatedCoordinatorService - Node 111 marked as inactive due to heartbeat timeout
2026-01-17 20:40:17.380 [taskScheduler-9] WARN  c.q.federated.service.FederatedCoordinatorService - Node 11 marked as inactive due to heartbeat timeout
2026-01-17 20:40:17.380 [taskScheduler-9] WARN  c.q.federated.service.FederatedCoordinatorService - Node 111 marked as inactive due to heartbeat timeout
2026-01-17 20:40:22.393 [taskScheduler-9] WARN  c.q.federated.service.FederatedCoordinatorService - Node 11 marked as inactive due to heartbeat timeout
2026-01-17 20:40:22.393 [taskScheduler-9] WARN  c.q.federated.service.FederatedCoordinatorService - Node 111 marked as inactive due to heartbeat timeout
2026-01-17 20:40:27.409 [taskScheduler-9] WARN  c.q.federated.service.FederatedCoordinatorService - Node 11 marked as inactive due to heartbeat timeout
2026-01-17 20:40:27.410 [taskScheduler-9] WARN  c.q.federated.service.FederatedCoordinatorService - Node 111 marked as inactive due to heartbeat timeout
2026-01-17 20:40:32.429 [taskScheduler-9] WARN  c.q.federated.service.FederatedCoordinatorService - Node 11 marked as inactive due to heartbeat timeout
2026-01-17 20:40:32.430 [taskScheduler-9] WARN  c.q.federated.service.FederatedCoordinatorService - Node 111 marked as inactive due to heartbeat timeout
2026-01-17 20:40:37.446 [taskScheduler-9] WARN  c.q.federated.service.FederatedCoordinatorService - Node 11 marked as inactive due to heartbeat timeout
2026-01-17 20:40:37.446 [taskScheduler-9] WARN  c.q.federated.service.FederatedCoordinatorService - Node 111 marked as inactive due to heartbeat timeout
2026-01-17 20:40:42.451 [taskScheduler-9] WARN  c.q.federated.service.FederatedCoordinatorService - Node 11 marked as inactive due to heartbeat timeout
2026-01-17 20:40:42.452 [taskScheduler-9] WARN  c.q.federated.service.FederatedCoordinatorService - Node 111 marked as inactive due to heartbeat timeout
2026-01-17 20:40:47.460 [taskScheduler-9] WARN  c.q.federated.service.FederatedCoordinatorService - Node 11 marked as inactive due to heartbeat timeout
2026-01-17 20:40:47.460 [taskScheduler-9] WARN  c.q.federated.service.FederatedCoordinatorService - Node 111 marked as inactive due to heartbeat timeout
2026-01-17 20:40:52.476 [taskScheduler-9] WARN  c.q.federated.service.FederatedCoordinatorService - Node 11 marked as inactive due to heartbeat timeout
2026-01-17 20:40:52.476 [taskScheduler-9] WARN  c.q.federated.service.FederatedCoordinatorService - Node 111 marked as inactive due to heartbeat timeout
2026-01-17 20:40:57.496 [taskScheduler-9] WARN  c.q.federated.service.FederatedCoordinatorService - Node 11 marked as inactive due to heartbeat timeout
2026-01-17 20:40:57.496 [taskScheduler-9] WARN  c.q.federated.service.FederatedCoordinatorService - Node 111 marked as inactive due to heartbeat timeout
2026-01-17 20:41:02.507 [taskScheduler-9] WARN  c.q.federated.service.FederatedCoordinatorService - Node 11 marked as inactive due to heartbeat timeout
2026-01-17 20:41:02.507 [taskScheduler-9] WARN  c.q.federated.service.FederatedCoordinatorService - Node 111 marked as inactive due to heartbeat timeout
2026-01-17 20:41:07.513 [taskScheduler-9] WARN  c.q.federated.service.FederatedCoordinatorService - Node 11 marked as inactive due to heartbeat timeout
2026-01-17 20:41:07.513 [taskScheduler-9] WARN  c.q.federated.service.FederatedCoordinatorService - Node 111 marked as inactive due to heartbeat timeout
2026-01-17 20:41:12.522 [taskScheduler-9] WARN  c.q.federated.service.FederatedCoordinatorService - Node 11 marked as inactive due to heartbeat timeout
2026-01-17 20:41:12.522 [taskScheduler-9] WARN  c.q.federated.service.FederatedCoordinatorService - Node 111 marked as inactive due to heartbeat timeout
2026-01-17 20:41:17.541 [taskScheduler-9] WARN  c.q.federated.service.FederatedCoordinatorService - Node 11 marked as inactive due to heartbeat timeout
2026-01-17 20:41:17.541 [taskScheduler-9] WARN  c.q.federated.service.FederatedCoordinatorService - Node 111 marked as inactive due to heartbeat timeout
2026-01-17 20:41:22.546 [taskScheduler-9] WARN  c.q.federated.service.FederatedCoordinatorService - Node 11 marked as inactive due to heartbeat timeout
2026-01-17 20:41:22.546 [taskScheduler-9] WARN  c.q.federated.service.FederatedCoordinatorService - Node 111 marked as inactive due to heartbeat timeout
2026-01-17 20:41:27.560 [taskScheduler-9] WARN  c.q.federated.service.FederatedCoordinatorService - Node 11 marked as inactive due to heartbeat timeout
2026-01-17 20:41:27.560 [taskScheduler-9] WARN  c.q.federated.service.FederatedCoordinatorService - Node 111 marked as inactive due to heartbeat timeout
2026-01-17 20:41:32.566 [taskScheduler-9] WARN  c.q.federated.service.FederatedCoordinatorService - Node 11 marked as inactive due to heartbeat timeout
2026-01-17 20:41:32.566 [taskScheduler-9] WARN  c.q.federated.service.FederatedCoordinatorService - Node 111 marked as inactive due to heartbeat timeout
2026-01-17 20:41:37.576 [taskScheduler-9] WARN  c.q.federated.service.FederatedCoordinatorService - Node 11 marked as inactive due to heartbeat timeout
2026-01-17 20:41:37.576 [taskScheduler-9] WARN  c.q.federated.service.FederatedCoordinatorService - Node 111 marked as inactive due to heartbeat timeout
2026-01-17 20:41:42.581 [taskScheduler-9] WARN  c.q.federated.service.FederatedCoordinatorService - Node 11 marked as inactive due to heartbeat timeout
2026-01-17 20:41:42.581 [taskScheduler-9] WARN  c.q.federated.service.FederatedCoordinatorService - Node 111 marked as inactive due to heartbeat timeout
2026-01-17 20:41:47.592 [taskScheduler-9] WARN  c.q.federated.service.FederatedCoordinatorService - Node 11 marked as inactive due to heartbeat timeout
2026-01-17 20:41:47.593 [taskScheduler-9] WARN  c.q.federated.service.FederatedCoordinatorService - Node 111 marked as inactive due to heartbeat timeout
2026-01-17 20:41:52.609 [taskScheduler-9] WARN  c.q.federated.service.FederatedCoordinatorService - Node 11 marked as inactive due to heartbeat timeout
2026-01-17 20:41:52.610 [taskScheduler-9] WARN  c.q.federated.service.FederatedCoordinatorService - Node 111 marked as inactive due to heartbeat timeout
2026-01-17 20:41:57.633 [taskScheduler-9] WARN  c.q.federated.service.FederatedCoordinatorService - Node 11 marked as inactive due to heartbeat timeout
2026-01-17 20:41:57.634 [taskScheduler-9] WARN  c.q.federated.service.FederatedCoordinatorService - Node 111 marked as inactive due to heartbeat timeout
2026-01-17 20:42:02.640 [taskScheduler-9] WARN  c.q.federated.service.FederatedCoordinatorService - Node 11 marked as inactive due to heartbeat timeout
2026-01-17 20:42:02.641 [taskScheduler-9] WARN  c.q.federated.service.FederatedCoordinatorService - Node 111 marked as inactive due to heartbeat timeout
2026-01-17 20:42:07.653 [taskScheduler-9] WARN  c.q.federated.service.FederatedCoordinatorService - Node 11 marked as inactive due to heartbeat timeout
2026-01-17 20:42:07.655 [taskScheduler-9] WARN  c.q.federated.service.FederatedCoordinatorService - Node 111 marked as inactive due to heartbeat timeout
2026-01-17 20:42:12.662 [taskScheduler-9] WARN  c.q.federated.service.FederatedCoordinatorService - Node 11 marked as inactive due to heartbeat timeout
2026-01-17 20:42:12.663 [taskScheduler-9] WARN  c.q.federated.service.FederatedCoordinatorService - Node 111 marked as inactive due to heartbeat timeout
2026-01-17 20:42:17.676 [taskScheduler-9] WARN  c.q.federated.service.FederatedCoordinatorService - Node 11 marked as inactive due to heartbeat timeout
2026-01-17 20:42:17.677 [taskScheduler-9] WARN  c.q.federated.service.FederatedCoordinatorService - Node 111 marked as inactive due to heartbeat timeout
2026-01-17 20:42:22.682 [taskScheduler-9] WARN  c.q.federated.service.FederatedCoordinatorService - Node 11 marked as inactive due to heartbeat timeout
2026-01-17 20:42:22.683 [taskScheduler-9] WARN  c.q.federated.service.FederatedCoordinatorService - Node 111 marked as inactive due to heartbeat timeout
2026-01-17 20:42:27.695 [taskScheduler-9] WARN  c.q.federated.service.FederatedCoordinatorService - Node 11 marked as inactive due to heartbeat timeout
2026-01-17 20:42:27.695 [taskScheduler-9] WARN  c.q.federated.service.FederatedCoordinatorService - Node 111 marked as inactive due to heartbeat timeout
2026-01-17 20:42:32.712 [taskScheduler-9] WARN  c.q.federated.service.FederatedCoordinatorService - Node 11 marked as inactive due to heartbeat timeout
2026-01-17 20:42:32.712 [taskScheduler-9] WARN  c.q.federated.service.FederatedCoordinatorService - Node 111 marked as inactive due to heartbeat timeout
2026-01-17 20:42:37.726 [taskScheduler-9] WARN  c.q.federated.service.FederatedCoordinatorService - Node 11 marked as inactive due to heartbeat timeout
2026-01-17 20:42:37.726 [taskScheduler-9] WARN  c.q.federated.service.FederatedCoordinatorService - Node 111 marked as inactive due to heartbeat timeout
2026-01-17 20:42:42.739 [taskScheduler-9] WARN  c.q.federated.service.FederatedCoordinatorService - Node 11 marked as inactive due to heartbeat timeout
2026-01-17 20:42:42.739 [taskScheduler-9] WARN  c.q.federated.service.FederatedCoordinatorService - Node 111 marked as inactive due to heartbeat timeout
2026-01-17 20:42:47.752 [taskScheduler-5] WARN  c.q.federated.service.FederatedCoordinatorService - Node 11 marked as inactive due to heartbeat timeout
2026-01-17 20:42:47.752 [taskScheduler-5] WARN  c.q.federated.service.FederatedCoordinatorService - Node 111 marked as inactive due to heartbeat timeout
2026-01-17 20:42:52.760 [taskScheduler-5] WARN  c.q.federated.service.FederatedCoordinatorService - Node 11 marked as inactive due to heartbeat timeout
2026-01-17 20:42:52.760 [taskScheduler-5] WARN  c.q.federated.service.FederatedCoordinatorService - Node 111 marked as inactive due to heartbeat timeout
2026-01-17 20:42:57.770 [taskScheduler-5] WARN  c.q.federated.service.FederatedCoordinatorService - Node 11 marked as inactive due to heartbeat timeout
2026-01-17 20:42:57.770 [taskScheduler-5] WARN  c.q.federated.service.FederatedCoordinatorService - Node 111 marked as inactive due to heartbeat timeout
2026-01-17 20:43:02.776 [taskScheduler-5] WARN  c.q.federated.service.FederatedCoordinatorService - Node 11 marked as inactive due to heartbeat timeout
2026-01-17 20:43:02.776 [taskScheduler-5] WARN  c.q.federated.service.FederatedCoordinatorService - Node 111 marked as inactive due to heartbeat timeout
2026-01-17 20:43:07.793 [taskScheduler-5] WARN  c.q.federated.service.FederatedCoordinatorService - Node 11 marked as inactive due to heartbeat timeout
2026-01-17 20:43:07.793 [taskScheduler-5] WARN  c.q.federated.service.FederatedCoordinatorService - Node 111 marked as inactive due to heartbeat timeout
2026-01-17 20:43:12.806 [taskScheduler-5] WARN  c.q.federated.service.FederatedCoordinatorService - Node 11 marked as inactive due to heartbeat timeout
2026-01-17 20:43:12.807 [taskScheduler-5] WARN  c.q.federated.service.FederatedCoordinatorService - Node 111 marked as inactive due to heartbeat timeout
2026-01-17 20:43:17.820 [taskScheduler-5] WARN  c.q.federated.service.FederatedCoordinatorService - Node 11 marked as inactive due to heartbeat timeout
2026-01-17 20:43:17.820 [taskScheduler-5] WARN  c.q.federated.service.FederatedCoordinatorService - Node 111 marked as inactive due to heartbeat timeout
2026-01-17 20:43:22.835 [taskScheduler-5] WARN  c.q.federated.service.FederatedCoordinatorService - Node 11 marked as inactive due to heartbeat timeout
2026-01-17 20:43:22.836 [taskScheduler-5] WARN  c.q.federated.service.FederatedCoordinatorService - Node 111 marked as inactive due to heartbeat timeout
2026-01-17 20:43:27.849 [taskScheduler-5] WARN  c.q.federated.service.FederatedCoordinatorService - Node 11 marked as inactive due to heartbeat timeout
2026-01-17 20:43:27.849 [taskScheduler-5] WARN  c.q.federated.service.FederatedCoordinatorService - Node 111 marked as inactive due to heartbeat timeout
2026-01-17 20:43:32.857 [taskScheduler-5] WARN  c.q.federated.service.FederatedCoordinatorService - Node 11 marked as inactive due to heartbeat timeout
2026-01-17 20:43:32.857 [taskScheduler-5] WARN  c.q.federated.service.FederatedCoordinatorService - Node 111 marked as inactive due to heartbeat timeout
2026-01-17 20:43:37.867 [taskScheduler-5] WARN  c.q.federated.service.FederatedCoordinatorService - Node 11 marked as inactive due to heartbeat timeout
2026-01-17 20:43:37.868 [taskScheduler-5] WARN  c.q.federated.service.FederatedCoordinatorService - Node 111 marked as inactive due to heartbeat timeout
2026-01-17 20:43:42.877 [taskScheduler-5] WARN  c.q.federated.service.FederatedCoordinatorService - Node 11 marked as inactive due to heartbeat timeout
2026-01-17 20:43:42.878 [taskScheduler-5] WARN  c.q.federated.service.FederatedCoordinatorService - Node 111 marked as inactive due to heartbeat timeout
2026-01-17 20:43:47.898 [taskScheduler-5] WARN  c.q.federated.service.FederatedCoordinatorService - Node 11 marked as inactive due to heartbeat timeout
2026-01-17 20:43:47.898 [taskScheduler-5] WARN  c.q.federated.service.FederatedCoordinatorService - Node 111 marked as inactive due to heartbeat timeout
2026-01-17 20:43:52.912 [taskScheduler-5] WARN  c.q.federated.service.FederatedCoordinatorService - Node 11 marked as inactive due to heartbeat timeout
2026-01-17 20:43:52.912 [taskScheduler-5] WARN  c.q.federated.service.FederatedCoordinatorService - Node 111 marked as inactive due to heartbeat timeout
2026-01-17 20:43:57.923 [taskScheduler-5] WARN  c.q.federated.service.FederatedCoordinatorService - Node 11 marked as inactive due to heartbeat timeout
2026-01-17 20:43:57.923 [taskScheduler-5] WARN  c.q.federated.service.FederatedCoordinatorService - Node 111 marked as inactive due to heartbeat timeout
2026-01-17 20:44:02.944 [taskScheduler-5] WARN  c.q.federated.service.FederatedCoordinatorService - Node 11 marked as inactive due to heartbeat timeout
2026-01-17 20:44:02.944 [taskScheduler-5] WARN  c.q.federated.service.FederatedCoordinatorService - Node 111 marked as inactive due to heartbeat timeout
2026-01-17 20:44:07.957 [taskScheduler-5] WARN  c.q.federated.service.FederatedCoordinatorService - Node 11 marked as inactive due to heartbeat timeout
2026-01-17 20:44:07.958 [taskScheduler-5] WARN  c.q.federated.service.FederatedCoordinatorService - Node 111 marked as inactive due to heartbeat timeout
2026-01-17 20:44:12.964 [taskScheduler-5] WARN  c.q.federated.service.FederatedCoordinatorService - Node 11 marked as inactive due to heartbeat timeout
2026-01-17 20:44:12.964 [taskScheduler-5] WARN  c.q.federated.service.FederatedCoordinatorService - Node 111 marked as inactive due to heartbeat timeout
2026-01-17 20:44:17.975 [taskScheduler-5] WARN  c.q.federated.service.FederatedCoordinatorService - Node 11 marked as inactive due to heartbeat timeout
2026-01-17 20:44:17.976 [taskScheduler-5] WARN  c.q.federated.service.FederatedCoordinatorService - Node 111 marked as inactive due to heartbeat timeout
2026-01-17 20:44:22.988 [taskScheduler-5] WARN  c.q.federated.service.FederatedCoordinatorService - Node 11 marked as inactive due to heartbeat timeout
2026-01-17 20:44:22.989 [taskScheduler-5] WARN  c.q.federated.service.FederatedCoordinatorService - Node 111 marked as inactive due to heartbeat timeout
2026-01-17 20:44:27.995 [taskScheduler-5] WARN  c.q.federated.service.FederatedCoordinatorService - Node 11 marked as inactive due to heartbeat timeout
2026-01-17 20:44:27.995 [taskScheduler-5] WARN  c.q.federated.service.FederatedCoordinatorService - Node 111 marked as inactive due to heartbeat timeout
2026-01-17 20:44:33.008 [taskScheduler-5] WARN  c.q.federated.service.FederatedCoordinatorService - Node 11 marked as inactive due to heartbeat timeout
2026-01-17 20:44:33.008 [taskScheduler-5] WARN  c.q.federated.service.FederatedCoordinatorService - Node 111 marked as inactive due to heartbeat timeout
2026-01-17 20:44:38.024 [taskScheduler-5] WARN  c.q.federated.service.FederatedCoordinatorService - Node 11 marked as inactive due to heartbeat timeout
2026-01-17 20:44:38.025 [taskScheduler-5] WARN  c.q.federated.service.FederatedCoordinatorService - Node 111 marked as inactive due to heartbeat timeout
2026-01-17 20:44:43.037 [taskScheduler-5] WARN  c.q.federated.service.FederatedCoordinatorService - Node 11 marked as inactive due to heartbeat timeout
2026-01-17 20:44:43.038 [taskScheduler-5] WARN  c.q.federated.service.FederatedCoordinatorService - Node 111 marked as inactive due to heartbeat timeout
2026-01-17 20:44:48.054 [taskScheduler-5] WARN  c.q.federated.service.FederatedCoordinatorService - Node 11 marked as inactive due to heartbeat timeout
2026-01-17 20:44:48.055 [taskScheduler-5] WARN  c.q.federated.service.FederatedCoordinatorService - Node 111 marked as inactive due to heartbeat timeout
2026-01-17 20:44:53.072 [taskScheduler-5] WARN  c.q.federated.service.FederatedCoordinatorService - Node 11 marked as inactive due to heartbeat timeout
2026-01-17 20:44:53.073 [taskScheduler-5] WARN  c.q.federated.service.FederatedCoordinatorService - Node 111 marked as inactive due to heartbeat timeout
2026-01-17 20:44:58.090 [taskScheduler-5] WARN  c.q.federated.service.FederatedCoordinatorService - Node 11 marked as inactive due to heartbeat timeout
2026-01-17 20:44:58.090 [taskScheduler-5] WARN  c.q.federated.service.FederatedCoordinatorService - Node 111 marked as inactive due to heartbeat timeout
2026-01-17 20:45:03.098 [taskScheduler-5] WARN  c.q.federated.service.FederatedCoordinatorService - Node 11 marked as inactive due to heartbeat timeout
2026-01-17 20:45:03.099 [taskScheduler-5] WARN  c.q.federated.service.FederatedCoordinatorService - Node 111 marked as inactive due to heartbeat timeout
2026-01-17 20:45:08.107 [taskScheduler-5] WARN  c.q.federated.service.FederatedCoordinatorService - Node 11 marked as inactive due to heartbeat timeout
2026-01-17 20:45:08.107 [taskScheduler-5] WARN  c.q.federated.service.FederatedCoordinatorService - Node 111 marked as inactive due to heartbeat timeout
2026-01-17 20:45:13.119 [taskScheduler-5] WARN  c.q.federated.service.FederatedCoordinatorService - Node 11 marked as inactive due to heartbeat timeout
2026-01-17 20:45:13.119 [taskScheduler-5] WARN  c.q.federated.service.FederatedCoordinatorService - Node 111 marked as inactive due to heartbeat timeout
2026-01-17 20:45:18.134 [taskScheduler-5] WARN  c.q.federated.service.FederatedCoordinatorService - Node 11 marked as inactive due to heartbeat timeout
2026-01-17 20:45:18.135 [taskScheduler-5] WARN  c.q.federated.service.FederatedCoordinatorService - Node 111 marked as inactive due to heartbeat timeout
2026-01-17 20:45:23.139 [taskScheduler-5] WARN  c.q.federated.service.FederatedCoordinatorService - Node 11 marked as inactive due to heartbeat timeout
2026-01-17 20:45:23.140 [taskScheduler-5] WARN  c.q.federated.service.FederatedCoordinatorService - Node 111 marked as inactive due to heartbeat timeout
2026-01-17 20:45:28.150 [taskScheduler-5] WARN  c.q.federated.service.FederatedCoordinatorService - Node 11 marked as inactive due to heartbeat timeout
2026-01-17 20:45:28.150 [taskScheduler-5] WARN  c.q.federated.service.FederatedCoordinatorService - Node 111 marked as inactive due to heartbeat timeout
2026-01-17 20:45:33.160 [taskScheduler-5] WARN  c.q.federated.service.FederatedCoordinatorService - Node 11 marked as inactive due to heartbeat timeout
2026-01-17 20:45:33.160 [taskScheduler-5] WARN  c.q.federated.service.FederatedCoordinatorService - Node 111 marked as inactive due to heartbeat timeout
2026-01-17 20:45:38.177 [taskScheduler-5] WARN  c.q.federated.service.FederatedCoordinatorService - Node 11 marked as inactive due to heartbeat timeout
2026-01-17 20:45:38.177 [taskScheduler-5] WARN  c.q.federated.service.FederatedCoordinatorService - Node 111 marked as inactive due to heartbeat timeout
2026-01-17 20:45:43.188 [taskScheduler-5] WARN  c.q.federated.service.FederatedCoordinatorService - Node 11 marked as inactive due to heartbeat timeout
2026-01-17 20:45:43.188 [taskScheduler-5] WARN  c.q.federated.service.FederatedCoordinatorService - Node 111 marked as inactive due to heartbeat timeout
2026-01-17 20:45:48.204 [taskScheduler-5] WARN  c.q.federated.service.FederatedCoordinatorService - Node 11 marked as inactive due to heartbeat timeout
2026-01-17 20:45:48.204 [taskScheduler-5] WARN  c.q.federated.service.FederatedCoordinatorService - Node 111 marked as inactive due to heartbeat timeout
2026-01-17 20:45:53.216 [taskScheduler-5] WARN  c.q.federated.service.FederatedCoordinatorService - Node 11 marked as inactive due to heartbeat timeout
2026-01-17 20:45:53.217 [taskScheduler-5] WARN  c.q.federated.service.FederatedCoordinatorService - Node 111 marked as inactive due to heartbeat timeout
2026-01-17 20:45:58.221 [taskScheduler-5] WARN  c.q.federated.service.FederatedCoordinatorService - Node 11 marked as inactive due to heartbeat timeout
2026-01-17 20:45:58.222 [taskScheduler-5] WARN  c.q.federated.service.FederatedCoordinatorService - Node 111 marked as inactive due to heartbeat timeout
2026-01-17 20:46:03.237 [taskScheduler-5] WARN  c.q.federated.service.FederatedCoordinatorService - Node 11 marked as inactive due to heartbeat timeout
2026-01-17 20:46:03.238 [taskScheduler-5] WARN  c.q.federated.service.FederatedCoordinatorService - Node 111 marked as inactive due to heartbeat timeout
2026-01-17 20:46:08.256 [taskScheduler-5] WARN  c.q.federated.service.FederatedCoordinatorService - Node 11 marked as inactive due to heartbeat timeout
2026-01-17 20:46:08.256 [taskScheduler-5] WARN  c.q.federated.service.FederatedCoordinatorService - Node 111 marked as inactive due to heartbeat timeout
2026-01-17 20:46:13.271 [taskScheduler-5] WARN  c.q.federated.service.FederatedCoordinatorService - Node 11 marked as inactive due to heartbeat timeout
2026-01-17 20:46:13.272 [taskScheduler-5] WARN  c.q.federated.service.FederatedCoordinatorService - Node 111 marked as inactive due to heartbeat timeout
2026-01-17 20:46:18.288 [taskScheduler-5] WARN  c.q.federated.service.FederatedCoordinatorService - Node 11 marked as inactive due to heartbeat timeout
2026-01-17 20:46:18.289 [taskScheduler-5] WARN  c.q.federated.service.FederatedCoordinatorService - Node 111 marked as inactive due to heartbeat timeout
2026-01-17 20:46:23.304 [taskScheduler-5] WARN  c.q.federated.service.FederatedCoordinatorService - Node 11 marked as inactive due to heartbeat timeout
2026-01-17 20:46:23.305 [taskScheduler-5] WARN  c.q.federated.service.FederatedCoordinatorService - Node 111 marked as inactive due to heartbeat timeout
2026-01-17 20:46:28.317 [taskScheduler-5] WARN  c.q.federated.service.FederatedCoordinatorService - Node 11 marked as inactive due to heartbeat timeout
2026-01-17 20:46:28.318 [taskScheduler-5] WARN  c.q.federated.service.FederatedCoordinatorService - Node 111 marked as inactive due to heartbeat timeout
2026-01-17 20:46:33.327 [taskScheduler-5] WARN  c.q.federated.service.FederatedCoordinatorService - Node 11 marked as inactive due to heartbeat timeout
2026-01-17 20:46:33.327 [taskScheduler-5] WARN  c.q.federated.service.FederatedCoordinatorService - Node 111 marked as inactive due to heartbeat timeout
2026-01-17 20:46:38.349 [taskScheduler-5] WARN  c.q.federated.service.FederatedCoordinatorService - Node 11 marked as inactive due to heartbeat timeout
2026-01-17 20:46:38.350 [taskScheduler-5] WARN  c.q.federated.service.FederatedCoordinatorService - Node 111 marked as inactive due to heartbeat timeout
2026-01-17 20:46:43.363 [taskScheduler-5] WARN  c.q.federated.service.FederatedCoordinatorService - Node 11 marked as inactive due to heartbeat timeout
2026-01-17 20:46:43.364 [taskScheduler-5] WARN  c.q.federated.service.FederatedCoordinatorService - Node 111 marked as inactive due to heartbeat timeout
2026-01-17 20:46:48.375 [taskScheduler-5] WARN  c.q.federated.service.FederatedCoordinatorService - Node 11 marked as inactive due to heartbeat timeout
2026-01-17 20:46:48.376 [taskScheduler-5] WARN  c.q.federated.service.FederatedCoordinatorService - Node 111 marked as inactive due to heartbeat timeout
2026-01-17 20:46:53.396 [taskScheduler-5] WARN  c.q.federated.service.FederatedCoordinatorService - Node 11 marked as inactive due to heartbeat timeout
2026-01-17 20:46:53.396 [taskScheduler-5] WARN  c.q.federated.service.FederatedCoordinatorService - Node 111 marked as inactive due to heartbeat timeout
2026-01-17 20:46:58.409 [taskScheduler-5] WARN  c.q.federated.service.FederatedCoordinatorService - Node 11 marked as inactive due to heartbeat timeout
2026-01-17 20:46:58.410 [taskScheduler-5] WARN  c.q.federated.service.FederatedCoordinatorService - Node 111 marked as inactive due to heartbeat timeout
2026-01-17 20:47:03.426 [taskScheduler-5] WARN  c.q.federated.service.FederatedCoordinatorService - Node 11 marked as inactive due to heartbeat timeout
2026-01-17 20:47:03.427 [taskScheduler-5] WARN  c.q.federated.service.FederatedCoordinatorService - Node 111 marked as inactive due to heartbeat timeout
2026-01-17 20:47:08.437 [taskScheduler-5] WARN  c.q.federated.service.FederatedCoordinatorService - Node 11 marked as inactive due to heartbeat timeout
2026-01-17 20:47:08.438 [taskScheduler-5] WARN  c.q.federated.service.FederatedCoordinatorService - Node 111 marked as inactive due to heartbeat timeout
2026-01-17 20:47:13.454 [taskScheduler-5] WARN  c.q.federated.service.FederatedCoordinatorService - Node 11 marked as inactive due to heartbeat timeout
2026-01-17 20:47:13.454 [taskScheduler-5] WARN  c.q.federated.service.FederatedCoordinatorService - Node 111 marked as inactive due to heartbeat timeout
2026-01-17 20:47:18.465 [taskScheduler-5] WARN  c.q.federated.service.FederatedCoordinatorService - Node 11 marked as inactive due to heartbeat timeout
2026-01-17 20:47:18.466 [taskScheduler-5] WARN  c.q.federated.service.FederatedCoordinatorService - Node 111 marked as inactive due to heartbeat timeout
2026-01-17 20:47:23.485 [taskScheduler-5] WARN  c.q.federated.service.FederatedCoordinatorService - Node 11 marked as inactive due to heartbeat timeout
2026-01-17 20:47:23.486 [taskScheduler-5] WARN  c.q.federated.service.FederatedCoordinatorService - Node 111 marked as inactive due to heartbeat timeout
2026-01-17 20:47:28.502 [taskScheduler-5] WARN  c.q.federated.service.FederatedCoordinatorService - Node 11 marked as inactive due to heartbeat timeout
2026-01-17 20:47:28.503 [taskScheduler-5] WARN  c.q.federated.service.FederatedCoordinatorService - Node 111 marked as inactive due to heartbeat timeout
2026-01-17 20:47:33.518 [taskScheduler-5] WARN  c.q.federated.service.FederatedCoordinatorService - Node 11 marked as inactive due to heartbeat timeout
2026-01-17 20:47:33.519 [taskScheduler-5] WARN  c.q.federated.service.FederatedCoordinatorService - Node 111 marked as inactive due to heartbeat timeout
2026-01-17 20:47:38.536 [taskScheduler-5] WARN  c.q.federated.service.FederatedCoordinatorService - Node 11 marked as inactive due to heartbeat timeout
2026-01-17 20:47:38.537 [taskScheduler-5] WARN  c.q.federated.service.FederatedCoordinatorService - Node 111 marked as inactive due to heartbeat timeout
2026-01-17 20:47:43.551 [taskScheduler-5] WARN  c.q.federated.service.FederatedCoordinatorService - Node 11 marked as inactive due to heartbeat timeout
2026-01-17 20:47:43.552 [taskScheduler-5] WARN  c.q.federated.service.FederatedCoordinatorService - Node 111 marked as inactive due to heartbeat timeout
2026-01-17 20:47:48.569 [taskScheduler-5] WARN  c.q.federated.service.FederatedCoordinatorService - Node 11 marked as inactive due to heartbeat timeout
2026-01-17 20:47:48.570 [taskScheduler-5] WARN  c.q.federated.service.FederatedCoordinatorService - Node 111 marked as inactive due to heartbeat timeout
2026-01-17 20:47:53.583 [taskScheduler-5] WARN  c.q.federated.service.FederatedCoordinatorService - Node 11 marked as inactive due to heartbeat timeout
2026-01-17 20:47:53.583 [taskScheduler-5] WARN  c.q.federated.service.FederatedCoordinatorService - Node 111 marked as inactive due to heartbeat timeout
2026-01-17 20:47:58.597 [taskScheduler-5] WARN  c.q.federated.service.FederatedCoordinatorService - Node 11 marked as inactive due to heartbeat timeout
2026-01-17 20:47:58.597 [taskScheduler-5] WARN  c.q.federated.service.FederatedCoordinatorService - Node 111 marked as inactive due to heartbeat timeout
2026-01-17 20:48:03.603 [taskScheduler-5] WARN  c.q.federated.service.FederatedCoordinatorService - Node 11 marked as inactive due to heartbeat timeout
2026-01-17 20:48:03.603 [taskScheduler-5] WARN  c.q.federated.service.FederatedCoordinatorService - Node 111 marked as inactive due to heartbeat timeout
2026-01-17 20:48:08.621 [taskScheduler-5] WARN  c.q.federated.service.FederatedCoordinatorService - Node 11 marked as inactive due to heartbeat timeout
2026-01-17 20:48:08.621 [taskScheduler-5] WARN  c.q.federated.service.FederatedCoordinatorService - Node 111 marked as inactive due to heartbeat timeout
2026-01-17 20:48:13.640 [taskScheduler-5] WARN  c.q.federated.service.FederatedCoordinatorService - Node 11 marked as inactive due to heartbeat timeout
2026-01-17 20:48:13.640 [taskScheduler-5] WARN  c.q.federated.service.FederatedCoordinatorService - Node 111 marked as inactive due to heartbeat timeout
2026-01-17 20:48:18.650 [taskScheduler-5] WARN  c.q.federated.service.FederatedCoordinatorService - Node 11 marked as inactive due to heartbeat timeout
2026-01-17 20:48:18.650 [taskScheduler-5] WARN  c.q.federated.service.FederatedCoordinatorService - Node 111 marked as inactive due to heartbeat timeout
2026-01-17 20:48:23.659 [taskScheduler-5] WARN  c.q.federated.service.FederatedCoordinatorService - Node 11 marked as inactive due to heartbeat timeout
2026-01-17 20:48:23.659 [taskScheduler-5] WARN  c.q.federated.service.FederatedCoordinatorService - Node 111 marked as inactive due to heartbeat timeout
2026-01-17 20:48:28.670 [taskScheduler-5] WARN  c.q.federated.service.FederatedCoordinatorService - Node 11 marked as inactive due to heartbeat timeout
2026-01-17 20:48:28.670 [taskScheduler-5] WARN  c.q.federated.service.FederatedCoordinatorService - Node 111 marked as inactive due to heartbeat timeout
2026-01-17 20:48:33.684 [taskScheduler-5] WARN  c.q.federated.service.FederatedCoordinatorService - Node 11 marked as inactive due to heartbeat timeout
2026-01-17 20:48:33.684 [taskScheduler-5] WARN  c.q.federated.service.FederatedCoordinatorService - Node 111 marked as inactive due to heartbeat timeout
2026-01-17 20:48:38.692 [taskScheduler-5] WARN  c.q.federated.service.FederatedCoordinatorService - Node 11 marked as inactive due to heartbeat timeout
2026-01-17 20:48:38.693 [taskScheduler-5] WARN  c.q.federated.service.FederatedCoordinatorService - Node 111 marked as inactive due to heartbeat timeout
2026-01-17 20:48:43.699 [taskScheduler-5] WARN  c.q.federated.service.FederatedCoordinatorService - Node 11 marked as inactive due to heartbeat timeout
2026-01-17 20:48:43.700 [taskScheduler-5] WARN  c.q.federated.service.FederatedCoordinatorService - Node 111 marked as inactive due to heartbeat timeout
2026-01-17 20:48:48.714 [taskScheduler-5] WARN  c.q.federated.service.FederatedCoordinatorService - Node 11 marked as inactive due to heartbeat timeout
2026-01-17 20:48:48.715 [taskScheduler-5] WARN  c.q.federated.service.FederatedCoordinatorService - Node 111 marked as inactive due to heartbeat timeout
2026-01-17 20:48:53.734 [taskScheduler-5] WARN  c.q.federated.service.FederatedCoordinatorService - Node 11 marked as inactive due to heartbeat timeout
2026-01-17 20:48:53.735 [taskScheduler-5] WARN  c.q.federated.service.FederatedCoordinatorService - Node 111 marked as inactive due to heartbeat timeout
2026-01-17 20:48:58.747 [taskScheduler-5] WARN  c.q.federated.service.FederatedCoordinatorService - Node 11 marked as inactive due to heartbeat timeout
2026-01-17 20:48:58.747 [taskScheduler-5] WARN  c.q.federated.service.FederatedCoordinatorService - Node 111 marked as inactive due to heartbeat timeout
2026-01-17 20:49:03.756 [taskScheduler-5] WARN  c.q.federated.service.FederatedCoordinatorService - Node 11 marked as inactive due to heartbeat timeout
2026-01-17 20:49:03.756 [taskScheduler-5] WARN  c.q.federated.service.FederatedCoordinatorService - Node 111 marked as inactive due to heartbeat timeout
2026-01-17 20:49:08.767 [taskScheduler-5] WARN  c.q.federated.service.FederatedCoordinatorService - Node 11 marked as inactive due to heartbeat timeout
2026-01-17 20:49:08.767 [taskScheduler-5] WARN  c.q.federated.service.FederatedCoordinatorService - Node 111 marked as inactive due to heartbeat timeout
2026-01-17 20:49:13.784 [taskScheduler-5] WARN  c.q.federated.service.FederatedCoordinatorService - Node 11 marked as inactive due to heartbeat timeout
2026-01-17 20:49:13.784 [taskScheduler-5] WARN  c.q.federated.service.FederatedCoordinatorService - Node 111 marked as inactive due to heartbeat timeout
2026-01-17 20:49:18.803 [taskScheduler-5] WARN  c.q.federated.service.FederatedCoordinatorService - Node 11 marked as inactive due to heartbeat timeout
2026-01-17 20:49:18.803 [taskScheduler-5] WARN  c.q.federated.service.FederatedCoordinatorService - Node 111 marked as inactive due to heartbeat timeout
2026-01-17 20:49:23.814 [taskScheduler-5] WARN  c.q.federated.service.FederatedCoordinatorService - Node 11 marked as inactive due to heartbeat timeout
2026-01-17 20:49:23.815 [taskScheduler-5] WARN  c.q.federated.service.FederatedCoordinatorService - Node 111 marked as inactive due to heartbeat timeout
2026-01-17 20:49:28.833 [taskScheduler-5] WARN  c.q.federated.service.FederatedCoordinatorService - Node 11 marked as inactive due to heartbeat timeout
2026-01-17 20:49:28.833 [taskScheduler-5] WARN  c.q.federated.service.FederatedCoordinatorService - Node 111 marked as inactive due to heartbeat timeout
2026-01-17 20:49:33.850 [taskScheduler-5] WARN  c.q.federated.service.FederatedCoordinatorService - Node 11 marked as inactive due to heartbeat timeout
2026-01-17 20:49:33.850 [taskScheduler-5] WARN  c.q.federated.service.FederatedCoordinatorService - Node 111 marked as inactive due to heartbeat timeout
2026-01-17 20:49:38.857 [taskScheduler-5] WARN  c.q.federated.service.FederatedCoordinatorService - Node 11 marked as inactive due to heartbeat timeout
2026-01-17 20:49:38.857 [taskScheduler-5] WARN  c.q.federated.service.FederatedCoordinatorService - Node 111 marked as inactive due to heartbeat timeout
2026-01-17 20:49:43.869 [taskScheduler-5] WARN  c.q.federated.service.FederatedCoordinatorService - Node 11 marked as inactive due to heartbeat timeout
2026-01-17 20:49:43.869 [taskScheduler-5] WARN  c.q.federated.service.FederatedCoordinatorService - Node 111 marked as inactive due to heartbeat timeout
2026-01-17 20:49:48.876 [taskScheduler-5] WARN  c.q.federated.service.FederatedCoordinatorService - Node 11 marked as inactive due to heartbeat timeout
2026-01-17 20:49:48.876 [taskScheduler-5] WARN  c.q.federated.service.FederatedCoordinatorService - Node 111 marked as inactive due to heartbeat timeout
2026-01-17 20:49:53.890 [taskScheduler-5] WARN  c.q.federated.service.FederatedCoordinatorService - Node 11 marked as inactive due to heartbeat timeout
2026-01-17 20:49:53.890 [taskScheduler-5] WARN  c.q.federated.service.FederatedCoordinatorService - Node 111 marked as inactive due to heartbeat timeout
2026-01-17 20:49:58.897 [taskScheduler-5] WARN  c.q.federated.service.FederatedCoordinatorService - Node 11 marked as inactive due to heartbeat timeout
2026-01-17 20:49:58.897 [taskScheduler-5] WARN  c.q.federated.service.FederatedCoordinatorService - Node 111 marked as inactive due to heartbeat timeout
2026-01-17 20:50:03.908 [taskScheduler-5] WARN  c.q.federated.service.FederatedCoordinatorService - Node 11 marked as inactive due to heartbeat timeout
2026-01-17 20:50:03.908 [taskScheduler-5] WARN  c.q.federated.service.FederatedCoordinatorService - Node 111 marked as inactive due to heartbeat timeout
2026-01-17 20:50:08.917 [taskScheduler-5] WARN  c.q.federated.service.FederatedCoordinatorService - Node 11 marked as inactive due to heartbeat timeout
2026-01-17 20:50:08.917 [taskScheduler-5] WARN  c.q.federated.service.FederatedCoordinatorService - Node 111 marked as inactive due to heartbeat timeout
2026-01-17 20:50:13.932 [taskScheduler-5] WARN  c.q.federated.service.FederatedCoordinatorService - Node 11 marked as inactive due to heartbeat timeout
2026-01-17 20:50:13.932 [taskScheduler-5] WARN  c.q.federated.service.FederatedCoordinatorService - Node 111 marked as inactive due to heartbeat timeout
2026-01-17 20:50:18.948 [taskScheduler-5] WARN  c.q.federated.service.FederatedCoordinatorService - Node 11 marked as inactive due to heartbeat timeout
2026-01-17 20:50:18.948 [taskScheduler-5] WARN  c.q.federated.service.FederatedCoordinatorService - Node 111 marked as inactive due to heartbeat timeout
2026-01-17 20:50:23.966 [taskScheduler-5] WARN  c.q.federated.service.FederatedCoordinatorService - Node 11 marked as inactive due to heartbeat timeout
2026-01-17 20:50:23.967 [taskScheduler-5] WARN  c.q.federated.service.FederatedCoordinatorService - Node 111 marked as inactive due to heartbeat timeout
2026-01-17 20:50:28.971 [taskScheduler-5] WARN  c.q.federated.service.FederatedCoordinatorService - Node 11 marked as inactive due to heartbeat timeout
2026-01-17 20:50:28.971 [taskScheduler-5] WARN  c.q.federated.service.FederatedCoordinatorService - Node 111 marked as inactive due to heartbeat timeout
2026-01-17 20:50:33.981 [taskScheduler-5] WARN  c.q.federated.service.FederatedCoordinatorService - Node 11 marked as inactive due to heartbeat timeout
2026-01-17 20:50:33.981 [taskScheduler-5] WARN  c.q.federated.service.FederatedCoordinatorService - Node 111 marked as inactive due to heartbeat timeout
2026-01-17 20:50:38.996 [taskScheduler-5] WARN  c.q.federated.service.FederatedCoordinatorService - Node 11 marked as inactive due to heartbeat timeout
2026-01-17 20:50:38.996 [taskScheduler-5] WARN  c.q.federated.service.FederatedCoordinatorService - Node 111 marked as inactive due to heartbeat timeout
2026-01-17 20:50:44.006 [taskScheduler-5] WARN  c.q.federated.service.FederatedCoordinatorService - Node 11 marked as inactive due to heartbeat timeout
2026-01-17 20:50:44.006 [taskScheduler-5] WARN  c.q.federated.service.FederatedCoordinatorService - Node 111 marked as inactive due to heartbeat timeout
2026-01-17 20:50:49.013 [taskScheduler-5] WARN  c.q.federated.service.FederatedCoordinatorService - Node 11 marked as inactive due to heartbeat timeout
2026-01-17 20:50:49.014 [taskScheduler-5] WARN  c.q.federated.service.FederatedCoordinatorService - Node 111 marked as inactive due to heartbeat timeout
2026-01-17 20:50:54.025 [taskScheduler-5] WARN  c.q.federated.service.FederatedCoordinatorService - Node 11 marked as inactive due to heartbeat timeout
2026-01-17 20:50:54.025 [taskScheduler-5] WARN  c.q.federated.service.FederatedCoordinatorService - Node 111 marked as inactive due to heartbeat timeout
2026-01-17 20:50:59.039 [taskScheduler-5] WARN  c.q.federated.service.FederatedCoordinatorService - Node 11 marked as inactive due to heartbeat timeout
2026-01-17 20:50:59.039 [taskScheduler-5] WARN  c.q.federated.service.FederatedCoordinatorService - Node 111 marked as inactive due to heartbeat timeout
2026-01-17 20:51:04.047 [taskScheduler-5] WARN  c.q.federated.service.FederatedCoordinatorService - Node 11 marked as inactive due to heartbeat timeout
2026-01-17 20:51:04.047 [taskScheduler-5] WARN  c.q.federated.service.FederatedCoordinatorService - Node 111 marked as inactive due to heartbeat timeout
2026-01-17 20:51:09.060 [taskScheduler-5] WARN  c.q.federated.service.FederatedCoordinatorService - Node 11 marked as inactive due to heartbeat timeout
2026-01-17 20:51:09.060 [taskScheduler-5] WARN  c.q.federated.service.FederatedCoordinatorService - Node 111 marked as inactive due to heartbeat timeout
2026-01-17 20:51:14.068 [taskScheduler-5] WARN  c.q.federated.service.FederatedCoordinatorService - Node 11 marked as inactive due to heartbeat timeout
2026-01-17 20:51:14.069 [taskScheduler-5] WARN  c.q.federated.service.FederatedCoordinatorService - Node 111 marked as inactive due to heartbeat timeout
2026-01-17 20:51:19.076 [taskScheduler-5] WARN  c.q.federated.service.FederatedCoordinatorService - Node 11 marked as inactive due to heartbeat timeout
2026-01-17 20:51:19.076 [taskScheduler-5] WARN  c.q.federated.service.FederatedCoordinatorService - Node 111 marked as inactive due to heartbeat timeout
2026-01-17 20:51:24.097 [taskScheduler-5] WARN  c.q.federated.service.FederatedCoordinatorService - Node 11 marked as inactive due to heartbeat timeout
2026-01-17 20:51:24.097 [taskScheduler-5] WARN  c.q.federated.service.FederatedCoordinatorService - Node 111 marked as inactive due to heartbeat timeout
2026-01-17 20:51:29.110 [taskScheduler-5] WARN  c.q.federated.service.FederatedCoordinatorService - Node 11 marked as inactive due to heartbeat timeout
2026-01-17 20:51:29.110 [taskScheduler-5] WARN  c.q.federated.service.FederatedCoordinatorService - Node 111 marked as inactive due to heartbeat timeout
2026-01-17 20:51:34.121 [taskScheduler-5] WARN  c.q.federated.service.FederatedCoordinatorService - Node 11 marked as inactive due to heartbeat timeout
2026-01-17 20:51:34.121 [taskScheduler-5] WARN  c.q.federated.service.FederatedCoordinatorService - Node 111 marked as inactive due to heartbeat timeout
2026-01-17 20:51:39.131 [taskScheduler-5] WARN  c.q.federated.service.FederatedCoordinatorService - Node 11 marked as inactive due to heartbeat timeout
2026-01-17 20:51:39.131 [taskScheduler-5] WARN  c.q.federated.service.FederatedCoordinatorService - Node 111 marked as inactive due to heartbeat timeout
2026-01-17 20:51:44.145 [taskScheduler-5] WARN  c.q.federated.service.FederatedCoordinatorService - Node 11 marked as inactive due to heartbeat timeout
2026-01-17 20:51:44.146 [taskScheduler-5] WARN  c.q.federated.service.FederatedCoordinatorService - Node 111 marked as inactive due to heartbeat timeout
2026-01-17 20:51:49.153 [taskScheduler-5] WARN  c.q.federated.service.FederatedCoordinatorService - Node 11 marked as inactive due to heartbeat timeout
2026-01-17 20:51:49.153 [taskScheduler-5] WARN  c.q.federated.service.FederatedCoordinatorService - Node 111 marked as inactive due to heartbeat timeout
2026-01-17 20:51:54.161 [taskScheduler-5] WARN  c.q.federated.service.FederatedCoordinatorService - Node 11 marked as inactive due to heartbeat timeout
2026-01-17 20:51:54.161 [taskScheduler-5] WARN  c.q.federated.service.FederatedCoordinatorService - Node 111 marked as inactive due to heartbeat timeout
2026-01-17 20:51:59.176 [taskScheduler-5] WARN  c.q.federated.service.FederatedCoordinatorService - Node 11 marked as inactive due to heartbeat timeout
2026-01-17 20:51:59.177 [taskScheduler-5] WARN  c.q.federated.service.FederatedCoordinatorService - Node 111 marked as inactive due to heartbeat timeout
2026-01-17 20:52:04.196 [taskScheduler-5] WARN  c.q.federated.service.FederatedCoordinatorService - Node 11 marked as inactive due to heartbeat timeout
2026-01-17 20:52:04.196 [taskScheduler-5] WARN  c.q.federated.service.FederatedCoordinatorService - Node 111 marked as inactive due to heartbeat timeout
2026-01-17 20:52:09.212 [taskScheduler-5] WARN  c.q.federated.service.FederatedCoordinatorService - Node 11 marked as inactive due to heartbeat timeout
2026-01-17 20:52:09.213 [taskScheduler-5] WARN  c.q.federated.service.FederatedCoordinatorService - Node 111 marked as inactive due to heartbeat timeout
2026-01-17 20:52:14.230 [taskScheduler-5] WARN  c.q.federated.service.FederatedCoordinatorService - Node 11 marked as inactive due to heartbeat timeout
2026-01-17 20:52:14.230 [taskScheduler-5] WARN  c.q.federated.service.FederatedCoordinatorService - Node 111 marked as inactive due to heartbeat timeout
2026-01-17 20:52:19.244 [taskScheduler-5] WARN  c.q.federated.service.FederatedCoordinatorService - Node 11 marked as inactive due to heartbeat timeout
2026-01-17 20:52:19.244 [taskScheduler-5] WARN  c.q.federated.service.FederatedCoordinatorService - Node 111 marked as inactive due to heartbeat timeout
2026-01-17 20:52:24.257 [taskScheduler-5] WARN  c.q.federated.service.FederatedCoordinatorService - Node 11 marked as inactive due to heartbeat timeout
2026-01-17 20:52:24.257 [taskScheduler-5] WARN  c.q.federated.service.FederatedCoordinatorService - Node 111 marked as inactive due to heartbeat timeout
2026-01-17 20:52:29.266 [taskScheduler-5] WARN  c.q.federated.service.FederatedCoordinatorService - Node 11 marked as inactive due to heartbeat timeout
2026-01-17 20:52:29.266 [taskScheduler-5] WARN  c.q.federated.service.FederatedCoordinatorService - Node 111 marked as inactive due to heartbeat timeout
2026-01-17 20:52:34.273 [taskScheduler-5] WARN  c.q.federated.service.FederatedCoordinatorService - Node 11 marked as inactive due to heartbeat timeout
2026-01-17 20:52:34.273 [taskScheduler-5] WARN  c.q.federated.service.FederatedCoordinatorService - Node 111 marked as inactive due to heartbeat timeout
2026-01-17 20:52:39.285 [taskScheduler-5] WARN  c.q.federated.service.FederatedCoordinatorService - Node 11 marked as inactive due to heartbeat timeout
2026-01-17 20:52:39.286 [taskScheduler-5] WARN  c.q.federated.service.FederatedCoordinatorService - Node 111 marked as inactive due to heartbeat timeout
2026-01-17 20:52:44.299 [taskScheduler-5] WARN  c.q.federated.service.FederatedCoordinatorService - Node 11 marked as inactive due to heartbeat timeout
2026-01-17 20:52:44.299 [taskScheduler-5] WARN  c.q.federated.service.FederatedCoordinatorService - Node 111 marked as inactive due to heartbeat timeout
2026-01-17 20:52:49.307 [taskScheduler-5] WARN  c.q.federated.service.FederatedCoordinatorService - Node 11 marked as inactive due to heartbeat timeout
2026-01-17 20:52:49.307 [taskScheduler-5] WARN  c.q.federated.service.FederatedCoordinatorService - Node 111 marked as inactive due to heartbeat timeout
2026-01-17 20:52:54.313 [taskScheduler-5] WARN  c.q.federated.service.FederatedCoordinatorService - Node 11 marked as inactive due to heartbeat timeout
2026-01-17 20:52:54.313 [taskScheduler-5] WARN  c.q.federated.service.FederatedCoordinatorService - Node 111 marked as inactive due to heartbeat timeout
2026-01-17 20:52:59.328 [taskScheduler-5] WARN  c.q.federated.service.FederatedCoordinatorService - Node 11 marked as inactive due to heartbeat timeout
2026-01-17 20:52:59.329 [taskScheduler-5] WARN  c.q.federated.service.FederatedCoordinatorService - Node 111 marked as inactive due to heartbeat timeout
2026-01-17 20:53:04.339 [taskScheduler-5] WARN  c.q.federated.service.FederatedCoordinatorService - Node 11 marked as inactive due to heartbeat timeout
2026-01-17 20:53:04.341 [taskScheduler-5] WARN  c.q.federated.service.FederatedCoordinatorService - Node 111 marked as inactive due to heartbeat timeout
2026-01-17 20:53:09.358 [taskScheduler-5] WARN  c.q.federated.service.FederatedCoordinatorService - Node 11 marked as inactive due to heartbeat timeout
2026-01-17 20:53:09.358 [taskScheduler-5] WARN  c.q.federated.service.FederatedCoordinatorService - Node 111 marked as inactive due to heartbeat timeout
2026-01-17 20:53:14.369 [taskScheduler-5] WARN  c.q.federated.service.FederatedCoordinatorService - Node 11 marked as inactive due to heartbeat timeout
2026-01-17 20:53:14.370 [taskScheduler-5] WARN  c.q.federated.service.FederatedCoordinatorService - Node 111 marked as inactive due to heartbeat timeout
2026-01-17 20:53:19.380 [taskScheduler-5] WARN  c.q.federated.service.FederatedCoordinatorService - Node 11 marked as inactive due to heartbeat timeout
2026-01-17 20:53:19.380 [taskScheduler-5] WARN  c.q.federated.service.FederatedCoordinatorService - Node 111 marked as inactive due to heartbeat timeout
2026-01-17 20:53:24.392 [taskScheduler-5] WARN  c.q.federated.service.FederatedCoordinatorService - Node 11 marked as inactive due to heartbeat timeout
2026-01-17 20:53:24.392 [taskScheduler-5] WARN  c.q.federated.service.FederatedCoordinatorService - Node 111 marked as inactive due to heartbeat timeout
2026-01-17 20:53:29.410 [taskScheduler-5] WARN  c.q.federated.service.FederatedCoordinatorService - Node 11 marked as inactive due to heartbeat timeout
2026-01-17 20:53:29.411 [taskScheduler-5] WARN  c.q.federated.service.FederatedCoordinatorService - Node 111 marked as inactive due to heartbeat timeout
2026-01-17 20:53:34.428 [taskScheduler-5] WARN  c.q.federated.service.FederatedCoordinatorService - Node 11 marked as inactive due to heartbeat timeout
2026-01-17 20:53:34.428 [taskScheduler-5] WARN  c.q.federated.service.FederatedCoordinatorService - Node 111 marked as inactive due to heartbeat timeout
2026-01-17 20:53:39.441 [taskScheduler-5] WARN  c.q.federated.service.FederatedCoordinatorService - Node 11 marked as inactive due to heartbeat timeout
2026-01-17 20:53:39.441 [taskScheduler-5] WARN  c.q.federated.service.FederatedCoordinatorService - Node 111 marked as inactive due to heartbeat timeout
2026-01-17 20:53:44.458 [taskScheduler-5] WARN  c.q.federated.service.FederatedCoordinatorService - Node 11 marked as inactive due to heartbeat timeout
2026-01-17 20:53:44.458 [taskScheduler-5] WARN  c.q.federated.service.FederatedCoordinatorService - Node 111 marked as inactive due to heartbeat timeout
2026-01-17 20:53:49.474 [taskScheduler-5] WARN  c.q.federated.service.FederatedCoordinatorService - Node 11 marked as inactive due to heartbeat timeout
2026-01-17 20:53:49.475 [taskScheduler-5] WARN  c.q.federated.service.FederatedCoordinatorService - Node 111 marked as inactive due to heartbeat timeout
2026-01-17 20:53:54.487 [taskScheduler-5] WARN  c.q.federated.service.FederatedCoordinatorService - Node 11 marked as inactive due to heartbeat timeout
2026-01-17 20:53:54.487 [taskScheduler-5] WARN  c.q.federated.service.FederatedCoordinatorService - Node 111 marked as inactive due to heartbeat timeout
2026-01-17 20:53:59.495 [taskScheduler-5] WARN  c.q.federated.service.FederatedCoordinatorService - Node 11 marked as inactive due to heartbeat timeout
2026-01-17 20:53:59.496 [taskScheduler-5] WARN  c.q.federated.service.FederatedCoordinatorService - Node 111 marked as inactive due to heartbeat timeout
2026-01-17 20:54:04.505 [taskScheduler-5] WARN  c.q.federated.service.FederatedCoordinatorService - Node 11 marked as inactive due to heartbeat timeout
2026-01-17 20:54:04.505 [taskScheduler-5] WARN  c.q.federated.service.FederatedCoordinatorService - Node 111 marked as inactive due to heartbeat timeout
2026-01-17 20:54:09.522 [taskScheduler-5] WARN  c.q.federated.service.FederatedCoordinatorService - Node 11 marked as inactive due to heartbeat timeout
2026-01-17 20:54:09.523 [taskScheduler-5] WARN  c.q.federated.service.FederatedCoordinatorService - Node 111 marked as inactive due to heartbeat timeout
2026-01-17 20:54:14.539 [taskScheduler-5] WARN  c.q.federated.service.FederatedCoordinatorService - Node 11 marked as inactive due to heartbeat timeout
2026-01-17 20:54:14.540 [taskScheduler-5] WARN  c.q.federated.service.FederatedCoordinatorService - Node 111 marked as inactive due to heartbeat timeout
2026-01-17 20:54:19.551 [taskScheduler-5] WARN  c.q.federated.service.FederatedCoordinatorService - Node 11 marked as inactive due to heartbeat timeout
2026-01-17 20:54:19.551 [taskScheduler-5] WARN  c.q.federated.service.FederatedCoordinatorService - Node 111 marked as inactive due to heartbeat timeout
2026-01-17 20:54:24.560 [taskScheduler-5] WARN  c.q.federated.service.FederatedCoordinatorService - Node 11 marked as inactive due to heartbeat timeout
2026-01-17 20:54:24.561 [taskScheduler-5] WARN  c.q.federated.service.FederatedCoordinatorService - Node 111 marked as inactive due to heartbeat timeout
2026-01-17 20:54:29.568 [taskScheduler-5] WARN  c.q.federated.service.FederatedCoordinatorService - Node 11 marked as inactive due to heartbeat timeout
2026-01-17 20:54:29.568 [taskScheduler-5] WARN  c.q.federated.service.FederatedCoordinatorService - Node 111 marked as inactive due to heartbeat timeout
2026-01-17 20:54:34.581 [taskScheduler-5] WARN  c.q.federated.service.FederatedCoordinatorService - Node 11 marked as inactive due to heartbeat timeout
2026-01-17 20:54:34.581 [taskScheduler-5] WARN  c.q.federated.service.FederatedCoordinatorService - Node 111 marked as inactive due to heartbeat timeout
2026-01-17 20:54:39.589 [taskScheduler-5] WARN  c.q.federated.service.FederatedCoordinatorService - Node 11 marked as inactive due to heartbeat timeout
2026-01-17 20:54:39.590 [taskScheduler-5] WARN  c.q.federated.service.FederatedCoordinatorService - Node 111 marked as inactive due to heartbeat timeout
2026-01-17 20:54:44.609 [taskScheduler-5] WARN  c.q.federated.service.FederatedCoordinatorService - Node 11 marked as inactive due to heartbeat timeout
2026-01-17 20:54:44.610 [taskScheduler-5] WARN  c.q.federated.service.FederatedCoordinatorService - Node 111 marked as inactive due to heartbeat timeout
2026-01-17 20:54:49.621 [taskScheduler-5] WARN  c.q.federated.service.FederatedCoordinatorService - Node 11 marked as inactive due to heartbeat timeout
2026-01-17 20:54:49.622 [taskScheduler-5] WARN  c.q.federated.service.FederatedCoordinatorService - Node 111 marked as inactive due to heartbeat timeout
2026-01-17 20:54:54.633 [taskScheduler-5] WARN  c.q.federated.service.FederatedCoordinatorService - Node 11 marked as inactive due to heartbeat timeout
2026-01-17 20:54:54.633 [taskScheduler-5] WARN  c.q.federated.service.FederatedCoordinatorService - Node 111 marked as inactive due to heartbeat timeout
2026-01-17 20:54:59.640 [taskScheduler-5] WARN  c.q.federated.service.FederatedCoordinatorService - Node 11 marked as inactive due to heartbeat timeout
2026-01-17 20:54:59.640 [taskScheduler-5] WARN  c.q.federated.service.FederatedCoordinatorService - Node 111 marked as inactive due to heartbeat timeout
2026-01-17 20:55:04.657 [taskScheduler-5] WARN  c.q.federated.service.FederatedCoordinatorService - Node 11 marked as inactive due to heartbeat timeout
2026-01-17 20:55:04.657 [taskScheduler-5] WARN  c.q.federated.service.FederatedCoordinatorService - Node 111 marked as inactive due to heartbeat timeout
2026-01-17 20:55:09.673 [taskScheduler-5] WARN  c.q.federated.service.FederatedCoordinatorService - Node 11 marked as inactive due to heartbeat timeout
2026-01-17 20:55:09.674 [taskScheduler-5] WARN  c.q.federated.service.FederatedCoordinatorService - Node 111 marked as inactive due to heartbeat timeout
2026-01-17 20:55:14.681 [taskScheduler-5] WARN  c.q.federated.service.FederatedCoordinatorService - Node 11 marked as inactive due to heartbeat timeout
2026-01-17 20:55:14.682 [taskScheduler-5] WARN  c.q.federated.service.FederatedCoordinatorService - Node 111 marked as inactive due to heartbeat timeout
2026-01-17 20:55:19.698 [taskScheduler-5] WARN  c.q.federated.service.FederatedCoordinatorService - Node 11 marked as inactive due to heartbeat timeout
2026-01-17 20:55:19.699 [taskScheduler-5] WARN  c.q.federated.service.FederatedCoordinatorService - Node 111 marked as inactive due to heartbeat timeout
2026-01-17 20:55:24.705 [taskScheduler-5] WARN  c.q.federated.service.FederatedCoordinatorService - Node 11 marked as inactive due to heartbeat timeout
2026-01-17 20:55:24.706 [taskScheduler-5] WARN  c.q.federated.service.FederatedCoordinatorService - Node 111 marked as inactive due to heartbeat timeout
2026-01-17 20:55:29.720 [taskScheduler-5] WARN  c.q.federated.service.FederatedCoordinatorService - Node 11 marked as inactive due to heartbeat timeout
2026-01-17 20:55:29.720 [taskScheduler-5] WARN  c.q.federated.service.FederatedCoordinatorService - Node 111 marked as inactive due to heartbeat timeout
2026-01-17 20:55:34.734 [taskScheduler-5] WARN  c.q.federated.service.FederatedCoordinatorService - Node 11 marked as inactive due to heartbeat timeout
2026-01-17 20:55:34.734 [taskScheduler-5] WARN  c.q.federated.service.FederatedCoordinatorService - Node 111 marked as inactive due to heartbeat timeout
2026-01-17 20:55:39.745 [taskScheduler-5] WARN  c.q.federated.service.FederatedCoordinatorService - Node 11 marked as inactive due to heartbeat timeout
2026-01-17 20:55:39.745 [taskScheduler-5] WARN  c.q.federated.service.FederatedCoordinatorService - Node 111 marked as inactive due to heartbeat timeout
2026-01-17 20:55:44.758 [taskScheduler-5] WARN  c.q.federated.service.FederatedCoordinatorService - Node 11 marked as inactive due to heartbeat timeout
2026-01-17 20:55:44.758 [taskScheduler-5] WARN  c.q.federated.service.FederatedCoordinatorService - Node 111 marked as inactive due to heartbeat timeout
2026-01-17 20:55:49.775 [taskScheduler-5] WARN  c.q.federated.service.FederatedCoordinatorService - Node 11 marked as inactive due to heartbeat timeout
2026-01-17 20:55:49.775 [taskScheduler-5] WARN  c.q.federated.service.FederatedCoordinatorService - Node 111 marked as inactive due to heartbeat timeout
2026-01-17 20:55:54.784 [taskScheduler-5] WARN  c.q.federated.service.FederatedCoordinatorService - Node 11 marked as inactive due to heartbeat timeout
2026-01-17 20:55:54.784 [taskScheduler-5] WARN  c.q.federated.service.FederatedCoordinatorService - Node 111 marked as inactive due to heartbeat timeout
2026-01-17 20:55:59.803 [taskScheduler-5] WARN  c.q.federated.service.FederatedCoordinatorService - Node 11 marked as inactive due to heartbeat timeout
2026-01-17 20:55:59.803 [taskScheduler-5] WARN  c.q.federated.service.FederatedCoordinatorService - Node 111 marked as inactive due to heartbeat timeout
2026-01-17 20:56:04.810 [taskScheduler-5] WARN  c.q.federated.service.FederatedCoordinatorService - Node 11 marked as inactive due to heartbeat timeout
2026-01-17 20:56:04.810 [taskScheduler-5] WARN  c.q.federated.service.FederatedCoordinatorService - Node 111 marked as inactive due to heartbeat timeout
2026-01-17 20:56:09.829 [taskScheduler-5] WARN  c.q.federated.service.FederatedCoordinatorService - Node 11 marked as inactive due to heartbeat timeout
2026-01-17 20:56:09.829 [taskScheduler-5] WARN  c.q.federated.service.FederatedCoordinatorService - Node 111 marked as inactive due to heartbeat timeout
2026-01-17 20:56:14.838 [taskScheduler-5] WARN  c.q.federated.service.FederatedCoordinatorService - Node 11 marked as inactive due to heartbeat timeout
2026-01-17 20:56:14.839 [taskScheduler-5] WARN  c.q.federated.service.FederatedCoordinatorService - Node 111 marked as inactive due to heartbeat timeout
2026-01-17 20:56:19.855 [taskScheduler-5] WARN  c.q.federated.service.FederatedCoordinatorService - Node 11 marked as inactive due to heartbeat timeout
2026-01-17 20:56:19.856 [taskScheduler-5] WARN  c.q.federated.service.FederatedCoordinatorService - Node 111 marked as inactive due to heartbeat timeout
2026-01-17 20:56:24.875 [taskScheduler-5] WARN  c.q.federated.service.FederatedCoordinatorService - Node 11 marked as inactive due to heartbeat timeout
2026-01-17 20:56:24.875 [taskScheduler-5] WARN  c.q.federated.service.FederatedCoordinatorService - Node 111 marked as inactive due to heartbeat timeout
2026-01-17 20:56:29.894 [taskScheduler-5] WARN  c.q.federated.service.FederatedCoordinatorService - Node 11 marked as inactive due to heartbeat timeout
2026-01-17 20:56:29.894 [taskScheduler-5] WARN  c.q.federated.service.FederatedCoordinatorService - Node 111 marked as inactive due to heartbeat timeout
2026-01-17 20:56:34.904 [taskScheduler-5] WARN  c.q.federated.service.FederatedCoordinatorService - Node 11 marked as inactive due to heartbeat timeout
2026-01-17 20:56:34.905 [taskScheduler-5] WARN  c.q.federated.service.FederatedCoordinatorService - Node 111 marked as inactive due to heartbeat timeout
2026-01-17 20:56:39.923 [taskScheduler-5] WARN  c.q.federated.service.FederatedCoordinatorService - Node 11 marked as inactive due to heartbeat timeout
2026-01-17 20:56:39.923 [taskScheduler-5] WARN  c.q.federated.service.FederatedCoordinatorService - Node 111 marked as inactive due to heartbeat timeout
2026-01-17 20:56:44.935 [taskScheduler-5] WARN  c.q.federated.service.FederatedCoordinatorService - Node 11 marked as inactive due to heartbeat timeout
2026-01-17 20:56:44.935 [taskScheduler-5] WARN  c.q.federated.service.FederatedCoordinatorService - Node 111 marked as inactive due to heartbeat timeout
2026-01-17 20:56:49.951 [taskScheduler-5] WARN  c.q.federated.service.FederatedCoordinatorService - Node 11 marked as inactive due to heartbeat timeout
2026-01-17 20:56:49.951 [taskScheduler-5] WARN  c.q.federated.service.FederatedCoordinatorService - Node 111 marked as inactive due to heartbeat timeout
2026-01-17 20:56:54.970 [taskScheduler-5] WARN  c.q.federated.service.FederatedCoordinatorService - Node 11 marked as inactive due to heartbeat timeout
2026-01-17 20:56:54.971 [taskScheduler-5] WARN  c.q.federated.service.FederatedCoordinatorService - Node 111 marked as inactive due to heartbeat timeout
2026-01-17 20:56:59.985 [taskScheduler-5] WARN  c.q.federated.service.FederatedCoordinatorService - Node 11 marked as inactive due to heartbeat timeout
2026-01-17 20:56:59.986 [taskScheduler-5] WARN  c.q.federated.service.FederatedCoordinatorService - Node 111 marked as inactive due to heartbeat timeout
2026-01-17 20:57:04.994 [taskScheduler-5] WARN  c.q.federated.service.FederatedCoordinatorService - Node 11 marked as inactive due to heartbeat timeout
2026-01-17 20:57:04.994 [taskScheduler-5] WARN  c.q.federated.service.FederatedCoordinatorService - Node 111 marked as inactive due to heartbeat timeout
2026-01-17 20:57:10.002 [taskScheduler-5] WARN  c.q.federated.service.FederatedCoordinatorService - Node 11 marked as inactive due to heartbeat timeout
2026-01-17 20:57:10.002 [taskScheduler-5] WARN  c.q.federated.service.FederatedCoordinatorService - Node 111 marked as inactive due to heartbeat timeout
2026-01-17 20:57:15.013 [taskScheduler-5] WARN  c.q.federated.service.FederatedCoordinatorService - Node 11 marked as inactive due to heartbeat timeout
2026-01-17 20:57:15.013 [taskScheduler-5] WARN  c.q.federated.service.FederatedCoordinatorService - Node 111 marked as inactive due to heartbeat timeout
2026-01-17 20:57:20.030 [taskScheduler-5] WARN  c.q.federated.service.FederatedCoordinatorService - Node 11 marked as inactive due to heartbeat timeout
2026-01-17 20:57:20.031 [taskScheduler-5] WARN  c.q.federated.service.FederatedCoordinatorService - Node 111 marked as inactive due to heartbeat timeout
2026-01-17 20:57:25.036 [taskScheduler-5] WARN  c.q.federated.service.FederatedCoordinatorService - Node 11 marked as inactive due to heartbeat timeout
2026-01-17 20:57:25.037 [taskScheduler-5] WARN  c.q.federated.service.FederatedCoordinatorService - Node 111 marked as inactive due to heartbeat timeout
2026-01-17 20:57:30.044 [taskScheduler-5] WARN  c.q.federated.service.FederatedCoordinatorService - Node 11 marked as inactive due to heartbeat timeout
2026-01-17 20:57:30.044 [taskScheduler-5] WARN  c.q.federated.service.FederatedCoordinatorService - Node 111 marked as inactive due to heartbeat timeout
2026-01-17 20:57:35.056 [taskScheduler-5] WARN  c.q.federated.service.FederatedCoordinatorService - Node 11 marked as inactive due to heartbeat timeout
2026-01-17 20:57:35.057 [taskScheduler-5] WARN  c.q.federated.service.FederatedCoordinatorService - Node 111 marked as inactive due to heartbeat timeout
2026-01-17 20:57:40.070 [taskScheduler-5] WARN  c.q.federated.service.FederatedCoordinatorService - Node 11 marked as inactive due to heartbeat timeout
2026-01-17 20:57:40.071 [taskScheduler-5] WARN  c.q.federated.service.FederatedCoordinatorService - Node 111 marked as inactive due to heartbeat timeout
2026-01-17 20:57:45.086 [taskScheduler-5] WARN  c.q.federated.service.FederatedCoordinatorService - Node 11 marked as inactive due to heartbeat timeout
2026-01-17 20:57:45.087 [taskScheduler-5] WARN  c.q.federated.service.FederatedCoordinatorService - Node 111 marked as inactive due to heartbeat timeout
2026-01-17 20:57:50.103 [taskScheduler-5] WARN  c.q.federated.service.FederatedCoordinatorService - Node 11 marked as inactive due to heartbeat timeout
2026-01-17 20:57:50.103 [taskScheduler-5] WARN  c.q.federated.service.FederatedCoordinatorService - Node 111 marked as inactive due to heartbeat timeout
2026-01-17 20:57:55.122 [taskScheduler-5] WARN  c.q.federated.service.FederatedCoordinatorService - Node 11 marked as inactive due to heartbeat timeout
2026-01-17 20:57:55.123 [taskScheduler-5] WARN  c.q.federated.service.FederatedCoordinatorService - Node 111 marked as inactive due to heartbeat timeout
2026-01-17 20:58:00.136 [taskScheduler-5] WARN  c.q.federated.service.FederatedCoordinatorService - Node 11 marked as inactive due to heartbeat timeout
2026-01-17 20:58:00.138 [taskScheduler-5] WARN  c.q.federated.service.FederatedCoordinatorService - Node 111 marked as inactive due to heartbeat timeout
2026-01-17 20:58:05.150 [taskScheduler-5] WARN  c.q.federated.service.FederatedCoordinatorService - Node 11 marked as inactive due to heartbeat timeout
2026-01-17 20:58:05.151 [taskScheduler-5] WARN  c.q.federated.service.FederatedCoordinatorService - Node 111 marked as inactive due to heartbeat timeout
2026-01-17 20:58:10.159 [taskScheduler-5] WARN  c.q.federated.service.FederatedCoordinatorService - Node 11 marked as inactive due to heartbeat timeout
2026-01-17 20:58:10.159 [taskScheduler-5] WARN  c.q.federated.service.FederatedCoordinatorService - Node 111 marked as inactive due to heartbeat timeout
2026-01-17 20:58:15.167 [taskScheduler-5] WARN  c.q.federated.service.FederatedCoordinatorService - Node 11 marked as inactive due to heartbeat timeout
2026-01-17 20:58:15.168 [taskScheduler-5] WARN  c.q.federated.service.FederatedCoordinatorService - Node 111 marked as inactive due to heartbeat timeout
2026-01-17 20:58:20.186 [taskScheduler-5] WARN  c.q.federated.service.FederatedCoordinatorService - Node 11 marked as inactive due to heartbeat timeout
2026-01-17 20:58:20.187 [taskScheduler-5] WARN  c.q.federated.service.FederatedCoordinatorService - Node 111 marked as inactive due to heartbeat timeout
2026-01-17 20:58:25.207 [taskScheduler-5] WARN  c.q.federated.service.FederatedCoordinatorService - Node 11 marked as inactive due to heartbeat timeout
2026-01-17 20:58:25.207 [taskScheduler-5] WARN  c.q.federated.service.FederatedCoordinatorService - Node 111 marked as inactive due to heartbeat timeout
2026-01-17 20:58:30.225 [taskScheduler-5] WARN  c.q.federated.service.FederatedCoordinatorService - Node 11 marked as inactive due to heartbeat timeout
2026-01-17 20:58:30.226 [taskScheduler-5] WARN  c.q.federated.service.FederatedCoordinatorService - Node 111 marked as inactive due to heartbeat timeout
2026-01-17 20:58:35.238 [taskScheduler-5] WARN  c.q.federated.service.FederatedCoordinatorService - Node 11 marked as inactive due to heartbeat timeout
2026-01-17 20:58:35.238 [taskScheduler-5] WARN  c.q.federated.service.FederatedCoordinatorService - Node 111 marked as inactive due to heartbeat timeout
2026-01-17 20:58:40.245 [taskScheduler-5] WARN  c.q.federated.service.FederatedCoordinatorService - Node 11 marked as inactive due to heartbeat timeout
2026-01-17 20:58:40.246 [taskScheduler-5] WARN  c.q.federated.service.FederatedCoordinatorService - Node 111 marked as inactive due to heartbeat timeout
2026-01-17 20:58:45.250 [taskScheduler-5] WARN  c.q.federated.service.FederatedCoordinatorService - Node 11 marked as inactive due to heartbeat timeout
2026-01-17 20:58:45.251 [taskScheduler-5] WARN  c.q.federated.service.FederatedCoordinatorService - Node 111 marked as inactive due to heartbeat timeout
2026-01-17 20:58:50.269 [taskScheduler-5] WARN  c.q.federated.service.FederatedCoordinatorService - Node 11 marked as inactive due to heartbeat timeout
2026-01-17 20:58:50.269 [taskScheduler-5] WARN  c.q.federated.service.FederatedCoordinatorService - Node 111 marked as inactive due to heartbeat timeout
2026-01-17 20:58:55.280 [taskScheduler-5] WARN  c.q.federated.service.FederatedCoordinatorService - Node 11 marked as inactive due to heartbeat timeout
2026-01-17 20:58:55.281 [taskScheduler-5] WARN  c.q.federated.service.FederatedCoordinatorService - Node 111 marked as inactive due to heartbeat timeout
2026-01-17 20:59:00.287 [taskScheduler-5] WARN  c.q.federated.service.FederatedCoordinatorService - Node 11 marked as inactive due to heartbeat timeout
2026-01-17 20:59:00.288 [taskScheduler-5] WARN  c.q.federated.service.FederatedCoordinatorService - Node 111 marked as inactive due to heartbeat timeout
2026-01-17 20:59:05.301 [taskScheduler-5] WARN  c.q.federated.service.FederatedCoordinatorService - Node 11 marked as inactive due to heartbeat timeout
2026-01-17 20:59:05.302 [taskScheduler-5] WARN  c.q.federated.service.FederatedCoordinatorService - Node 111 marked as inactive due to heartbeat timeout
2026-01-17 20:59:10.318 [taskScheduler-5] WARN  c.q.federated.service.FederatedCoordinatorService - Node 11 marked as inactive due to heartbeat timeout
2026-01-17 20:59:10.318 [taskScheduler-5] WARN  c.q.federated.service.FederatedCoordinatorService - Node 111 marked as inactive due to heartbeat timeout
2026-01-17 20:59:15.339 [taskScheduler-5] WARN  c.q.federated.service.FederatedCoordinatorService - Node 11 marked as inactive due to heartbeat timeout
2026-01-17 20:59:15.340 [taskScheduler-5] WARN  c.q.federated.service.FederatedCoordinatorService - Node 111 marked as inactive due to heartbeat timeout
2026-01-17 20:59:20.357 [taskScheduler-5] WARN  c.q.federated.service.FederatedCoordinatorService - Node 11 marked as inactive due to heartbeat timeout
2026-01-17 20:59:20.358 [taskScheduler-5] WARN  c.q.federated.service.FederatedCoordinatorService - Node 111 marked as inactive due to heartbeat timeout
2026-01-17 20:59:25.368 [taskScheduler-5] WARN  c.q.federated.service.FederatedCoordinatorService - Node 11 marked as inactive due to heartbeat timeout
2026-01-17 20:59:25.369 [taskScheduler-5] WARN  c.q.federated.service.FederatedCoordinatorService - Node 111 marked as inactive due to heartbeat timeout
2026-01-17 20:59:30.383 [taskScheduler-5] WARN  c.q.federated.service.FederatedCoordinatorService - Node 11 marked as inactive due to heartbeat timeout
2026-01-17 20:59:30.384 [taskScheduler-5] WARN  c.q.federated.service.FederatedCoordinatorService - Node 111 marked as inactive due to heartbeat timeout
2026-01-17 20:59:35.405 [taskScheduler-5] WARN  c.q.federated.service.FederatedCoordinatorService - Node 11 marked as inactive due to heartbeat timeout
2026-01-17 20:59:35.406 [taskScheduler-5] WARN  c.q.federated.service.FederatedCoordinatorService - Node 111 marked as inactive due to heartbeat timeout
2026-01-17 20:59:40.424 [taskScheduler-5] WARN  c.q.federated.service.FederatedCoordinatorService - Node 11 marked as inactive due to heartbeat timeout
2026-01-17 20:59:40.425 [taskScheduler-5] WARN  c.q.federated.service.FederatedCoordinatorService - Node 111 marked as inactive due to heartbeat timeout
2026-01-17 20:59:45.434 [taskScheduler-5] WARN  c.q.federated.service.FederatedCoordinatorService - Node 11 marked as inactive due to heartbeat timeout
2026-01-17 20:59:45.434 [taskScheduler-5] WARN  c.q.federated.service.FederatedCoordinatorService - Node 111 marked as inactive due to heartbeat timeout
2026-01-17 20:59:50.442 [taskScheduler-5] WARN  c.q.federated.service.FederatedCoordinatorService - Node 11 marked as inactive due to heartbeat timeout
2026-01-17 20:59:50.442 [taskScheduler-5] WARN  c.q.federated.service.FederatedCoordinatorService - Node 111 marked as inactive due to heartbeat timeout
2026-01-17 20:59:55.463 [taskScheduler-5] WARN  c.q.federated.service.FederatedCoordinatorService - Node 11 marked as inactive due to heartbeat timeout
2026-01-17 20:59:55.463 [taskScheduler-5] WARN  c.q.federated.service.FederatedCoordinatorService - Node 111 marked as inactive due to heartbeat timeout
2026-01-17 21:00:00.470 [taskScheduler-5] WARN  c.q.federated.service.FederatedCoordinatorService - Node 11 marked as inactive due to heartbeat timeout
2026-01-17 21:00:00.471 [taskScheduler-5] WARN  c.q.federated.service.FederatedCoordinatorService - Node 111 marked as inactive due to heartbeat timeout
2026-01-17 21:00:05.481 [taskScheduler-5] WARN  c.q.federated.service.FederatedCoordinatorService - Node 11 marked as inactive due to heartbeat timeout
2026-01-17 21:00:05.482 [taskScheduler-5] WARN  c.q.federated.service.FederatedCoordinatorService - Node 111 marked as inactive due to heartbeat timeout
2026-01-17 21:00:10.494 [taskScheduler-5] WARN  c.q.federated.service.FederatedCoordinatorService - Node 11 marked as inactive due to heartbeat timeout
2026-01-17 21:00:10.495 [taskScheduler-5] WARN  c.q.federated.service.FederatedCoordinatorService - Node 111 marked as inactive due to heartbeat timeout
2026-01-17 21:00:15.515 [taskScheduler-5] WARN  c.q.federated.service.FederatedCoordinatorService - Node 11 marked as inactive due to heartbeat timeout
2026-01-17 21:00:15.515 [taskScheduler-5] WARN  c.q.federated.service.FederatedCoordinatorService - Node 111 marked as inactive due to heartbeat timeout
2026-01-17 21:00:20.529 [taskScheduler-5] WARN  c.q.federated.service.FederatedCoordinatorService - Node 11 marked as inactive due to heartbeat timeout
2026-01-17 21:00:20.529 [taskScheduler-5] WARN  c.q.federated.service.FederatedCoordinatorService - Node 111 marked as inactive due to heartbeat timeout
2026-01-17 21:00:25.536 [taskScheduler-5] WARN  c.q.federated.service.FederatedCoordinatorService - Node 11 marked as inactive due to heartbeat timeout
2026-01-17 21:00:25.536 [taskScheduler-5] WARN  c.q.federated.service.FederatedCoordinatorService - Node 111 marked as inactive due to heartbeat timeout
2026-01-17 21:00:30.542 [taskScheduler-5] WARN  c.q.federated.service.FederatedCoordinatorService - Node 11 marked as inactive due to heartbeat timeout
2026-01-17 21:00:30.543 [taskScheduler-5] WARN  c.q.federated.service.FederatedCoordinatorService - Node 111 marked as inactive due to heartbeat timeout
2026-01-17 21:00:35.551 [taskScheduler-5] WARN  c.q.federated.service.FederatedCoordinatorService - Node 11 marked as inactive due to heartbeat timeout
2026-01-17 21:00:35.551 [taskScheduler-5] WARN  c.q.federated.service.FederatedCoordinatorService - Node 111 marked as inactive due to heartbeat timeout
2026-01-17 21:00:40.569 [taskScheduler-5] WARN  c.q.federated.service.FederatedCoordinatorService - Node 11 marked as inactive due to heartbeat timeout
2026-01-17 21:00:40.569 [taskScheduler-5] WARN  c.q.federated.service.FederatedCoordinatorService - Node 111 marked as inactive due to heartbeat timeout
2026-01-17 21:00:45.577 [taskScheduler-5] WARN  c.q.federated.service.FederatedCoordinatorService - Node 11 marked as inactive due to heartbeat timeout
2026-01-17 21:00:45.577 [taskScheduler-5] WARN  c.q.federated.service.FederatedCoordinatorService - Node 111 marked as inactive due to heartbeat timeout
2026-01-17 21:00:50.583 [taskScheduler-5] WARN  c.q.federated.service.FederatedCoordinatorService - Node 11 marked as inactive due to heartbeat timeout
2026-01-17 21:00:50.583 [taskScheduler-5] WARN  c.q.federated.service.FederatedCoordinatorService - Node 111 marked as inactive due to heartbeat timeout
2026-01-17 21:00:55.598 [taskScheduler-5] WARN  c.q.federated.service.FederatedCoordinatorService - Node 11 marked as inactive due to heartbeat timeout
2026-01-17 21:00:55.598 [taskScheduler-5] WARN  c.q.federated.service.FederatedCoordinatorService - Node 111 marked as inactive due to heartbeat timeout
2026-01-17 21:01:00.612 [taskScheduler-5] WARN  c.q.federated.service.FederatedCoordinatorService - Node 11 marked as inactive due to heartbeat timeout
2026-01-17 21:01:00.613 [taskScheduler-5] WARN  c.q.federated.service.FederatedCoordinatorService - Node 111 marked as inactive due to heartbeat timeout
2026-01-17 21:01:05.618 [taskScheduler-5] WARN  c.q.federated.service.FederatedCoordinatorService - Node 11 marked as inactive due to heartbeat timeout
2026-01-17 21:01:05.618 [taskScheduler-5] WARN  c.q.federated.service.FederatedCoordinatorService - Node 111 marked as inactive due to heartbeat timeout
2026-01-17 21:01:10.630 [taskScheduler-5] WARN  c.q.federated.service.FederatedCoordinatorService - Node 11 marked as inactive due to heartbeat timeout
2026-01-17 21:01:10.630 [taskScheduler-5] WARN  c.q.federated.service.FederatedCoordinatorService - Node 111 marked as inactive due to heartbeat timeout
2026-01-17 21:01:15.643 [taskScheduler-5] WARN  c.q.federated.service.FederatedCoordinatorService - Node 11 marked as inactive due to heartbeat timeout
2026-01-17 21:01:15.644 [taskScheduler-5] WARN  c.q.federated.service.FederatedCoordinatorService - Node 111 marked as inactive due to heartbeat timeout
2026-01-17 21:01:20.659 [taskScheduler-5] WARN  c.q.federated.service.FederatedCoordinatorService - Node 11 marked as inactive due to heartbeat timeout
2026-01-17 21:01:20.659 [taskScheduler-5] WARN  c.q.federated.service.FederatedCoordinatorService - Node 111 marked as inactive due to heartbeat timeout
2026-01-17 21:01:25.674 [taskScheduler-5] WARN  c.q.federated.service.FederatedCoordinatorService - Node 11 marked as inactive due to heartbeat timeout
2026-01-17 21:01:25.674 [taskScheduler-5] WARN  c.q.federated.service.FederatedCoordinatorService - Node 111 marked as inactive due to heartbeat timeout
2026-01-17 21:01:30.685 [taskScheduler-5] WARN  c.q.federated.service.FederatedCoordinatorService - Node 11 marked as inactive due to heartbeat timeout
2026-01-17 21:01:30.686 [taskScheduler-5] WARN  c.q.federated.service.FederatedCoordinatorService - Node 111 marked as inactive due to heartbeat timeout
2026-01-17 21:01:35.698 [taskScheduler-5] WARN  c.q.federated.service.FederatedCoordinatorService - Node 11 marked as inactive due to heartbeat timeout
2026-01-17 21:01:35.698 [taskScheduler-5] WARN  c.q.federated.service.FederatedCoordinatorService - Node 111 marked as inactive due to heartbeat timeout
2026-01-17 21:01:40.714 [taskScheduler-5] WARN  c.q.federated.service.FederatedCoordinatorService - Node 11 marked as inactive due to heartbeat timeout
2026-01-17 21:01:40.715 [taskScheduler-5] WARN  c.q.federated.service.FederatedCoordinatorService - Node 111 marked as inactive due to heartbeat timeout
2026-01-17 21:01:45.729 [taskScheduler-5] WARN  c.q.federated.service.FederatedCoordinatorService - Node 11 marked as inactive due to heartbeat timeout
2026-01-17 21:01:45.730 [taskScheduler-5] WARN  c.q.federated.service.FederatedCoordinatorService - Node 111 marked as inactive due to heartbeat timeout
2026-01-17 21:01:50.744 [taskScheduler-5] WARN  c.q.federated.service.FederatedCoordinatorService - Node 11 marked as inactive due to heartbeat timeout
2026-01-17 21:01:50.744 [taskScheduler-5] WARN  c.q.federated.service.FederatedCoordinatorService - Node 111 marked as inactive due to heartbeat timeout
2026-01-17 21:01:55.757 [taskScheduler-5] WARN  c.q.federated.service.FederatedCoordinatorService - Node 11 marked as inactive due to heartbeat timeout
2026-01-17 21:01:55.758 [taskScheduler-5] WARN  c.q.federated.service.FederatedCoordinatorService - Node 111 marked as inactive due to heartbeat timeout
2026-01-17 21:02:00.763 [taskScheduler-5] WARN  c.q.federated.service.FederatedCoordinatorService - Node 11 marked as inactive due to heartbeat timeout
2026-01-17 21:02:00.765 [taskScheduler-5] WARN  c.q.federated.service.FederatedCoordinatorService - Node 111 marked as inactive due to heartbeat timeout
2026-01-17 21:02:05.770 [taskScheduler-5] WARN  c.q.federated.service.FederatedCoordinatorService - Node 11 marked as inactive due to heartbeat timeout
2026-01-17 21:02:05.770 [taskScheduler-5] WARN  c.q.federated.service.FederatedCoordinatorService - Node 111 marked as inactive due to heartbeat timeout
2026-01-17 21:02:10.780 [taskScheduler-5] WARN  c.q.federated.service.FederatedCoordinatorService - Node 11 marked as inactive due to heartbeat timeout
2026-01-17 21:02:10.780 [taskScheduler-5] WARN  c.q.federated.service.FederatedCoordinatorService - Node 111 marked as inactive due to heartbeat timeout
2026-01-17 21:02:15.794 [taskScheduler-5] WARN  c.q.federated.service.FederatedCoordinatorService - Node 11 marked as inactive due to heartbeat timeout
2026-01-17 21:02:15.796 [taskScheduler-5] WARN  c.q.federated.service.FederatedCoordinatorService - Node 111 marked as inactive due to heartbeat timeout
2026-01-17 21:02:20.800 [taskScheduler-5] WARN  c.q.federated.service.FederatedCoordinatorService - Node 11 marked as inactive due to heartbeat timeout
2026-01-17 21:02:20.800 [taskScheduler-5] WARN  c.q.federated.service.FederatedCoordinatorService - Node 111 marked as inactive due to heartbeat timeout
2026-01-17 21:02:25.816 [taskScheduler-5] WARN  c.q.federated.service.FederatedCoordinatorService - Node 11 marked as inactive due to heartbeat timeout
2026-01-17 21:02:25.817 [taskScheduler-5] WARN  c.q.federated.service.FederatedCoordinatorService - Node 111 marked as inactive due to heartbeat timeout
2026-01-17 21:02:30.837 [taskScheduler-5] WARN  c.q.federated.service.FederatedCoordinatorService - Node 11 marked as inactive due to heartbeat timeout
2026-01-17 21:02:30.837 [taskScheduler-5] WARN  c.q.federated.service.FederatedCoordinatorService - Node 111 marked as inactive due to heartbeat timeout
2026-01-17 21:02:35.847 [taskScheduler-5] WARN  c.q.federated.service.FederatedCoordinatorService - Node 11 marked as inactive due to heartbeat timeout
2026-01-17 21:02:35.847 [taskScheduler-5] WARN  c.q.federated.service.FederatedCoordinatorService - Node 111 marked as inactive due to heartbeat timeout
2026-01-17 21:02:40.862 [taskScheduler-5] WARN  c.q.federated.service.FederatedCoordinatorService - Node 11 marked as inactive due to heartbeat timeout
2026-01-17 21:02:40.863 [taskScheduler-5] WARN  c.q.federated.service.FederatedCoordinatorService - Node 111 marked as inactive due to heartbeat timeout
2026-01-17 21:02:45.869 [taskScheduler-5] WARN  c.q.federated.service.FederatedCoordinatorService - Node 11 marked as inactive due to heartbeat timeout
2026-01-17 21:02:45.870 [taskScheduler-5] WARN  c.q.federated.service.FederatedCoordinatorService - Node 111 marked as inactive due to heartbeat timeout
2026-01-17 21:02:50.880 [taskScheduler-5] WARN  c.q.federated.service.FederatedCoordinatorService - Node 11 marked as inactive due to heartbeat timeout
2026-01-17 21:02:50.880 [taskScheduler-5] WARN  c.q.federated.service.FederatedCoordinatorService - Node 111 marked as inactive due to heartbeat timeout
2026-01-17 21:02:55.888 [taskScheduler-5] WARN  c.q.federated.service.FederatedCoordinatorService - Node 11 marked as inactive due to heartbeat timeout
2026-01-17 21:02:55.888 [taskScheduler-5] WARN  c.q.federated.service.FederatedCoordinatorService - Node 111 marked as inactive due to heartbeat timeout
2026-01-17 21:03:00.904 [taskScheduler-5] WARN  c.q.federated.service.FederatedCoordinatorService - Node 11 marked as inactive due to heartbeat timeout
2026-01-17 21:03:00.904 [taskScheduler-5] WARN  c.q.federated.service.FederatedCoordinatorService - Node 111 marked as inactive due to heartbeat timeout
2026-01-17 21:03:05.911 [taskScheduler-5] WARN  c.q.federated.service.FederatedCoordinatorService - Node 11 marked as inactive due to heartbeat timeout
2026-01-17 21:03:05.911 [taskScheduler-5] WARN  c.q.federated.service.FederatedCoordinatorService - Node 111 marked as inactive due to heartbeat timeout
2026-01-17 21:03:10.916 [taskScheduler-5] WARN  c.q.federated.service.FederatedCoordinatorService - Node 11 marked as inactive due to heartbeat timeout
2026-01-17 21:03:10.916 [taskScheduler-5] WARN  c.q.federated.service.FederatedCoordinatorService - Node 111 marked as inactive due to heartbeat timeout
2026-01-17 21:03:15.930 [taskScheduler-5] WARN  c.q.federated.service.FederatedCoordinatorService - Node 11 marked as inactive due to heartbeat timeout
2026-01-17 21:03:15.931 [taskScheduler-5] WARN  c.q.federated.service.FederatedCoordinatorService - Node 111 marked as inactive due to heartbeat timeout
2026-01-17 21:03:20.946 [taskScheduler-5] WARN  c.q.federated.service.FederatedCoordinatorService - Node 11 marked as inactive due to heartbeat timeout
2026-01-17 21:03:20.946 [taskScheduler-5] WARN  c.q.federated.service.FederatedCoordinatorService - Node 111 marked as inactive due to heartbeat timeout
2026-01-17 21:03:25.959 [taskScheduler-5] WARN  c.q.federated.service.FederatedCoordinatorService - Node 11 marked as inactive due to heartbeat timeout
2026-01-17 21:03:25.960 [taskScheduler-5] WARN  c.q.federated.service.FederatedCoordinatorService - Node 111 marked as inactive due to heartbeat timeout
2026-01-17 21:03:30.976 [taskScheduler-5] WARN  c.q.federated.service.FederatedCoordinatorService - Node 11 marked as inactive due to heartbeat timeout
2026-01-17 21:03:30.976 [taskScheduler-5] WARN  c.q.federated.service.FederatedCoordinatorService - Node 111 marked as inactive due to heartbeat timeout
2026-01-17 21:03:35.986 [taskScheduler-5] WARN  c.q.federated.service.FederatedCoordinatorService - Node 11 marked as inactive due to heartbeat timeout
2026-01-17 21:03:35.987 [taskScheduler-5] WARN  c.q.federated.service.FederatedCoordinatorService - Node 111 marked as inactive due to heartbeat timeout
2026-01-17 21:03:40.993 [taskScheduler-5] WARN  c.q.federated.service.FederatedCoordinatorService - Node 11 marked as inactive due to heartbeat timeout
2026-01-17 21:03:40.993 [taskScheduler-5] WARN  c.q.federated.service.FederatedCoordinatorService - Node 111 marked as inactive due to heartbeat timeout
2026-01-17 21:03:46.011 [taskScheduler-5] WARN  c.q.federated.service.FederatedCoordinatorService - Node 11 marked as inactive due to heartbeat timeout
2026-01-17 21:03:46.012 [taskScheduler-5] WARN  c.q.federated.service.FederatedCoordinatorService - Node 111 marked as inactive due to heartbeat timeout
2026-01-17 21:03:51.029 [taskScheduler-5] WARN  c.q.federated.service.FederatedCoordinatorService - Node 11 marked as inactive due to heartbeat timeout
2026-01-17 21:03:51.029 [taskScheduler-5] WARN  c.q.federated.service.FederatedCoordinatorService - Node 111 marked as inactive due to heartbeat timeout
2026-01-17 21:03:56.038 [taskScheduler-5] WARN  c.q.federated.service.FederatedCoordinatorService - Node 11 marked as inactive due to heartbeat timeout
2026-01-17 21:03:56.039 [taskScheduler-5] WARN  c.q.federated.service.FederatedCoordinatorService - Node 111 marked as inactive due to heartbeat timeout
2026-01-17 21:04:01.044 [taskScheduler-5] WARN  c.q.federated.service.FederatedCoordinatorService - Node 11 marked as inactive due to heartbeat timeout
2026-01-17 21:04:01.045 [taskScheduler-5] WARN  c.q.federated.service.FederatedCoordinatorService - Node 111 marked as inactive due to heartbeat timeout
2026-01-17 21:04:06.060 [taskScheduler-5] WARN  c.q.federated.service.FederatedCoordinatorService - Node 11 marked as inactive due to heartbeat timeout
2026-01-17 21:04:06.060 [taskScheduler-5] WARN  c.q.federated.service.FederatedCoordinatorService - Node 111 marked as inactive due to heartbeat timeout
2026-01-17 21:04:11.071 [taskScheduler-5] WARN  c.q.federated.service.FederatedCoordinatorService - Node 11 marked as inactive due to heartbeat timeout
2026-01-17 21:04:11.071 [taskScheduler-5] WARN  c.q.federated.service.FederatedCoordinatorService - Node 111 marked as inactive due to heartbeat timeout
2026-01-17 21:04:16.080 [taskScheduler-5] WARN  c.q.federated.service.FederatedCoordinatorService - Node 11 marked as inactive due to heartbeat timeout
2026-01-17 21:04:16.080 [taskScheduler-5] WARN  c.q.federated.service.FederatedCoordinatorService - Node 111 marked as inactive due to heartbeat timeout
2026-01-17 21:04:21.091 [taskScheduler-5] WARN  c.q.federated.service.FederatedCoordinatorService - Node 11 marked as inactive due to heartbeat timeout
2026-01-17 21:04:21.092 [taskScheduler-5] WARN  c.q.federated.service.FederatedCoordinatorService - Node 111 marked as inactive due to heartbeat timeout
2026-01-17 21:04:26.107 [taskScheduler-5] WARN  c.q.federated.service.FederatedCoordinatorService - Node 11 marked as inactive due to heartbeat timeout
2026-01-17 21:04:26.108 [taskScheduler-5] WARN  c.q.federated.service.FederatedCoordinatorService - Node 111 marked as inactive due to heartbeat timeout
2026-01-17 21:04:31.124 [taskScheduler-5] WARN  c.q.federated.service.FederatedCoordinatorService - Node 11 marked as inactive due to heartbeat timeout
2026-01-17 21:04:31.124 [taskScheduler-5] WARN  c.q.federated.service.FederatedCoordinatorService - Node 111 marked as inactive due to heartbeat timeout
2026-01-17 21:04:36.138 [taskScheduler-5] WARN  c.q.federated.service.FederatedCoordinatorService - Node 11 marked as inactive due to heartbeat timeout
2026-01-17 21:04:36.139 [taskScheduler-5] WARN  c.q.federated.service.FederatedCoordinatorService - Node 111 marked as inactive due to heartbeat timeout
2026-01-17 21:04:41.147 [taskScheduler-5] WARN  c.q.federated.service.FederatedCoordinatorService - Node 11 marked as inactive due to heartbeat timeout
2026-01-17 21:04:41.148 [taskScheduler-5] WARN  c.q.federated.service.FederatedCoordinatorService - Node 111 marked as inactive due to heartbeat timeout
2026-01-17 21:04:46.158 [taskScheduler-5] WARN  c.q.federated.service.FederatedCoordinatorService - Node 11 marked as inactive due to heartbeat timeout
2026-01-17 21:04:46.158 [taskScheduler-5] WARN  c.q.federated.service.FederatedCoordinatorService - Node 111 marked as inactive due to heartbeat timeout
2026-01-17 21:04:51.175 [taskScheduler-5] WARN  c.q.federated.service.FederatedCoordinatorService - Node 11 marked as inactive due to heartbeat timeout
2026-01-17 21:04:51.175 [taskScheduler-5] WARN  c.q.federated.service.FederatedCoordinatorService - Node 111 marked as inactive due to heartbeat timeout
2026-01-17 21:04:56.180 [taskScheduler-5] WARN  c.q.federated.service.FederatedCoordinatorService - Node 11 marked as inactive due to heartbeat timeout
2026-01-17 21:04:56.180 [taskScheduler-5] WARN  c.q.federated.service.FederatedCoordinatorService - Node 111 marked as inactive due to heartbeat timeout
2026-01-17 21:05:01.188 [taskScheduler-5] WARN  c.q.federated.service.FederatedCoordinatorService - Node 11 marked as inactive due to heartbeat timeout
2026-01-17 21:05:01.188 [taskScheduler-5] WARN  c.q.federated.service.FederatedCoordinatorService - Node 111 marked as inactive due to heartbeat timeout
2026-01-17 21:05:06.208 [taskScheduler-5] WARN  c.q.federated.service.FederatedCoordinatorService - Node 11 marked as inactive due to heartbeat timeout
2026-01-17 21:05:06.209 [taskScheduler-5] WARN  c.q.federated.service.FederatedCoordinatorService - Node 111 marked as inactive due to heartbeat timeout
2026-01-17 21:05:11.223 [taskScheduler-5] WARN  c.q.federated.service.FederatedCoordinatorService - Node 11 marked as inactive due to heartbeat timeout
2026-01-17 21:05:11.224 [taskScheduler-5] WARN  c.q.federated.service.FederatedCoordinatorService - Node 111 marked as inactive due to heartbeat timeout
2026-01-17 21:05:16.242 [taskScheduler-5] WARN  c.q.federated.service.FederatedCoordinatorService - Node 11 marked as inactive due to heartbeat timeout
2026-01-17 21:05:16.242 [taskScheduler-5] WARN  c.q.federated.service.FederatedCoordinatorService - Node 111 marked as inactive due to heartbeat timeout
2026-01-17 21:05:21.257 [taskScheduler-5] WARN  c.q.federated.service.FederatedCoordinatorService - Node 11 marked as inactive due to heartbeat timeout
2026-01-17 21:05:21.258 [taskScheduler-5] WARN  c.q.federated.service.FederatedCoordinatorService - Node 111 marked as inactive due to heartbeat timeout
2026-01-17 21:05:26.275 [taskScheduler-5] WARN  c.q.federated.service.FederatedCoordinatorService - Node 11 marked as inactive due to heartbeat timeout
2026-01-17 21:05:26.276 [taskScheduler-5] WARN  c.q.federated.service.FederatedCoordinatorService - Node 111 marked as inactive due to heartbeat timeout
2026-01-17 21:05:31.292 [taskScheduler-5] WARN  c.q.federated.service.FederatedCoordinatorService - Node 11 marked as inactive due to heartbeat timeout
2026-01-17 21:05:31.293 [taskScheduler-5] WARN  c.q.federated.service.FederatedCoordinatorService - Node 111 marked as inactive due to heartbeat timeout
2026-01-17 21:05:36.309 [taskScheduler-5] WARN  c.q.federated.service.FederatedCoordinatorService - Node 11 marked as inactive due to heartbeat timeout
2026-01-17 21:05:36.309 [taskScheduler-5] WARN  c.q.federated.service.FederatedCoordinatorService - Node 111 marked as inactive due to heartbeat timeout
2026-01-17 21:05:41.314 [taskScheduler-5] WARN  c.q.federated.service.FederatedCoordinatorService - Node 11 marked as inactive due to heartbeat timeout
2026-01-17 21:05:41.315 [taskScheduler-5] WARN  c.q.federated.service.FederatedCoordinatorService - Node 111 marked as inactive due to heartbeat timeout
2026-01-17 21:05:46.325 [taskScheduler-5] WARN  c.q.federated.service.FederatedCoordinatorService - Node 11 marked as inactive due to heartbeat timeout
2026-01-17 21:05:46.326 [taskScheduler-5] WARN  c.q.federated.service.FederatedCoordinatorService - Node 111 marked as inactive due to heartbeat timeout
2026-01-17 21:05:51.340 [taskScheduler-5] WARN  c.q.federated.service.FederatedCoordinatorService - Node 11 marked as inactive due to heartbeat timeout
2026-01-17 21:05:51.340 [taskScheduler-5] WARN  c.q.federated.service.FederatedCoordinatorService - Node 111 marked as inactive due to heartbeat timeout
2026-01-17 21:05:56.347 [taskScheduler-5] WARN  c.q.federated.service.FederatedCoordinatorService - Node 11 marked as inactive due to heartbeat timeout
2026-01-17 21:05:56.348 [taskScheduler-5] WARN  c.q.federated.service.FederatedCoordinatorService - Node 111 marked as inactive due to heartbeat timeout
2026-01-17 21:06:01.356 [taskScheduler-5] WARN  c.q.federated.service.FederatedCoordinatorService - Node 11 marked as inactive due to heartbeat timeout
2026-01-17 21:06:01.356 [taskScheduler-5] WARN  c.q.federated.service.FederatedCoordinatorService - Node 111 marked as inactive due to heartbeat timeout
2026-01-17 21:06:06.364 [taskScheduler-5] WARN  c.q.federated.service.FederatedCoordinatorService - Node 11 marked as inactive due to heartbeat timeout
2026-01-17 21:06:06.365 [taskScheduler-5] WARN  c.q.federated.service.FederatedCoordinatorService - Node 111 marked as inactive due to heartbeat timeout
2026-01-17 21:06:11.379 [taskScheduler-5] WARN  c.q.federated.service.FederatedCoordinatorService - Node 11 marked as inactive due to heartbeat timeout
2026-01-17 21:06:11.379 [taskScheduler-5] WARN  c.q.federated.service.FederatedCoordinatorService - Node 111 marked as inactive due to heartbeat timeout
2026-01-17 21:06:16.391 [taskScheduler-5] WARN  c.q.federated.service.FederatedCoordinatorService - Node 11 marked as inactive due to heartbeat timeout
2026-01-17 21:06:16.392 [taskScheduler-5] WARN  c.q.federated.service.FederatedCoordinatorService - Node 111 marked as inactive due to heartbeat timeout
2026-01-17 21:06:21.412 [taskScheduler-5] WARN  c.q.federated.service.FederatedCoordinatorService - Node 11 marked as inactive due to heartbeat timeout
2026-01-17 21:06:21.412 [taskScheduler-5] WARN  c.q.federated.service.FederatedCoordinatorService - Node 111 marked as inactive due to heartbeat timeout
2026-01-17 21:06:26.423 [taskScheduler-5] WARN  c.q.federated.service.FederatedCoordinatorService - Node 11 marked as inactive due to heartbeat timeout
2026-01-17 21:06:26.423 [taskScheduler-5] WARN  c.q.federated.service.FederatedCoordinatorService - Node 111 marked as inactive due to heartbeat timeout
2026-01-17 21:06:31.441 [taskScheduler-5] WARN  c.q.federated.service.FederatedCoordinatorService - Node 11 marked as inactive due to heartbeat timeout
2026-01-17 21:06:31.441 [taskScheduler-5] WARN  c.q.federated.service.FederatedCoordinatorService - Node 111 marked as inactive due to heartbeat timeout
2026-01-17 21:06:36.456 [taskScheduler-5] WARN  c.q.federated.service.FederatedCoordinatorService - Node 11 marked as inactive due to heartbeat timeout
2026-01-17 21:06:36.456 [taskScheduler-5] WARN  c.q.federated.service.FederatedCoordinatorService - Node 111 marked as inactive due to heartbeat timeout
2026-01-17 21:06:41.472 [taskScheduler-5] WARN  c.q.federated.service.FederatedCoordinatorService - Node 11 marked as inactive due to heartbeat timeout
2026-01-17 21:06:41.472 [taskScheduler-5] WARN  c.q.federated.service.FederatedCoordinatorService - Node 111 marked as inactive due to heartbeat timeout
2026-01-17 21:06:46.480 [taskScheduler-5] WARN  c.q.federated.service.FederatedCoordinatorService - Node 11 marked as inactive due to heartbeat timeout
2026-01-17 21:06:46.480 [taskScheduler-5] WARN  c.q.federated.service.FederatedCoordinatorService - Node 111 marked as inactive due to heartbeat timeout
2026-01-17 21:06:51.491 [taskScheduler-5] WARN  c.q.federated.service.FederatedCoordinatorService - Node 11 marked as inactive due to heartbeat timeout
2026-01-17 21:06:51.491 [taskScheduler-5] WARN  c.q.federated.service.FederatedCoordinatorService - Node 111 marked as inactive due to heartbeat timeout
2026-01-17 21:06:56.505 [taskScheduler-5] WARN  c.q.federated.service.FederatedCoordinatorService - Node 11 marked as inactive due to heartbeat timeout
2026-01-17 21:06:56.506 [taskScheduler-5] WARN  c.q.federated.service.FederatedCoordinatorService - Node 111 marked as inactive due to heartbeat timeout
2026-01-17 21:07:01.511 [taskScheduler-5] WARN  c.q.federated.service.FederatedCoordinatorService - Node 11 marked as inactive due to heartbeat timeout
2026-01-17 21:07:01.511 [taskScheduler-5] WARN  c.q.federated.service.FederatedCoordinatorService - Node 111 marked as inactive due to heartbeat timeout
2026-01-17 21:07:06.519 [taskScheduler-5] WARN  c.q.federated.service.FederatedCoordinatorService - Node 11 marked as inactive due to heartbeat timeout
2026-01-17 21:07:06.520 [taskScheduler-5] WARN  c.q.federated.service.FederatedCoordinatorService - Node 111 marked as inactive due to heartbeat timeout
2026-01-17 21:07:11.539 [taskScheduler-5] WARN  c.q.federated.service.FederatedCoordinatorService - Node 11 marked as inactive due to heartbeat timeout
2026-01-17 21:07:11.540 [taskScheduler-5] WARN  c.q.federated.service.FederatedCoordinatorService - Node 111 marked as inactive due to heartbeat timeout
2026-01-17 21:07:16.556 [taskScheduler-5] WARN  c.q.federated.service.FederatedCoordinatorService - Node 11 marked as inactive due to heartbeat timeout
2026-01-17 21:07:16.556 [taskScheduler-5] WARN  c.q.federated.service.FederatedCoordinatorService - Node 111 marked as inactive due to heartbeat timeout
2026-01-17 21:07:21.568 [taskScheduler-5] WARN  c.q.federated.service.FederatedCoordinatorService - Node 11 marked as inactive due to heartbeat timeout
2026-01-17 21:07:21.569 [taskScheduler-5] WARN  c.q.federated.service.FederatedCoordinatorService - Node 111 marked as inactive due to heartbeat timeout
2026-01-17 21:07:26.576 [taskScheduler-5] WARN  c.q.federated.service.FederatedCoordinatorService - Node 11 marked as inactive due to heartbeat timeout
2026-01-17 21:07:26.576 [taskScheduler-5] WARN  c.q.federated.service.FederatedCoordinatorService - Node 111 marked as inactive due to heartbeat timeout
2026-01-17 21:07:31.588 [taskScheduler-5] WARN  c.q.federated.service.FederatedCoordinatorService - Node 11 marked as inactive due to heartbeat timeout
2026-01-17 21:07:31.588 [taskScheduler-5] WARN  c.q.federated.service.FederatedCoordinatorService - Node 111 marked as inactive due to heartbeat timeout
2026-01-17 21:07:36.602 [taskScheduler-5] WARN  c.q.federated.service.FederatedCoordinatorService - Node 11 marked as inactive due to heartbeat timeout
2026-01-17 21:07:36.602 [taskScheduler-5] WARN  c.q.federated.service.FederatedCoordinatorService - Node 111 marked as inactive due to heartbeat timeout
2026-01-17 21:07:41.621 [taskScheduler-5] WARN  c.q.federated.service.FederatedCoordinatorService - Node 11 marked as inactive due to heartbeat timeout
2026-01-17 21:07:41.622 [taskScheduler-5] WARN  c.q.federated.service.FederatedCoordinatorService - Node 111 marked as inactive due to heartbeat timeout
2026-01-17 21:07:46.632 [taskScheduler-5] WARN  c.q.federated.service.FederatedCoordinatorService - Node 11 marked as inactive due to heartbeat timeout
2026-01-17 21:07:46.633 [taskScheduler-5] WARN  c.q.federated.service.FederatedCoordinatorService - Node 111 marked as inactive due to heartbeat timeout
2026-01-17 21:07:51.645 [taskScheduler-5] WARN  c.q.federated.service.FederatedCoordinatorService - Node 11 marked as inactive due to heartbeat timeout
2026-01-17 21:07:51.645 [taskScheduler-5] WARN  c.q.federated.service.FederatedCoordinatorService - Node 111 marked as inactive due to heartbeat timeout
2026-01-17 21:07:56.672 [taskScheduler-5] WARN  c.q.federated.service.FederatedCoordinatorService - Node 11 marked as inactive due to heartbeat timeout
2026-01-17 21:07:56.673 [taskScheduler-5] WARN  c.q.federated.service.FederatedCoordinatorService - Node 111 marked as inactive due to heartbeat timeout
2026-01-17 21:08:01.686 [taskScheduler-5] WARN  c.q.federated.service.FederatedCoordinatorService - Node 11 marked as inactive due to heartbeat timeout
2026-01-17 21:08:01.686 [taskScheduler-5] WARN  c.q.federated.service.FederatedCoordinatorService - Node 111 marked as inactive due to heartbeat timeout
2026-01-17 21:08:06.703 [taskScheduler-5] WARN  c.q.federated.service.FederatedCoordinatorService - Node 11 marked as inactive due to heartbeat timeout
2026-01-17 21:08:06.704 [taskScheduler-5] WARN  c.q.federated.service.FederatedCoordinatorService - Node 111 marked as inactive due to heartbeat timeout
2026-01-17 21:08:11.725 [taskScheduler-5] WARN  c.q.federated.service.FederatedCoordinatorService - Node 11 marked as inactive due to heartbeat timeout
2026-01-17 21:08:11.725 [taskScheduler-5] WARN  c.q.federated.service.FederatedCoordinatorService - Node 111 marked as inactive due to heartbeat timeout
2026-01-17 21:08:16.738 [taskScheduler-5] WARN  c.q.federated.service.FederatedCoordinatorService - Node 11 marked as inactive due to heartbeat timeout
2026-01-17 21:08:16.738 [taskScheduler-5] WARN  c.q.federated.service.FederatedCoordinatorService - Node 111 marked as inactive due to heartbeat timeout
2026-01-17 21:08:21.755 [taskScheduler-5] WARN  c.q.federated.service.FederatedCoordinatorService - Node 11 marked as inactive due to heartbeat timeout
2026-01-17 21:08:21.755 [taskScheduler-5] WARN  c.q.federated.service.FederatedCoordinatorService - Node 111 marked as inactive due to heartbeat timeout
2026-01-17 21:08:26.761 [taskScheduler-5] WARN  c.q.federated.service.FederatedCoordinatorService - Node 11 marked as inactive due to heartbeat timeout
2026-01-17 21:08:26.761 [taskScheduler-5] WARN  c.q.federated.service.FederatedCoordinatorService - Node 111 marked as inactive due to heartbeat timeout
2026-01-17 21:08:31.766 [taskScheduler-5] WARN  c.q.federated.service.FederatedCoordinatorService - Node 11 marked as inactive due to heartbeat timeout
2026-01-17 21:08:31.767 [taskScheduler-5] WARN  c.q.federated.service.FederatedCoordinatorService - Node 111 marked as inactive due to heartbeat timeout
2026-01-17 21:08:36.780 [taskScheduler-5] WARN  c.q.federated.service.FederatedCoordinatorService - Node 11 marked as inactive due to heartbeat timeout
2026-01-17 21:08:36.780 [taskScheduler-5] WARN  c.q.federated.service.FederatedCoordinatorService - Node 111 marked as inactive due to heartbeat timeout
2026-01-17 21:08:41.793 [taskScheduler-5] WARN  c.q.federated.service.FederatedCoordinatorService - Node 11 marked as inactive due to heartbeat timeout
2026-01-17 21:08:41.795 [taskScheduler-5] WARN  c.q.federated.service.FederatedCoordinatorService - Node 111 marked as inactive due to heartbeat timeout
2026-01-17 21:08:46.801 [taskScheduler-5] WARN  c.q.federated.service.FederatedCoordinatorService - Node 11 marked as inactive due to heartbeat timeout
2026-01-17 21:08:46.801 [taskScheduler-5] WARN  c.q.federated.service.FederatedCoordinatorService - Node 111 marked as inactive due to heartbeat timeout
2026-01-17 21:08:51.811 [taskScheduler-5] WARN  c.q.federated.service.FederatedCoordinatorService - Node 11 marked as inactive due to heartbeat timeout
2026-01-17 21:08:51.811 [taskScheduler-5] WARN  c.q.federated.service.FederatedCoordinatorService - Node 111 marked as inactive due to heartbeat timeout
2026-01-17 21:08:56.821 [taskScheduler-5] WARN  c.q.federated.service.FederatedCoordinatorService - Node 11 marked as inactive due to heartbeat timeout
2026-01-17 21:08:56.821 [taskScheduler-5] WARN  c.q.federated.service.FederatedCoordinatorService - Node 111 marked as inactive due to heartbeat timeout
2026-01-17 21:09:01.836 [taskScheduler-5] WARN  c.q.federated.service.FederatedCoordinatorService - Node 11 marked as inactive due to heartbeat timeout
2026-01-17 21:09:01.836 [taskScheduler-5] WARN  c.q.federated.service.FederatedCoordinatorService - Node 111 marked as inactive due to heartbeat timeout
2026-01-17 21:09:06.853 [taskScheduler-5] WARN  c.q.federated.service.FederatedCoordinatorService - Node 11 marked as inactive due to heartbeat timeout
2026-01-17 21:09:06.854 [taskScheduler-5] WARN  c.q.federated.service.FederatedCoordinatorService - Node 111 marked as inactive due to heartbeat timeout
2026-01-17 21:09:11.867 [taskScheduler-5] WARN  c.q.federated.service.FederatedCoordinatorService - Node 11 marked as inactive due to heartbeat timeout
2026-01-17 21:09:11.867 [taskScheduler-5] WARN  c.q.federated.service.FederatedCoordinatorService - Node 111 marked as inactive due to heartbeat timeout
2026-01-17 21:09:16.877 [taskScheduler-5] WARN  c.q.federated.service.FederatedCoordinatorService - Node 11 marked as inactive due to heartbeat timeout
2026-01-17 21:09:16.878 [taskScheduler-5] WARN  c.q.federated.service.FederatedCoordinatorService - Node 111 marked as inactive due to heartbeat timeout
2026-01-17 21:09:21.892 [taskScheduler-5] WARN  c.q.federated.service.FederatedCoordinatorService - Node 11 marked as inactive due to heartbeat timeout
2026-01-17 21:09:21.892 [taskScheduler-5] WARN  c.q.federated.service.FederatedCoordinatorService - Node 111 marked as inactive due to heartbeat timeout
2026-01-17 21:09:26.903 [taskScheduler-5] WARN  c.q.federated.service.FederatedCoordinatorService - Node 11 marked as inactive due to heartbeat timeout
2026-01-17 21:09:26.903 [taskScheduler-5] WARN  c.q.federated.service.FederatedCoordinatorService - Node 111 marked as inactive due to heartbeat timeout
2026-01-17 21:09:31.921 [taskScheduler-5] WARN  c.q.federated.service.FederatedCoordinatorService - Node 11 marked as inactive due to heartbeat timeout
2026-01-17 21:09:31.922 [taskScheduler-5] WARN  c.q.federated.service.FederatedCoordinatorService - Node 111 marked as inactive due to heartbeat timeout
2026-01-17 21:09:36.934 [taskScheduler-5] WARN  c.q.federated.service.FederatedCoordinatorService - Node 11 marked as inactive due to heartbeat timeout
2026-01-17 21:09:36.935 [taskScheduler-5] WARN  c.q.federated.service.FederatedCoordinatorService - Node 111 marked as inactive due to heartbeat timeout
2026-01-17 21:09:41.950 [taskScheduler-5] WARN  c.q.federated.service.FederatedCoordinatorService - Node 11 marked as inactive due to heartbeat timeout
2026-01-17 21:09:41.951 [taskScheduler-5] WARN  c.q.federated.service.FederatedCoordinatorService - Node 111 marked as inactive due to heartbeat timeout
2026-01-17 21:09:46.969 [taskScheduler-5] WARN  c.q.federated.service.FederatedCoordinatorService - Node 11 marked as inactive due to heartbeat timeout
2026-01-17 21:09:46.969 [taskScheduler-5] WARN  c.q.federated.service.FederatedCoordinatorService - Node 111 marked as inactive due to heartbeat timeout
2026-01-17 21:09:51.980 [taskScheduler-5] WARN  c.q.federated.service.FederatedCoordinatorService - Node 11 marked as inactive due to heartbeat timeout
2026-01-17 21:09:51.980 [taskScheduler-5] WARN  c.q.federated.service.FederatedCoordinatorService - Node 111 marked as inactive due to heartbeat timeout
2026-01-17 21:09:56.988 [taskScheduler-5] WARN  c.q.federated.service.FederatedCoordinatorService - Node 11 marked as inactive due to heartbeat timeout
2026-01-17 21:09:56.989 [taskScheduler-5] WARN  c.q.federated.service.FederatedCoordinatorService - Node 111 marked as inactive due to heartbeat timeout
2026-01-17 21:10:01.997 [taskScheduler-5] WARN  c.q.federated.service.FederatedCoordinatorService - Node 11 marked as inactive due to heartbeat timeout
2026-01-17 21:10:01.997 [taskScheduler-5] WARN  c.q.federated.service.FederatedCoordinatorService - Node 111 marked as inactive due to heartbeat timeout
2026-01-17 21:10:07.010 [taskScheduler-5] WARN  c.q.federated.service.FederatedCoordinatorService - Node 11 marked as inactive due to heartbeat timeout
2026-01-17 21:10:07.010 [taskScheduler-5] WARN  c.q.federated.service.FederatedCoordinatorService - Node 111 marked as inactive due to heartbeat timeout
2026-01-17 21:10:12.021 [taskScheduler-5] WARN  c.q.federated.service.FederatedCoordinatorService - Node 11 marked as inactive due to heartbeat timeout
2026-01-17 21:10:12.021 [taskScheduler-5] WARN  c.q.federated.service.FederatedCoordinatorService - Node 111 marked as inactive due to heartbeat timeout
2026-01-17 21:10:17.031 [taskScheduler-5] WARN  c.q.federated.service.FederatedCoordinatorService - Node 11 marked as inactive due to heartbeat timeout
2026-01-17 21:10:17.032 [taskScheduler-5] WARN  c.q.federated.service.FederatedCoordinatorService - Node 111 marked as inactive due to heartbeat timeout
2026-01-17 21:10:22.037 [taskScheduler-5] WARN  c.q.federated.service.FederatedCoordinatorService - Node 11 marked as inactive due to heartbeat timeout
2026-01-17 21:10:22.037 [taskScheduler-5] WARN  c.q.federated.service.FederatedCoordinatorService - Node 111 marked as inactive due to heartbeat timeout
2026-01-17 21:10:27.051 [taskScheduler-5] WARN  c.q.federated.service.FederatedCoordinatorService - Node 11 marked as inactive due to heartbeat timeout
2026-01-17 21:10:27.052 [taskScheduler-5] WARN  c.q.federated.service.FederatedCoordinatorService - Node 111 marked as inactive due to heartbeat timeout
2026-01-17 21:10:32.066 [taskScheduler-5] WARN  c.q.federated.service.FederatedCoordinatorService - Node 11 marked as inactive due to heartbeat timeout
2026-01-17 21:10:32.067 [taskScheduler-5] WARN  c.q.federated.service.FederatedCoordinatorService - Node 111 marked as inactive due to heartbeat timeout
2026-01-17 21:10:37.084 [taskScheduler-5] WARN  c.q.federated.service.FederatedCoordinatorService - Node 11 marked as inactive due to heartbeat timeout
2026-01-17 21:10:37.084 [taskScheduler-5] WARN  c.q.federated.service.FederatedCoordinatorService - Node 111 marked as inactive due to heartbeat timeout
2026-01-17 21:10:42.094 [taskScheduler-5] WARN  c.q.federated.service.FederatedCoordinatorService - Node 11 marked as inactive due to heartbeat timeout
2026-01-17 21:10:42.095 [taskScheduler-5] WARN  c.q.federated.service.FederatedCoordinatorService - Node 111 marked as inactive due to heartbeat timeout
2026-01-17 21:10:47.106 [taskScheduler-5] WARN  c.q.federated.service.FederatedCoordinatorService - Node 11 marked as inactive due to heartbeat timeout
2026-01-17 21:10:47.107 [taskScheduler-5] WARN  c.q.federated.service.FederatedCoordinatorService - Node 111 marked as inactive due to heartbeat timeout
2026-01-17 21:10:52.117 [taskScheduler-5] WARN  c.q.federated.service.FederatedCoordinatorService - Node 11 marked as inactive due to heartbeat timeout
2026-01-17 21:10:52.118 [taskScheduler-5] WARN  c.q.federated.service.FederatedCoordinatorService - Node 111 marked as inactive due to heartbeat timeout
2026-01-17 21:10:57.128 [taskScheduler-5] WARN  c.q.federated.service.FederatedCoordinatorService - Node 11 marked as inactive due to heartbeat timeout
2026-01-17 21:10:57.129 [taskScheduler-5] WARN  c.q.federated.service.FederatedCoordinatorService - Node 111 marked as inactive due to heartbeat timeout
2026-01-17 21:11:02.149 [taskScheduler-5] WARN  c.q.federated.service.FederatedCoordinatorService - Node 11 marked as inactive due to heartbeat timeout
2026-01-17 21:11:02.150 [taskScheduler-5] WARN  c.q.federated.service.FederatedCoordinatorService - Node 111 marked as inactive due to heartbeat timeout
2026-01-17 21:11:07.166 [taskScheduler-5] WARN  c.q.federated.service.FederatedCoordinatorService - Node 11 marked as inactive due to heartbeat timeout
2026-01-17 21:11:07.166 [taskScheduler-5] WARN  c.q.federated.service.FederatedCoordinatorService - Node 111 marked as inactive due to heartbeat timeout
2026-01-17 21:11:12.183 [taskScheduler-5] WARN  c.q.federated.service.FederatedCoordinatorService - Node 11 marked as inactive due to heartbeat timeout
2026-01-17 21:11:12.183 [taskScheduler-5] WARN  c.q.federated.service.FederatedCoordinatorService - Node 111 marked as inactive due to heartbeat timeout
2026-01-17 21:11:17.198 [taskScheduler-5] WARN  c.q.federated.service.FederatedCoordinatorService - Node 11 marked as inactive due to heartbeat timeout
2026-01-17 21:11:17.199 [taskScheduler-5] WARN  c.q.federated.service.FederatedCoordinatorService - Node 111 marked as inactive due to heartbeat timeout
2026-01-17 21:11:22.207 [taskScheduler-5] WARN  c.q.federated.service.FederatedCoordinatorService - Node 11 marked as inactive due to heartbeat timeout
2026-01-17 21:11:22.208 [taskScheduler-5] WARN  c.q.federated.service.FederatedCoordinatorService - Node 111 marked as inactive due to heartbeat timeout
2026-01-17 21:11:27.217 [taskScheduler-5] WARN  c.q.federated.service.FederatedCoordinatorService - Node 11 marked as inactive due to heartbeat timeout
2026-01-17 21:11:27.217 [taskScheduler-5] WARN  c.q.federated.service.FederatedCoordinatorService - Node 111 marked as inactive due to heartbeat timeout
2026-01-17 21:11:32.231 [taskScheduler-5] WARN  c.q.federated.service.FederatedCoordinatorService - Node 11 marked as inactive due to heartbeat timeout
2026-01-17 21:11:32.232 [taskScheduler-5] WARN  c.q.federated.service.FederatedCoordinatorService - Node 111 marked as inactive due to heartbeat timeout
2026-01-17 21:11:37.238 [taskScheduler-5] WARN  c.q.federated.service.FederatedCoordinatorService - Node 11 marked as inactive due to heartbeat timeout
2026-01-17 21:11:37.239 [taskScheduler-5] WARN  c.q.federated.service.FederatedCoordinatorService - Node 111 marked as inactive due to heartbeat timeout
2026-01-17 21:11:42.247 [taskScheduler-5] WARN  c.q.federated.service.FederatedCoordinatorService - Node 11 marked as inactive due to heartbeat timeout
2026-01-17 21:11:42.248 [taskScheduler-5] WARN  c.q.federated.service.FederatedCoordinatorService - Node 111 marked as inactive due to heartbeat timeout
2026-01-17 21:11:47.258 [taskScheduler-5] WARN  c.q.federated.service.FederatedCoordinatorService - Node 11 marked as inactive due to heartbeat timeout
2026-01-17 21:11:47.258 [taskScheduler-5] WARN  c.q.federated.service.FederatedCoordinatorService - Node 111 marked as inactive due to heartbeat timeout
2026-01-17 21:11:52.270 [taskScheduler-5] WARN  c.q.federated.service.FederatedCoordinatorService - Node 11 marked as inactive due to heartbeat timeout
2026-01-17 21:11:52.271 [taskScheduler-5] WARN  c.q.federated.service.FederatedCoordinatorService - Node 111 marked as inactive due to heartbeat timeout
2026-01-17 21:11:57.283 [taskScheduler-5] WARN  c.q.federated.service.FederatedCoordinatorService - Node 11 marked as inactive due to heartbeat timeout
2026-01-17 21:11:57.283 [taskScheduler-5] WARN  c.q.federated.service.FederatedCoordinatorService - Node 111 marked as inactive due to heartbeat timeout
2026-01-17 21:12:02.299 [taskScheduler-5] WARN  c.q.federated.service.FederatedCoordinatorService - Node 11 marked as inactive due to heartbeat timeout
2026-01-17 21:12:02.300 [taskScheduler-5] WARN  c.q.federated.service.FederatedCoordinatorService - Node 111 marked as inactive due to heartbeat timeout
2026-01-17 21:12:07.307 [taskScheduler-5] WARN  c.q.federated.service.FederatedCoordinatorService - Node 11 marked as inactive due to heartbeat timeout
2026-01-17 21:12:07.308 [taskScheduler-5] WARN  c.q.federated.service.FederatedCoordinatorService - Node 111 marked as inactive due to heartbeat timeout
2026-01-17 21:12:12.324 [taskScheduler-5] WARN  c.q.federated.service.FederatedCoordinatorService - Node 11 marked as inactive due to heartbeat timeout
2026-01-17 21:12:12.325 [taskScheduler-5] WARN  c.q.federated.service.FederatedCoordinatorService - Node 111 marked as inactive due to heartbeat timeout
2026-01-17 21:12:17.331 [taskScheduler-5] WARN  c.q.federated.service.FederatedCoordinatorService - Node 11 marked as inactive due to heartbeat timeout
2026-01-17 21:12:17.332 [taskScheduler-5] WARN  c.q.federated.service.FederatedCoordinatorService - Node 111 marked as inactive due to heartbeat timeout
2026-01-17 21:12:22.345 [taskScheduler-5] WARN  c.q.federated.service.FederatedCoordinatorService - Node 11 marked as inactive due to heartbeat timeout
2026-01-17 21:12:22.345 [taskScheduler-5] WARN  c.q.federated.service.FederatedCoordinatorService - Node 111 marked as inactive due to heartbeat timeout
2026-01-17 21:12:27.352 [taskScheduler-5] WARN  c.q.federated.service.FederatedCoordinatorService - Node 11 marked as inactive due to heartbeat timeout
2026-01-17 21:12:27.353 [taskScheduler-5] WARN  c.q.federated.service.FederatedCoordinatorService - Node 111 marked as inactive due to heartbeat timeout
2026-01-17 21:12:32.365 [taskScheduler-5] WARN  c.q.federated.service.FederatedCoordinatorService - Node 11 marked as inactive due to heartbeat timeout
2026-01-17 21:12:32.365 [taskScheduler-5] WARN  c.q.federated.service.FederatedCoordinatorService - Node 111 marked as inactive due to heartbeat timeout
2026-01-17 21:12:37.380 [taskScheduler-5] WARN  c.q.federated.service.FederatedCoordinatorService - Node 11 marked as inactive due to heartbeat timeout
2026-01-17 21:12:37.380 [taskScheduler-5] WARN  c.q.federated.service.FederatedCoordinatorService - Node 111 marked as inactive due to heartbeat timeout
2026-01-17 21:12:42.399 [taskScheduler-5] WARN  c.q.federated.service.FederatedCoordinatorService - Node 11 marked as inactive due to heartbeat timeout
2026-01-17 21:12:42.399 [taskScheduler-5] WARN  c.q.federated.service.FederatedCoordinatorService - Node 111 marked as inactive due to heartbeat timeout
2026-01-17 21:12:47.408 [taskScheduler-5] WARN  c.q.federated.service.FederatedCoordinatorService - Node 11 marked as inactive due to heartbeat timeout
2026-01-17 21:12:47.409 [taskScheduler-5] WARN  c.q.federated.service.FederatedCoordinatorService - Node 111 marked as inactive due to heartbeat timeout
2026-01-17 21:12:52.415 [taskScheduler-5] WARN  c.q.federated.service.FederatedCoordinatorService - Node 11 marked as inactive due to heartbeat timeout
2026-01-17 21:12:52.415 [taskScheduler-5] WARN  c.q.federated.service.FederatedCoordinatorService - Node 111 marked as inactive due to heartbeat timeout
2026-01-17 21:12:57.431 [taskScheduler-5] WARN  c.q.federated.service.FederatedCoordinatorService - Node 11 marked as inactive due to heartbeat timeout
2026-01-17 21:12:57.432 [taskScheduler-5] WARN  c.q.federated.service.FederatedCoordinatorService - Node 111 marked as inactive due to heartbeat timeout
2026-01-17 21:13:02.443 [taskScheduler-5] WARN  c.q.federated.service.FederatedCoordinatorService - Node 11 marked as inactive due to heartbeat timeout
2026-01-17 21:13:02.444 [taskScheduler-5] WARN  c.q.federated.service.FederatedCoordinatorService - Node 111 marked as inactive due to heartbeat timeout
2026-01-17 21:13:07.464 [taskScheduler-5] WARN  c.q.federated.service.FederatedCoordinatorService - Node 11 marked as inactive due to heartbeat timeout
2026-01-17 21:13:07.464 [taskScheduler-5] WARN  c.q.federated.service.FederatedCoordinatorService - Node 111 marked as inactive due to heartbeat timeout
2026-01-17 21:13:12.477 [taskScheduler-5] WARN  c.q.federated.service.FederatedCoordinatorService - Node 11 marked as inactive due to heartbeat timeout
2026-01-17 21:13:12.477 [taskScheduler-5] WARN  c.q.federated.service.FederatedCoordinatorService - Node 111 marked as inactive due to heartbeat timeout
2026-01-17 21:13:17.491 [taskScheduler-5] WARN  c.q.federated.service.FederatedCoordinatorService - Node 11 marked as inactive due to heartbeat timeout
2026-01-17 21:13:17.491 [taskScheduler-5] WARN  c.q.federated.service.FederatedCoordinatorService - Node 111 marked as inactive due to heartbeat timeout
2026-01-17 21:13:22.500 [taskScheduler-5] WARN  c.q.federated.service.FederatedCoordinatorService - Node 11 marked as inactive due to heartbeat timeout
2026-01-17 21:13:22.500 [taskScheduler-5] WARN  c.q.federated.service.FederatedCoordinatorService - Node 111 marked as inactive due to heartbeat timeout
2026-01-17 21:13:27.510 [taskScheduler-5] WARN  c.q.federated.service.FederatedCoordinatorService - Node 11 marked as inactive due to heartbeat timeout
2026-01-17 21:13:27.510 [taskScheduler-5] WARN  c.q.federated.service.FederatedCoordinatorService - Node 111 marked as inactive due to heartbeat timeout
2026-01-17 21:13:32.517 [taskScheduler-5] WARN  c.q.federated.service.FederatedCoordinatorService - Node 11 marked as inactive due to heartbeat timeout
2026-01-17 21:13:32.518 [taskScheduler-5] WARN  c.q.federated.service.FederatedCoordinatorService - Node 111 marked as inactive due to heartbeat timeout
2026-01-17 21:13:37.529 [taskScheduler-5] WARN  c.q.federated.service.FederatedCoordinatorService - Node 11 marked as inactive due to heartbeat timeout
2026-01-17 21:13:37.529 [taskScheduler-5] WARN  c.q.federated.service.FederatedCoordinatorService - Node 111 marked as inactive due to heartbeat timeout
2026-01-17 21:13:42.545 [taskScheduler-5] WARN  c.q.federated.service.FederatedCoordinatorService - Node 11 marked as inactive due to heartbeat timeout
2026-01-17 21:13:42.545 [taskScheduler-5] WARN  c.q.federated.service.FederatedCoordinatorService - Node 111 marked as inactive due to heartbeat timeout
2026-01-17 21:13:47.564 [taskScheduler-5] WARN  c.q.federated.service.FederatedCoordinatorService - Node 11 marked as inactive due to heartbeat timeout
2026-01-17 21:13:47.565 [taskScheduler-5] WARN  c.q.federated.service.FederatedCoordinatorService - Node 111 marked as inactive due to heartbeat timeout
2026-01-17 21:13:52.574 [taskScheduler-5] WARN  c.q.federated.service.FederatedCoordinatorService - Node 11 marked as inactive due to heartbeat timeout
2026-01-17 21:13:52.574 [taskScheduler-5] WARN  c.q.federated.service.FederatedCoordinatorService - Node 111 marked as inactive due to heartbeat timeout
2026-01-17 21:13:57.591 [taskScheduler-5] WARN  c.q.federated.service.FederatedCoordinatorService - Node 11 marked as inactive due to heartbeat timeout
2026-01-17 21:13:57.591 [taskScheduler-5] WARN  c.q.federated.service.FederatedCoordinatorService - Node 111 marked as inactive due to heartbeat timeout
2026-01-17 21:14:02.611 [taskScheduler-5] WARN  c.q.federated.service.FederatedCoordinatorService - Node 11 marked as inactive due to heartbeat timeout
2026-01-17 21:14:02.612 [taskScheduler-5] WARN  c.q.federated.service.FederatedCoordinatorService - Node 111 marked as inactive due to heartbeat timeout
2026-01-17 21:14:07.627 [taskScheduler-5] WARN  c.q.federated.service.FederatedCoordinatorService - Node 11 marked as inactive due to heartbeat timeout
2026-01-17 21:14:07.627 [taskScheduler-5] WARN  c.q.federated.service.FederatedCoordinatorService - Node 111 marked as inactive due to heartbeat timeout
2026-01-17 21:14:12.641 [taskScheduler-5] WARN  c.q.federated.service.FederatedCoordinatorService - Node 11 marked as inactive due to heartbeat timeout
2026-01-17 21:14:12.642 [taskScheduler-5] WARN  c.q.federated.service.FederatedCoordinatorService - Node 111 marked as inactive due to heartbeat timeout
2026-01-17 21:14:17.646 [taskScheduler-5] WARN  c.q.federated.service.FederatedCoordinatorService - Node 11 marked as inactive due to heartbeat timeout
2026-01-17 21:14:17.646 [taskScheduler-5] WARN  c.q.federated.service.FederatedCoordinatorService - Node 111 marked as inactive due to heartbeat timeout
2026-01-17 21:14:22.661 [taskScheduler-5] WARN  c.q.federated.service.FederatedCoordinatorService - Node 11 marked as inactive due to heartbeat timeout
2026-01-17 21:14:22.661 [taskScheduler-5] WARN  c.q.federated.service.FederatedCoordinatorService - Node 111 marked as inactive due to heartbeat timeout
2026-01-17 21:14:27.676 [taskScheduler-5] WARN  c.q.federated.service.FederatedCoordinatorService - Node 11 marked as inactive due to heartbeat timeout
2026-01-17 21:14:27.677 [taskScheduler-5] WARN  c.q.federated.service.FederatedCoordinatorService - Node 111 marked as inactive due to heartbeat timeout
2026-01-17 21:14:32.686 [taskScheduler-5] WARN  c.q.federated.service.FederatedCoordinatorService - Node 11 marked as inactive due to heartbeat timeout
2026-01-17 21:14:32.686 [taskScheduler-5] WARN  c.q.federated.service.FederatedCoordinatorService - Node 111 marked as inactive due to heartbeat timeout
2026-01-17 21:14:37.693 [taskScheduler-5] WARN  c.q.federated.service.FederatedCoordinatorService - Node 11 marked as inactive due to heartbeat timeout
2026-01-17 21:14:37.693 [taskScheduler-5] WARN  c.q.federated.service.FederatedCoordinatorService - Node 111 marked as inactive due to heartbeat timeout
2026-01-17 21:14:42.709 [taskScheduler-5] WARN  c.q.federated.service.FederatedCoordinatorService - Node 11 marked as inactive due to heartbeat timeout
2026-01-17 21:14:42.711 [taskScheduler-5] WARN  c.q.federated.service.FederatedCoordinatorService - Node 111 marked as inactive due to heartbeat timeout
2026-01-17 21:14:47.730 [taskScheduler-5] WARN  c.q.federated.service.FederatedCoordinatorService - Node 11 marked as inactive due to heartbeat timeout
2026-01-17 21:14:47.730 [taskScheduler-5] WARN  c.q.federated.service.FederatedCoordinatorService - Node 111 marked as inactive due to heartbeat timeout
2026-01-17 21:14:52.741 [taskScheduler-5] WARN  c.q.federated.service.FederatedCoordinatorService - Node 11 marked as inactive due to heartbeat timeout
2026-01-17 21:14:52.741 [taskScheduler-5] WARN  c.q.federated.service.FederatedCoordinatorService - Node 111 marked as inactive due to heartbeat timeout
2026-01-17 21:14:57.749 [taskScheduler-5] WARN  c.q.federated.service.FederatedCoordinatorService - Node 11 marked as inactive due to heartbeat timeout
2026-01-17 21:14:57.749 [taskScheduler-5] WARN  c.q.federated.service.FederatedCoordinatorService - Node 111 marked as inactive due to heartbeat timeout
2026-01-17 21:15:02.755 [taskScheduler-5] WARN  c.q.federated.service.FederatedCoordinatorService - Node 11 marked as inactive due to heartbeat timeout
2026-01-17 21:15:02.755 [taskScheduler-5] WARN  c.q.federated.service.FederatedCoordinatorService - Node 111 marked as inactive due to heartbeat timeout
2026-01-17 21:15:07.777 [taskScheduler-5] WARN  c.q.federated.service.FederatedCoordinatorService - Node 11 marked as inactive due to heartbeat timeout
2026-01-17 21:15:07.777 [taskScheduler-5] WARN  c.q.federated.service.FederatedCoordinatorService - Node 111 marked as inactive due to heartbeat timeout
2026-01-17 21:15:12.782 [taskScheduler-5] WARN  c.q.federated.service.FederatedCoordinatorService - Node 11 marked as inactive due to heartbeat timeout
2026-01-17 21:15:12.783 [taskScheduler-5] WARN  c.q.federated.service.FederatedCoordinatorService - Node 111 marked as inactive due to heartbeat timeout
2026-01-17 21:15:17.790 [taskScheduler-5] WARN  c.q.federated.service.FederatedCoordinatorService - Node 11 marked as inactive due to heartbeat timeout
2026-01-17 21:15:17.791 [taskScheduler-5] WARN  c.q.federated.service.FederatedCoordinatorService - Node 111 marked as inactive due to heartbeat timeout
2026-01-17 21:15:22.796 [taskScheduler-5] WARN  c.q.federated.service.FederatedCoordinatorService - Node 11 marked as inactive due to heartbeat timeout
2026-01-17 21:15:22.796 [taskScheduler-5] WARN  c.q.federated.service.FederatedCoordinatorService - Node 111 marked as inactive due to heartbeat timeout
2026-01-17 21:15:27.810 [taskScheduler-5] WARN  c.q.federated.service.FederatedCoordinatorService - Node 11 marked as inactive due to heartbeat timeout
2026-01-17 21:15:27.811 [taskScheduler-5] WARN  c.q.federated.service.FederatedCoordinatorService - Node 111 marked as inactive due to heartbeat timeout
2026-01-17 21:15:32.827 [taskScheduler-5] WARN  c.q.federated.service.FederatedCoordinatorService - Node 11 marked as inactive due to heartbeat timeout
2026-01-17 21:15:32.827 [taskScheduler-5] WARN  c.q.federated.service.FederatedCoordinatorService - Node 111 marked as inactive due to heartbeat timeout
2026-01-17 21:15:37.847 [taskScheduler-5] WARN  c.q.federated.service.FederatedCoordinatorService - Node 11 marked as inactive due to heartbeat timeout
2026-01-17 21:15:37.848 [taskScheduler-5] WARN  c.q.federated.service.FederatedCoordinatorService - Node 111 marked as inactive due to heartbeat timeout
2026-01-17 21:15:42.859 [taskScheduler-5] WARN  c.q.federated.service.FederatedCoordinatorService - Node 11 marked as inactive due to heartbeat timeout
2026-01-17 21:15:42.859 [taskScheduler-5] WARN  c.q.federated.service.FederatedCoordinatorService - Node 111 marked as inactive due to heartbeat timeout
2026-01-17 21:15:47.876 [taskScheduler-5] WARN  c.q.federated.service.FederatedCoordinatorService - Node 11 marked as inactive due to heartbeat timeout
2026-01-17 21:15:47.877 [taskScheduler-5] WARN  c.q.federated.service.FederatedCoordinatorService - Node 111 marked as inactive due to heartbeat timeout
2026-01-17 21:15:52.895 [taskScheduler-5] WARN  c.q.federated.service.FederatedCoordinatorService - Node 11 marked as inactive due to heartbeat timeout
2026-01-17 21:15:52.896 [taskScheduler-5] WARN  c.q.federated.service.FederatedCoordinatorService - Node 111 marked as inactive due to heartbeat timeout
2026-01-17 21:15:57.905 [taskScheduler-5] WARN  c.q.federated.service.FederatedCoordinatorService - Node 11 marked as inactive due to heartbeat timeout
2026-01-17 21:15:57.905 [taskScheduler-5] WARN  c.q.federated.service.FederatedCoordinatorService - Node 111 marked as inactive due to heartbeat timeout
2026-01-17 21:16:02.925 [taskScheduler-5] WARN  c.q.federated.service.FederatedCoordinatorService - Node 11 marked as inactive due to heartbeat timeout
2026-01-17 21:16:02.925 [taskScheduler-5] WARN  c.q.federated.service.FederatedCoordinatorService - Node 111 marked as inactive due to heartbeat timeout
2026-01-17 21:16:07.945 [taskScheduler-5] WARN  c.q.federated.service.FederatedCoordinatorService - Node 11 marked as inactive due to heartbeat timeout
2026-01-17 21:16:07.945 [taskScheduler-5] WARN  c.q.federated.service.FederatedCoordinatorService - Node 111 marked as inactive due to heartbeat timeout
2026-01-17 21:16:12.965 [taskScheduler-5] WARN  c.q.federated.service.FederatedCoordinatorService - Node 11 marked as inactive due to heartbeat timeout
2026-01-17 21:16:12.965 [taskScheduler-5] WARN  c.q.federated.service.FederatedCoordinatorService - Node 111 marked as inactive due to heartbeat timeout
2026-01-17 21:16:17.976 [taskScheduler-5] WARN  c.q.federated.service.FederatedCoordinatorService - Node 11 marked as inactive due to heartbeat timeout
2026-01-17 21:16:17.977 [taskScheduler-5] WARN  c.q.federated.service.FederatedCoordinatorService - Node 111 marked as inactive due to heartbeat timeout
2026-01-17 21:16:22.985 [taskScheduler-5] WARN  c.q.federated.service.FederatedCoordinatorService - Node 11 marked as inactive due to heartbeat timeout
2026-01-17 21:16:22.986 [taskScheduler-5] WARN  c.q.federated.service.FederatedCoordinatorService - Node 111 marked as inactive due to heartbeat timeout
2026-01-17 21:16:28.000 [taskScheduler-5] WARN  c.q.federated.service.FederatedCoordinatorService - Node 11 marked as inactive due to heartbeat timeout
2026-01-17 21:16:28.001 [taskScheduler-5] WARN  c.q.federated.service.FederatedCoordinatorService - Node 111 marked as inactive due to heartbeat timeout
2026-01-17 21:16:33.011 [taskScheduler-5] WARN  c.q.federated.service.FederatedCoordinatorService - Node 11 marked as inactive due to heartbeat timeout
2026-01-17 21:16:33.011 [taskScheduler-5] WARN  c.q.federated.service.FederatedCoordinatorService - Node 111 marked as inactive due to heartbeat timeout
2026-01-17 21:16:38.018 [taskScheduler-5] WARN  c.q.federated.service.FederatedCoordinatorService - Node 11 marked as inactive due to heartbeat timeout
2026-01-17 21:16:38.018 [taskScheduler-5] WARN  c.q.federated.service.FederatedCoordinatorService - Node 111 marked as inactive due to heartbeat timeout
2026-01-17 21:16:43.029 [taskScheduler-5] WARN  c.q.federated.service.FederatedCoordinatorService - Node 11 marked as inactive due to heartbeat timeout
2026-01-17 21:16:43.030 [taskScheduler-5] WARN  c.q.federated.service.FederatedCoordinatorService - Node 111 marked as inactive due to heartbeat timeout
2026-01-17 21:16:48.041 [taskScheduler-5] WARN  c.q.federated.service.FederatedCoordinatorService - Node 11 marked as inactive due to heartbeat timeout
2026-01-17 21:16:48.041 [taskScheduler-5] WARN  c.q.federated.service.FederatedCoordinatorService - Node 111 marked as inactive due to heartbeat timeout
2026-01-17 21:16:53.057 [taskScheduler-5] WARN  c.q.federated.service.FederatedCoordinatorService - Node 11 marked as inactive due to heartbeat timeout
2026-01-17 21:16:53.058 [taskScheduler-5] WARN  c.q.federated.service.FederatedCoordinatorService - Node 111 marked as inactive due to heartbeat timeout
2026-01-17 21:16:58.074 [taskScheduler-5] WARN  c.q.federated.service.FederatedCoordinatorService - Node 11 marked as inactive due to heartbeat timeout
2026-01-17 21:16:58.074 [taskScheduler-5] WARN  c.q.federated.service.FederatedCoordinatorService - Node 111 marked as inactive due to heartbeat timeout
2026-01-17 21:17:03.086 [taskScheduler-5] WARN  c.q.federated.service.FederatedCoordinatorService - Node 11 marked as inactive due to heartbeat timeout
2026-01-17 21:17:03.086 [taskScheduler-5] WARN  c.q.federated.service.FederatedCoordinatorService - Node 111 marked as inactive due to heartbeat timeout
2026-01-17 21:17:08.106 [taskScheduler-5] WARN  c.q.federated.service.FederatedCoordinatorService - Node 11 marked as inactive due to heartbeat timeout
2026-01-17 21:17:08.106 [taskScheduler-5] WARN  c.q.federated.service.FederatedCoordinatorService - Node 111 marked as inactive due to heartbeat timeout
2026-01-17 21:17:13.125 [taskScheduler-5] WARN  c.q.federated.service.FederatedCoordinatorService - Node 11 marked as inactive due to heartbeat timeout
2026-01-17 21:17:13.125 [taskScheduler-5] WARN  c.q.federated.service.FederatedCoordinatorService - Node 111 marked as inactive due to heartbeat timeout
2026-01-17 21:17:18.130 [taskScheduler-5] WARN  c.q.federated.service.FederatedCoordinatorService - Node 11 marked as inactive due to heartbeat timeout
2026-01-17 21:17:18.131 [taskScheduler-5] WARN  c.q.federated.service.FederatedCoordinatorService - Node 111 marked as inactive due to heartbeat timeout
2026-01-17 21:17:23.139 [taskScheduler-5] WARN  c.q.federated.service.FederatedCoordinatorService - Node 11 marked as inactive due to heartbeat timeout
2026-01-17 21:17:23.139 [taskScheduler-5] WARN  c.q.federated.service.FederatedCoordinatorService - Node 111 marked as inactive due to heartbeat timeout
2026-01-17 21:17:28.155 [taskScheduler-5] WARN  c.q.federated.service.FederatedCoordinatorService - Node 11 marked as inactive due to heartbeat timeout
2026-01-17 21:17:28.157 [taskScheduler-5] WARN  c.q.federated.service.FederatedCoordinatorService - Node 111 marked as inactive due to heartbeat timeout
2026-01-17 21:17:33.164 [taskScheduler-5] WARN  c.q.federated.service.FederatedCoordinatorService - Node 11 marked as inactive due to heartbeat timeout
2026-01-17 21:17:33.164 [taskScheduler-5] WARN  c.q.federated.service.FederatedCoordinatorService - Node 111 marked as inactive due to heartbeat timeout
2026-01-17 21:17:38.184 [taskScheduler-5] WARN  c.q.federated.service.FederatedCoordinatorService - Node 11 marked as inactive due to heartbeat timeout
2026-01-17 21:17:38.184 [taskScheduler-5] WARN  c.q.federated.service.FederatedCoordinatorService - Node 111 marked as inactive due to heartbeat timeout
2026-01-17 21:17:43.191 [taskScheduler-5] WARN  c.q.federated.service.FederatedCoordinatorService - Node 11 marked as inactive due to heartbeat timeout
2026-01-17 21:17:43.192 [taskScheduler-5] WARN  c.q.federated.service.FederatedCoordinatorService - Node 111 marked as inactive due to heartbeat timeout
2026-01-17 21:17:48.205 [taskScheduler-5] WARN  c.q.federated.service.FederatedCoordinatorService - Node 11 marked as inactive due to heartbeat timeout
2026-01-17 21:17:48.206 [taskScheduler-5] WARN  c.q.federated.service.FederatedCoordinatorService - Node 111 marked as inactive due to heartbeat timeout
2026-01-17 21:17:53.220 [taskScheduler-5] WARN  c.q.federated.service.FederatedCoordinatorService - Node 11 marked as inactive due to heartbeat timeout
2026-01-17 21:17:53.221 [taskScheduler-5] WARN  c.q.federated.service.FederatedCoordinatorService - Node 111 marked as inactive due to heartbeat timeout
2026-01-17 21:17:58.237 [taskScheduler-5] WARN  c.q.federated.service.FederatedCoordinatorService - Node 11 marked as inactive due to heartbeat timeout
2026-01-17 21:17:58.237 [taskScheduler-5] WARN  c.q.federated.service.FederatedCoordinatorService - Node 111 marked as inactive due to heartbeat timeout
2026-01-17 21:18:03.250 [taskScheduler-5] WARN  c.q.federated.service.FederatedCoordinatorService - Node 11 marked as inactive due to heartbeat timeout
2026-01-17 21:18:03.250 [taskScheduler-5] WARN  c.q.federated.service.FederatedCoordinatorService - Node 111 marked as inactive due to heartbeat timeout
2026-01-17 21:18:08.261 [taskScheduler-5] WARN  c.q.federated.service.FederatedCoordinatorService - Node 11 marked as inactive due to heartbeat timeout
2026-01-17 21:18:08.262 [taskScheduler-5] WARN  c.q.federated.service.FederatedCoordinatorService - Node 111 marked as inactive due to heartbeat timeout
2026-01-17 21:18:13.272 [taskScheduler-5] WARN  c.q.federated.service.FederatedCoordinatorService - Node 11 marked as inactive due to heartbeat timeout
2026-01-17 21:18:13.274 [taskScheduler-5] WARN  c.q.federated.service.FederatedCoordinatorService - Node 111 marked as inactive due to heartbeat timeout
2026-01-17 21:18:18.289 [taskScheduler-5] WARN  c.q.federated.service.FederatedCoordinatorService - Node 11 marked as inactive due to heartbeat timeout
2026-01-17 21:18:18.289 [taskScheduler-5] WARN  c.q.federated.service.FederatedCoordinatorService - Node 111 marked as inactive due to heartbeat timeout
2026-01-17 21:18:23.305 [taskScheduler-5] WARN  c.q.federated.service.FederatedCoordinatorService - Node 11 marked as inactive due to heartbeat timeout
2026-01-17 21:18:23.305 [taskScheduler-5] WARN  c.q.federated.service.FederatedCoordinatorService - Node 111 marked as inactive due to heartbeat timeout
2026-01-17 21:18:28.318 [taskScheduler-5] WARN  c.q.federated.service.FederatedCoordinatorService - Node 11 marked as inactive due to heartbeat timeout
2026-01-17 21:18:28.319 [taskScheduler-5] WARN  c.q.federated.service.FederatedCoordinatorService - Node 111 marked as inactive due to heartbeat timeout
2026-01-17 21:18:33.338 [taskScheduler-5] WARN  c.q.federated.service.FederatedCoordinatorService - Node 11 marked as inactive due to heartbeat timeout
2026-01-17 21:18:33.340 [taskScheduler-5] WARN  c.q.federated.service.FederatedCoordinatorService - Node 111 marked as inactive due to heartbeat timeout
2026-01-17 21:18:38.356 [taskScheduler-5] WARN  c.q.federated.service.FederatedCoordinatorService - Node 11 marked as inactive due to heartbeat timeout
2026-01-17 21:18:38.356 [taskScheduler-5] WARN  c.q.federated.service.FederatedCoordinatorService - Node 111 marked as inactive due to heartbeat timeout
2026-01-17 21:18:43.375 [taskScheduler-5] WARN  c.q.federated.service.FederatedCoordinatorService - Node 11 marked as inactive due to heartbeat timeout
2026-01-17 21:18:43.376 [taskScheduler-5] WARN  c.q.federated.service.FederatedCoordinatorService - Node 111 marked as inactive due to heartbeat timeout
2026-01-17 21:18:48.387 [taskScheduler-5] WARN  c.q.federated.service.FederatedCoordinatorService - Node 11 marked as inactive due to heartbeat timeout
2026-01-17 21:18:48.388 [taskScheduler-5] WARN  c.q.federated.service.FederatedCoordinatorService - Node 111 marked as inactive due to heartbeat timeout
2026-01-17 21:18:53.397 [taskScheduler-5] WARN  c.q.federated.service.FederatedCoordinatorService - Node 11 marked as inactive due to heartbeat timeout
2026-01-17 21:18:53.398 [taskScheduler-5] WARN  c.q.federated.service.FederatedCoordinatorService - Node 111 marked as inactive due to heartbeat timeout
2026-01-17 21:18:58.414 [taskScheduler-5] WARN  c.q.federated.service.FederatedCoordinatorService - Node 11 marked as inactive due to heartbeat timeout
2026-01-17 21:18:58.415 [taskScheduler-5] WARN  c.q.federated.service.FederatedCoordinatorService - Node 111 marked as inactive due to heartbeat timeout
2026-01-17 21:19:03.434 [taskScheduler-5] WARN  c.q.federated.service.FederatedCoordinatorService - Node 11 marked as inactive due to heartbeat timeout
2026-01-17 21:19:03.435 [taskScheduler-5] WARN  c.q.federated.service.FederatedCoordinatorService - Node 111 marked as inactive due to heartbeat timeout
2026-01-17 21:19:08.445 [taskScheduler-5] WARN  c.q.federated.service.FederatedCoordinatorService - Node 11 marked as inactive due to heartbeat timeout
2026-01-17 21:19:08.445 [taskScheduler-5] WARN  c.q.federated.service.FederatedCoordinatorService - Node 111 marked as inactive due to heartbeat timeout
2026-01-17 21:19:13.455 [taskScheduler-5] WARN  c.q.federated.service.FederatedCoordinatorService - Node 11 marked as inactive due to heartbeat timeout
2026-01-17 21:19:13.456 [taskScheduler-5] WARN  c.q.federated.service.FederatedCoordinatorService - Node 111 marked as inactive due to heartbeat timeout
2026-01-17 21:19:18.470 [taskScheduler-5] WARN  c.q.federated.service.FederatedCoordinatorService - Node 11 marked as inactive due to heartbeat timeout
2026-01-17 21:19:18.471 [taskScheduler-5] WARN  c.q.federated.service.FederatedCoordinatorService - Node 111 marked as inactive due to heartbeat timeout
2026-01-17 21:19:23.487 [taskScheduler-5] WARN  c.q.federated.service.FederatedCoordinatorService - Node 11 marked as inactive due to heartbeat timeout
2026-01-17 21:19:23.488 [taskScheduler-5] WARN  c.q.federated.service.FederatedCoordinatorService - Node 111 marked as inactive due to heartbeat timeout
2026-01-17 21:19:28.499 [taskScheduler-5] WARN  c.q.federated.service.FederatedCoordinatorService - Node 11 marked as inactive due to heartbeat timeout
2026-01-17 21:19:28.499 [taskScheduler-5] WARN  c.q.federated.service.FederatedCoordinatorService - Node 111 marked as inactive due to heartbeat timeout
2026-01-17 21:19:33.510 [taskScheduler-5] WARN  c.q.federated.service.FederatedCoordinatorService - Node 11 marked as inactive due to heartbeat timeout
2026-01-17 21:19:33.510 [taskScheduler-5] WARN  c.q.federated.service.FederatedCoordinatorService - Node 111 marked as inactive due to heartbeat timeout
2026-01-17 21:19:38.526 [taskScheduler-5] WARN  c.q.federated.service.FederatedCoordinatorService - Node 11 marked as inactive due to heartbeat timeout
2026-01-17 21:19:38.526 [taskScheduler-5] WARN  c.q.federated.service.FederatedCoordinatorService - Node 111 marked as inactive due to heartbeat timeout
2026-01-17 21:19:43.536 [taskScheduler-5] WARN  c.q.federated.service.FederatedCoordinatorService - Node 11 marked as inactive due to heartbeat timeout
2026-01-17 21:19:43.537 [taskScheduler-5] WARN  c.q.federated.service.FederatedCoordinatorService - Node 111 marked as inactive due to heartbeat timeout
2026-01-17 21:19:48.543 [taskScheduler-5] WARN  c.q.federated.service.FederatedCoordinatorService - Node 11 marked as inactive due to heartbeat timeout
2026-01-17 21:19:48.544 [taskScheduler-5] WARN  c.q.federated.service.FederatedCoordinatorService - Node 111 marked as inactive due to heartbeat timeout
2026-01-17 21:19:53.551 [taskScheduler-5] WARN  c.q.federated.service.FederatedCoordinatorService - Node 11 marked as inactive due to heartbeat timeout
2026-01-17 21:19:53.552 [taskScheduler-5] WARN  c.q.federated.service.FederatedCoordinatorService - Node 111 marked as inactive due to heartbeat timeout
2026-01-17 21:19:58.562 [taskScheduler-5] WARN  c.q.federated.service.FederatedCoordinatorService - Node 11 marked as inactive due to heartbeat timeout
2026-01-17 21:19:58.563 [taskScheduler-5] WARN  c.q.federated.service.FederatedCoordinatorService - Node 111 marked as inactive due to heartbeat timeout
2026-01-17 21:20:03.569 [taskScheduler-5] WARN  c.q.federated.service.FederatedCoordinatorService - Node 11 marked as inactive due to heartbeat timeout
2026-01-17 21:20:03.569 [taskScheduler-5] WARN  c.q.federated.service.FederatedCoordinatorService - Node 111 marked as inactive due to heartbeat timeout
2026-01-17 21:20:08.582 [taskScheduler-5] WARN  c.q.federated.service.FederatedCoordinatorService - Node 11 marked as inactive due to heartbeat timeout
2026-01-17 21:20:08.582 [taskScheduler-5] WARN  c.q.federated.service.FederatedCoordinatorService - Node 111 marked as inactive due to heartbeat timeout
2026-01-17 21:20:13.603 [taskScheduler-5] WARN  c.q.federated.service.FederatedCoordinatorService - Node 11 marked as inactive due to heartbeat timeout
2026-01-17 21:20:13.603 [taskScheduler-5] WARN  c.q.federated.service.FederatedCoordinatorService - Node 111 marked as inactive due to heartbeat timeout
2026-01-17 21:20:18.617 [taskScheduler-5] WARN  c.q.federated.service.FederatedCoordinatorService - Node 11 marked as inactive due to heartbeat timeout
2026-01-17 21:20:18.617 [taskScheduler-5] WARN  c.q.federated.service.FederatedCoordinatorService - Node 111 marked as inactive due to heartbeat timeout
2026-01-17 21:20:23.632 [taskScheduler-5] WARN  c.q.federated.service.FederatedCoordinatorService - Node 11 marked as inactive due to heartbeat timeout
2026-01-17 21:20:23.633 [taskScheduler-5] WARN  c.q.federated.service.FederatedCoordinatorService - Node 111 marked as inactive due to heartbeat timeout
2026-01-17 21:20:28.639 [taskScheduler-5] WARN  c.q.federated.service.FederatedCoordinatorService - Node 11 marked as inactive due to heartbeat timeout
2026-01-17 21:20:28.639 [taskScheduler-5] WARN  c.q.federated.service.FederatedCoordinatorService - Node 111 marked as inactive due to heartbeat timeout
2026-01-17 21:20:33.658 [taskScheduler-5] WARN  c.q.federated.service.FederatedCoordinatorService - Node 11 marked as inactive due to heartbeat timeout
2026-01-17 21:20:33.659 [taskScheduler-5] WARN  c.q.federated.service.FederatedCoordinatorService - Node 111 marked as inactive due to heartbeat timeout
2026-01-17 21:20:38.673 [taskScheduler-5] WARN  c.q.federated.service.FederatedCoordinatorService - Node 11 marked as inactive due to heartbeat timeout
2026-01-17 21:20:38.674 [taskScheduler-5] WARN  c.q.federated.service.FederatedCoordinatorService - Node 111 marked as inactive due to heartbeat timeout
2026-01-17 21:20:43.685 [taskScheduler-5] WARN  c.q.federated.service.FederatedCoordinatorService - Node 11 marked as inactive due to heartbeat timeout
2026-01-17 21:20:43.686 [taskScheduler-5] WARN  c.q.federated.service.FederatedCoordinatorService - Node 111 marked as inactive due to heartbeat timeout
2026-01-17 21:20:48.702 [taskScheduler-5] WARN  c.q.federated.service.FederatedCoordinatorService - Node 11 marked as inactive due to heartbeat timeout
2026-01-17 21:20:48.703 [taskScheduler-5] WARN  c.q.federated.service.FederatedCoordinatorService - Node 111 marked as inactive due to heartbeat timeout
2026-01-17 21:20:53.718 [taskScheduler-5] WARN  c.q.federated.service.FederatedCoordinatorService - Node 11 marked as inactive due to heartbeat timeout
2026-01-17 21:20:53.719 [taskScheduler-5] WARN  c.q.federated.service.FederatedCoordinatorService - Node 111 marked as inactive due to heartbeat timeout
2026-01-17 21:20:58.731 [taskScheduler-5] WARN  c.q.federated.service.FederatedCoordinatorService - Node 11 marked as inactive due to heartbeat timeout
2026-01-17 21:20:58.732 [taskScheduler-5] WARN  c.q.federated.service.FederatedCoordinatorService - Node 111 marked as inactive due to heartbeat timeout
2026-01-17 21:21:03.741 [taskScheduler-5] WARN  c.q.federated.service.FederatedCoordinatorService - Node 11 marked as inactive due to heartbeat timeout
2026-01-17 21:21:03.742 [taskScheduler-5] WARN  c.q.federated.service.FederatedCoordinatorService - Node 111 marked as inactive due to heartbeat timeout
2026-01-17 21:21:08.751 [taskScheduler-5] WARN  c.q.federated.service.FederatedCoordinatorService - Node 11 marked as inactive due to heartbeat timeout
2026-01-17 21:21:08.752 [taskScheduler-5] WARN  c.q.federated.service.FederatedCoordinatorService - Node 111 marked as inactive due to heartbeat timeout
2026-01-17 21:21:13.761 [taskScheduler-5] WARN  c.q.federated.service.FederatedCoordinatorService - Node 11 marked as inactive due to heartbeat timeout
2026-01-17 21:21:13.761 [taskScheduler-5] WARN  c.q.federated.service.FederatedCoordinatorService - Node 111 marked as inactive due to heartbeat timeout
2026-01-17 21:21:18.767 [taskScheduler-5] WARN  c.q.federated.service.FederatedCoordinatorService - Node 11 marked as inactive due to heartbeat timeout
2026-01-17 21:21:18.767 [taskScheduler-5] WARN  c.q.federated.service.FederatedCoordinatorService - Node 111 marked as inactive due to heartbeat timeout
2026-01-17 21:21:23.784 [taskScheduler-5] WARN  c.q.federated.service.FederatedCoordinatorService - Node 11 marked as inactive due to heartbeat timeout
2026-01-17 21:21:23.785 [taskScheduler-5] WARN  c.q.federated.service.FederatedCoordinatorService - Node 111 marked as inactive due to heartbeat timeout
2026-01-17 21:21:28.801 [taskScheduler-5] WARN  c.q.federated.service.FederatedCoordinatorService - Node 11 marked as inactive due to heartbeat timeout
2026-01-17 21:21:28.802 [taskScheduler-5] WARN  c.q.federated.service.FederatedCoordinatorService - Node 111 marked as inactive due to heartbeat timeout
2026-01-17 21:21:33.818 [taskScheduler-5] WARN  c.q.federated.service.FederatedCoordinatorService - Node 11 marked as inactive due to heartbeat timeout
2026-01-17 21:21:33.818 [taskScheduler-5] WARN  c.q.federated.service.FederatedCoordinatorService - Node 111 marked as inactive due to heartbeat timeout
2026-01-17 21:21:38.826 [taskScheduler-5] WARN  c.q.federated.service.FederatedCoordinatorService - Node 11 marked as inactive due to heartbeat timeout
2026-01-17 21:21:38.826 [taskScheduler-5] WARN  c.q.federated.service.FederatedCoordinatorService - Node 111 marked as inactive due to heartbeat timeout
2026-01-17 21:21:43.832 [taskScheduler-5] WARN  c.q.federated.service.FederatedCoordinatorService - Node 11 marked as inactive due to heartbeat timeout
2026-01-17 21:21:43.833 [taskScheduler-5] WARN  c.q.federated.service.FederatedCoordinatorService - Node 111 marked as inactive due to heartbeat timeout
2026-01-17 21:21:48.851 [taskScheduler-5] WARN  c.q.federated.service.FederatedCoordinatorService - Node 11 marked as inactive due to heartbeat timeout
2026-01-17 21:21:48.851 [taskScheduler-5] WARN  c.q.federated.service.FederatedCoordinatorService - Node 111 marked as inactive due to heartbeat timeout
2026-01-17 21:21:53.857 [taskScheduler-5] WARN  c.q.federated.service.FederatedCoordinatorService - Node 11 marked as inactive due to heartbeat timeout
2026-01-17 21:21:53.858 [taskScheduler-5] WARN  c.q.federated.service.FederatedCoordinatorService - Node 111 marked as inactive due to heartbeat timeout
2026-01-17 21:21:58.865 [taskScheduler-5] WARN  c.q.federated.service.FederatedCoordinatorService - Node 11 marked as inactive due to heartbeat timeout
2026-01-17 21:21:58.866 [taskScheduler-5] WARN  c.q.federated.service.FederatedCoordinatorService - Node 111 marked as inactive due to heartbeat timeout
2026-01-17 21:22:03.876 [taskScheduler-5] WARN  c.q.federated.service.FederatedCoordinatorService - Node 11 marked as inactive due to heartbeat timeout
2026-01-17 21:22:03.878 [taskScheduler-5] WARN  c.q.federated.service.FederatedCoordinatorService - Node 111 marked as inactive due to heartbeat timeout
2026-01-17 21:22:08.890 [taskScheduler-5] WARN  c.q.federated.service.FederatedCoordinatorService - Node 11 marked as inactive due to heartbeat timeout
2026-01-17 21:22:08.891 [taskScheduler-5] WARN  c.q.federated.service.FederatedCoordinatorService - Node 111 marked as inactive due to heartbeat timeout
2026-01-17 21:22:13.900 [taskScheduler-5] WARN  c.q.federated.service.FederatedCoordinatorService - Node 11 marked as inactive due to heartbeat timeout
2026-01-17 21:22:13.901 [taskScheduler-5] WARN  c.q.federated.service.FederatedCoordinatorService - Node 111 marked as inactive due to heartbeat timeout
2026-01-17 21:22:18.907 [taskScheduler-5] WARN  c.q.federated.service.FederatedCoordinatorService - Node 11 marked as inactive due to heartbeat timeout
2026-01-17 21:22:18.907 [taskScheduler-5] WARN  c.q.federated.service.FederatedCoordinatorService - Node 111 marked as inactive due to heartbeat timeout
2026-01-17 21:22:23.916 [taskScheduler-5] WARN  c.q.federated.service.FederatedCoordinatorService - Node 11 marked as inactive due to heartbeat timeout
2026-01-17 21:22:23.916 [taskScheduler-5] WARN  c.q.federated.service.FederatedCoordinatorService - Node 111 marked as inactive due to heartbeat timeout
2026-01-17 21:22:28.933 [taskScheduler-5] WARN  c.q.federated.service.FederatedCoordinatorService - Node 11 marked as inactive due to heartbeat timeout
2026-01-17 21:22:28.933 [taskScheduler-5] WARN  c.q.federated.service.FederatedCoordinatorService - Node 111 marked as inactive due to heartbeat timeout
2026-01-17 21:22:33.949 [taskScheduler-5] WARN  c.q.federated.service.FederatedCoordinatorService - Node 11 marked as inactive due to heartbeat timeout
2026-01-17 21:22:33.949 [taskScheduler-5] WARN  c.q.federated.service.FederatedCoordinatorService - Node 111 marked as inactive due to heartbeat timeout
2026-01-17 21:22:38.964 [taskScheduler-5] WARN  c.q.federated.service.FederatedCoordinatorService - Node 11 marked as inactive due to heartbeat timeout
2026-01-17 21:22:38.965 [taskScheduler-5] WARN  c.q.federated.service.FederatedCoordinatorService - Node 111 marked as inactive due to heartbeat timeout
2026-01-17 21:22:43.974 [taskScheduler-5] WARN  c.q.federated.service.FederatedCoordinatorService - Node 11 marked as inactive due to heartbeat timeout
2026-01-17 21:22:43.975 [taskScheduler-5] WARN  c.q.federated.service.FederatedCoordinatorService - Node 111 marked as inactive due to heartbeat timeout
2026-01-17 21:22:48.982 [taskScheduler-5] WARN  c.q.federated.service.FederatedCoordinatorService - Node 11 marked as inactive due to heartbeat timeout
2026-01-17 21:22:48.982 [taskScheduler-5] WARN  c.q.federated.service.FederatedCoordinatorService - Node 111 marked as inactive due to heartbeat timeout
2026-01-17 21:22:53.998 [taskScheduler-5] WARN  c.q.federated.service.FederatedCoordinatorService - Node 11 marked as inactive due to heartbeat timeout
2026-01-17 21:22:53.999 [taskScheduler-5] WARN  c.q.federated.service.FederatedCoordinatorService - Node 111 marked as inactive due to heartbeat timeout
2026-01-17 21:22:59.014 [taskScheduler-5] WARN  c.q.federated.service.FederatedCoordinatorService - Node 11 marked as inactive due to heartbeat timeout
2026-01-17 21:22:59.015 [taskScheduler-5] WARN  c.q.federated.service.FederatedCoordinatorService - Node 111 marked as inactive due to heartbeat timeout
2026-01-17 21:23:04.029 [taskScheduler-5] WARN  c.q.federated.service.FederatedCoordinatorService - Node 11 marked as inactive due to heartbeat timeout
2026-01-17 21:23:04.030 [taskScheduler-5] WARN  c.q.federated.service.FederatedCoordinatorService - Node 111 marked as inactive due to heartbeat timeout
2026-01-17 21:23:09.050 [taskScheduler-5] WARN  c.q.federated.service.FederatedCoordinatorService - Node 11 marked as inactive due to heartbeat timeout
2026-01-17 21:23:09.050 [taskScheduler-5] WARN  c.q.federated.service.FederatedCoordinatorService - Node 111 marked as inactive due to heartbeat timeout
2026-01-17 21:23:14.061 [taskScheduler-5] WARN  c.q.federated.service.FederatedCoordinatorService - Node 11 marked as inactive due to heartbeat timeout
2026-01-17 21:23:14.061 [taskScheduler-5] WARN  c.q.federated.service.FederatedCoordinatorService - Node 111 marked as inactive due to heartbeat timeout
2026-01-17 21:23:19.076 [taskScheduler-5] WARN  c.q.federated.service.FederatedCoordinatorService - Node 11 marked as inactive due to heartbeat timeout
2026-01-17 21:23:19.078 [taskScheduler-5] WARN  c.q.federated.service.FederatedCoordinatorService - Node 111 marked as inactive due to heartbeat timeout
2026-01-17 21:23:24.082 [taskScheduler-5] WARN  c.q.federated.service.FederatedCoordinatorService - Node 11 marked as inactive due to heartbeat timeout
2026-01-17 21:23:24.082 [taskScheduler-5] WARN  c.q.federated.service.FederatedCoordinatorService - Node 111 marked as inactive due to heartbeat timeout
2026-01-17 21:23:29.096 [taskScheduler-5] WARN  c.q.federated.service.FederatedCoordinatorService - Node 11 marked as inactive due to heartbeat timeout
2026-01-17 21:23:29.097 [taskScheduler-5] WARN  c.q.federated.service.FederatedCoordinatorService - Node 111 marked as inactive due to heartbeat timeout
2026-01-17 21:23:34.108 [taskScheduler-5] WARN  c.q.federated.service.FederatedCoordinatorService - Node 11 marked as inactive due to heartbeat timeout
2026-01-17 21:23:34.108 [taskScheduler-5] WARN  c.q.federated.service.FederatedCoordinatorService - Node 111 marked as inactive due to heartbeat timeout
2026-01-17 21:23:39.128 [taskScheduler-5] WARN  c.q.federated.service.FederatedCoordinatorService - Node 11 marked as inactive due to heartbeat timeout
2026-01-17 21:23:39.129 [taskScheduler-5] WARN  c.q.federated.service.FederatedCoordinatorService - Node 111 marked as inactive due to heartbeat timeout
2026-01-17 21:23:44.139 [taskScheduler-5] WARN  c.q.federated.service.FederatedCoordinatorService - Node 11 marked as inactive due to heartbeat timeout
2026-01-17 21:23:44.139 [taskScheduler-5] WARN  c.q.federated.service.FederatedCoordinatorService - Node 111 marked as inactive due to heartbeat timeout
2026-01-17 21:23:49.149 [taskScheduler-5] WARN  c.q.federated.service.FederatedCoordinatorService - Node 11 marked as inactive due to heartbeat timeout
2026-01-17 21:23:49.149 [taskScheduler-5] WARN  c.q.federated.service.FederatedCoordinatorService - Node 111 marked as inactive due to heartbeat timeout
2026-01-17 21:23:54.162 [taskScheduler-5] WARN  c.q.federated.service.FederatedCoordinatorService - Node 11 marked as inactive due to heartbeat timeout
2026-01-17 21:23:54.162 [taskScheduler-5] WARN  c.q.federated.service.FederatedCoordinatorService - Node 111 marked as inactive due to heartbeat timeout
2026-01-17 21:23:59.180 [taskScheduler-5] WARN  c.q.federated.service.FederatedCoordinatorService - Node 11 marked as inactive due to heartbeat timeout
2026-01-17 21:23:59.181 [taskScheduler-5] WARN  c.q.federated.service.FederatedCoordinatorService - Node 111 marked as inactive due to heartbeat timeout
2026-01-17 21:24:04.198 [taskScheduler-5] WARN  c.q.federated.service.FederatedCoordinatorService - Node 11 marked as inactive due to heartbeat timeout
2026-01-17 21:24:04.199 [taskScheduler-5] WARN  c.q.federated.service.FederatedCoordinatorService - Node 111 marked as inactive due to heartbeat timeout
2026-01-17 21:24:09.208 [taskScheduler-5] WARN  c.q.federated.service.FederatedCoordinatorService - Node 11 marked as inactive due to heartbeat timeout
2026-01-17 21:24:09.209 [taskScheduler-5] WARN  c.q.federated.service.FederatedCoordinatorService - Node 111 marked as inactive due to heartbeat timeout
2026-01-17 21:24:14.230 [taskScheduler-5] WARN  c.q.federated.service.FederatedCoordinatorService - Node 11 marked as inactive due to heartbeat timeout
2026-01-17 21:24:14.230 [taskScheduler-5] WARN  c.q.federated.service.FederatedCoordinatorService - Node 111 marked as inactive due to heartbeat timeout
2026-01-17 21:24:19.245 [taskScheduler-5] WARN  c.q.federated.service.FederatedCoordinatorService - Node 11 marked as inactive due to heartbeat timeout
2026-01-17 21:24:19.245 [taskScheduler-5] WARN  c.q.federated.service.FederatedCoordinatorService - Node 111 marked as inactive due to heartbeat timeout
2026-01-17 21:24:24.262 [taskScheduler-5] WARN  c.q.federated.service.FederatedCoordinatorService - Node 11 marked as inactive due to heartbeat timeout
2026-01-17 21:24:24.263 [taskScheduler-5] WARN  c.q.federated.service.FederatedCoordinatorService - Node 111 marked as inactive due to heartbeat timeout
2026-01-17 21:24:29.280 [taskScheduler-5] WARN  c.q.federated.service.FederatedCoordinatorService - Node 11 marked as inactive due to heartbeat timeout
2026-01-17 21:24:29.280 [taskScheduler-5] WARN  c.q.federated.service.FederatedCoordinatorService - Node 111 marked as inactive due to heartbeat timeout
2026-01-17 21:24:34.296 [taskScheduler-5] WARN  c.q.federated.service.FederatedCoordinatorService - Node 11 marked as inactive due to heartbeat timeout
2026-01-17 21:24:34.297 [taskScheduler-5] WARN  c.q.federated.service.FederatedCoordinatorService - Node 111 marked as inactive due to heartbeat timeout
2026-01-17 21:24:39.312 [taskScheduler-5] WARN  c.q.federated.service.FederatedCoordinatorService - Node 11 marked as inactive due to heartbeat timeout
2026-01-17 21:24:39.314 [taskScheduler-5] WARN  c.q.federated.service.FederatedCoordinatorService - Node 111 marked as inactive due to heartbeat timeout
2026-01-17 21:24:44.327 [taskScheduler-5] WARN  c.q.federated.service.FederatedCoordinatorService - Node 11 marked as inactive due to heartbeat timeout
2026-01-17 21:24:44.328 [taskScheduler-5] WARN  c.q.federated.service.FederatedCoordinatorService - Node 111 marked as inactive due to heartbeat timeout
2026-01-17 21:24:49.336 [taskScheduler-5] WARN  c.q.federated.service.FederatedCoordinatorService - Node 11 marked as inactive due to heartbeat timeout
2026-01-17 21:24:49.337 [taskScheduler-5] WARN  c.q.federated.service.FederatedCoordinatorService - Node 111 marked as inactive due to heartbeat timeout
2026-01-17 21:24:54.344 [taskScheduler-5] WARN  c.q.federated.service.FederatedCoordinatorService - Node 11 marked as inactive due to heartbeat timeout
2026-01-17 21:24:54.345 [taskScheduler-5] WARN  c.q.federated.service.FederatedCoordinatorService - Node 111 marked as inactive due to heartbeat timeout
2026-01-17 21:24:59.359 [taskScheduler-5] WARN  c.q.federated.service.FederatedCoordinatorService - Node 11 marked as inactive due to heartbeat timeout
2026-01-17 21:24:59.359 [taskScheduler-5] WARN  c.q.federated.service.FederatedCoordinatorService - Node 111 marked as inactive due to heartbeat timeout
2026-01-17 21:25:04.365 [taskScheduler-5] WARN  c.q.federated.service.FederatedCoordinatorService - Node 11 marked as inactive due to heartbeat timeout
2026-01-17 21:25:04.366 [taskScheduler-5] WARN  c.q.federated.service.FederatedCoordinatorService - Node 111 marked as inactive due to heartbeat timeout
2026-01-17 21:25:09.377 [taskScheduler-5] WARN  c.q.federated.service.FederatedCoordinatorService - Node 11 marked as inactive due to heartbeat timeout
2026-01-17 21:25:09.378 [taskScheduler-5] WARN  c.q.federated.service.FederatedCoordinatorService - Node 111 marked as inactive due to heartbeat timeout
2026-01-17 21:25:14.386 [taskScheduler-5] WARN  c.q.federated.service.FederatedCoordinatorService - Node 11 marked as inactive due to heartbeat timeout
2026-01-17 21:25:14.387 [taskScheduler-5] WARN  c.q.federated.service.FederatedCoordinatorService - Node 111 marked as inactive due to heartbeat timeout
2026-01-17 21:25:19.404 [taskScheduler-5] WARN  c.q.federated.service.FederatedCoordinatorService - Node 11 marked as inactive due to heartbeat timeout
2026-01-17 21:25:19.404 [taskScheduler-5] WARN  c.q.federated.service.FederatedCoordinatorService - Node 111 marked as inactive due to heartbeat timeout
2026-01-17 21:25:24.412 [taskScheduler-5] WARN  c.q.federated.service.FederatedCoordinatorService - Node 11 marked as inactive due to heartbeat timeout
2026-01-17 21:25:24.412 [taskScheduler-5] WARN  c.q.federated.service.FederatedCoordinatorService - Node 111 marked as inactive due to heartbeat timeout
2026-01-17 21:25:29.432 [taskScheduler-5] WARN  c.q.federated.service.FederatedCoordinatorService - Node 11 marked as inactive due to heartbeat timeout
2026-01-17 21:25:29.433 [taskScheduler-5] WARN  c.q.federated.service.FederatedCoordinatorService - Node 111 marked as inactive due to heartbeat timeout
2026-01-17 21:25:34.452 [taskScheduler-5] WARN  c.q.federated.service.FederatedCoordinatorService - Node 11 marked as inactive due to heartbeat timeout
2026-01-17 21:25:34.452 [taskScheduler-5] WARN  c.q.federated.service.FederatedCoordinatorService - Node 111 marked as inactive due to heartbeat timeout
2026-01-17 21:25:39.462 [taskScheduler-5] WARN  c.q.federated.service.FederatedCoordinatorService - Node 11 marked as inactive due to heartbeat timeout
2026-01-17 21:25:39.462 [taskScheduler-5] WARN  c.q.federated.service.FederatedCoordinatorService - Node 111 marked as inactive due to heartbeat timeout
2026-01-17 21:25:44.477 [taskScheduler-5] WARN  c.q.federated.service.FederatedCoordinatorService - Node 11 marked as inactive due to heartbeat timeout
2026-01-17 21:25:44.477 [taskScheduler-5] WARN  c.q.federated.service.FederatedCoordinatorService - Node 111 marked as inactive due to heartbeat timeout
2026-01-17 21:25:49.495 [taskScheduler-5] WARN  c.q.federated.service.FederatedCoordinatorService - Node 11 marked as inactive due to heartbeat timeout
2026-01-17 21:25:49.495 [taskScheduler-5] WARN  c.q.federated.service.FederatedCoordinatorService - Node 111 marked as inactive due to heartbeat timeout
2026-01-17 21:25:54.499 [taskScheduler-5] WARN  c.q.federated.service.FederatedCoordinatorService - Node 11 marked as inactive due to heartbeat timeout
2026-01-17 21:25:54.500 [taskScheduler-5] WARN  c.q.federated.service.FederatedCoordinatorService - Node 111 marked as inactive due to heartbeat timeout
2026-01-17 21:25:59.510 [taskScheduler-5] WARN  c.q.federated.service.FederatedCoordinatorService - Node 11 marked as inactive due to heartbeat timeout
2026-01-17 21:25:59.510 [taskScheduler-5] WARN  c.q.federated.service.FederatedCoordinatorService - Node 111 marked as inactive due to heartbeat timeout
2026-01-17 21:26:04.527 [taskScheduler-5] WARN  c.q.federated.service.FederatedCoordinatorService - Node 11 marked as inactive due to heartbeat timeout
2026-01-17 21:26:04.527 [taskScheduler-5] WARN  c.q.federated.service.FederatedCoordinatorService - Node 111 marked as inactive due to heartbeat timeout
2026-01-17 21:26:09.532 [taskScheduler-5] WARN  c.q.federated.service.FederatedCoordinatorService - Node 11 marked as inactive due to heartbeat timeout
2026-01-17 21:26:09.532 [taskScheduler-5] WARN  c.q.federated.service.FederatedCoordinatorService - Node 111 marked as inactive due to heartbeat timeout
2026-01-17 21:26:14.553 [taskScheduler-5] WARN  c.q.federated.service.FederatedCoordinatorService - Node 11 marked as inactive due to heartbeat timeout
2026-01-17 21:26:14.553 [taskScheduler-5] WARN  c.q.federated.service.FederatedCoordinatorService - Node 111 marked as inactive due to heartbeat timeout
2026-01-17 21:26:19.559 [taskScheduler-5] WARN  c.q.federated.service.FederatedCoordinatorService - Node 11 marked as inactive due to heartbeat timeout
2026-01-17 21:26:19.560 [taskScheduler-5] WARN  c.q.federated.service.FederatedCoordinatorService - Node 111 marked as inactive due to heartbeat timeout
2026-01-17 21:26:24.580 [taskScheduler-5] WARN  c.q.federated.service.FederatedCoordinatorService - Node 11 marked as inactive due to heartbeat timeout
2026-01-17 21:26:24.580 [taskScheduler-5] WARN  c.q.federated.service.FederatedCoordinatorService - Node 111 marked as inactive due to heartbeat timeout
2026-01-17 21:26:29.588 [taskScheduler-5] WARN  c.q.federated.service.FederatedCoordinatorService - Node 11 marked as inactive due to heartbeat timeout
2026-01-17 21:26:29.588 [taskScheduler-5] WARN  c.q.federated.service.FederatedCoordinatorService - Node 111 marked as inactive due to heartbeat timeout
2026-01-17 21:26:34.595 [taskScheduler-5] WARN  c.q.federated.service.FederatedCoordinatorService - Node 11 marked as inactive due to heartbeat timeout
2026-01-17 21:26:34.595 [taskScheduler-5] WARN  c.q.federated.service.FederatedCoordinatorService - Node 111 marked as inactive due to heartbeat timeout
2026-01-17 21:26:39.605 [taskScheduler-5] WARN  c.q.federated.service.FederatedCoordinatorService - Node 11 marked as inactive due to heartbeat timeout
2026-01-17 21:26:39.605 [taskScheduler-5] WARN  c.q.federated.service.FederatedCoordinatorService - Node 111 marked as inactive due to heartbeat timeout
2026-01-17 21:26:44.620 [taskScheduler-5] WARN  c.q.federated.service.FederatedCoordinatorService - Node 11 marked as inactive due to heartbeat timeout
2026-01-17 21:26:44.621 [taskScheduler-5] WARN  c.q.federated.service.FederatedCoordinatorService - Node 111 marked as inactive due to heartbeat timeout
2026-01-17 21:26:49.626 [taskScheduler-5] WARN  c.q.federated.service.FederatedCoordinatorService - Node 11 marked as inactive due to heartbeat timeout
2026-01-17 21:26:49.626 [taskScheduler-5] WARN  c.q.federated.service.FederatedCoordinatorService - Node 111 marked as inactive due to heartbeat timeout
2026-01-17 21:26:54.637 [taskScheduler-5] WARN  c.q.federated.service.FederatedCoordinatorService - Node 11 marked as inactive due to heartbeat timeout
2026-01-17 21:26:54.637 [taskScheduler-5] WARN  c.q.federated.service.FederatedCoordinatorService - Node 111 marked as inactive due to heartbeat timeout
2026-01-17 21:26:59.644 [taskScheduler-5] WARN  c.q.federated.service.FederatedCoordinatorService - Node 11 marked as inactive due to heartbeat timeout
2026-01-17 21:26:59.645 [taskScheduler-5] WARN  c.q.federated.service.FederatedCoordinatorService - Node 111 marked as inactive due to heartbeat timeout
2026-01-17 21:27:04.659 [taskScheduler-5] WARN  c.q.federated.service.FederatedCoordinatorService - Node 11 marked as inactive due to heartbeat timeout
2026-01-17 21:27:04.660 [taskScheduler-5] WARN  c.q.federated.service.FederatedCoordinatorService - Node 111 marked as inactive due to heartbeat timeout
2026-01-17 21:27:09.675 [taskScheduler-5] WARN  c.q.federated.service.FederatedCoordinatorService - Node 11 marked as inactive due to heartbeat timeout
2026-01-17 21:27:09.677 [taskScheduler-5] WARN  c.q.federated.service.FederatedCoordinatorService - Node 111 marked as inactive due to heartbeat timeout
2026-01-17 21:27:14.691 [taskScheduler-5] WARN  c.q.federated.service.FederatedCoordinatorService - Node 11 marked as inactive due to heartbeat timeout
2026-01-17 21:27:14.691 [taskScheduler-5] WARN  c.q.federated.service.FederatedCoordinatorService - Node 111 marked as inactive due to heartbeat timeout
2026-01-17 21:27:19.703 [taskScheduler-5] WARN  c.q.federated.service.FederatedCoordinatorService - Node 11 marked as inactive due to heartbeat timeout
2026-01-17 21:27:19.703 [taskScheduler-5] WARN  c.q.federated.service.FederatedCoordinatorService - Node 111 marked as inactive due to heartbeat timeout
2026-01-17 21:27:24.708 [taskScheduler-5] WARN  c.q.federated.service.FederatedCoordinatorService - Node 11 marked as inactive due to heartbeat timeout
2026-01-17 21:27:24.709 [taskScheduler-5] WARN  c.q.federated.service.FederatedCoordinatorService - Node 111 marked as inactive due to heartbeat timeout
2026-01-17 21:27:29.725 [taskScheduler-5] WARN  c.q.federated.service.FederatedCoordinatorService - Node 11 marked as inactive due to heartbeat timeout
2026-01-17 21:27:29.725 [taskScheduler-5] WARN  c.q.federated.service.FederatedCoordinatorService - Node 111 marked as inactive due to heartbeat timeout
2026-01-17 21:27:34.735 [taskScheduler-5] WARN  c.q.federated.service.FederatedCoordinatorService - Node 11 marked as inactive due to heartbeat timeout
2026-01-17 21:27:34.735 [taskScheduler-5] WARN  c.q.federated.service.FederatedCoordinatorService - Node 111 marked as inactive due to heartbeat timeout
2026-01-17 21:27:39.743 [taskScheduler-5] WARN  c.q.federated.service.FederatedCoordinatorService - Node 11 marked as inactive due to heartbeat timeout
2026-01-17 21:27:39.744 [taskScheduler-5] WARN  c.q.federated.service.FederatedCoordinatorService - Node 111 marked as inactive due to heartbeat timeout
2026-01-17 21:27:44.752 [taskScheduler-5] WARN  c.q.federated.service.FederatedCoordinatorService - Node 11 marked as inactive due to heartbeat timeout
2026-01-17 21:27:44.752 [taskScheduler-5] WARN  c.q.federated.service.FederatedCoordinatorService - Node 111 marked as inactive due to heartbeat timeout
2026-01-17 21:27:49.765 [taskScheduler-5] WARN  c.q.federated.service.FederatedCoordinatorService - Node 11 marked as inactive due to heartbeat timeout
2026-01-17 21:27:49.766 [taskScheduler-5] WARN  c.q.federated.service.FederatedCoordinatorService - Node 111 marked as inactive due to heartbeat timeout
2026-01-17 21:27:54.774 [taskScheduler-5] WARN  c.q.federated.service.FederatedCoordinatorService - Node 11 marked as inactive due to heartbeat timeout
2026-01-17 21:27:54.774 [taskScheduler-5] WARN  c.q.federated.service.FederatedCoordinatorService - Node 111 marked as inactive due to heartbeat timeout
2026-01-17 21:27:59.783 [taskScheduler-5] WARN  c.q.federated.service.FederatedCoordinatorService - Node 11 marked as inactive due to heartbeat timeout
2026-01-17 21:27:59.784 [taskScheduler-5] WARN  c.q.federated.service.FederatedCoordinatorService - Node 111 marked as inactive due to heartbeat timeout
2026-01-17 21:28:04.793 [taskScheduler-5] WARN  c.q.federated.service.FederatedCoordinatorService - Node 11 marked as inactive due to heartbeat timeout
2026-01-17 21:28:04.793 [taskScheduler-5] WARN  c.q.federated.service.FederatedCoordinatorService - Node 111 marked as inactive due to heartbeat timeout
2026-01-17 21:28:09.805 [taskScheduler-5] WARN  c.q.federated.service.FederatedCoordinatorService - Node 11 marked as inactive due to heartbeat timeout
2026-01-17 21:28:09.806 [taskScheduler-5] WARN  c.q.federated.service.FederatedCoordinatorService - Node 111 marked as inactive due to heartbeat timeout
2026-01-17 21:28:14.823 [taskScheduler-5] WARN  c.q.federated.service.FederatedCoordinatorService - Node 11 marked as inactive due to heartbeat timeout
2026-01-17 21:28:14.824 [taskScheduler-5] WARN  c.q.federated.service.FederatedCoordinatorService - Node 111 marked as inactive due to heartbeat timeout
2026-01-17 21:28:19.838 [taskScheduler-5] WARN  c.q.federated.service.FederatedCoordinatorService - Node 11 marked as inactive due to heartbeat timeout
2026-01-17 21:28:19.838 [taskScheduler-5] WARN  c.q.federated.service.FederatedCoordinatorService - Node 111 marked as inactive due to heartbeat timeout
2026-01-17 21:28:24.850 [taskScheduler-5] WARN  c.q.federated.service.FederatedCoordinatorService - Node 11 marked as inactive due to heartbeat timeout
2026-01-17 21:28:24.851 [taskScheduler-5] WARN  c.q.federated.service.FederatedCoordinatorService - Node 111 marked as inactive due to heartbeat timeout
2026-01-17 21:28:29.865 [taskScheduler-5] WARN  c.q.federated.service.FederatedCoordinatorService - Node 11 marked as inactive due to heartbeat timeout
2026-01-17 21:28:29.865 [taskScheduler-5] WARN  c.q.federated.service.FederatedCoordinatorService - Node 111 marked as inactive due to heartbeat timeout
2026-01-17 21:28:34.873 [taskScheduler-5] WARN  c.q.federated.service.FederatedCoordinatorService - Node 11 marked as inactive due to heartbeat timeout
2026-01-17 21:28:34.874 [taskScheduler-5] WARN  c.q.federated.service.FederatedCoordinatorService - Node 111 marked as inactive due to heartbeat timeout
2026-01-17 21:28:39.881 [taskScheduler-5] WARN  c.q.federated.service.FederatedCoordinatorService - Node 11 marked as inactive due to heartbeat timeout
2026-01-17 21:28:39.881 [taskScheduler-5] WARN  c.q.federated.service.FederatedCoordinatorService - Node 111 marked as inactive due to heartbeat timeout
2026-01-17 21:28:44.891 [taskScheduler-5] WARN  c.q.federated.service.FederatedCoordinatorService - Node 11 marked as inactive due to heartbeat timeout
2026-01-17 21:28:44.891 [taskScheduler-5] WARN  c.q.federated.service.FederatedCoordinatorService - Node 111 marked as inactive due to heartbeat timeout
2026-01-17 21:28:49.903 [taskScheduler-5] WARN  c.q.federated.service.FederatedCoordinatorService - Node 11 marked as inactive due to heartbeat timeout
2026-01-17 21:28:49.904 [taskScheduler-5] WARN  c.q.federated.service.FederatedCoordinatorService - Node 111 marked as inactive due to heartbeat timeout
2026-01-17 21:28:54.923 [taskScheduler-5] WARN  c.q.federated.service.FederatedCoordinatorService - Node 11 marked as inactive due to heartbeat timeout
2026-01-17 21:28:54.923 [taskScheduler-5] WARN  c.q.federated.service.FederatedCoordinatorService - Node 111 marked as inactive due to heartbeat timeout
2026-01-17 21:28:59.941 [taskScheduler-5] WARN  c.q.federated.service.FederatedCoordinatorService - Node 11 marked as inactive due to heartbeat timeout
2026-01-17 21:28:59.941 [taskScheduler-5] WARN  c.q.federated.service.FederatedCoordinatorService - Node 111 marked as inactive due to heartbeat timeout
2026-01-17 21:29:04.960 [taskScheduler-5] WARN  c.q.federated.service.FederatedCoordinatorService - Node 11 marked as inactive due to heartbeat timeout
2026-01-17 21:29:04.961 [taskScheduler-5] WARN  c.q.federated.service.FederatedCoordinatorService - Node 111 marked as inactive due to heartbeat timeout
2026-01-17 21:29:09.970 [taskScheduler-5] WARN  c.q.federated.service.FederatedCoordinatorService - Node 11 marked as inactive due to heartbeat timeout
2026-01-17 21:29:09.970 [taskScheduler-5] WARN  c.q.federated.service.FederatedCoordinatorService - Node 111 marked as inactive due to heartbeat timeout
2026-01-17 21:29:14.985 [taskScheduler-5] WARN  c.q.federated.service.FederatedCoordinatorService - Node 11 marked as inactive due to heartbeat timeout
2026-01-17 21:29:14.986 [taskScheduler-5] WARN  c.q.federated.service.FederatedCoordinatorService - Node 111 marked as inactive due to heartbeat timeout
2026-01-17 21:29:19.992 [taskScheduler-5] WARN  c.q.federated.service.FederatedCoordinatorService - Node 11 marked as inactive due to heartbeat timeout
2026-01-17 21:29:19.993 [taskScheduler-5] WARN  c.q.federated.service.FederatedCoordinatorService - Node 111 marked as inactive due to heartbeat timeout
2026-01-17 21:29:25.002 [taskScheduler-5] WARN  c.q.federated.service.FederatedCoordinatorService - Node 11 marked as inactive due to heartbeat timeout
2026-01-17 21:29:25.003 [taskScheduler-5] WARN  c.q.federated.service.FederatedCoordinatorService - Node 111 marked as inactive due to heartbeat timeout
2026-01-17 21:29:30.022 [taskScheduler-5] WARN  c.q.federated.service.FederatedCoordinatorService - Node 11 marked as inactive due to heartbeat timeout
2026-01-17 21:29:30.023 [taskScheduler-5] WARN  c.q.federated.service.FederatedCoordinatorService - Node 111 marked as inactive due to heartbeat timeout
2026-01-17 21:29:35.038 [taskScheduler-5] WARN  c.q.federated.service.FederatedCoordinatorService - Node 11 marked as inactive due to heartbeat timeout
2026-01-17 21:29:35.038 [taskScheduler-5] WARN  c.q.federated.service.FederatedCoordinatorService - Node 111 marked as inactive due to heartbeat timeout
2026-01-17 21:29:40.057 [taskScheduler-5] WARN  c.q.federated.service.FederatedCoordinatorService - Node 11 marked as inactive due to heartbeat timeout
2026-01-17 21:29:40.057 [taskScheduler-5] WARN  c.q.federated.service.FederatedCoordinatorService - Node 111 marked as inactive due to heartbeat timeout
2026-01-17 21:29:45.071 [taskScheduler-5] WARN  c.q.federated.service.FederatedCoordinatorService - Node 11 marked as inactive due to heartbeat timeout
2026-01-17 21:29:45.071 [taskScheduler-5] WARN  c.q.federated.service.FederatedCoordinatorService - Node 111 marked as inactive due to heartbeat timeout
2026-01-17 21:29:50.083 [taskScheduler-5] WARN  c.q.federated.service.FederatedCoordinatorService - Node 11 marked as inactive due to heartbeat timeout
2026-01-17 21:29:50.084 [taskScheduler-5] WARN  c.q.federated.service.FederatedCoordinatorService - Node 111 marked as inactive due to heartbeat timeout
2026-01-17 21:29:55.098 [taskScheduler-5] WARN  c.q.federated.service.FederatedCoordinatorService - Node 11 marked as inactive due to heartbeat timeout
2026-01-17 21:29:55.100 [taskScheduler-5] WARN  c.q.federated.service.FederatedCoordinatorService - Node 111 marked as inactive due to heartbeat timeout
2026-01-17 21:30:00.120 [taskScheduler-5] WARN  c.q.federated.service.FederatedCoordinatorService - Node 11 marked as inactive due to heartbeat timeout
2026-01-17 21:30:00.121 [taskScheduler-5] WARN  c.q.federated.service.FederatedCoordinatorService - Node 111 marked as inactive due to heartbeat timeout
2026-01-17 21:30:05.131 [taskScheduler-5] WARN  c.q.federated.service.FederatedCoordinatorService - Node 11 marked as inactive due to heartbeat timeout
2026-01-17 21:30:05.131 [taskScheduler-5] WARN  c.q.federated.service.FederatedCoordinatorService - Node 111 marked as inactive due to heartbeat timeout
2026-01-17 21:30:10.140 [taskScheduler-5] WARN  c.q.federated.service.FederatedCoordinatorService - Node 11 marked as inactive due to heartbeat timeout
2026-01-17 21:30:10.140 [taskScheduler-5] WARN  c.q.federated.service.FederatedCoordinatorService - Node 111 marked as inactive due to heartbeat timeout
2026-01-17 21:30:15.153 [taskScheduler-5] WARN  c.q.federated.service.FederatedCoordinatorService - Node 11 marked as inactive due to heartbeat timeout
2026-01-17 21:30:15.153 [taskScheduler-5] WARN  c.q.federated.service.FederatedCoordinatorService - Node 111 marked as inactive due to heartbeat timeout
2026-01-17 21:30:20.170 [taskScheduler-5] WARN  c.q.federated.service.FederatedCoordinatorService - Node 11 marked as inactive due to heartbeat timeout
2026-01-17 21:30:20.170 [taskScheduler-5] WARN  c.q.federated.service.FederatedCoordinatorService - Node 111 marked as inactive due to heartbeat timeout
2026-01-17 21:30:25.187 [taskScheduler-5] WARN  c.q.federated.service.FederatedCoordinatorService - Node 11 marked as inactive due to heartbeat timeout
2026-01-17 21:30:25.188 [taskScheduler-5] WARN  c.q.federated.service.FederatedCoordinatorService - Node 111 marked as inactive due to heartbeat timeout
2026-01-17 21:30:30.193 [taskScheduler-5] WARN  c.q.federated.service.FederatedCoordinatorService - Node 11 marked as inactive due to heartbeat timeout
2026-01-17 21:30:30.193 [taskScheduler-5] WARN  c.q.federated.service.FederatedCoordinatorService - Node 111 marked as inactive due to heartbeat timeout
2026-01-17 21:30:35.203 [taskScheduler-5] WARN  c.q.federated.service.FederatedCoordinatorService - Node 11 marked as inactive due to heartbeat timeout
2026-01-17 21:30:35.204 [taskScheduler-5] WARN  c.q.federated.service.FederatedCoordinatorService - Node 111 marked as inactive due to heartbeat timeout
2026-01-17 21:30:40.219 [taskScheduler-5] WARN  c.q.federated.service.FederatedCoordinatorService - Node 11 marked as inactive due to heartbeat timeout
2026-01-17 21:30:40.220 [taskScheduler-5] WARN  c.q.federated.service.FederatedCoordinatorService - Node 111 marked as inactive due to heartbeat timeout
2026-01-17 21:30:45.229 [taskScheduler-5] WARN  c.q.federated.service.FederatedCoordinatorService - Node 11 marked as inactive due to heartbeat timeout
2026-01-17 21:30:45.229 [taskScheduler-5] WARN  c.q.federated.service.FederatedCoordinatorService - Node 111 marked as inactive due to heartbeat timeout
2026-01-17 21:30:50.238 [taskScheduler-5] WARN  c.q.federated.service.FederatedCoordinatorService - Node 11 marked as inactive due to heartbeat timeout
2026-01-17 21:30:50.239 [taskScheduler-5] WARN  c.q.federated.service.FederatedCoordinatorService - Node 111 marked as inactive due to heartbeat timeout
2026-01-17 21:30:55.260 [taskScheduler-5] WARN  c.q.federated.service.FederatedCoordinatorService - Node 11 marked as inactive due to heartbeat timeout
2026-01-17 21:30:55.260 [taskScheduler-5] WARN  c.q.federated.service.FederatedCoordinatorService - Node 111 marked as inactive due to heartbeat timeout
2026-01-17 21:31:00.276 [taskScheduler-5] WARN  c.q.federated.service.FederatedCoordinatorService - Node 11 marked as inactive due to heartbeat timeout
2026-01-17 21:31:00.277 [taskScheduler-5] WARN  c.q.federated.service.FederatedCoordinatorService - Node 111 marked as inactive due to heartbeat timeout
2026-01-17 21:31:05.286 [taskScheduler-5] WARN  c.q.federated.service.FederatedCoordinatorService - Node 11 marked as inactive due to heartbeat timeout
2026-01-17 21:31:05.286 [taskScheduler-5] WARN  c.q.federated.service.FederatedCoordinatorService - Node 111 marked as inactive due to heartbeat timeout
2026-01-17 21:31:10.292 [taskScheduler-5] WARN  c.q.federated.service.FederatedCoordinatorService - Node 11 marked as inactive due to heartbeat timeout
2026-01-17 21:31:10.293 [taskScheduler-5] WARN  c.q.federated.service.FederatedCoordinatorService - Node 111 marked as inactive due to heartbeat timeout
2026-01-17 21:31:15.301 [taskScheduler-5] WARN  c.q.federated.service.FederatedCoordinatorService - Node 11 marked as inactive due to heartbeat timeout
2026-01-17 21:31:15.302 [taskScheduler-5] WARN  c.q.federated.service.FederatedCoordinatorService - Node 111 marked as inactive due to heartbeat timeout
2026-01-17 21:31:20.315 [taskScheduler-5] WARN  c.q.federated.service.FederatedCoordinatorService - Node 11 marked as inactive due to heartbeat timeout
2026-01-17 21:31:20.315 [taskScheduler-5] WARN  c.q.federated.service.FederatedCoordinatorService - Node 111 marked as inactive due to heartbeat timeout
2026-01-17 21:31:25.334 [taskScheduler-5] WARN  c.q.federated.service.FederatedCoordinatorService - Node 11 marked as inactive due to heartbeat timeout
2026-01-17 21:31:25.335 [taskScheduler-5] WARN  c.q.federated.service.FederatedCoordinatorService - Node 111 marked as inactive due to heartbeat timeout
2026-01-17 21:31:30.348 [taskScheduler-5] WARN  c.q.federated.service.FederatedCoordinatorService - Node 11 marked as inactive due to heartbeat timeout
2026-01-17 21:31:30.348 [taskScheduler-5] WARN  c.q.federated.service.FederatedCoordinatorService - Node 111 marked as inactive due to heartbeat timeout
2026-01-17 21:31:35.360 [taskScheduler-5] WARN  c.q.federated.service.FederatedCoordinatorService - Node 11 marked as inactive due to heartbeat timeout
2026-01-17 21:31:35.361 [taskScheduler-5] WARN  c.q.federated.service.FederatedCoordinatorService - Node 111 marked as inactive due to heartbeat timeout
2026-01-17 21:31:40.367 [taskScheduler-5] WARN  c.q.federated.service.FederatedCoordinatorService - Node 11 marked as inactive due to heartbeat timeout
2026-01-17 21:31:40.368 [taskScheduler-5] WARN  c.q.federated.service.FederatedCoordinatorService - Node 111 marked as inactive due to heartbeat timeout
2026-01-17 21:31:45.384 [taskScheduler-5] WARN  c.q.federated.service.FederatedCoordinatorService - Node 11 marked as inactive due to heartbeat timeout
2026-01-17 21:31:45.385 [taskScheduler-5] WARN  c.q.federated.service.FederatedCoordinatorService - Node 111 marked as inactive due to heartbeat timeout
2026-01-17 21:31:50.401 [taskScheduler-5] WARN  c.q.federated.service.FederatedCoordinatorService - Node 11 marked as inactive due to heartbeat timeout
2026-01-17 21:31:50.401 [taskScheduler-5] WARN  c.q.federated.service.FederatedCoordinatorService - Node 111 marked as inactive due to heartbeat timeout
2026-01-17 21:31:55.416 [taskScheduler-5] WARN  c.q.federated.service.FederatedCoordinatorService - Node 11 marked as inactive due to heartbeat timeout
2026-01-17 21:31:55.417 [taskScheduler-5] WARN  c.q.federated.service.FederatedCoordinatorService - Node 111 marked as inactive due to heartbeat timeout
2026-01-17 21:32:00.434 [taskScheduler-5] WARN  c.q.federated.service.FederatedCoordinatorService - Node 11 marked as inactive due to heartbeat timeout
2026-01-17 21:32:00.434 [taskScheduler-5] WARN  c.q.federated.service.FederatedCoordinatorService - Node 111 marked as inactive due to heartbeat timeout
2026-01-17 21:32:05.451 [taskScheduler-5] WARN  c.q.federated.service.FederatedCoordinatorService - Node 11 marked as inactive due to heartbeat timeout
2026-01-17 21:32:05.451 [taskScheduler-5] WARN  c.q.federated.service.FederatedCoordinatorService - Node 111 marked as inactive due to heartbeat timeout
2026-01-17 21:32:10.461 [taskScheduler-5] WARN  c.q.federated.service.FederatedCoordinatorService - Node 11 marked as inactive due to heartbeat timeout
2026-01-17 21:32:10.462 [taskScheduler-5] WARN  c.q.federated.service.FederatedCoordinatorService - Node 111 marked as inactive due to heartbeat timeout
2026-01-17 21:32:15.471 [taskScheduler-5] WARN  c.q.federated.service.FederatedCoordinatorService - Node 11 marked as inactive due to heartbeat timeout
2026-01-17 21:32:15.472 [taskScheduler-5] WARN  c.q.federated.service.FederatedCoordinatorService - Node 111 marked as inactive due to heartbeat timeout
2026-01-17 21:32:20.480 [taskScheduler-5] WARN  c.q.federated.service.FederatedCoordinatorService - Node 11 marked as inactive due to heartbeat timeout
2026-01-17 21:32:20.481 [taskScheduler-5] WARN  c.q.federated.service.FederatedCoordinatorService - Node 111 marked as inactive due to heartbeat timeout
2026-01-17 21:32:25.494 [taskScheduler-5] WARN  c.q.federated.service.FederatedCoordinatorService - Node 11 marked as inactive due to heartbeat timeout
2026-01-17 21:32:25.496 [taskScheduler-5] WARN  c.q.federated.service.FederatedCoordinatorService - Node 111 marked as inactive due to heartbeat timeout
2026-01-17 21:32:30.502 [taskScheduler-5] WARN  c.q.federated.service.FederatedCoordinatorService - Node 11 marked as inactive due to heartbeat timeout
2026-01-17 21:32:30.503 [taskScheduler-5] WARN  c.q.federated.service.FederatedCoordinatorService - Node 111 marked as inactive due to heartbeat timeout
2026-01-17 21:32:35.511 [taskScheduler-5] WARN  c.q.federated.service.FederatedCoordinatorService - Node 11 marked as inactive due to heartbeat timeout
2026-01-17 21:32:35.512 [taskScheduler-5] WARN  c.q.federated.service.FederatedCoordinatorService - Node 111 marked as inactive due to heartbeat timeout
2026-01-17 21:32:40.530 [taskScheduler-5] WARN  c.q.federated.service.FederatedCoordinatorService - Node 11 marked as inactive due to heartbeat timeout
2026-01-17 21:32:40.531 [taskScheduler-5] WARN  c.q.federated.service.FederatedCoordinatorService - Node 111 marked as inactive due to heartbeat timeout
2026-01-17 21:32:45.540 [taskScheduler-5] WARN  c.q.federated.service.FederatedCoordinatorService - Node 11 marked as inactive due to heartbeat timeout
2026-01-17 21:32:45.540 [taskScheduler-5] WARN  c.q.federated.service.FederatedCoordinatorService - Node 111 marked as inactive due to heartbeat timeout
2026-01-17 21:32:50.548 [taskScheduler-5] WARN  c.q.federated.service.FederatedCoordinatorService - Node 11 marked as inactive due to heartbeat timeout
2026-01-17 21:32:50.549 [taskScheduler-5] WARN  c.q.federated.service.FederatedCoordinatorService - Node 111 marked as inactive due to heartbeat timeout
2026-01-17 21:32:55.567 [taskScheduler-5] WARN  c.q.federated.service.FederatedCoordinatorService - Node 11 marked as inactive due to heartbeat timeout
2026-01-17 21:32:55.567 [taskScheduler-5] WARN  c.q.federated.service.FederatedCoordinatorService - Node 111 marked as inactive due to heartbeat timeout
2026-01-17 21:33:00.577 [taskScheduler-5] WARN  c.q.federated.service.FederatedCoordinatorService - Node 11 marked as inactive due to heartbeat timeout
2026-01-17 21:33:00.577 [taskScheduler-5] WARN  c.q.federated.service.FederatedCoordinatorService - Node 111 marked as inactive due to heartbeat timeout
2026-01-17 21:33:05.583 [taskScheduler-5] WARN  c.q.federated.service.FederatedCoordinatorService - Node 11 marked as inactive due to heartbeat timeout
2026-01-17 21:33:05.584 [taskScheduler-5] WARN  c.q.federated.service.FederatedCoordinatorService - Node 111 marked as inactive due to heartbeat timeout
2026-01-17 21:33:10.600 [taskScheduler-5] WARN  c.q.federated.service.FederatedCoordinatorService - Node 11 marked as inactive due to heartbeat timeout
2026-01-17 21:33:10.600 [taskScheduler-5] WARN  c.q.federated.service.FederatedCoordinatorService - Node 111 marked as inactive due to heartbeat timeout
2026-01-17 21:33:15.615 [taskScheduler-5] WARN  c.q.federated.service.FederatedCoordinatorService - Node 11 marked as inactive due to heartbeat timeout
2026-01-17 21:33:15.615 [taskScheduler-5] WARN  c.q.federated.service.FederatedCoordinatorService - Node 111 marked as inactive due to heartbeat timeout
2026-01-17 21:33:20.632 [taskScheduler-5] WARN  c.q.federated.service.FederatedCoordinatorService - Node 11 marked as inactive due to heartbeat timeout
2026-01-17 21:33:20.632 [taskScheduler-5] WARN  c.q.federated.service.FederatedCoordinatorService - Node 111 marked as inactive due to heartbeat timeout
2026-01-17 21:33:25.649 [taskScheduler-5] WARN  c.q.federated.service.FederatedCoordinatorService - Node 11 marked as inactive due to heartbeat timeout
2026-01-17 21:33:25.650 [taskScheduler-5] WARN  c.q.federated.service.FederatedCoordinatorService - Node 111 marked as inactive due to heartbeat timeout
2026-01-17 21:33:30.664 [taskScheduler-5] WARN  c.q.federated.service.FederatedCoordinatorService - Node 11 marked as inactive due to heartbeat timeout
2026-01-17 21:33:30.665 [taskScheduler-5] WARN  c.q.federated.service.FederatedCoordinatorService - Node 111 marked as inactive due to heartbeat timeout
2026-01-17 21:33:35.680 [taskScheduler-5] WARN  c.q.federated.service.FederatedCoordinatorService - Node 11 marked as inactive due to heartbeat timeout
2026-01-17 21:33:35.681 [taskScheduler-5] WARN  c.q.federated.service.FederatedCoordinatorService - Node 111 marked as inactive due to heartbeat timeout
2026-01-17 21:33:40.689 [taskScheduler-5] WARN  c.q.federated.service.FederatedCoordinatorService - Node 11 marked as inactive due to heartbeat timeout
2026-01-17 21:33:40.690 [taskScheduler-5] WARN  c.q.federated.service.FederatedCoordinatorService - Node 111 marked as inactive due to heartbeat timeout
2026-01-17 21:33:45.697 [taskScheduler-5] WARN  c.q.federated.service.FederatedCoordinatorService - Node 11 marked as inactive due to heartbeat timeout
2026-01-17 21:33:45.698 [taskScheduler-5] WARN  c.q.federated.service.FederatedCoordinatorService - Node 111 marked as inactive due to heartbeat timeout
2026-01-17 21:33:50.714 [taskScheduler-5] WARN  c.q.federated.service.FederatedCoordinatorService - Node 11 marked as inactive due to heartbeat timeout
2026-01-17 21:33:50.714 [taskScheduler-5] WARN  c.q.federated.service.FederatedCoordinatorService - Node 111 marked as inactive due to heartbeat timeout
2026-01-17 21:33:55.735 [taskScheduler-5] WARN  c.q.federated.service.FederatedCoordinatorService - Node 11 marked as inactive due to heartbeat timeout
2026-01-17 21:33:55.735 [taskScheduler-5] WARN  c.q.federated.service.FederatedCoordinatorService - Node 111 marked as inactive due to heartbeat timeout
2026-01-17 21:34:00.740 [taskScheduler-5] WARN  c.q.federated.service.FederatedCoordinatorService - Node 11 marked as inactive due to heartbeat timeout
2026-01-17 21:34:00.742 [taskScheduler-5] WARN  c.q.federated.service.FederatedCoordinatorService - Node 111 marked as inactive due to heartbeat timeout
2026-01-17 21:34:05.755 [taskScheduler-5] WARN  c.q.federated.service.FederatedCoordinatorService - Node 11 marked as inactive due to heartbeat timeout
2026-01-17 21:34:05.756 [taskScheduler-5] WARN  c.q.federated.service.FederatedCoordinatorService - Node 111 marked as inactive due to heartbeat timeout
2026-01-17 21:34:10.772 [taskScheduler-5] WARN  c.q.federated.service.FederatedCoordinatorService - Node 11 marked as inactive due to heartbeat timeout
2026-01-17 21:34:10.772 [taskScheduler-5] WARN  c.q.federated.service.FederatedCoordinatorService - Node 111 marked as inactive due to heartbeat timeout
2026-01-17 21:34:15.780 [taskScheduler-5] WARN  c.q.federated.service.FederatedCoordinatorService - Node 11 marked as inactive due to heartbeat timeout
2026-01-17 21:34:15.781 [taskScheduler-5] WARN  c.q.federated.service.FederatedCoordinatorService - Node 111 marked as inactive due to heartbeat timeout
2026-01-17 21:34:20.801 [taskScheduler-5] WARN  c.q.federated.service.FederatedCoordinatorService - Node 11 marked as inactive due to heartbeat timeout
2026-01-17 21:34:20.802 [taskScheduler-5] WARN  c.q.federated.service.FederatedCoordinatorService - Node 111 marked as inactive due to heartbeat timeout
2026-01-17 21:34:25.813 [taskScheduler-5] WARN  c.q.federated.service.FederatedCoordinatorService - Node 11 marked as inactive due to heartbeat timeout
2026-01-17 21:34:25.814 [taskScheduler-5] WARN  c.q.federated.service.FederatedCoordinatorService - Node 111 marked as inactive due to heartbeat timeout
2026-01-17 21:34:30.831 [taskScheduler-5] WARN  c.q.federated.service.FederatedCoordinatorService - Node 11 marked as inactive due to heartbeat timeout
2026-01-17 21:34:30.832 [taskScheduler-5] WARN  c.q.federated.service.FederatedCoordinatorService - Node 111 marked as inactive due to heartbeat timeout
2026-01-17 21:34:35.846 [taskScheduler-5] WARN  c.q.federated.service.FederatedCoordinatorService - Node 11 marked as inactive due to heartbeat timeout
2026-01-17 21:34:35.847 [taskScheduler-5] WARN  c.q.federated.service.FederatedCoordinatorService - Node 111 marked as inactive due to heartbeat timeout
2026-01-17 21:34:40.864 [taskScheduler-5] WARN  c.q.federated.service.FederatedCoordinatorService - Node 11 marked as inactive due to heartbeat timeout
2026-01-17 21:34:40.865 [taskScheduler-5] WARN  c.q.federated.service.FederatedCoordinatorService - Node 111 marked as inactive due to heartbeat timeout
2026-01-17 21:34:45.870 [taskScheduler-5] WARN  c.q.federated.service.FederatedCoordinatorService - Node 11 marked as inactive due to heartbeat timeout
2026-01-17 21:34:45.871 [taskScheduler-5] WARN  c.q.federated.service.FederatedCoordinatorService - Node 111 marked as inactive due to heartbeat timeout
2026-01-17 21:34:50.880 [taskScheduler-5] WARN  c.q.federated.service.FederatedCoordinatorService - Node 11 marked as inactive due to heartbeat timeout
2026-01-17 21:34:50.880 [taskScheduler-5] WARN  c.q.federated.service.FederatedCoordinatorService - Node 111 marked as inactive due to heartbeat timeout
2026-01-17 21:34:55.897 [taskScheduler-5] WARN  c.q.federated.service.FederatedCoordinatorService - Node 11 marked as inactive due to heartbeat timeout
2026-01-17 21:34:55.898 [taskScheduler-5] WARN  c.q.federated.service.FederatedCoordinatorService - Node 111 marked as inactive due to heartbeat timeout
2026-01-17 21:35:00.915 [taskScheduler-5] WARN  c.q.federated.service.FederatedCoordinatorService - Node 11 marked as inactive due to heartbeat timeout
2026-01-17 21:35:00.916 [taskScheduler-5] WARN  c.q.federated.service.FederatedCoordinatorService - Node 111 marked as inactive due to heartbeat timeout
2026-01-17 21:35:05.933 [taskScheduler-5] WARN  c.q.federated.service.FederatedCoordinatorService - Node 11 marked as inactive due to heartbeat timeout
2026-01-17 21:35:05.933 [taskScheduler-5] WARN  c.q.federated.service.FederatedCoordinatorService - Node 111 marked as inactive due to heartbeat timeout
2026-01-17 21:35:10.946 [taskScheduler-5] WARN  c.q.federated.service.FederatedCoordinatorService - Node 11 marked as inactive due to heartbeat timeout
2026-01-17 21:35:10.947 [taskScheduler-5] WARN  c.q.federated.service.FederatedCoordinatorService - Node 111 marked as inactive due to heartbeat timeout
2026-01-17 21:35:15.961 [taskScheduler-5] WARN  c.q.federated.service.FederatedCoordinatorService - Node 11 marked as inactive due to heartbeat timeout
2026-01-17 21:35:15.962 [taskScheduler-5] WARN  c.q.federated.service.FederatedCoordinatorService - Node 111 marked as inactive due to heartbeat timeout
2026-01-17 21:35:20.973 [taskScheduler-5] WARN  c.q.federated.service.FederatedCoordinatorService - Node 11 marked as inactive due to heartbeat timeout
2026-01-17 21:35:20.974 [taskScheduler-5] WARN  c.q.federated.service.FederatedCoordinatorService - Node 111 marked as inactive due to heartbeat timeout
2026-01-17 21:35:25.979 [taskScheduler-5] WARN  c.q.federated.service.FederatedCoordinatorService - Node 11 marked as inactive due to heartbeat timeout
2026-01-17 21:35:25.979 [taskScheduler-5] WARN  c.q.federated.service.FederatedCoordinatorService - Node 111 marked as inactive due to heartbeat timeout
2026-01-17 21:35:30.991 [taskScheduler-5] WARN  c.q.federated.service.FederatedCoordinatorService - Node 11 marked as inactive due to heartbeat timeout
2026-01-17 21:35:30.992 [taskScheduler-5] WARN  c.q.federated.service.FederatedCoordinatorService - Node 111 marked as inactive due to heartbeat timeout
2026-01-17 21:35:36.004 [taskScheduler-5] WARN  c.q.federated.service.FederatedCoordinatorService - Node 11 marked as inactive due to heartbeat timeout
2026-01-17 21:35:36.005 [taskScheduler-5] WARN  c.q.federated.service.FederatedCoordinatorService - Node 111 marked as inactive due to heartbeat timeout
2026-01-17 21:35:41.013 [taskScheduler-5] WARN  c.q.federated.service.FederatedCoordinatorService - Node 11 marked as inactive due to heartbeat timeout
2026-01-17 21:35:41.013 [taskScheduler-5] WARN  c.q.federated.service.FederatedCoordinatorService - Node 111 marked as inactive due to heartbeat timeout
2026-01-17 21:35:46.023 [taskScheduler-5] WARN  c.q.federated.service.FederatedCoordinatorService - Node 11 marked as inactive due to heartbeat timeout
2026-01-17 21:35:46.023 [taskScheduler-5] WARN  c.q.federated.service.FederatedCoordinatorService - Node 111 marked as inactive due to heartbeat timeout
2026-01-17 21:35:51.032 [taskScheduler-5] WARN  c.q.federated.service.FederatedCoordinatorService - Node 11 marked as inactive due to heartbeat timeout
2026-01-17 21:35:51.032 [taskScheduler-5] WARN  c.q.federated.service.FederatedCoordinatorService - Node 111 marked as inactive due to heartbeat timeout
2026-01-17 21:35:56.045 [taskScheduler-5] WARN  c.q.federated.service.FederatedCoordinatorService - Node 11 marked as inactive due to heartbeat timeout
2026-01-17 21:35:56.045 [taskScheduler-5] WARN  c.q.federated.service.FederatedCoordinatorService - Node 111 marked as inactive due to heartbeat timeout
2026-01-17 21:36:01.060 [taskScheduler-5] WARN  c.q.federated.service.FederatedCoordinatorService - Node 11 marked as inactive due to heartbeat timeout
2026-01-17 21:36:01.061 [taskScheduler-5] WARN  c.q.federated.service.FederatedCoordinatorService - Node 111 marked as inactive due to heartbeat timeout
2026-01-17 21:36:06.079 [taskScheduler-5] WARN  c.q.federated.service.FederatedCoordinatorService - Node 11 marked as inactive due to heartbeat timeout
2026-01-17 21:36:06.079 [taskScheduler-5] WARN  c.q.federated.service.FederatedCoordinatorService - Node 111 marked as inactive due to heartbeat timeout
2026-01-17 21:36:11.087 [taskScheduler-5] WARN  c.q.federated.service.FederatedCoordinatorService - Node 11 marked as inactive due to heartbeat timeout
2026-01-17 21:36:11.087 [taskScheduler-5] WARN  c.q.federated.service.FederatedCoordinatorService - Node 111 marked as inactive due to heartbeat timeout
2026-01-17 21:36:16.095 [taskScheduler-5] WARN  c.q.federated.service.FederatedCoordinatorService - Node 11 marked as inactive due to heartbeat timeout
2026-01-17 21:36:16.095 [taskScheduler-5] WARN  c.q.federated.service.FederatedCoordinatorService - Node 111 marked as inactive due to heartbeat timeout
2026-01-17 21:36:21.110 [taskScheduler-5] WARN  c.q.federated.service.FederatedCoordinatorService - Node 11 marked as inactive due to heartbeat timeout
2026-01-17 21:36:21.110 [taskScheduler-5] WARN  c.q.federated.service.FederatedCoordinatorService - Node 111 marked as inactive due to heartbeat timeout
2026-01-17 21:36:26.121 [taskScheduler-5] WARN  c.q.federated.service.FederatedCoordinatorService - Node 11 marked as inactive due to heartbeat timeout
2026-01-17 21:36:26.121 [taskScheduler-5] WARN  c.q.federated.service.FederatedCoordinatorService - Node 111 marked as inactive due to heartbeat timeout
2026-01-17 21:36:31.128 [taskScheduler-5] WARN  c.q.federated.service.FederatedCoordinatorService - Node 11 marked as inactive due to heartbeat timeout
2026-01-17 21:36:31.129 [taskScheduler-5] WARN  c.q.federated.service.FederatedCoordinatorService - Node 111 marked as inactive due to heartbeat timeout
2026-01-17 21:36:36.136 [taskScheduler-5] WARN  c.q.federated.service.FederatedCoordinatorService - Node 11 marked as inactive due to heartbeat timeout
2026-01-17 21:36:36.137 [taskScheduler-5] WARN  c.q.federated.service.FederatedCoordinatorService - Node 111 marked as inactive due to heartbeat timeout
2026-01-17 21:36:41.154 [taskScheduler-5] WARN  c.q.federated.service.FederatedCoordinatorService - Node 11 marked as inactive due to heartbeat timeout
2026-01-17 21:36:41.155 [taskScheduler-5] WARN  c.q.federated.service.FederatedCoordinatorService - Node 111 marked as inactive due to heartbeat timeout
2026-01-17 21:36:46.173 [taskScheduler-5] WARN  c.q.federated.service.FederatedCoordinatorService - Node 11 marked as inactive due to heartbeat timeout
2026-01-17 21:36:46.174 [taskScheduler-5] WARN  c.q.federated.service.FederatedCoordinatorService - Node 111 marked as inactive due to heartbeat timeout
2026-01-17 21:36:51.194 [taskScheduler-5] WARN  c.q.federated.service.FederatedCoordinatorService - Node 11 marked as inactive due to heartbeat timeout
2026-01-17 21:36:51.194 [taskScheduler-5] WARN  c.q.federated.service.FederatedCoordinatorService - Node 111 marked as inactive due to heartbeat timeout
2026-01-17 21:36:56.209 [taskScheduler-5] WARN  c.q.federated.service.FederatedCoordinatorService - Node 11 marked as inactive due to heartbeat timeout
2026-01-17 21:36:56.210 [taskScheduler-5] WARN  c.q.federated.service.FederatedCoordinatorService - Node 111 marked as inactive due to heartbeat timeout
2026-01-17 21:37:01.224 [taskScheduler-5] WARN  c.q.federated.service.FederatedCoordinatorService - Node 11 marked as inactive due to heartbeat timeout
2026-01-17 21:37:01.225 [taskScheduler-5] WARN  c.q.federated.service.FederatedCoordinatorService - Node 111 marked as inactive due to heartbeat timeout
2026-01-17 21:37:06.242 [taskScheduler-5] WARN  c.q.federated.service.FederatedCoordinatorService - Node 11 marked as inactive due to heartbeat timeout
2026-01-17 21:37:06.243 [taskScheduler-5] WARN  c.q.federated.service.FederatedCoordinatorService - Node 111 marked as inactive due to heartbeat timeout
2026-01-17 21:37:11.254 [taskScheduler-5] WARN  c.q.federated.service.FederatedCoordinatorService - Node 11 marked as inactive due to heartbeat timeout
2026-01-17 21:37:11.254 [taskScheduler-5] WARN  c.q.federated.service.FederatedCoordinatorService - Node 111 marked as inactive due to heartbeat timeout
2026-01-17 21:37:16.264 [taskScheduler-5] WARN  c.q.federated.service.FederatedCoordinatorService - Node 11 marked as inactive due to heartbeat timeout
2026-01-17 21:37:16.265 [taskScheduler-5] WARN  c.q.federated.service.FederatedCoordinatorService - Node 111 marked as inactive due to heartbeat timeout
2026-01-17 21:37:21.277 [taskScheduler-5] WARN  c.q.federated.service.FederatedCoordinatorService - Node 11 marked as inactive due to heartbeat timeout
2026-01-17 21:37:21.277 [taskScheduler-5] WARN  c.q.federated.service.FederatedCoordinatorService - Node 111 marked as inactive due to heartbeat timeout
2026-01-17 21:37:26.292 [taskScheduler-5] WARN  c.q.federated.service.FederatedCoordinatorService - Node 11 marked as inactive due to heartbeat timeout
2026-01-17 21:37:26.292 [taskScheduler-5] WARN  c.q.federated.service.FederatedCoordinatorService - Node 111 marked as inactive due to heartbeat timeout
2026-01-17 21:37:31.310 [taskScheduler-5] WARN  c.q.federated.service.FederatedCoordinatorService - Node 11 marked as inactive due to heartbeat timeout
2026-01-17 21:37:31.310 [taskScheduler-5] WARN  c.q.federated.service.FederatedCoordinatorService - Node 111 marked as inactive due to heartbeat timeout
2026-01-17 21:37:36.330 [taskScheduler-5] WARN  c.q.federated.service.FederatedCoordinatorService - Node 11 marked as inactive due to heartbeat timeout
2026-01-17 21:37:36.331 [taskScheduler-5] WARN  c.q.federated.service.FederatedCoordinatorService - Node 111 marked as inactive due to heartbeat timeout
2026-01-17 21:37:41.341 [taskScheduler-5] WARN  c.q.federated.service.FederatedCoordinatorService - Node 11 marked as inactive due to heartbeat timeout
2026-01-17 21:37:41.341 [taskScheduler-5] WARN  c.q.federated.service.FederatedCoordinatorService - Node 111 marked as inactive due to heartbeat timeout
2026-01-17 21:37:46.359 [taskScheduler-5] WARN  c.q.federated.service.FederatedCoordinatorService - Node 11 marked as inactive due to heartbeat timeout
2026-01-17 21:37:46.359 [taskScheduler-5] WARN  c.q.federated.service.FederatedCoordinatorService - Node 111 marked as inactive due to heartbeat timeout
2026-01-17 21:37:51.369 [taskScheduler-5] WARN  c.q.federated.service.FederatedCoordinatorService - Node 11 marked as inactive due to heartbeat timeout
2026-01-17 21:37:51.370 [taskScheduler-5] WARN  c.q.federated.service.FederatedCoordinatorService - Node 111 marked as inactive due to heartbeat timeout
2026-01-17 21:37:56.390 [taskScheduler-5] WARN  c.q.federated.service.FederatedCoordinatorService - Node 11 marked as inactive due to heartbeat timeout
2026-01-17 21:37:56.390 [taskScheduler-5] WARN  c.q.federated.service.FederatedCoordinatorService - Node 111 marked as inactive due to heartbeat timeout
2026-01-17 21:38:01.403 [taskScheduler-5] WARN  c.q.federated.service.FederatedCoordinatorService - Node 11 marked as inactive due to heartbeat timeout
2026-01-17 21:38:01.404 [taskScheduler-5] WARN  c.q.federated.service.FederatedCoordinatorService - Node 111 marked as inactive due to heartbeat timeout
2026-01-17 21:38:06.415 [taskScheduler-5] WARN  c.q.federated.service.FederatedCoordinatorService - Node 11 marked as inactive due to heartbeat timeout
2026-01-17 21:38:06.415 [taskScheduler-5] WARN  c.q.federated.service.FederatedCoordinatorService - Node 111 marked as inactive due to heartbeat timeout
2026-01-17 21:38:11.425 [taskScheduler-5] WARN  c.q.federated.service.FederatedCoordinatorService - Node 11 marked as inactive due to heartbeat timeout
2026-01-17 21:38:11.426 [taskScheduler-5] WARN  c.q.federated.service.FederatedCoordinatorService - Node 111 marked as inactive due to heartbeat timeout
2026-01-17 21:38:16.433 [taskScheduler-5] WARN  c.q.federated.service.FederatedCoordinatorService - Node 11 marked as inactive due to heartbeat timeout
2026-01-17 21:38:16.433 [taskScheduler-5] WARN  c.q.federated.service.FederatedCoordinatorService - Node 111 marked as inactive due to heartbeat timeout
2026-01-17 21:38:21.443 [taskScheduler-5] WARN  c.q.federated.service.FederatedCoordinatorService - Node 11 marked as inactive due to heartbeat timeout
2026-01-17 21:38:21.443 [taskScheduler-5] WARN  c.q.federated.service.FederatedCoordinatorService - Node 111 marked as inactive due to heartbeat timeout
2026-01-17 21:38:26.455 [taskScheduler-5] WARN  c.q.federated.service.FederatedCoordinatorService - Node 11 marked as inactive due to heartbeat timeout
2026-01-17 21:38:26.455 [taskScheduler-5] WARN  c.q.federated.service.FederatedCoordinatorService - Node 111 marked as inactive due to heartbeat timeout
2026-01-17 21:38:31.475 [taskScheduler-5] WARN  c.q.federated.service.FederatedCoordinatorService - Node 11 marked as inactive due to heartbeat timeout
2026-01-17 21:38:31.476 [taskScheduler-5] WARN  c.q.federated.service.FederatedCoordinatorService - Node 111 marked as inactive due to heartbeat timeout
2026-01-17 21:38:36.489 [taskScheduler-5] WARN  c.q.federated.service.FederatedCoordinatorService - Node 11 marked as inactive due to heartbeat timeout
2026-01-17 21:38:36.490 [taskScheduler-5] WARN  c.q.federated.service.FederatedCoordinatorService - Node 111 marked as inactive due to heartbeat timeout
2026-01-17 21:38:41.500 [taskScheduler-5] WARN  c.q.federated.service.FederatedCoordinatorService - Node 11 marked as inactive due to heartbeat timeout
2026-01-17 21:38:41.500 [taskScheduler-5] WARN  c.q.federated.service.FederatedCoordinatorService - Node 111 marked as inactive due to heartbeat timeout
2026-01-17 21:38:46.509 [taskScheduler-5] WARN  c.q.federated.service.FederatedCoordinatorService - Node 11 marked as inactive due to heartbeat timeout
2026-01-17 21:38:46.509 [taskScheduler-5] WARN  c.q.federated.service.FederatedCoordinatorService - Node 111 marked as inactive due to heartbeat timeout
2026-01-17 21:38:51.524 [taskScheduler-5] WARN  c.q.federated.service.FederatedCoordinatorService - Node 11 marked as inactive due to heartbeat timeout
2026-01-17 21:38:51.525 [taskScheduler-5] WARN  c.q.federated.service.FederatedCoordinatorService - Node 111 marked as inactive due to heartbeat timeout
2026-01-17 21:38:56.543 [taskScheduler-5] WARN  c.q.federated.service.FederatedCoordinatorService - Node 11 marked as inactive due to heartbeat timeout
2026-01-17 21:38:56.543 [taskScheduler-5] WARN  c.q.federated.service.FederatedCoordinatorService - Node 111 marked as inactive due to heartbeat timeout
2026-01-17 21:39:01.554 [taskScheduler-5] WARN  c.q.federated.service.FederatedCoordinatorService - Node 11 marked as inactive due to heartbeat timeout
2026-01-17 21:39:01.554 [taskScheduler-5] WARN  c.q.federated.service.FederatedCoordinatorService - Node 111 marked as inactive due to heartbeat timeout
2026-01-17 21:39:06.574 [taskScheduler-5] WARN  c.q.federated.service.FederatedCoordinatorService - Node 11 marked as inactive due to heartbeat timeout
2026-01-17 21:39:06.575 [taskScheduler-5] WARN  c.q.federated.service.FederatedCoordinatorService - Node 111 marked as inactive due to heartbeat timeout
2026-01-17 21:39:11.590 [taskScheduler-5] WARN  c.q.federated.service.FederatedCoordinatorService - Node 11 marked as inactive due to heartbeat timeout
2026-01-17 21:39:11.590 [taskScheduler-5] WARN  c.q.federated.service.FederatedCoordinatorService - Node 111 marked as inactive due to heartbeat timeout
2026-01-17 21:39:16.602 [taskScheduler-5] WARN  c.q.federated.service.FederatedCoordinatorService - Node 11 marked as inactive due to heartbeat timeout
2026-01-17 21:39:16.602 [taskScheduler-5] WARN  c.q.federated.service.FederatedCoordinatorService - Node 111 marked as inactive due to heartbeat timeout
2026-01-17 21:39:21.612 [taskScheduler-5] WARN  c.q.federated.service.FederatedCoordinatorService - Node 11 marked as inactive due to heartbeat timeout
2026-01-17 21:39:21.613 [taskScheduler-5] WARN  c.q.federated.service.FederatedCoordinatorService - Node 111 marked as inactive due to heartbeat timeout
2026-01-17 21:39:26.621 [taskScheduler-5] WARN  c.q.federated.service.FederatedCoordinatorService - Node 11 marked as inactive due to heartbeat timeout
2026-01-17 21:39:26.621 [taskScheduler-5] WARN  c.q.federated.service.FederatedCoordinatorService - Node 111 marked as inactive due to heartbeat timeout
2026-01-17 21:39:31.634 [taskScheduler-5] WARN  c.q.federated.service.FederatedCoordinatorService - Node 11 marked as inactive due to heartbeat timeout
2026-01-17 21:39:31.635 [taskScheduler-5] WARN  c.q.federated.service.FederatedCoordinatorService - Node 111 marked as inactive due to heartbeat timeout
2026-01-17 21:39:36.643 [taskScheduler-5] WARN  c.q.federated.service.FederatedCoordinatorService - Node 11 marked as inactive due to heartbeat timeout
2026-01-17 21:39:36.644 [taskScheduler-5] WARN  c.q.federated.service.FederatedCoordinatorService - Node 111 marked as inactive due to heartbeat timeout
2026-01-17 21:39:41.657 [taskScheduler-5] WARN  c.q.federated.service.FederatedCoordinatorService - Node 11 marked as inactive due to heartbeat timeout
2026-01-17 21:39:41.657 [taskScheduler-5] WARN  c.q.federated.service.FederatedCoordinatorService - Node 111 marked as inactive due to heartbeat timeout
2026-01-17 21:39:46.663 [taskScheduler-5] WARN  c.q.federated.service.FederatedCoordinatorService - Node 11 marked as inactive due to heartbeat timeout
2026-01-17 21:39:46.664 [taskScheduler-5] WARN  c.q.federated.service.FederatedCoordinatorService - Node 111 marked as inactive due to heartbeat timeout
2026-01-17 21:39:51.678 [taskScheduler-5] WARN  c.q.federated.service.FederatedCoordinatorService - Node 11 marked as inactive due to heartbeat timeout
2026-01-17 21:39:51.678 [taskScheduler-5] WARN  c.q.federated.service.FederatedCoordinatorService - Node 111 marked as inactive due to heartbeat timeout
2026-01-17 21:39:56.689 [taskScheduler-5] WARN  c.q.federated.service.FederatedCoordinatorService - Node 11 marked as inactive due to heartbeat timeout
2026-01-17 21:39:56.689 [taskScheduler-5] WARN  c.q.federated.service.FederatedCoordinatorService - Node 111 marked as inactive due to heartbeat timeout
2026-01-17 21:40:01.704 [taskScheduler-5] WARN  c.q.federated.service.FederatedCoordinatorService - Node 11 marked as inactive due to heartbeat timeout
2026-01-17 21:40:01.705 [taskScheduler-5] WARN  c.q.federated.service.FederatedCoordinatorService - Node 111 marked as inactive due to heartbeat timeout
2026-01-17 21:40:06.716 [taskScheduler-5] WARN  c.q.federated.service.FederatedCoordinatorService - Node 11 marked as inactive due to heartbeat timeout
2026-01-17 21:40:06.717 [taskScheduler-5] WARN  c.q.federated.service.FederatedCoordinatorService - Node 111 marked as inactive due to heartbeat timeout
2026-01-17 21:40:11.735 [taskScheduler-5] WARN  c.q.federated.service.FederatedCoordinatorService - Node 11 marked as inactive due to heartbeat timeout
2026-01-17 21:40:11.736 [taskScheduler-5] WARN  c.q.federated.service.FederatedCoordinatorService - Node 111 marked as inactive due to heartbeat timeout
2026-01-17 21:40:16.755 [taskScheduler-5] WARN  c.q.federated.service.FederatedCoordinatorService - Node 11 marked as inactive due to heartbeat timeout
2026-01-17 21:40:16.755 [taskScheduler-5] WARN  c.q.federated.service.FederatedCoordinatorService - Node 111 marked as inactive due to heartbeat timeout
2026-01-17 21:40:21.762 [taskScheduler-5] WARN  c.q.federated.service.FederatedCoordinatorService - Node 11 marked as inactive due to heartbeat timeout
2026-01-17 21:40:21.763 [taskScheduler-5] WARN  c.q.federated.service.FederatedCoordinatorService - Node 111 marked as inactive due to heartbeat timeout
2026-01-17 21:40:26.772 [taskScheduler-5] WARN  c.q.federated.service.FederatedCoordinatorService - Node 11 marked as inactive due to heartbeat timeout
2026-01-17 21:40:26.772 [taskScheduler-5] WARN  c.q.federated.service.FederatedCoordinatorService - Node 111 marked as inactive due to heartbeat timeout
2026-01-17 21:40:31.787 [taskScheduler-5] WARN  c.q.federated.service.FederatedCoordinatorService - Node 11 marked as inactive due to heartbeat timeout
2026-01-17 21:40:31.788 [taskScheduler-5] WARN  c.q.federated.service.FederatedCoordinatorService - Node 111 marked as inactive due to heartbeat timeout
2026-01-17 21:40:36.804 [taskScheduler-5] WARN  c.q.federated.service.FederatedCoordinatorService - Node 11 marked as inactive due to heartbeat timeout
2026-01-17 21:40:36.804 [taskScheduler-5] WARN  c.q.federated.service.FederatedCoordinatorService - Node 111 marked as inactive due to heartbeat timeout
2026-01-17 21:40:41.821 [taskScheduler-5] WARN  c.q.federated.service.FederatedCoordinatorService - Node 11 marked as inactive due to heartbeat timeout
2026-01-17 21:40:41.821 [taskScheduler-5] WARN  c.q.federated.service.FederatedCoordinatorService - Node 111 marked as inactive due to heartbeat timeout
2026-01-17 21:40:46.831 [taskScheduler-5] WARN  c.q.federated.service.FederatedCoordinatorService - Node 11 marked as inactive due to heartbeat timeout
2026-01-17 21:40:46.832 [taskScheduler-5] WARN  c.q.federated.service.FederatedCoordinatorService - Node 111 marked as inactive due to heartbeat timeout
2026-01-17 21:40:51.837 [taskScheduler-5] WARN  c.q.federated.service.FederatedCoordinatorService - Node 11 marked as inactive due to heartbeat timeout
2026-01-17 21:40:51.838 [taskScheduler-5] WARN  c.q.federated.service.FederatedCoordinatorService - Node 111 marked as inactive due to heartbeat timeout
2026-01-17 21:40:56.854 [taskScheduler-5] WARN  c.q.federated.service.FederatedCoordinatorService - Node 11 marked as inactive due to heartbeat timeout
2026-01-17 21:40:56.854 [taskScheduler-5] WARN  c.q.federated.service.FederatedCoordinatorService - Node 111 marked as inactive due to heartbeat timeout
2026-01-17 21:41:01.863 [taskScheduler-5] WARN  c.q.federated.service.FederatedCoordinatorService - Node 11 marked as inactive due to heartbeat timeout
2026-01-17 21:41:01.863 [taskScheduler-5] WARN  c.q.federated.service.FederatedCoordinatorService - Node 111 marked as inactive due to heartbeat timeout
2026-01-17 21:41:06.880 [taskScheduler-5] WARN  c.q.federated.service.FederatedCoordinatorService - Node 11 marked as inactive due to heartbeat timeout
2026-01-17 21:41:06.881 [taskScheduler-5] WARN  c.q.federated.service.FederatedCoordinatorService - Node 111 marked as inactive due to heartbeat timeout
2026-01-17 21:41:11.897 [taskScheduler-5] WARN  c.q.federated.service.FederatedCoordinatorService - Node 11 marked as inactive due to heartbeat timeout
2026-01-17 21:41:11.897 [taskScheduler-5] WARN  c.q.federated.service.FederatedCoordinatorService - Node 111 marked as inactive due to heartbeat timeout
2026-01-17 21:41:16.910 [taskScheduler-5] WARN  c.q.federated.service.FederatedCoordinatorService - Node 11 marked as inactive due to heartbeat timeout
2026-01-17 21:41:16.911 [taskScheduler-5] WARN  c.q.federated.service.FederatedCoordinatorService - Node 111 marked as inactive due to heartbeat timeout
2026-01-17 21:41:21.919 [taskScheduler-5] WARN  c.q.federated.service.FederatedCoordinatorService - Node 11 marked as inactive due to heartbeat timeout
2026-01-17 21:41:21.920 [taskScheduler-5] WARN  c.q.federated.service.FederatedCoordinatorService - Node 111 marked as inactive due to heartbeat timeout
2026-01-17 21:41:26.940 [taskScheduler-5] WARN  c.q.federated.service.FederatedCoordinatorService - Node 11 marked as inactive due to heartbeat timeout
2026-01-17 21:41:26.940 [taskScheduler-5] WARN  c.q.federated.service.FederatedCoordinatorService - Node 111 marked as inactive due to heartbeat timeout
2026-01-17 21:41:31.951 [taskScheduler-5] WARN  c.q.federated.service.FederatedCoordinatorService - Node 11 marked as inactive due to heartbeat timeout
2026-01-17 21:41:31.951 [taskScheduler-5] WARN  c.q.federated.service.FederatedCoordinatorService - Node 111 marked as inactive due to heartbeat timeout
2026-01-17 21:41:36.967 [taskScheduler-5] WARN  c.q.federated.service.FederatedCoordinatorService - Node 11 marked as inactive due to heartbeat timeout
2026-01-17 21:41:36.968 [taskScheduler-5] WARN  c.q.federated.service.FederatedCoordinatorService - Node 111 marked as inactive due to heartbeat timeout
2026-01-17 21:41:41.985 [taskScheduler-5] WARN  c.q.federated.service.FederatedCoordinatorService - Node 11 marked as inactive due to heartbeat timeout
2026-01-17 21:41:41.986 [taskScheduler-5] WARN  c.q.federated.service.FederatedCoordinatorService - Node 111 marked as inactive due to heartbeat timeout
2026-01-17 21:41:46.999 [taskScheduler-5] WARN  c.q.federated.service.FederatedCoordinatorService - Node 11 marked as inactive due to heartbeat timeout
2026-01-17 21:41:46.999 [taskScheduler-5] WARN  c.q.federated.service.FederatedCoordinatorService - Node 111 marked as inactive due to heartbeat timeout
2026-01-17 21:41:52.005 [taskScheduler-5] WARN  c.q.federated.service.FederatedCoordinatorService - Node 11 marked as inactive due to heartbeat timeout
2026-01-17 21:41:52.005 [taskScheduler-5] WARN  c.q.federated.service.FederatedCoordinatorService - Node 111 marked as inactive due to heartbeat timeout
2026-01-17 21:41:57.020 [taskScheduler-5] WARN  c.q.federated.service.FederatedCoordinatorService - Node 11 marked as inactive due to heartbeat timeout
2026-01-17 21:41:57.021 [taskScheduler-5] WARN  c.q.federated.service.FederatedCoordinatorService - Node 111 marked as inactive due to heartbeat timeout
2026-01-17 21:42:02.036 [taskScheduler-5] WARN  c.q.federated.service.FederatedCoordinatorService - Node 11 marked as inactive due to heartbeat timeout
2026-01-17 21:42:02.036 [taskScheduler-5] WARN  c.q.federated.service.FederatedCoordinatorService - Node 111 marked as inactive due to heartbeat timeout
2026-01-17 21:42:07.053 [taskScheduler-5] WARN  c.q.federated.service.FederatedCoordinatorService - Node 11 marked as inactive due to heartbeat timeout
2026-01-17 21:42:07.054 [taskScheduler-5] WARN  c.q.federated.service.FederatedCoordinatorService - Node 111 marked as inactive due to heartbeat timeout
2026-01-17 21:42:12.064 [taskScheduler-5] WARN  c.q.federated.service.FederatedCoordinatorService - Node 11 marked as inactive due to heartbeat timeout
2026-01-17 21:42:12.065 [taskScheduler-5] WARN  c.q.federated.service.FederatedCoordinatorService - Node 111 marked as inactive due to heartbeat timeout
2026-01-17 21:42:17.086 [taskScheduler-5] WARN  c.q.federated.service.FederatedCoordinatorService - Node 11 marked as inactive due to heartbeat timeout
2026-01-17 21:42:17.086 [taskScheduler-5] WARN  c.q.federated.service.FederatedCoordinatorService - Node 111 marked as inactive due to heartbeat timeout
2026-01-17 21:42:22.101 [taskScheduler-5] WARN  c.q.federated.service.FederatedCoordinatorService - Node 11 marked as inactive due to heartbeat timeout
2026-01-17 21:42:22.102 [taskScheduler-5] WARN  c.q.federated.service.FederatedCoordinatorService - Node 111 marked as inactive due to heartbeat timeout
2026-01-17 21:42:27.108 [taskScheduler-5] WARN  c.q.federated.service.FederatedCoordinatorService - Node 11 marked as inactive due to heartbeat timeout
2026-01-17 21:42:27.109 [taskScheduler-5] WARN  c.q.federated.service.FederatedCoordinatorService - Node 111 marked as inactive due to heartbeat timeout
2026-01-17 21:42:32.118 [taskScheduler-5] WARN  c.q.federated.service.FederatedCoordinatorService - Node 11 marked as inactive due to heartbeat timeout
2026-01-17 21:42:32.118 [taskScheduler-5] WARN  c.q.federated.service.FederatedCoordinatorService - Node 111 marked as inactive due to heartbeat timeout
2026-01-17 21:42:37.131 [taskScheduler-5] WARN  c.q.federated.service.FederatedCoordinatorService - Node 11 marked as inactive due to heartbeat timeout
2026-01-17 21:42:37.131 [taskScheduler-5] WARN  c.q.federated.service.FederatedCoordinatorService - Node 111 marked as inactive due to heartbeat timeout
2026-01-17 21:42:42.142 [taskScheduler-5] WARN  c.q.federated.service.FederatedCoordinatorService - Node 11 marked as inactive due to heartbeat timeout
2026-01-17 21:42:42.143 [taskScheduler-5] WARN  c.q.federated.service.FederatedCoordinatorService - Node 111 marked as inactive due to heartbeat timeout
2026-01-17 21:42:47.150 [taskScheduler-5] WARN  c.q.federated.service.FederatedCoordinatorService - Node 11 marked as inactive due to heartbeat timeout
2026-01-17 21:42:47.151 [taskScheduler-5] WARN  c.q.federated.service.FederatedCoordinatorService - Node 111 marked as inactive due to heartbeat timeout
2026-01-17 21:42:52.160 [taskScheduler-5] WARN  c.q.federated.service.FederatedCoordinatorService - Node 11 marked as inactive due to heartbeat timeout
2026-01-17 21:42:52.161 [taskScheduler-5] WARN  c.q.federated.service.FederatedCoordinatorService - Node 111 marked as inactive due to heartbeat timeout
2026-01-17 21:42:57.171 [taskScheduler-5] WARN  c.q.federated.service.FederatedCoordinatorService - Node 11 marked as inactive due to heartbeat timeout
2026-01-17 21:42:57.172 [taskScheduler-5] WARN  c.q.federated.service.FederatedCoordinatorService - Node 111 marked as inactive due to heartbeat timeout
2026-01-17 21:43:02.188 [taskScheduler-5] WARN  c.q.federated.service.FederatedCoordinatorService - Node 11 marked as inactive due to heartbeat timeout
2026-01-17 21:43:02.188 [taskScheduler-5] WARN  c.q.federated.service.FederatedCoordinatorService - Node 111 marked as inactive due to heartbeat timeout
2026-01-17 21:43:07.203 [taskScheduler-5] WARN  c.q.federated.service.FederatedCoordinatorService - Node 11 marked as inactive due to heartbeat timeout
2026-01-17 21:43:07.203 [taskScheduler-5] WARN  c.q.federated.service.FederatedCoordinatorService - Node 111 marked as inactive due to heartbeat timeout
2026-01-17 21:43:12.217 [taskScheduler-5] WARN  c.q.federated.service.FederatedCoordinatorService - Node 11 marked as inactive due to heartbeat timeout
2026-01-17 21:43:12.217 [taskScheduler-5] WARN  c.q.federated.service.FederatedCoordinatorService - Node 111 marked as inactive due to heartbeat timeout
2026-01-17 21:43:17.226 [taskScheduler-5] WARN  c.q.federated.service.FederatedCoordinatorService - Node 11 marked as inactive due to heartbeat timeout
2026-01-17 21:43:17.226 [taskScheduler-5] WARN  c.q.federated.service.FederatedCoordinatorService - Node 111 marked as inactive due to heartbeat timeout
2026-01-17 21:43:22.234 [taskScheduler-5] WARN  c.q.federated.service.FederatedCoordinatorService - Node 11 marked as inactive due to heartbeat timeout
2026-01-17 21:43:22.234 [taskScheduler-5] WARN  c.q.federated.service.FederatedCoordinatorService - Node 111 marked as inactive due to heartbeat timeout
2026-01-17 21:43:27.249 [taskScheduler-5] WARN  c.q.federated.service.FederatedCoordinatorService - Node 11 marked as inactive due to heartbeat timeout
2026-01-17 21:43:27.249 [taskScheduler-5] WARN  c.q.federated.service.FederatedCoordinatorService - Node 111 marked as inactive due to heartbeat timeout
2026-01-17 21:43:32.267 [taskScheduler-5] WARN  c.q.federated.service.FederatedCoordinatorService - Node 11 marked as inactive due to heartbeat timeout
2026-01-17 21:43:32.267 [taskScheduler-5] WARN  c.q.federated.service.FederatedCoordinatorService - Node 111 marked as inactive due to heartbeat timeout
2026-01-17 21:43:37.278 [taskScheduler-5] WARN  c.q.federated.service.FederatedCoordinatorService - Node 11 marked as inactive due to heartbeat timeout
2026-01-17 21:43:37.280 [taskScheduler-5] WARN  c.q.federated.service.FederatedCoordinatorService - Node 111 marked as inactive due to heartbeat timeout
2026-01-17 21:43:42.300 [taskScheduler-5] WARN  c.q.federated.service.FederatedCoordinatorService - Node 11 marked as inactive due to heartbeat timeout
2026-01-17 21:43:42.301 [taskScheduler-5] WARN  c.q.federated.service.FederatedCoordinatorService - Node 111 marked as inactive due to heartbeat timeout
2026-01-17 21:43:47.315 [taskScheduler-5] WARN  c.q.federated.service.FederatedCoordinatorService - Node 11 marked as inactive due to heartbeat timeout
2026-01-17 21:43:47.316 [taskScheduler-5] WARN  c.q.federated.service.FederatedCoordinatorService - Node 111 marked as inactive due to heartbeat timeout
2026-01-17 21:43:52.331 [taskScheduler-5] WARN  c.q.federated.service.FederatedCoordinatorService - Node 11 marked as inactive due to heartbeat timeout
2026-01-17 21:43:52.331 [taskScheduler-5] WARN  c.q.federated.service.FederatedCoordinatorService - Node 111 marked as inactive due to heartbeat timeout
2026-01-17 21:43:57.348 [taskScheduler-5] WARN  c.q.federated.service.FederatedCoordinatorService - Node 11 marked as inactive due to heartbeat timeout
2026-01-17 21:43:57.349 [taskScheduler-5] WARN  c.q.federated.service.FederatedCoordinatorService - Node 111 marked as inactive due to heartbeat timeout
2026-01-17 21:44:02.367 [taskScheduler-5] WARN  c.q.federated.service.FederatedCoordinatorService - Node 11 marked as inactive due to heartbeat timeout
2026-01-17 21:44:02.367 [taskScheduler-5] WARN  c.q.federated.service.FederatedCoordinatorService - Node 111 marked as inactive due to heartbeat timeout
2026-01-17 21:44:07.381 [taskScheduler-5] WARN  c.q.federated.service.FederatedCoordinatorService - Node 11 marked as inactive due to heartbeat timeout
2026-01-17 21:44:07.381 [taskScheduler-5] WARN  c.q.federated.service.FederatedCoordinatorService - Node 111 marked as inactive due to heartbeat timeout
2026-01-17 21:44:12.399 [taskScheduler-5] WARN  c.q.federated.service.FederatedCoordinatorService - Node 11 marked as inactive due to heartbeat timeout
2026-01-17 21:44:12.399 [taskScheduler-5] WARN  c.q.federated.service.FederatedCoordinatorService - Node 111 marked as inactive due to heartbeat timeout
2026-01-17 21:44:17.411 [taskScheduler-5] WARN  c.q.federated.service.FederatedCoordinatorService - Node 11 marked as inactive due to heartbeat timeout
2026-01-17 21:44:17.412 [taskScheduler-5] WARN  c.q.federated.service.FederatedCoordinatorService - Node 111 marked as inactive due to heartbeat timeout
2026-01-17 21:44:22.424 [taskScheduler-5] WARN  c.q.federated.service.FederatedCoordinatorService - Node 11 marked as inactive due to heartbeat timeout
2026-01-17 21:44:22.424 [taskScheduler-5] WARN  c.q.federated.service.FederatedCoordinatorService - Node 111 marked as inactive due to heartbeat timeout
2026-01-17 21:44:27.437 [taskScheduler-5] WARN  c.q.federated.service.FederatedCoordinatorService - Node 11 marked as inactive due to heartbeat timeout
2026-01-17 21:44:27.438 [taskScheduler-5] WARN  c.q.federated.service.FederatedCoordinatorService - Node 111 marked as inactive due to heartbeat timeout
2026-01-17 21:44:32.450 [taskScheduler-5] WARN  c.q.federated.service.FederatedCoordinatorService - Node 11 marked as inactive due to heartbeat timeout
2026-01-17 21:44:32.450 [taskScheduler-5] WARN  c.q.federated.service.FederatedCoordinatorService - Node 111 marked as inactive due to heartbeat timeout
2026-01-17 21:44:37.466 [taskScheduler-5] WARN  c.q.federated.service.FederatedCoordinatorService - Node 11 marked as inactive due to heartbeat timeout
2026-01-17 21:44:37.466 [taskScheduler-5] WARN  c.q.federated.service.FederatedCoordinatorService - Node 111 marked as inactive due to heartbeat timeout
2026-01-17 21:44:42.479 [taskScheduler-5] WARN  c.q.federated.service.FederatedCoordinatorService - Node 11 marked as inactive due to heartbeat timeout
2026-01-17 21:44:42.479 [taskScheduler-5] WARN  c.q.federated.service.FederatedCoordinatorService - Node 111 marked as inactive due to heartbeat timeout
2026-01-17 21:44:47.497 [taskScheduler-5] WARN  c.q.federated.service.FederatedCoordinatorService - Node 11 marked as inactive due to heartbeat timeout
2026-01-17 21:44:47.498 [taskScheduler-5] WARN  c.q.federated.service.FederatedCoordinatorService - Node 111 marked as inactive due to heartbeat timeout
2026-01-17 21:44:52.515 [taskScheduler-5] WARN  c.q.federated.service.FederatedCoordinatorService - Node 11 marked as inactive due to heartbeat timeout
2026-01-17 21:44:52.515 [taskScheduler-5] WARN  c.q.federated.service.FederatedCoordinatorService - Node 111 marked as inactive due to heartbeat timeout
2026-01-17 21:44:57.530 [taskScheduler-5] WARN  c.q.federated.service.FederatedCoordinatorService - Node 11 marked as inactive due to heartbeat timeout
2026-01-17 21:44:57.531 [taskScheduler-5] WARN  c.q.federated.service.FederatedCoordinatorService - Node 111 marked as inactive due to heartbeat timeout
2026-01-17 21:45:02.543 [taskScheduler-5] WARN  c.q.federated.service.FederatedCoordinatorService - Node 11 marked as inactive due to heartbeat timeout
2026-01-17 21:45:02.543 [taskScheduler-5] WARN  c.q.federated.service.FederatedCoordinatorService - Node 111 marked as inactive due to heartbeat timeout
2026-01-17 21:45:07.549 [taskScheduler-5] WARN  c.q.federated.service.FederatedCoordinatorService - Node 11 marked as inactive due to heartbeat timeout
2026-01-17 21:45:07.549 [taskScheduler-5] WARN  c.q.federated.service.FederatedCoordinatorService - Node 111 marked as inactive due to heartbeat timeout
2026-01-17 21:45:12.566 [taskScheduler-5] WARN  c.q.federated.service.FederatedCoordinatorService - Node 11 marked as inactive due to heartbeat timeout
2026-01-17 21:45:12.566 [taskScheduler-5] WARN  c.q.federated.service.FederatedCoordinatorService - Node 111 marked as inactive due to heartbeat timeout
2026-01-17 21:45:17.582 [taskScheduler-5] WARN  c.q.federated.service.FederatedCoordinatorService - Node 11 marked as inactive due to heartbeat timeout
2026-01-17 21:45:17.583 [taskScheduler-5] WARN  c.q.federated.service.FederatedCoordinatorService - Node 111 marked as inactive due to heartbeat timeout
2026-01-17 21:45:22.602 [taskScheduler-5] WARN  c.q.federated.service.FederatedCoordinatorService - Node 11 marked as inactive due to heartbeat timeout
2026-01-17 21:45:22.602 [taskScheduler-5] WARN  c.q.federated.service.FederatedCoordinatorService - Node 111 marked as inactive due to heartbeat timeout
2026-01-17 21:45:27.613 [taskScheduler-5] WARN  c.q.federated.service.FederatedCoordinatorService - Node 11 marked as inactive due to heartbeat timeout
2026-01-17 21:45:27.614 [taskScheduler-5] WARN  c.q.federated.service.FederatedCoordinatorService - Node 111 marked as inactive due to heartbeat timeout
2026-01-17 21:45:32.629 [taskScheduler-5] WARN  c.q.federated.service.FederatedCoordinatorService - Node 11 marked as inactive due to heartbeat timeout
2026-01-17 21:45:32.630 [taskScheduler-5] WARN  c.q.federated.service.FederatedCoordinatorService - Node 111 marked as inactive due to heartbeat timeout
2026-01-17 21:45:37.634 [taskScheduler-5] WARN  c.q.federated.service.FederatedCoordinatorService - Node 11 marked as inactive due to heartbeat timeout
2026-01-17 21:45:37.635 [taskScheduler-5] WARN  c.q.federated.service.FederatedCoordinatorService - Node 111 marked as inactive due to heartbeat timeout
2026-01-17 21:45:42.646 [taskScheduler-5] WARN  c.q.federated.service.FederatedCoordinatorService - Node 11 marked as inactive due to heartbeat timeout
2026-01-17 21:45:42.647 [taskScheduler-5] WARN  c.q.federated.service.FederatedCoordinatorService - Node 111 marked as inactive due to heartbeat timeout
2026-01-17 21:45:47.657 [taskScheduler-5] WARN  c.q.federated.service.FederatedCoordinatorService - Node 11 marked as inactive due to heartbeat timeout
2026-01-17 21:45:47.657 [taskScheduler-5] WARN  c.q.federated.service.FederatedCoordinatorService - Node 111 marked as inactive due to heartbeat timeout
2026-01-17 21:45:52.673 [taskScheduler-5] WARN  c.q.federated.service.FederatedCoordinatorService - Node 11 marked as inactive due to heartbeat timeout
2026-01-17 21:45:52.674 [taskScheduler-5] WARN  c.q.federated.service.FederatedCoordinatorService - Node 111 marked as inactive due to heartbeat timeout
2026-01-17 21:45:57.680 [taskScheduler-5] WARN  c.q.federated.service.FederatedCoordinatorService - Node 11 marked as inactive due to heartbeat timeout
2026-01-17 21:45:57.681 [taskScheduler-5] WARN  c.q.federated.service.FederatedCoordinatorService - Node 111 marked as inactive due to heartbeat timeout
2026-01-17 21:46:02.688 [taskScheduler-5] WARN  c.q.federated.service.FederatedCoordinatorService - Node 11 marked as inactive due to heartbeat timeout
2026-01-17 21:46:02.688 [taskScheduler-5] WARN  c.q.federated.service.FederatedCoordinatorService - Node 111 marked as inactive due to heartbeat timeout
2026-01-17 21:46:07.693 [taskScheduler-5] WARN  c.q.federated.service.FederatedCoordinatorService - Node 11 marked as inactive due to heartbeat timeout
2026-01-17 21:46:07.694 [taskScheduler-5] WARN  c.q.federated.service.FederatedCoordinatorService - Node 111 marked as inactive due to heartbeat timeout
2026-01-17 21:46:12.712 [taskScheduler-5] WARN  c.q.federated.service.FederatedCoordinatorService - Node 11 marked as inactive due to heartbeat timeout
2026-01-17 21:46:12.712 [taskScheduler-5] WARN  c.q.federated.service.FederatedCoordinatorService - Node 111 marked as inactive due to heartbeat timeout
2026-01-17 21:46:17.729 [taskScheduler-5] WARN  c.q.federated.service.FederatedCoordinatorService - Node 11 marked as inactive due to heartbeat timeout
2026-01-17 21:46:17.729 [taskScheduler-5] WARN  c.q.federated.service.FederatedCoordinatorService - Node 111 marked as inactive due to heartbeat timeout
2026-01-17 21:46:22.746 [taskScheduler-5] WARN  c.q.federated.service.FederatedCoordinatorService - Node 11 marked as inactive due to heartbeat timeout
2026-01-17 21:46:22.747 [taskScheduler-5] WARN  c.q.federated.service.FederatedCoordinatorService - Node 111 marked as inactive due to heartbeat timeout
2026-01-17 21:46:27.754 [taskScheduler-5] WARN  c.q.federated.service.FederatedCoordinatorService - Node 11 marked as inactive due to heartbeat timeout
2026-01-17 21:46:27.754 [taskScheduler-5] WARN  c.q.federated.service.FederatedCoordinatorService - Node 111 marked as inactive due to heartbeat timeout
2026-01-17 21:46:32.760 [taskScheduler-5] WARN  c.q.federated.service.FederatedCoordinatorService - Node 11 marked as inactive due to heartbeat timeout
2026-01-17 21:46:32.760 [taskScheduler-5] WARN  c.q.federated.service.FederatedCoordinatorService - Node 111 marked as inactive due to heartbeat timeout
2026-01-17 21:46:37.777 [taskScheduler-5] WARN  c.q.federated.service.FederatedCoordinatorService - Node 11 marked as inactive due to heartbeat timeout
2026-01-17 21:46:37.778 [taskScheduler-5] WARN  c.q.federated.service.FederatedCoordinatorService - Node 111 marked as inactive due to heartbeat timeout
2026-01-17 21:46:42.785 [taskScheduler-5] WARN  c.q.federated.service.FederatedCoordinatorService - Node 11 marked as inactive due to heartbeat timeout
2026-01-17 21:46:42.785 [taskScheduler-5] WARN  c.q.federated.service.FederatedCoordinatorService - Node 111 marked as inactive due to heartbeat timeout
2026-01-17 21:46:47.791 [taskScheduler-5] WARN  c.q.federated.service.FederatedCoordinatorService - Node 11 marked as inactive due to heartbeat timeout
2026-01-17 21:46:47.791 [taskScheduler-5] WARN  c.q.federated.service.FederatedCoordinatorService - Node 111 marked as inactive due to heartbeat timeout
2026-01-17 21:46:52.802 [taskScheduler-5] WARN  c.q.federated.service.FederatedCoordinatorService - Node 11 marked as inactive due to heartbeat timeout
2026-01-17 21:46:52.802 [taskScheduler-5] WARN  c.q.federated.service.FederatedCoordinatorService - Node 111 marked as inactive due to heartbeat timeout
2026-01-17 21:46:57.814 [taskScheduler-5] WARN  c.q.federated.service.FederatedCoordinatorService - Node 11 marked as inactive due to heartbeat timeout
2026-01-17 21:46:57.815 [taskScheduler-5] WARN  c.q.federated.service.FederatedCoordinatorService - Node 111 marked as inactive due to heartbeat timeout
2026-01-17 21:47:02.825 [taskScheduler-5] WARN  c.q.federated.service.FederatedCoordinatorService - Node 11 marked as inactive due to heartbeat timeout
2026-01-17 21:47:02.826 [taskScheduler-5] WARN  c.q.federated.service.FederatedCoordinatorService - Node 111 marked as inactive due to heartbeat timeout
2026-01-17 21:47:07.836 [taskScheduler-5] WARN  c.q.federated.service.FederatedCoordinatorService - Node 11 marked as inactive due to heartbeat timeout
2026-01-17 21:47:07.837 [taskScheduler-5] WARN  c.q.federated.service.FederatedCoordinatorService - Node 111 marked as inactive due to heartbeat timeout
2026-01-17 21:47:12.843 [taskScheduler-5] WARN  c.q.federated.service.FederatedCoordinatorService - Node 11 marked as inactive due to heartbeat timeout
2026-01-17 21:47:12.844 [taskScheduler-5] WARN  c.q.federated.service.FederatedCoordinatorService - Node 111 marked as inactive due to heartbeat timeout
2026-01-17 21:47:17.858 [taskScheduler-5] WARN  c.q.federated.service.FederatedCoordinatorService - Node 11 marked as inactive due to heartbeat timeout
2026-01-17 21:47:17.859 [taskScheduler-5] WARN  c.q.federated.service.FederatedCoordinatorService - Node 111 marked as inactive due to heartbeat timeout
2026-01-17 21:47:22.878 [taskScheduler-5] WARN  c.q.federated.service.FederatedCoordinatorService - Node 11 marked as inactive due to heartbeat timeout
2026-01-17 21:47:22.878 [taskScheduler-5] WARN  c.q.federated.service.FederatedCoordinatorService - Node 111 marked as inactive due to heartbeat timeout
2026-01-17 21:47:27.889 [taskScheduler-5] WARN  c.q.federated.service.FederatedCoordinatorService - Node 11 marked as inactive due to heartbeat timeout
2026-01-17 21:47:27.890 [taskScheduler-5] WARN  c.q.federated.service.FederatedCoordinatorService - Node 111 marked as inactive due to heartbeat timeout
2026-01-17 21:47:32.898 [taskScheduler-5] WARN  c.q.federated.service.FederatedCoordinatorService - Node 11 marked as inactive due to heartbeat timeout
2026-01-17 21:47:32.899 [taskScheduler-5] WARN  c.q.federated.service.FederatedCoordinatorService - Node 111 marked as inactive due to heartbeat timeout
2026-01-17 21:47:37.915 [taskScheduler-5] WARN  c.q.federated.service.FederatedCoordinatorService - Node 11 marked as inactive due to heartbeat timeout
2026-01-17 21:47:37.915 [taskScheduler-5] WARN  c.q.federated.service.FederatedCoordinatorService - Node 111 marked as inactive due to heartbeat timeout
2026-01-17 21:47:42.928 [taskScheduler-5] WARN  c.q.federated.service.FederatedCoordinatorService - Node 11 marked as inactive due to heartbeat timeout
2026-01-17 21:47:42.929 [taskScheduler-5] WARN  c.q.federated.service.FederatedCoordinatorService - Node 111 marked as inactive due to heartbeat timeout
2026-01-17 21:47:47.945 [taskScheduler-5] WARN  c.q.federated.service.FederatedCoordinatorService - Node 11 marked as inactive due to heartbeat timeout
2026-01-17 21:47:47.946 [taskScheduler-5] WARN  c.q.federated.service.FederatedCoordinatorService - Node 111 marked as inactive due to heartbeat timeout
2026-01-17 21:47:52.954 [taskScheduler-5] WARN  c.q.federated.service.FederatedCoordinatorService - Node 11 marked as inactive due to heartbeat timeout
2026-01-17 21:47:52.955 [taskScheduler-5] WARN  c.q.federated.service.FederatedCoordinatorService - Node 111 marked as inactive due to heartbeat timeout
2026-01-17 21:47:57.967 [taskScheduler-5] WARN  c.q.federated.service.FederatedCoordinatorService - Node 11 marked as inactive due to heartbeat timeout
2026-01-17 21:47:57.968 [taskScheduler-5] WARN  c.q.federated.service.FederatedCoordinatorService - Node 111 marked as inactive due to heartbeat timeout
2026-01-17 21:48:02.977 [taskScheduler-5] WARN  c.q.federated.service.FederatedCoordinatorService - Node 11 marked as inactive due to heartbeat timeout
2026-01-17 21:48:02.977 [taskScheduler-5] WARN  c.q.federated.service.FederatedCoordinatorService - Node 111 marked as inactive due to heartbeat timeout
2026-01-17 21:48:07.989 [taskScheduler-5] WARN  c.q.federated.service.FederatedCoordinatorService - Node 11 marked as inactive due to heartbeat timeout
2026-01-17 21:48:07.990 [taskScheduler-5] WARN  c.q.federated.service.FederatedCoordinatorService - Node 111 marked as inactive due to heartbeat timeout
2026-01-17 21:48:12.996 [taskScheduler-5] WARN  c.q.federated.service.FederatedCoordinatorService - Node 11 marked as inactive due to heartbeat timeout
2026-01-17 21:48:12.997 [taskScheduler-5] WARN  c.q.federated.service.FederatedCoordinatorService - Node 111 marked as inactive due to heartbeat timeout
2026-01-17 21:48:18.004 [taskScheduler-5] WARN  c.q.federated.service.FederatedCoordinatorService - Node 11 marked as inactive due to heartbeat timeout
2026-01-17 21:48:18.005 [taskScheduler-5] WARN  c.q.federated.service.FederatedCoordinatorService - Node 111 marked as inactive due to heartbeat timeout
2026-01-17 21:48:23.019 [taskScheduler-5] WARN  c.q.federated.service.FederatedCoordinatorService - Node 11 marked as inactive due to heartbeat timeout
2026-01-17 21:48:23.019 [taskScheduler-5] WARN  c.q.federated.service.FederatedCoordinatorService - Node 111 marked as inactive due to heartbeat timeout
2026-01-17 21:48:28.028 [taskScheduler-5] WARN  c.q.federated.service.FederatedCoordinatorService - Node 11 marked as inactive due to heartbeat timeout
2026-01-17 21:48:28.028 [taskScheduler-5] WARN  c.q.federated.service.FederatedCoordinatorService - Node 111 marked as inactive due to heartbeat timeout
2026-01-17 21:48:33.037 [taskScheduler-5] WARN  c.q.federated.service.FederatedCoordinatorService - Node 11 marked as inactive due to heartbeat timeout
2026-01-17 21:48:33.037 [taskScheduler-5] WARN  c.q.federated.service.FederatedCoordinatorService - Node 111 marked as inactive due to heartbeat timeout
2026-01-17 21:48:38.045 [taskScheduler-5] WARN  c.q.federated.service.FederatedCoordinatorService - Node 11 marked as inactive due to heartbeat timeout
2026-01-17 21:48:38.046 [taskScheduler-5] WARN  c.q.federated.service.FederatedCoordinatorService - Node 111 marked as inactive due to heartbeat timeout
2026-01-17 21:48:43.057 [taskScheduler-5] WARN  c.q.federated.service.FederatedCoordinatorService - Node 11 marked as inactive due to heartbeat timeout
2026-01-17 21:48:43.057 [taskScheduler-5] WARN  c.q.federated.service.FederatedCoordinatorService - Node 111 marked as inactive due to heartbeat timeout
2026-01-17 21:48:48.076 [taskScheduler-5] WARN  c.q.federated.service.FederatedCoordinatorService - Node 11 marked as inactive due to heartbeat timeout
2026-01-17 21:48:48.076 [taskScheduler-5] WARN  c.q.federated.service.FederatedCoordinatorService - Node 111 marked as inactive due to heartbeat timeout
2026-01-17 21:48:53.094 [taskScheduler-5] WARN  c.q.federated.service.FederatedCoordinatorService - Node 11 marked as inactive due to heartbeat timeout
2026-01-17 21:48:53.095 [taskScheduler-5] WARN  c.q.federated.service.FederatedCoordinatorService - Node 111 marked as inactive due to heartbeat timeout
2026-01-17 21:48:58.103 [taskScheduler-5] WARN  c.q.federated.service.FederatedCoordinatorService - Node 11 marked as inactive due to heartbeat timeout
2026-01-17 21:48:58.103 [taskScheduler-5] WARN  c.q.federated.service.FederatedCoordinatorService - Node 111 marked as inactive due to heartbeat timeout
2026-01-17 21:49:03.115 [taskScheduler-5] WARN  c.q.federated.service.FederatedCoordinatorService - Node 11 marked as inactive due to heartbeat timeout
2026-01-17 21:49:03.115 [taskScheduler-5] WARN  c.q.federated.service.FederatedCoordinatorService - Node 111 marked as inactive due to heartbeat timeout
2026-01-17 21:49:08.126 [taskScheduler-5] WARN  c.q.federated.service.FederatedCoordinatorService - Node 11 marked as inactive due to heartbeat timeout
2026-01-17 21:49:08.126 [taskScheduler-5] WARN  c.q.federated.service.FederatedCoordinatorService - Node 111 marked as inactive due to heartbeat timeout
2026-01-17 21:49:13.132 [taskScheduler-5] WARN  c.q.federated.service.FederatedCoordinatorService - Node 11 marked as inactive due to heartbeat timeout
2026-01-17 21:49:13.132 [taskScheduler-5] WARN  c.q.federated.service.FederatedCoordinatorService - Node 111 marked as inactive due to heartbeat timeout
2026-01-17 21:49:18.143 [taskScheduler-5] WARN  c.q.federated.service.FederatedCoordinatorService - Node 11 marked as inactive due to heartbeat timeout
2026-01-17 21:49:18.144 [taskScheduler-5] WARN  c.q.federated.service.FederatedCoordinatorService - Node 111 marked as inactive due to heartbeat timeout
2026-01-17 21:49:23.158 [taskScheduler-5] WARN  c.q.federated.service.FederatedCoordinatorService - Node 11 marked as inactive due to heartbeat timeout
2026-01-17 21:49:23.158 [taskScheduler-5] WARN  c.q.federated.service.FederatedCoordinatorService - Node 111 marked as inactive due to heartbeat timeout
2026-01-17 21:49:28.172 [taskScheduler-5] WARN  c.q.federated.service.FederatedCoordinatorService - Node 11 marked as inactive due to heartbeat timeout
2026-01-17 21:49:28.172 [taskScheduler-5] WARN  c.q.federated.service.FederatedCoordinatorService - Node 111 marked as inactive due to heartbeat timeout
2026-01-17 21:49:33.191 [taskScheduler-5] WARN  c.q.federated.service.FederatedCoordinatorService - Node 11 marked as inactive due to heartbeat timeout
2026-01-17 21:49:33.191 [taskScheduler-5] WARN  c.q.federated.service.FederatedCoordinatorService - Node 111 marked as inactive due to heartbeat timeout
2026-01-17 21:49:38.198 [taskScheduler-5] WARN  c.q.federated.service.FederatedCoordinatorService - Node 11 marked as inactive due to heartbeat timeout
2026-01-17 21:49:38.199 [taskScheduler-5] WARN  c.q.federated.service.FederatedCoordinatorService - Node 111 marked as inactive due to heartbeat timeout
2026-01-17 21:49:43.208 [taskScheduler-5] WARN  c.q.federated.service.FederatedCoordinatorService - Node 11 marked as inactive due to heartbeat timeout
2026-01-17 21:49:43.209 [taskScheduler-5] WARN  c.q.federated.service.FederatedCoordinatorService - Node 111 marked as inactive due to heartbeat timeout
2026-01-17 21:49:48.222 [taskScheduler-5] WARN  c.q.federated.service.FederatedCoordinatorService - Node 11 marked as inactive due to heartbeat timeout
2026-01-17 21:49:48.224 [taskScheduler-5] WARN  c.q.federated.service.FederatedCoordinatorService - Node 111 marked as inactive due to heartbeat timeout
2026-01-17 21:49:53.234 [taskScheduler-5] WARN  c.q.federated.service.FederatedCoordinatorService - Node 11 marked as inactive due to heartbeat timeout
2026-01-17 21:49:53.234 [taskScheduler-5] WARN  c.q.federated.service.FederatedCoordinatorService - Node 111 marked as inactive due to heartbeat timeout
2026-01-17 21:49:58.253 [taskScheduler-5] WARN  c.q.federated.service.FederatedCoordinatorService - Node 11 marked as inactive due to heartbeat timeout
2026-01-17 21:49:58.254 [taskScheduler-5] WARN  c.q.federated.service.FederatedCoordinatorService - Node 111 marked as inactive due to heartbeat timeout
2026-01-17 21:50:03.261 [taskScheduler-5] WARN  c.q.federated.service.FederatedCoordinatorService - Node 11 marked as inactive due to heartbeat timeout
2026-01-17 21:50:03.262 [taskScheduler-5] WARN  c.q.federated.service.FederatedCoordinatorService - Node 111 marked as inactive due to heartbeat timeout
2026-01-17 21:50:08.280 [taskScheduler-5] WARN  c.q.federated.service.FederatedCoordinatorService - Node 11 marked as inactive due to heartbeat timeout
2026-01-17 21:50:08.280 [taskScheduler-5] WARN  c.q.federated.service.FederatedCoordinatorService - Node 111 marked as inactive due to heartbeat timeout
2026-01-17 21:50:13.290 [taskScheduler-5] WARN  c.q.federated.service.FederatedCoordinatorService - Node 11 marked as inactive due to heartbeat timeout
2026-01-17 21:50:13.290 [taskScheduler-5] WARN  c.q.federated.service.FederatedCoordinatorService - Node 111 marked as inactive due to heartbeat timeout
2026-01-17 21:50:18.311 [taskScheduler-5] WARN  c.q.federated.service.FederatedCoordinatorService - Node 11 marked as inactive due to heartbeat timeout
2026-01-17 21:50:18.311 [taskScheduler-5] WARN  c.q.federated.service.FederatedCoordinatorService - Node 111 marked as inactive due to heartbeat timeout
2026-01-17 21:50:23.323 [taskScheduler-5] WARN  c.q.federated.service.FederatedCoordinatorService - Node 11 marked as inactive due to heartbeat timeout
2026-01-17 21:50:23.323 [taskScheduler-5] WARN  c.q.federated.service.FederatedCoordinatorService - Node 111 marked as inactive due to heartbeat timeout
2026-01-17 21:50:28.336 [taskScheduler-5] WARN  c.q.federated.service.FederatedCoordinatorService - Node 11 marked as inactive due to heartbeat timeout
2026-01-17 21:50:28.337 [taskScheduler-5] WARN  c.q.federated.service.FederatedCoordinatorService - Node 111 marked as inactive due to heartbeat timeout
2026-01-17 21:50:33.351 [taskScheduler-5] WARN  c.q.federated.service.FederatedCoordinatorService - Node 11 marked as inactive due to heartbeat timeout
2026-01-17 21:50:33.351 [taskScheduler-5] WARN  c.q.federated.service.FederatedCoordinatorService - Node 111 marked as inactive due to heartbeat timeout
2026-01-17 21:50:38.367 [taskScheduler-5] WARN  c.q.federated.service.FederatedCoordinatorService - Node 11 marked as inactive due to heartbeat timeout
2026-01-17 21:50:38.367 [taskScheduler-5] WARN  c.q.federated.service.FederatedCoordinatorService - Node 111 marked as inactive due to heartbeat timeout
2026-01-17 21:50:43.378 [taskScheduler-5] WARN  c.q.federated.service.FederatedCoordinatorService - Node 11 marked as inactive due to heartbeat timeout
2026-01-17 21:50:43.378 [taskScheduler-5] WARN  c.q.federated.service.FederatedCoordinatorService - Node 111 marked as inactive due to heartbeat timeout
2026-01-17 21:50:48.387 [taskScheduler-5] WARN  c.q.federated.service.FederatedCoordinatorService - Node 11 marked as inactive due to heartbeat timeout
2026-01-17 21:50:48.389 [taskScheduler-5] WARN  c.q.federated.service.FederatedCoordinatorService - Node 111 marked as inactive due to heartbeat timeout
2026-01-17 21:50:53.406 [taskScheduler-5] WARN  c.q.federated.service.FederatedCoordinatorService - Node 11 marked as inactive due to heartbeat timeout
2026-01-17 21:50:53.406 [taskScheduler-5] WARN  c.q.federated.service.FederatedCoordinatorService - Node 111 marked as inactive due to heartbeat timeout
2026-01-17 21:50:58.421 [taskScheduler-5] WARN  c.q.federated.service.FederatedCoordinatorService - Node 11 marked as inactive due to heartbeat timeout
2026-01-17 21:50:58.422 [taskScheduler-5] WARN  c.q.federated.service.FederatedCoordinatorService - Node 111 marked as inactive due to heartbeat timeout
2026-01-17 21:51:03.436 [taskScheduler-5] WARN  c.q.federated.service.FederatedCoordinatorService - Node 11 marked as inactive due to heartbeat timeout
2026-01-17 21:51:03.437 [taskScheduler-5] WARN  c.q.federated.service.FederatedCoordinatorService - Node 111 marked as inactive due to heartbeat timeout
2026-01-17 21:51:08.455 [taskScheduler-5] WARN  c.q.federated.service.FederatedCoordinatorService - Node 11 marked as inactive due to heartbeat timeout
2026-01-17 21:51:08.456 [taskScheduler-5] WARN  c.q.federated.service.FederatedCoordinatorService - Node 111 marked as inactive due to heartbeat timeout
2026-01-17 21:51:13.471 [taskScheduler-5] WARN  c.q.federated.service.FederatedCoordinatorService - Node 11 marked as inactive due to heartbeat timeout
2026-01-17 21:51:13.472 [taskScheduler-5] WARN  c.q.federated.service.FederatedCoordinatorService - Node 111 marked as inactive due to heartbeat timeout
2026-01-17 21:51:18.481 [taskScheduler-5] WARN  c.q.federated.service.FederatedCoordinatorService - Node 11 marked as inactive due to heartbeat timeout
2026-01-17 21:51:18.482 [taskScheduler-5] WARN  c.q.federated.service.FederatedCoordinatorService - Node 111 marked as inactive due to heartbeat timeout
2026-01-17 21:51:23.488 [taskScheduler-5] WARN  c.q.federated.service.FederatedCoordinatorService - Node 11 marked as inactive due to heartbeat timeout
2026-01-17 21:51:23.489 [taskScheduler-5] WARN  c.q.federated.service.FederatedCoordinatorService - Node 111 marked as inactive due to heartbeat timeout
2026-01-17 21:51:28.500 [taskScheduler-5] WARN  c.q.federated.service.FederatedCoordinatorService - Node 11 marked as inactive due to heartbeat timeout
2026-01-17 21:51:28.501 [taskScheduler-5] WARN  c.q.federated.service.FederatedCoordinatorService - Node 111 marked as inactive due to heartbeat timeout
2026-01-17 21:51:33.512 [taskScheduler-5] WARN  c.q.federated.service.FederatedCoordinatorService - Node 11 marked as inactive due to heartbeat timeout
2026-01-17 21:51:33.512 [taskScheduler-5] WARN  c.q.federated.service.FederatedCoordinatorService - Node 111 marked as inactive due to heartbeat timeout
2026-01-17 21:51:38.522 [taskScheduler-5] WARN  c.q.federated.service.FederatedCoordinatorService - Node 11 marked as inactive due to heartbeat timeout
2026-01-17 21:51:38.522 [taskScheduler-5] WARN  c.q.federated.service.FederatedCoordinatorService - Node 111 marked as inactive due to heartbeat timeout
2026-01-17 21:51:43.540 [taskScheduler-5] WARN  c.q.federated.service.FederatedCoordinatorService - Node 11 marked as inactive due to heartbeat timeout
2026-01-17 21:51:43.541 [taskScheduler-5] WARN  c.q.federated.service.FederatedCoordinatorService - Node 111 marked as inactive due to heartbeat timeout
2026-01-17 21:51:48.555 [taskScheduler-5] WARN  c.q.federated.service.FederatedCoordinatorService - Node 11 marked as inactive due to heartbeat timeout
2026-01-17 21:51:48.555 [taskScheduler-5] WARN  c.q.federated.service.FederatedCoordinatorService - Node 111 marked as inactive due to heartbeat timeout
2026-01-17 21:51:53.567 [taskScheduler-5] WARN  c.q.federated.service.FederatedCoordinatorService - Node 11 marked as inactive due to heartbeat timeout
2026-01-17 21:51:53.568 [taskScheduler-5] WARN  c.q.federated.service.FederatedCoordinatorService - Node 111 marked as inactive due to heartbeat timeout
2026-01-17 21:51:58.586 [taskScheduler-5] WARN  c.q.federated.service.FederatedCoordinatorService - Node 11 marked as inactive due to heartbeat timeout
2026-01-17 21:51:58.587 [taskScheduler-5] WARN  c.q.federated.service.FederatedCoordinatorService - Node 111 marked as inactive due to heartbeat timeout
2026-01-17 21:52:03.601 [taskScheduler-5] WARN  c.q.federated.service.FederatedCoordinatorService - Node 11 marked as inactive due to heartbeat timeout
2026-01-17 21:52:03.601 [taskScheduler-5] WARN  c.q.federated.service.FederatedCoordinatorService - Node 111 marked as inactive due to heartbeat timeout
2026-01-17 21:52:08.613 [taskScheduler-5] WARN  c.q.federated.service.FederatedCoordinatorService - Node 11 marked as inactive due to heartbeat timeout
2026-01-17 21:52:08.614 [taskScheduler-5] WARN  c.q.federated.service.FederatedCoordinatorService - Node 111 marked as inactive due to heartbeat timeout
2026-01-17 21:52:13.620 [taskScheduler-5] WARN  c.q.federated.service.FederatedCoordinatorService - Node 11 marked as inactive due to heartbeat timeout
2026-01-17 21:52:13.621 [taskScheduler-5] WARN  c.q.federated.service.FederatedCoordinatorService - Node 111 marked as inactive due to heartbeat timeout
2026-01-17 21:52:18.636 [taskScheduler-5] WARN  c.q.federated.service.FederatedCoordinatorService - Node 11 marked as inactive due to heartbeat timeout
2026-01-17 21:52:18.637 [taskScheduler-5] WARN  c.q.federated.service.FederatedCoordinatorService - Node 111 marked as inactive due to heartbeat timeout
2026-01-17 21:52:23.654 [taskScheduler-5] WARN  c.q.federated.service.FederatedCoordinatorService - Node 11 marked as inactive due to heartbeat timeout
2026-01-17 21:52:23.655 [taskScheduler-5] WARN  c.q.federated.service.FederatedCoordinatorService - Node 111 marked as inactive due to heartbeat timeout
2026-01-17 21:52:28.667 [taskScheduler-5] WARN  c.q.federated.service.FederatedCoordinatorService - Node 11 marked as inactive due to heartbeat timeout
2026-01-17 21:52:28.668 [taskScheduler-5] WARN  c.q.federated.service.FederatedCoordinatorService - Node 111 marked as inactive due to heartbeat timeout
2026-01-17 21:52:33.684 [taskScheduler-5] WARN  c.q.federated.service.FederatedCoordinatorService - Node 11 marked as inactive due to heartbeat timeout
2026-01-17 21:52:33.684 [taskScheduler-5] WARN  c.q.federated.service.FederatedCoordinatorService - Node 111 marked as inactive due to heartbeat timeout
2026-01-17 21:52:38.703 [taskScheduler-5] WARN  c.q.federated.service.FederatedCoordinatorService - Node 11 marked as inactive due to heartbeat timeout
2026-01-17 21:52:38.704 [taskScheduler-5] WARN  c.q.federated.service.FederatedCoordinatorService - Node 111 marked as inactive due to heartbeat timeout
2026-01-17 21:52:43.714 [taskScheduler-5] WARN  c.q.federated.service.FederatedCoordinatorService - Node 11 marked as inactive due to heartbeat timeout
2026-01-17 21:52:43.715 [taskScheduler-5] WARN  c.q.federated.service.FederatedCoordinatorService - Node 111 marked as inactive due to heartbeat timeout
2026-01-17 21:52:48.720 [taskScheduler-5] WARN  c.q.federated.service.FederatedCoordinatorService - Node 11 marked as inactive due to heartbeat timeout
2026-01-17 21:52:48.721 [taskScheduler-5] WARN  c.q.federated.service.FederatedCoordinatorService - Node 111 marked as inactive due to heartbeat timeout
2026-01-17 21:52:53.735 [taskScheduler-5] WARN  c.q.federated.service.FederatedCoordinatorService - Node 11 marked as inactive due to heartbeat timeout
2026-01-17 21:52:53.736 [taskScheduler-5] WARN  c.q.federated.service.FederatedCoordinatorService - Node 111 marked as inactive due to heartbeat timeout
2026-01-17 21:52:58.748 [taskScheduler-5] WARN  c.q.federated.service.FederatedCoordinatorService - Node 11 marked as inactive due to heartbeat timeout
2026-01-17 21:52:58.748 [taskScheduler-5] WARN  c.q.federated.service.FederatedCoordinatorService - Node 111 marked as inactive due to heartbeat timeout
2026-01-17 21:53:03.753 [taskScheduler-5] WARN  c.q.federated.service.FederatedCoordinatorService - Node 11 marked as inactive due to heartbeat timeout
2026-01-17 21:53:03.754 [taskScheduler-5] WARN  c.q.federated.service.FederatedCoordinatorService - Node 111 marked as inactive due to heartbeat timeout
2026-01-17 21:53:08.766 [taskScheduler-5] WARN  c.q.federated.service.FederatedCoordinatorService - Node 11 marked as inactive due to heartbeat timeout
2026-01-17 21:53:08.767 [taskScheduler-5] WARN  c.q.federated.service.FederatedCoordinatorService - Node 111 marked as inactive due to heartbeat timeout
2026-01-17 21:53:13.774 [taskScheduler-5] WARN  c.q.federated.service.FederatedCoordinatorService - Node 11 marked as inactive due to heartbeat timeout
2026-01-17 21:53:13.775 [taskScheduler-5] WARN  c.q.federated.service.FederatedCoordinatorService - Node 111 marked as inactive due to heartbeat timeout
2026-01-17 21:53:18.788 [taskScheduler-5] WARN  c.q.federated.service.FederatedCoordinatorService - Node 11 marked as inactive due to heartbeat timeout
2026-01-17 21:53:18.789 [taskScheduler-5] WARN  c.q.federated.service.FederatedCoordinatorService - Node 111 marked as inactive due to heartbeat timeout
2026-01-17 21:53:23.801 [taskScheduler-5] WARN  c.q.federated.service.FederatedCoordinatorService - Node 11 marked as inactive due to heartbeat timeout
2026-01-17 21:53:23.802 [taskScheduler-5] WARN  c.q.federated.service.FederatedCoordinatorService - Node 111 marked as inactive due to heartbeat timeout
2026-01-17 21:53:28.820 [taskScheduler-5] WARN  c.q.federated.service.FederatedCoordinatorService - Node 11 marked as inactive due to heartbeat timeout
2026-01-17 21:53:28.821 [taskScheduler-5] WARN  c.q.federated.service.FederatedCoordinatorService - Node 111 marked as inactive due to heartbeat timeout
2026-01-17 21:53:33.828 [taskScheduler-5] WARN  c.q.federated.service.FederatedCoordinatorService - Node 11 marked as inactive due to heartbeat timeout
2026-01-17 21:53:33.829 [taskScheduler-5] WARN  c.q.federated.service.FederatedCoordinatorService - Node 111 marked as inactive due to heartbeat timeout
2026-01-17 21:53:38.849 [taskScheduler-5] WARN  c.q.federated.service.FederatedCoordinatorService - Node 11 marked as inactive due to heartbeat timeout
2026-01-17 21:53:38.849 [taskScheduler-5] WARN  c.q.federated.service.FederatedCoordinatorService - Node 111 marked as inactive due to heartbeat timeout
2026-01-17 21:53:43.868 [taskScheduler-5] WARN  c.q.federated.service.FederatedCoordinatorService - Node 11 marked as inactive due to heartbeat timeout
2026-01-17 21:53:43.868 [taskScheduler-5] WARN  c.q.federated.service.FederatedCoordinatorService - Node 111 marked as inactive due to heartbeat timeout
2026-01-17 21:53:48.883 [taskScheduler-5] WARN  c.q.federated.service.FederatedCoordinatorService - Node 11 marked as inactive due to heartbeat timeout
2026-01-17 21:53:48.884 [taskScheduler-5] WARN  c.q.federated.service.FederatedCoordinatorService - Node 111 marked as inactive due to heartbeat timeout
2026-01-17 21:53:53.902 [taskScheduler-5] WARN  c.q.federated.service.FederatedCoordinatorService - Node 11 marked as inactive due to heartbeat timeout
2026-01-17 21:53:53.902 [taskScheduler-5] WARN  c.q.federated.service.FederatedCoordinatorService - Node 111 marked as inactive due to heartbeat timeout
2026-01-17 21:53:58.919 [taskScheduler-5] WARN  c.q.federated.service.FederatedCoordinatorService - Node 11 marked as inactive due to heartbeat timeout
2026-01-17 21:53:58.919 [taskScheduler-5] WARN  c.q.federated.service.FederatedCoordinatorService - Node 111 marked as inactive due to heartbeat timeout
2026-01-17 21:54:03.934 [taskScheduler-5] WARN  c.q.federated.service.FederatedCoordinatorService - Node 11 marked as inactive due to heartbeat timeout
2026-01-17 21:54:03.935 [taskScheduler-5] WARN  c.q.federated.service.FederatedCoordinatorService - Node 111 marked as inactive due to heartbeat timeout
2026-01-17 21:54:08.947 [taskScheduler-5] WARN  c.q.federated.service.FederatedCoordinatorService - Node 11 marked as inactive due to heartbeat timeout
2026-01-17 21:54:08.948 [taskScheduler-5] WARN  c.q.federated.service.FederatedCoordinatorService - Node 111 marked as inactive due to heartbeat timeout
2026-01-17 21:54:13.958 [taskScheduler-5] WARN  c.q.federated.service.FederatedCoordinatorService - Node 11 marked as inactive due to heartbeat timeout
2026-01-17 21:54:13.958 [taskScheduler-5] WARN  c.q.federated.service.FederatedCoordinatorService - Node 111 marked as inactive due to heartbeat timeout
2026-01-17 21:54:18.967 [taskScheduler-5] WARN  c.q.federated.service.FederatedCoordinatorService - Node 11 marked as inactive due to heartbeat timeout
2026-01-17 21:54:18.967 [taskScheduler-5] WARN  c.q.federated.service.FederatedCoordinatorService - Node 111 marked as inactive due to heartbeat timeout
2026-01-17 21:54:23.981 [taskScheduler-5] WARN  c.q.federated.service.FederatedCoordinatorService - Node 11 marked as inactive due to heartbeat timeout
2026-01-17 21:54:23.982 [taskScheduler-5] WARN  c.q.federated.service.FederatedCoordinatorService - Node 111 marked as inactive due to heartbeat timeout
2026-01-17 21:54:28.990 [taskScheduler-5] WARN  c.q.federated.service.FederatedCoordinatorService - Node 11 marked as inactive due to heartbeat timeout
2026-01-17 21:54:28.991 [taskScheduler-5] WARN  c.q.federated.service.FederatedCoordinatorService - Node 111 marked as inactive due to heartbeat timeout
2026-01-17 21:54:34.010 [taskScheduler-5] WARN  c.q.federated.service.FederatedCoordinatorService - Node 11 marked as inactive due to heartbeat timeout
2026-01-17 21:54:34.010 [taskScheduler-5] WARN  c.q.federated.service.FederatedCoordinatorService - Node 111 marked as inactive due to heartbeat timeout
2026-01-17 21:54:39.024 [taskScheduler-5] WARN  c.q.federated.service.FederatedCoordinatorService - Node 11 marked as inactive due to heartbeat timeout
2026-01-17 21:54:39.024 [taskScheduler-5] WARN  c.q.federated.service.FederatedCoordinatorService - Node 111 marked as inactive due to heartbeat timeout
2026-01-17 21:54:44.041 [taskScheduler-5] WARN  c.q.federated.service.FederatedCoordinatorService - Node 11 marked as inactive due to heartbeat timeout
2026-01-17 21:54:44.041 [taskScheduler-5] WARN  c.q.federated.service.FederatedCoordinatorService - Node 111 marked as inactive due to heartbeat timeout
2026-01-17 21:54:49.048 [taskScheduler-5] WARN  c.q.federated.service.FederatedCoordinatorService - Node 11 marked as inactive due to heartbeat timeout
2026-01-17 21:54:49.048 [taskScheduler-5] WARN  c.q.federated.service.FederatedCoordinatorService - Node 111 marked as inactive due to heartbeat timeout
2026-01-17 21:54:54.057 [taskScheduler-5] WARN  c.q.federated.service.FederatedCoordinatorService - Node 11 marked as inactive due to heartbeat timeout
2026-01-17 21:54:54.058 [taskScheduler-5] WARN  c.q.federated.service.FederatedCoordinatorService - Node 111 marked as inactive due to heartbeat timeout
2026-01-17 21:54:59.066 [taskScheduler-5] WARN  c.q.federated.service.FederatedCoordinatorService - Node 11 marked as inactive due to heartbeat timeout
2026-01-17 21:54:59.066 [taskScheduler-5] WARN  c.q.federated.service.FederatedCoordinatorService - Node 111 marked as inactive due to heartbeat timeout
2026-01-17 21:55:04.083 [taskScheduler-5] WARN  c.q.federated.service.FederatedCoordinatorService - Node 11 marked as inactive due to heartbeat timeout
2026-01-17 21:55:04.083 [taskScheduler-5] WARN  c.q.federated.service.FederatedCoordinatorService - Node 111 marked as inactive due to heartbeat timeout
2026-01-17 21:55:09.097 [taskScheduler-5] WARN  c.q.federated.service.FederatedCoordinatorService - Node 11 marked as inactive due to heartbeat timeout
2026-01-17 21:55:09.097 [taskScheduler-5] WARN  c.q.federated.service.FederatedCoordinatorService - Node 111 marked as inactive due to heartbeat timeout
2026-01-17 21:55:14.116 [taskScheduler-5] WARN  c.q.federated.service.FederatedCoordinatorService - Node 11 marked as inactive due to heartbeat timeout
2026-01-17 21:55:14.117 [taskScheduler-5] WARN  c.q.federated.service.FederatedCoordinatorService - Node 111 marked as inactive due to heartbeat timeout
2026-01-17 21:55:19.132 [taskScheduler-5] WARN  c.q.federated.service.FederatedCoordinatorService - Node 11 marked as inactive due to heartbeat timeout
2026-01-17 21:55:19.133 [taskScheduler-5] WARN  c.q.federated.service.FederatedCoordinatorService - Node 111 marked as inactive due to heartbeat timeout
2026-01-17 21:55:24.150 [taskScheduler-5] WARN  c.q.federated.service.FederatedCoordinatorService - Node 11 marked as inactive due to heartbeat timeout
2026-01-17 21:55:24.150 [taskScheduler-5] WARN  c.q.federated.service.FederatedCoordinatorService - Node 111 marked as inactive due to heartbeat timeout
2026-01-17 21:55:29.165 [taskScheduler-5] WARN  c.q.federated.service.FederatedCoordinatorService - Node 11 marked as inactive due to heartbeat timeout
2026-01-17 21:55:29.166 [taskScheduler-5] WARN  c.q.federated.service.FederatedCoordinatorService - Node 111 marked as inactive due to heartbeat timeout
2026-01-17 21:55:34.184 [taskScheduler-5] WARN  c.q.federated.service.FederatedCoordinatorService - Node 11 marked as inactive due to heartbeat timeout
2026-01-17 21:55:34.185 [taskScheduler-5] WARN  c.q.federated.service.FederatedCoordinatorService - Node 111 marked as inactive due to heartbeat timeout
2026-01-17 21:55:39.191 [taskScheduler-5] WARN  c.q.federated.service.FederatedCoordinatorService - Node 11 marked as inactive due to heartbeat timeout
2026-01-17 21:55:39.192 [taskScheduler-5] WARN  c.q.federated.service.FederatedCoordinatorService - Node 111 marked as inactive due to heartbeat timeout
2026-01-17 21:55:44.198 [taskScheduler-5] WARN  c.q.federated.service.FederatedCoordinatorService - Node 11 marked as inactive due to heartbeat timeout
2026-01-17 21:55:44.198 [taskScheduler-5] WARN  c.q.federated.service.FederatedCoordinatorService - Node 111 marked as inactive due to heartbeat timeout
2026-01-17 21:55:49.217 [taskScheduler-5] WARN  c.q.federated.service.FederatedCoordinatorService - Node 11 marked as inactive due to heartbeat timeout
2026-01-17 21:55:49.217 [taskScheduler-5] WARN  c.q.federated.service.FederatedCoordinatorService - Node 111 marked as inactive due to heartbeat timeout
2026-01-17 21:55:54.224 [taskScheduler-5] WARN  c.q.federated.service.FederatedCoordinatorService - Node 11 marked as inactive due to heartbeat timeout
2026-01-17 21:55:54.225 [taskScheduler-5] WARN  c.q.federated.service.FederatedCoordinatorService - Node 111 marked as inactive due to heartbeat timeout
2026-01-17 21:55:59.233 [taskScheduler-5] WARN  c.q.federated.service.FederatedCoordinatorService - Node 11 marked as inactive due to heartbeat timeout
2026-01-17 21:55:59.233 [taskScheduler-5] WARN  c.q.federated.service.FederatedCoordinatorService - Node 111 marked as inactive due to heartbeat timeout
2026-01-17 21:56:04.244 [taskScheduler-5] WARN  c.q.federated.service.FederatedCoordinatorService - Node 11 marked as inactive due to heartbeat timeout
2026-01-17 21:56:04.244 [taskScheduler-5] WARN  c.q.federated.service.FederatedCoordinatorService - Node 111 marked as inactive due to heartbeat timeout
2026-01-17 21:56:09.262 [taskScheduler-5] WARN  c.q.federated.service.FederatedCoordinatorService - Node 11 marked as inactive due to heartbeat timeout
2026-01-17 21:56:09.262 [taskScheduler-5] WARN  c.q.federated.service.FederatedCoordinatorService - Node 111 marked as inactive due to heartbeat timeout
2026-01-17 21:56:14.280 [taskScheduler-5] WARN  c.q.federated.service.FederatedCoordinatorService - Node 11 marked as inactive due to heartbeat timeout
2026-01-17 21:56:14.280 [taskScheduler-5] WARN  c.q.federated.service.FederatedCoordinatorService - Node 111 marked as inactive due to heartbeat timeout
2026-01-17 21:56:19.293 [taskScheduler-5] WARN  c.q.federated.service.FederatedCoordinatorService - Node 11 marked as inactive due to heartbeat timeout
2026-01-17 21:56:19.293 [taskScheduler-5] WARN  c.q.federated.service.FederatedCoordinatorService - Node 111 marked as inactive due to heartbeat timeout
2026-01-17 21:56:24.312 [taskScheduler-5] WARN  c.q.federated.service.FederatedCoordinatorService - Node 11 marked as inactive due to heartbeat timeout
2026-01-17 21:56:24.313 [taskScheduler-5] WARN  c.q.federated.service.FederatedCoordinatorService - Node 111 marked as inactive due to heartbeat timeout
2026-01-17 21:56:29.330 [taskScheduler-5] WARN  c.q.federated.service.FederatedCoordinatorService - Node 11 marked as inactive due to heartbeat timeout
2026-01-17 21:56:29.331 [taskScheduler-5] WARN  c.q.federated.service.FederatedCoordinatorService - Node 111 marked as inactive due to heartbeat timeout
2026-01-17 21:56:34.347 [taskScheduler-5] WARN  c.q.federated.service.FederatedCoordinatorService - Node 11 marked as inactive due to heartbeat timeout
2026-01-17 21:56:34.348 [taskScheduler-5] WARN  c.q.federated.service.FederatedCoordinatorService - Node 111 marked as inactive due to heartbeat timeout
2026-01-17 21:56:39.361 [taskScheduler-5] WARN  c.q.federated.service.FederatedCoordinatorService - Node 11 marked as inactive due to heartbeat timeout
2026-01-17 21:56:39.362 [taskScheduler-5] WARN  c.q.federated.service.FederatedCoordinatorService - Node 111 marked as inactive due to heartbeat timeout
2026-01-17 21:56:44.372 [taskScheduler-5] WARN  c.q.federated.service.FederatedCoordinatorService - Node 11 marked as inactive due to heartbeat timeout
2026-01-17 21:56:44.372 [taskScheduler-5] WARN  c.q.federated.service.FederatedCoordinatorService - Node 111 marked as inactive due to heartbeat timeout
2026-01-17 21:56:49.377 [taskScheduler-5] WARN  c.q.federated.service.FederatedCoordinatorService - Node 11 marked as inactive due to heartbeat timeout
2026-01-17 21:56:49.378 [taskScheduler-5] WARN  c.q.federated.service.FederatedCoordinatorService - Node 111 marked as inactive due to heartbeat timeout
2026-01-17 21:56:54.395 [taskScheduler-5] WARN  c.q.federated.service.FederatedCoordinatorService - Node 11 marked as inactive due to heartbeat timeout
2026-01-17 21:56:54.396 [taskScheduler-5] WARN  c.q.federated.service.FederatedCoordinatorService - Node 111 marked as inactive due to heartbeat timeout
2026-01-17 21:56:59.403 [taskScheduler-5] WARN  c.q.federated.service.FederatedCoordinatorService - Node 11 marked as inactive due to heartbeat timeout
2026-01-17 21:56:59.404 [taskScheduler-5] WARN  c.q.federated.service.FederatedCoordinatorService - Node 111 marked as inactive due to heartbeat timeout
2026-01-17 21:57:04.410 [taskScheduler-5] WARN  c.q.federated.service.FederatedCoordinatorService - Node 11 marked as inactive due to heartbeat timeout
2026-01-17 21:57:04.410 [taskScheduler-5] WARN  c.q.federated.service.FederatedCoordinatorService - Node 111 marked as inactive due to heartbeat timeout
2026-01-17 21:57:09.428 [taskScheduler-5] WARN  c.q.federated.service.FederatedCoordinatorService - Node 11 marked as inactive due to heartbeat timeout
2026-01-17 21:57:09.429 [taskScheduler-5] WARN  c.q.federated.service.FederatedCoordinatorService - Node 111 marked as inactive due to heartbeat timeout
2026-01-17 21:57:14.449 [taskScheduler-5] WARN  c.q.federated.service.FederatedCoordinatorService - Node 11 marked as inactive due to heartbeat timeout
2026-01-17 21:57:14.450 [taskScheduler-5] WARN  c.q.federated.service.FederatedCoordinatorService - Node 111 marked as inactive due to heartbeat timeout
2026-01-17 21:57:19.465 [taskScheduler-5] WARN  c.q.federated.service.FederatedCoordinatorService - Node 11 marked as inactive due to heartbeat timeout
2026-01-17 21:57:19.465 [taskScheduler-5] WARN  c.q.federated.service.FederatedCoordinatorService - Node 111 marked as inactive due to heartbeat timeout
2026-01-17 21:57:24.481 [taskScheduler-5] WARN  c.q.federated.service.FederatedCoordinatorService - Node 11 marked as inactive due to heartbeat timeout
2026-01-17 21:57:24.482 [taskScheduler-5] WARN  c.q.federated.service.FederatedCoordinatorService - Node 111 marked as inactive due to heartbeat timeout
2026-01-17 21:57:29.500 [taskScheduler-5] WARN  c.q.federated.service.FederatedCoordinatorService - Node 11 marked as inactive due to heartbeat timeout
2026-01-17 21:57:29.500 [taskScheduler-5] WARN  c.q.federated.service.FederatedCoordinatorService - Node 111 marked as inactive due to heartbeat timeout
2026-01-17 21:57:34.520 [taskScheduler-5] WARN  c.q.federated.service.FederatedCoordinatorService - Node 11 marked as inactive due to heartbeat timeout
2026-01-17 21:57:34.520 [taskScheduler-5] WARN  c.q.federated.service.FederatedCoordinatorService - Node 111 marked as inactive due to heartbeat timeout
2026-01-17 21:57:39.530 [taskScheduler-5] WARN  c.q.federated.service.FederatedCoordinatorService - Node 11 marked as inactive due to heartbeat timeout
2026-01-17 21:57:39.530 [taskScheduler-5] WARN  c.q.federated.service.FederatedCoordinatorService - Node 111 marked as inactive due to heartbeat timeout
2026-01-17 21:57:44.537 [taskScheduler-5] WARN  c.q.federated.service.FederatedCoordinatorService - Node 11 marked as inactive due to heartbeat timeout
2026-01-17 21:57:44.538 [taskScheduler-5] WARN  c.q.federated.service.FederatedCoordinatorService - Node 111 marked as inactive due to heartbeat timeout
2026-01-17 21:57:49.550 [taskScheduler-5] WARN  c.q.federated.service.FederatedCoordinatorService - Node 11 marked as inactive due to heartbeat timeout
2026-01-17 21:57:49.550 [taskScheduler-5] WARN  c.q.federated.service.FederatedCoordinatorService - Node 111 marked as inactive due to heartbeat timeout
2026-01-17 21:57:54.560 [taskScheduler-5] WARN  c.q.federated.service.FederatedCoordinatorService - Node 11 marked as inactive due to heartbeat timeout
2026-01-17 21:57:54.560 [taskScheduler-5] WARN  c.q.federated.service.FederatedCoordinatorService - Node 111 marked as inactive due to heartbeat timeout
2026-01-17 21:57:59.579 [taskScheduler-5] WARN  c.q.federated.service.FederatedCoordinatorService - Node 11 marked as inactive due to heartbeat timeout
2026-01-17 21:57:59.579 [taskScheduler-5] WARN  c.q.federated.service.FederatedCoordinatorService - Node 111 marked as inactive due to heartbeat timeout
2026-01-17 21:58:04.593 [taskScheduler-5] WARN  c.q.federated.service.FederatedCoordinatorService - Node 11 marked as inactive due to heartbeat timeout
2026-01-17 21:58:04.593 [taskScheduler-5] WARN  c.q.federated.service.FederatedCoordinatorService - Node 111 marked as inactive due to heartbeat timeout
2026-01-17 21:58:09.602 [taskScheduler-5] WARN  c.q.federated.service.FederatedCoordinatorService - Node 11 marked as inactive due to heartbeat timeout
2026-01-17 21:58:09.602 [taskScheduler-5] WARN  c.q.federated.service.FederatedCoordinatorService - Node 111 marked as inactive due to heartbeat timeout
2026-01-17 21:58:14.614 [taskScheduler-5] WARN  c.q.federated.service.FederatedCoordinatorService - Node 11 marked as inactive due to heartbeat timeout
2026-01-17 21:58:14.614 [taskScheduler-5] WARN  c.q.federated.service.FederatedCoordinatorService - Node 111 marked as inactive due to heartbeat timeout
2026-01-17 21:58:19.628 [taskScheduler-5] WARN  c.q.federated.service.FederatedCoordinatorService - Node 11 marked as inactive due to heartbeat timeout
2026-01-17 21:58:19.629 [taskScheduler-5] WARN  c.q.federated.service.FederatedCoordinatorService - Node 111 marked as inactive due to heartbeat timeout
2026-01-17 21:58:24.638 [taskScheduler-5] WARN  c.q.federated.service.FederatedCoordinatorService - Node 11 marked as inactive due to heartbeat timeout
2026-01-17 21:58:24.639 [taskScheduler-5] WARN  c.q.federated.service.FederatedCoordinatorService - Node 111 marked as inactive due to heartbeat timeout
2026-01-17 21:58:29.654 [taskScheduler-5] WARN  c.q.federated.service.FederatedCoordinatorService - Node 11 marked as inactive due to heartbeat timeout
2026-01-17 21:58:29.654 [taskScheduler-5] WARN  c.q.federated.service.FederatedCoordinatorService - Node 111 marked as inactive due to heartbeat timeout
2026-01-17 21:58:34.674 [taskScheduler-5] WARN  c.q.federated.service.FederatedCoordinatorService - Node 11 marked as inactive due to heartbeat timeout
2026-01-17 21:58:34.674 [taskScheduler-5] WARN  c.q.federated.service.FederatedCoordinatorService - Node 111 marked as inactive due to heartbeat timeout
2026-01-17 21:58:39.684 [taskScheduler-5] WARN  c.q.federated.service.FederatedCoordinatorService - Node 11 marked as inactive due to heartbeat timeout
2026-01-17 21:58:39.684 [taskScheduler-5] WARN  c.q.federated.service.FederatedCoordinatorService - Node 111 marked as inactive due to heartbeat timeout
2026-01-17 21:58:44.694 [taskScheduler-5] WARN  c.q.federated.service.FederatedCoordinatorService - Node 11 marked as inactive due to heartbeat timeout
2026-01-17 21:58:44.694 [taskScheduler-5] WARN  c.q.federated.service.FederatedCoordinatorService - Node 111 marked as inactive due to heartbeat timeout
2026-01-17 21:58:49.711 [taskScheduler-5] WARN  c.q.federated.service.FederatedCoordinatorService - Node 11 marked as inactive due to heartbeat timeout
2026-01-17 21:58:49.711 [taskScheduler-5] WARN  c.q.federated.service.FederatedCoordinatorService - Node 111 marked as inactive due to heartbeat timeout
2026-01-17 21:58:54.726 [taskScheduler-5] WARN  c.q.federated.service.FederatedCoordinatorService - Node 11 marked as inactive due to heartbeat timeout
2026-01-17 21:58:54.727 [taskScheduler-5] WARN  c.q.federated.service.FederatedCoordinatorService - Node 111 marked as inactive due to heartbeat timeout
2026-01-17 21:58:59.743 [taskScheduler-5] WARN  c.q.federated.service.FederatedCoordinatorService - Node 11 marked as inactive due to heartbeat timeout
2026-01-17 21:58:59.743 [taskScheduler-5] WARN  c.q.federated.service.FederatedCoordinatorService - Node 111 marked as inactive due to heartbeat timeout
2026-01-17 21:59:04.763 [taskScheduler-5] WARN  c.q.federated.service.FederatedCoordinatorService - Node 11 marked as inactive due to heartbeat timeout
2026-01-17 21:59:04.764 [taskScheduler-5] WARN  c.q.federated.service.FederatedCoordinatorService - Node 111 marked as inactive due to heartbeat timeout
2026-01-17 21:59:09.773 [taskScheduler-5] WARN  c.q.federated.service.FederatedCoordinatorService - Node 11 marked as inactive due to heartbeat timeout
2026-01-17 21:59:09.774 [taskScheduler-5] WARN  c.q.federated.service.FederatedCoordinatorService - Node 111 marked as inactive due to heartbeat timeout
2026-01-17 21:59:14.783 [taskScheduler-5] WARN  c.q.federated.service.FederatedCoordinatorService - Node 11 marked as inactive due to heartbeat timeout
2026-01-17 21:59:14.784 [taskScheduler-5] WARN  c.q.federated.service.FederatedCoordinatorService - Node 111 marked as inactive due to heartbeat timeout
2026-01-17 21:59:19.797 [taskScheduler-5] WARN  c.q.federated.service.FederatedCoordinatorService - Node 11 marked as inactive due to heartbeat timeout
2026-01-17 21:59:19.797 [taskScheduler-5] WARN  c.q.federated.service.FederatedCoordinatorService - Node 111 marked as inactive due to heartbeat timeout
2026-01-17 21:59:24.803 [taskScheduler-5] WARN  c.q.federated.service.FederatedCoordinatorService - Node 11 marked as inactive due to heartbeat timeout
2026-01-17 21:59:24.803 [taskScheduler-5] WARN  c.q.federated.service.FederatedCoordinatorService - Node 111 marked as inactive due to heartbeat timeout
2026-01-17 21:59:29.811 [taskScheduler-5] WARN  c.q.federated.service.FederatedCoordinatorService - Node 11 marked as inactive due to heartbeat timeout
2026-01-17 21:59:29.812 [taskScheduler-5] WARN  c.q.federated.service.FederatedCoordinatorService - Node 111 marked as inactive due to heartbeat timeout
2026-01-17 21:59:34.819 [taskScheduler-5] WARN  c.q.federated.service.FederatedCoordinatorService - Node 11 marked as inactive due to heartbeat timeout
2026-01-17 21:59:34.820 [taskScheduler-5] WARN  c.q.federated.service.FederatedCoordinatorService - Node 111 marked as inactive due to heartbeat timeout
2026-01-17 21:59:39.837 [taskScheduler-5] WARN  c.q.federated.service.FederatedCoordinatorService - Node 11 marked as inactive due to heartbeat timeout
2026-01-17 21:59:39.837 [taskScheduler-5] WARN  c.q.federated.service.FederatedCoordinatorService - Node 111 marked as inactive due to heartbeat timeout
2026-01-17 21:59:44.857 [taskScheduler-5] WARN  c.q.federated.service.FederatedCoordinatorService - Node 11 marked as inactive due to heartbeat timeout
2026-01-17 21:59:44.857 [taskScheduler-5] WARN  c.q.federated.service.FederatedCoordinatorService - Node 111 marked as inactive due to heartbeat timeout
2026-01-17 21:59:49.871 [taskScheduler-5] WARN  c.q.federated.service.FederatedCoordinatorService - Node 11 marked as inactive due to heartbeat timeout
2026-01-17 21:59:49.871 [taskScheduler-5] WARN  c.q.federated.service.FederatedCoordinatorService - Node 111 marked as inactive due to heartbeat timeout
2026-01-17 21:59:54.877 [taskScheduler-5] WARN  c.q.federated.service.FederatedCoordinatorService - Node 11 marked as inactive due to heartbeat timeout
2026-01-17 21:59:54.878 [taskScheduler-5] WARN  c.q.federated.service.FederatedCoordinatorService - Node 111 marked as inactive due to heartbeat timeout
2026-01-17 21:59:59.891 [taskScheduler-5] WARN  c.q.federated.service.FederatedCoordinatorService - Node 11 marked as inactive due to heartbeat timeout
2026-01-17 21:59:59.892 [taskScheduler-5] WARN  c.q.federated.service.FederatedCoordinatorService - Node 111 marked as inactive due to heartbeat timeout
2026-01-17 22:00:04.906 [taskScheduler-5] WARN  c.q.federated.service.FederatedCoordinatorService - Node 11 marked as inactive due to heartbeat timeout
2026-01-17 22:00:04.906 [taskScheduler-5] WARN  c.q.federated.service.FederatedCoordinatorService - Node 111 marked as inactive due to heartbeat timeout
2026-01-17 22:00:09.928 [taskScheduler-5] WARN  c.q.federated.service.FederatedCoordinatorService - Node 11 marked as inactive due to heartbeat timeout
2026-01-17 22:00:09.929 [taskScheduler-5] WARN  c.q.federated.service.FederatedCoordinatorService - Node 111 marked as inactive due to heartbeat timeout
2026-01-17 22:00:14.936 [taskScheduler-5] WARN  c.q.federated.service.FederatedCoordinatorService - Node 11 marked as inactive due to heartbeat timeout
2026-01-17 22:00:14.936 [taskScheduler-5] WARN  c.q.federated.service.FederatedCoordinatorService - Node 111 marked as inactive due to heartbeat timeout
2026-01-17 22:00:19.945 [taskScheduler-5] WARN  c.q.federated.service.FederatedCoordinatorService - Node 11 marked as inactive due to heartbeat timeout
2026-01-17 22:00:19.945 [taskScheduler-5] WARN  c.q.federated.service.FederatedCoordinatorService - Node 111 marked as inactive due to heartbeat timeout
2026-01-17 22:00:24.958 [taskScheduler-5] WARN  c.q.federated.service.FederatedCoordinatorService - Node 11 marked as inactive due to heartbeat timeout
2026-01-17 22:00:24.959 [taskScheduler-5] WARN  c.q.federated.service.FederatedCoordinatorService - Node 111 marked as inactive due to heartbeat timeout
2026-01-17 22:00:29.972 [taskScheduler-5] WARN  c.q.federated.service.FederatedCoordinatorService - Node 11 marked as inactive due to heartbeat timeout
2026-01-17 22:00:29.973 [taskScheduler-5] WARN  c.q.federated.service.FederatedCoordinatorService - Node 111 marked as inactive due to heartbeat timeout
2026-01-17 22:00:34.989 [taskScheduler-5] WARN  c.q.federated.service.FederatedCoordinatorService - Node 11 marked as inactive due to heartbeat timeout
2026-01-17 22:00:34.990 [taskScheduler-5] WARN  c.q.federated.service.FederatedCoordinatorService - Node 111 marked as inactive due to heartbeat timeout
2026-01-17 22:00:40.002 [taskScheduler-5] WARN  c.q.federated.service.FederatedCoordinatorService - Node 11 marked as inactive due to heartbeat timeout
2026-01-17 22:00:40.002 [taskScheduler-5] WARN  c.q.federated.service.FederatedCoordinatorService - Node 111 marked as inactive due to heartbeat timeout
2026-01-17 22:00:45.018 [taskScheduler-5] WARN  c.q.federated.service.FederatedCoordinatorService - Node 11 marked as inactive due to heartbeat timeout
2026-01-17 22:00:45.018 [taskScheduler-5] WARN  c.q.federated.service.FederatedCoordinatorService - Node 111 marked as inactive due to heartbeat timeout
2026-01-17 22:00:50.024 [taskScheduler-5] WARN  c.q.federated.service.FederatedCoordinatorService - Node 11 marked as inactive due to heartbeat timeout
2026-01-17 22:00:50.024 [taskScheduler-5] WARN  c.q.federated.service.FederatedCoordinatorService - Node 111 marked as inactive due to heartbeat timeout
2026-01-17 22:00:55.032 [taskScheduler-5] WARN  c.q.federated.service.FederatedCoordinatorService - Node 11 marked as inactive due to heartbeat timeout
2026-01-17 22:00:55.032 [taskScheduler-5] WARN  c.q.federated.service.FederatedCoordinatorService - Node 111 marked as inactive due to heartbeat timeout
2026-01-17 22:01:00.042 [taskScheduler-5] WARN  c.q.federated.service.FederatedCoordinatorService - Node 11 marked as inactive due to heartbeat timeout
2026-01-17 22:01:00.042 [taskScheduler-5] WARN  c.q.federated.service.FederatedCoordinatorService - Node 111 marked as inactive due to heartbeat timeout
2026-01-17 22:01:05.055 [taskScheduler-5] WARN  c.q.federated.service.FederatedCoordinatorService - Node 11 marked as inactive due to heartbeat timeout
2026-01-17 22:01:05.056 [taskScheduler-5] WARN  c.q.federated.service.FederatedCoordinatorService - Node 111 marked as inactive due to heartbeat timeout
2026-01-17 22:01:10.073 [taskScheduler-5] WARN  c.q.federated.service.FederatedCoordinatorService - Node 11 marked as inactive due to heartbeat timeout
2026-01-17 22:01:10.073 [taskScheduler-5] WARN  c.q.federated.service.FederatedCoordinatorService - Node 111 marked as inactive due to heartbeat timeout
2026-01-17 22:01:15.090 [taskScheduler-5] WARN  c.q.federated.service.FederatedCoordinatorService - Node 11 marked as inactive due to heartbeat timeout
2026-01-17 22:01:15.091 [taskScheduler-5] WARN  c.q.federated.service.FederatedCoordinatorService - Node 111 marked as inactive due to heartbeat timeout
2026-01-17 22:01:20.111 [taskScheduler-5] WARN  c.q.federated.service.FederatedCoordinatorService - Node 11 marked as inactive due to heartbeat timeout
2026-01-17 22:01:20.111 [taskScheduler-5] WARN  c.q.federated.service.FederatedCoordinatorService - Node 111 marked as inactive due to heartbeat timeout
2026-01-17 22:01:25.121 [taskScheduler-5] WARN  c.q.federated.service.FederatedCoordinatorService - Node 11 marked as inactive due to heartbeat timeout
2026-01-17 22:01:25.121 [taskScheduler-5] WARN  c.q.federated.service.FederatedCoordinatorService - Node 111 marked as inactive due to heartbeat timeout
2026-01-17 22:01:30.139 [taskScheduler-5] WARN  c.q.federated.service.FederatedCoordinatorService - Node 11 marked as inactive due to heartbeat timeout
2026-01-17 22:01:30.139 [taskScheduler-5] WARN  c.q.federated.service.FederatedCoordinatorService - Node 111 marked as inactive due to heartbeat timeout
2026-01-17 22:01:35.150 [taskScheduler-5] WARN  c.q.federated.service.FederatedCoordinatorService - Node 11 marked as inactive due to heartbeat timeout
2026-01-17 22:01:35.150 [taskScheduler-5] WARN  c.q.federated.service.FederatedCoordinatorService - Node 111 marked as inactive due to heartbeat timeout
2026-01-17 22:01:40.169 [taskScheduler-5] WARN  c.q.federated.service.FederatedCoordinatorService - Node 11 marked as inactive due to heartbeat timeout
2026-01-17 22:01:40.170 [taskScheduler-5] WARN  c.q.federated.service.FederatedCoordinatorService - Node 111 marked as inactive due to heartbeat timeout
2026-01-17 22:01:45.181 [taskScheduler-5] WARN  c.q.federated.service.FederatedCoordinatorService - Node 11 marked as inactive due to heartbeat timeout
2026-01-17 22:01:45.181 [taskScheduler-5] WARN  c.q.federated.service.FederatedCoordinatorService - Node 111 marked as inactive due to heartbeat timeout
2026-01-17 22:01:50.201 [taskScheduler-5] WARN  c.q.federated.service.FederatedCoordinatorService - Node 11 marked as inactive due to heartbeat timeout
2026-01-17 22:01:50.201 [taskScheduler-5] WARN  c.q.federated.service.FederatedCoordinatorService - Node 111 marked as inactive due to heartbeat timeout
2026-01-17 22:01:55.206 [taskScheduler-5] WARN  c.q.federated.service.FederatedCoordinatorService - Node 11 marked as inactive due to heartbeat timeout
2026-01-17 22:01:55.207 [taskScheduler-5] WARN  c.q.federated.service.FederatedCoordinatorService - Node 111 marked as inactive due to heartbeat timeout
2026-01-17 22:02:00.222 [taskScheduler-5] WARN  c.q.federated.service.FederatedCoordinatorService - Node 11 marked as inactive due to heartbeat timeout
2026-01-17 22:02:00.223 [taskScheduler-5] WARN  c.q.federated.service.FederatedCoordinatorService - Node 111 marked as inactive due to heartbeat timeout
2026-01-17 22:02:05.236 [taskScheduler-5] WARN  c.q.federated.service.FederatedCoordinatorService - Node 11 marked as inactive due to heartbeat timeout
2026-01-17 22:02:05.237 [taskScheduler-5] WARN  c.q.federated.service.FederatedCoordinatorService - Node 111 marked as inactive due to heartbeat timeout
2026-01-17 22:02:10.253 [taskScheduler-5] WARN  c.q.federated.service.FederatedCoordinatorService - Node 11 marked as inactive due to heartbeat timeout
2026-01-17 22:02:10.254 [taskScheduler-5] WARN  c.q.federated.service.FederatedCoordinatorService - Node 111 marked as inactive due to heartbeat timeout
2026-01-17 22:02:15.271 [taskScheduler-5] WARN  c.q.federated.service.FederatedCoordinatorService - Node 11 marked as inactive due to heartbeat timeout
2026-01-17 22:02:15.272 [taskScheduler-5] WARN  c.q.federated.service.FederatedCoordinatorService - Node 111 marked as inactive due to heartbeat timeout
2026-01-17 22:02:20.281 [taskScheduler-5] WARN  c.q.federated.service.FederatedCoordinatorService - Node 11 marked as inactive due to heartbeat timeout
2026-01-17 22:02:20.282 [taskScheduler-5] WARN  c.q.federated.service.FederatedCoordinatorService - Node 111 marked as inactive due to heartbeat timeout
2026-01-17 22:02:25.289 [taskScheduler-5] WARN  c.q.federated.service.FederatedCoordinatorService - Node 11 marked as inactive due to heartbeat timeout
2026-01-17 22:02:25.290 [taskScheduler-5] WARN  c.q.federated.service.FederatedCoordinatorService - Node 111 marked as inactive due to heartbeat timeout
2026-01-17 22:02:30.305 [taskScheduler-5] WARN  c.q.federated.service.FederatedCoordinatorService - Node 11 marked as inactive due to heartbeat timeout
2026-01-17 22:02:30.305 [taskScheduler-5] WARN  c.q.federated.service.FederatedCoordinatorService - Node 111 marked as inactive due to heartbeat timeout
2026-01-17 22:02:35.321 [taskScheduler-5] WARN  c.q.federated.service.FederatedCoordinatorService - Node 11 marked as inactive due to heartbeat timeout
2026-01-17 22:02:35.322 [taskScheduler-5] WARN  c.q.federated.service.FederatedCoordinatorService - Node 111 marked as inactive due to heartbeat timeout
2026-01-17 22:02:40.341 [taskScheduler-5] WARN  c.q.federated.service.FederatedCoordinatorService - Node 11 marked as inactive due to heartbeat timeout
2026-01-17 22:02:40.341 [taskScheduler-5] WARN  c.q.federated.service.FederatedCoordinatorService - Node 111 marked as inactive due to heartbeat timeout
2026-01-17 22:02:45.347 [taskScheduler-5] WARN  c.q.federated.service.FederatedCoordinatorService - Node 11 marked as inactive due to heartbeat timeout
2026-01-17 22:02:45.348 [taskScheduler-5] WARN  c.q.federated.service.FederatedCoordinatorService - Node 111 marked as inactive due to heartbeat timeout
2026-01-17 22:02:50.371 [taskScheduler-5] WARN  c.q.federated.service.FederatedCoordinatorService - Node 11 marked as inactive due to heartbeat timeout
2026-01-17 22:02:50.372 [taskScheduler-5] WARN  c.q.federated.service.FederatedCoordinatorService - Node 111 marked as inactive due to heartbeat timeout
2026-01-17 22:02:55.386 [taskScheduler-5] WARN  c.q.federated.service.FederatedCoordinatorService - Node 11 marked as inactive due to heartbeat timeout
2026-01-17 22:02:55.387 [taskScheduler-5] WARN  c.q.federated.service.FederatedCoordinatorService - Node 111 marked as inactive due to heartbeat timeout
2026-01-17 22:03:00.393 [taskScheduler-5] WARN  c.q.federated.service.FederatedCoordinatorService - Node 11 marked as inactive due to heartbeat timeout
2026-01-17 22:03:00.393 [taskScheduler-5] WARN  c.q.federated.service.FederatedCoordinatorService - Node 111 marked as inactive due to heartbeat timeout
2026-01-17 22:03:05.402 [taskScheduler-5] WARN  c.q.federated.service.FederatedCoordinatorService - Node 11 marked as inactive due to heartbeat timeout
2026-01-17 22:03:05.403 [taskScheduler-5] WARN  c.q.federated.service.FederatedCoordinatorService - Node 111 marked as inactive due to heartbeat timeout
2026-01-17 22:03:10.415 [taskScheduler-5] WARN  c.q.federated.service.FederatedCoordinatorService - Node 11 marked as inactive due to heartbeat timeout
2026-01-17 22:03:10.415 [taskScheduler-5] WARN  c.q.federated.service.FederatedCoordinatorService - Node 111 marked as inactive due to heartbeat timeout
2026-01-17 22:03:15.430 [taskScheduler-5] WARN  c.q.federated.service.FederatedCoordinatorService - Node 11 marked as inactive due to heartbeat timeout
2026-01-17 22:03:15.430 [taskScheduler-5] WARN  c.q.federated.service.FederatedCoordinatorService - Node 111 marked as inactive due to heartbeat timeout
2026-01-17 22:03:20.437 [taskScheduler-5] WARN  c.q.federated.service.FederatedCoordinatorService - Node 11 marked as inactive due to heartbeat timeout
2026-01-17 22:03:20.437 [taskScheduler-5] WARN  c.q.federated.service.FederatedCoordinatorService - Node 111 marked as inactive due to heartbeat timeout
2026-01-17 22:03:25.445 [taskScheduler-5] WARN  c.q.federated.service.FederatedCoordinatorService - Node 11 marked as inactive due to heartbeat timeout
2026-01-17 22:03:25.446 [taskScheduler-5] WARN  c.q.federated.service.FederatedCoordinatorService - Node 111 marked as inactive due to heartbeat timeout
2026-01-17 22:03:30.453 [taskScheduler-5] WARN  c.q.federated.service.FederatedCoordinatorService - Node 11 marked as inactive due to heartbeat timeout
2026-01-17 22:03:30.454 [taskScheduler-5] WARN  c.q.federated.service.FederatedCoordinatorService - Node 111 marked as inactive due to heartbeat timeout
2026-01-17 22:03:35.473 [taskScheduler-5] WARN  c.q.federated.service.FederatedCoordinatorService - Node 11 marked as inactive due to heartbeat timeout
2026-01-17 22:03:35.473 [taskScheduler-5] WARN  c.q.federated.service.FederatedCoordinatorService - Node 111 marked as inactive due to heartbeat timeout
2026-01-17 22:03:40.486 [taskScheduler-5] WARN  c.q.federated.service.FederatedCoordinatorService - Node 11 marked as inactive due to heartbeat timeout
2026-01-17 22:03:40.487 [taskScheduler-5] WARN  c.q.federated.service.FederatedCoordinatorService - Node 111 marked as inactive due to heartbeat timeout
2026-01-17 22:03:45.504 [taskScheduler-5] WARN  c.q.federated.service.FederatedCoordinatorService - Node 11 marked as inactive due to heartbeat timeout
2026-01-17 22:03:45.504 [taskScheduler-5] WARN  c.q.federated.service.FederatedCoordinatorService - Node 111 marked as inactive due to heartbeat timeout
2026-01-17 22:03:50.514 [taskScheduler-5] WARN  c.q.federated.service.FederatedCoordinatorService - Node 11 marked as inactive due to heartbeat timeout
2026-01-17 22:03:50.514 [taskScheduler-5] WARN  c.q.federated.service.FederatedCoordinatorService - Node 111 marked as inactive due to heartbeat timeout
2026-01-17 22:03:55.520 [taskScheduler-5] WARN  c.q.federated.service.FederatedCoordinatorService - Node 11 marked as inactive due to heartbeat timeout
2026-01-17 22:03:55.520 [taskScheduler-5] WARN  c.q.federated.service.FederatedCoordinatorService - Node 111 marked as inactive due to heartbeat timeout
2026-01-17 22:04:00.534 [taskScheduler-5] WARN  c.q.federated.service.FederatedCoordinatorService - Node 11 marked as inactive due to heartbeat timeout
2026-01-17 22:04:00.535 [taskScheduler-5] WARN  c.q.federated.service.FederatedCoordinatorService - Node 111 marked as inactive due to heartbeat timeout
2026-01-17 22:04:05.544 [taskScheduler-5] WARN  c.q.federated.service.FederatedCoordinatorService - Node 11 marked as inactive due to heartbeat timeout
2026-01-17 22:04:05.544 [taskScheduler-5] WARN  c.q.federated.service.FederatedCoordinatorService - Node 111 marked as inactive due to heartbeat timeout
2026-01-17 22:04:10.549 [taskScheduler-5] WARN  c.q.federated.service.FederatedCoordinatorService - Node 11 marked as inactive due to heartbeat timeout
2026-01-17 22:04:10.550 [taskScheduler-5] WARN  c.q.federated.service.FederatedCoordinatorService - Node 111 marked as inactive due to heartbeat timeout
2026-01-17 22:04:15.556 [taskScheduler-5] WARN  c.q.federated.service.FederatedCoordinatorService - Node 11 marked as inactive due to heartbeat timeout
2026-01-17 22:04:15.556 [taskScheduler-5] WARN  c.q.federated.service.FederatedCoordinatorService - Node 111 marked as inactive due to heartbeat timeout
2026-01-17 22:04:20.571 [taskScheduler-5] WARN  c.q.federated.service.FederatedCoordinatorService - Node 11 marked as inactive due to heartbeat timeout
2026-01-17 22:04:20.571 [taskScheduler-5] WARN  c.q.federated.service.FederatedCoordinatorService - Node 111 marked as inactive due to heartbeat timeout
2026-01-17 22:04:25.583 [taskScheduler-5] WARN  c.q.federated.service.FederatedCoordinatorService - Node 11 marked as inactive due to heartbeat timeout
2026-01-17 22:04:25.584 [taskScheduler-5] WARN  c.q.federated.service.FederatedCoordinatorService - Node 111 marked as inactive due to heartbeat timeout
2026-01-17 22:04:30.595 [taskScheduler-5] WARN  c.q.federated.service.FederatedCoordinatorService - Node 11 marked as inactive due to heartbeat timeout
2026-01-17 22:04:30.595 [taskScheduler-5] WARN  c.q.federated.service.FederatedCoordinatorService - Node 111 marked as inactive due to heartbeat timeout
2026-01-17 22:04:35.602 [taskScheduler-5] WARN  c.q.federated.service.FederatedCoordinatorService - Node 11 marked as inactive due to heartbeat timeout
2026-01-17 22:04:35.602 [taskScheduler-5] WARN  c.q.federated.service.FederatedCoordinatorService - Node 111 marked as inactive due to heartbeat timeout
2026-01-17 22:04:40.618 [taskScheduler-5] WARN  c.q.federated.service.FederatedCoordinatorService - Node 11 marked as inactive due to heartbeat timeout
2026-01-17 22:04:40.618 [taskScheduler-5] WARN  c.q.federated.service.FederatedCoordinatorService - Node 111 marked as inactive due to heartbeat timeout
2026-01-17 22:04:45.633 [taskScheduler-5] WARN  c.q.federated.service.FederatedCoordinatorService - Node 11 marked as inactive due to heartbeat timeout
2026-01-17 22:04:45.634 [taskScheduler-5] WARN  c.q.federated.service.FederatedCoordinatorService - Node 111 marked as inactive due to heartbeat timeout
2026-01-17 22:04:50.649 [taskScheduler-5] WARN  c.q.federated.service.FederatedCoordinatorService - Node 11 marked as inactive due to heartbeat timeout
2026-01-17 22:04:50.649 [taskScheduler-5] WARN  c.q.federated.service.FederatedCoordinatorService - Node 111 marked as inactive due to heartbeat timeout
2026-01-17 22:04:55.660 [taskScheduler-5] WARN  c.q.federated.service.FederatedCoordinatorService - Node 11 marked as inactive due to heartbeat timeout
2026-01-17 22:04:55.661 [taskScheduler-5] WARN  c.q.federated.service.FederatedCoordinatorService - Node 111 marked as inactive due to heartbeat timeout
2026-01-17 22:05:00.679 [taskScheduler-5] WARN  c.q.federated.service.FederatedCoordinatorService - Node 11 marked as inactive due to heartbeat timeout
2026-01-17 22:05:00.679 [taskScheduler-5] WARN  c.q.federated.service.FederatedCoordinatorService - Node 111 marked as inactive due to heartbeat timeout
2026-01-17 22:05:05.699 [taskScheduler-5] WARN  c.q.federated.service.FederatedCoordinatorService - Node 11 marked as inactive due to heartbeat timeout
2026-01-17 22:05:05.699 [taskScheduler-5] WARN  c.q.federated.service.FederatedCoordinatorService - Node 111 marked as inactive due to heartbeat timeout
2026-01-17 22:05:10.714 [taskScheduler-5] WARN  c.q.federated.service.FederatedCoordinatorService - Node 11 marked as inactive due to heartbeat timeout
2026-01-17 22:05:10.715 [taskScheduler-5] WARN  c.q.federated.service.FederatedCoordinatorService - Node 111 marked as inactive due to heartbeat timeout
2026-01-17 22:05:15.732 [taskScheduler-5] WARN  c.q.federated.service.FederatedCoordinatorService - Node 11 marked as inactive due to heartbeat timeout
2026-01-17 22:05:15.732 [taskScheduler-5] WARN  c.q.federated.service.FederatedCoordinatorService - Node 111 marked as inactive due to heartbeat timeout
2026-01-17 22:05:20.751 [taskScheduler-5] WARN  c.q.federated.service.FederatedCoordinatorService - Node 11 marked as inactive due to heartbeat timeout
2026-01-17 22:05:20.751 [taskScheduler-5] WARN  c.q.federated.service.FederatedCoordinatorService - Node 111 marked as inactive due to heartbeat timeout
2026-01-17 22:05:25.768 [taskScheduler-5] WARN  c.q.federated.service.FederatedCoordinatorService - Node 11 marked as inactive due to heartbeat timeout
2026-01-17 22:05:25.768 [taskScheduler-5] WARN  c.q.federated.service.FederatedCoordinatorService - Node 111 marked as inactive due to heartbeat timeout
2026-01-17 22:05:30.784 [taskScheduler-5] WARN  c.q.federated.service.FederatedCoordinatorService - Node 11 marked as inactive due to heartbeat timeout
2026-01-17 22:05:30.785 [taskScheduler-5] WARN  c.q.federated.service.FederatedCoordinatorService - Node 111 marked as inactive due to heartbeat timeout
2026-01-17 22:05:35.801 [taskScheduler-5] WARN  c.q.federated.service.FederatedCoordinatorService - Node 11 marked as inactive due to heartbeat timeout
2026-01-17 22:05:35.801 [taskScheduler-5] WARN  c.q.federated.service.FederatedCoordinatorService - Node 111 marked as inactive due to heartbeat timeout
2026-01-17 22:05:40.814 [taskScheduler-5] WARN  c.q.federated.service.FederatedCoordinatorService - Node 11 marked as inactive due to heartbeat timeout
2026-01-17 22:05:40.815 [taskScheduler-5] WARN  c.q.federated.service.FederatedCoordinatorService - Node 111 marked as inactive due to heartbeat timeout
2026-01-17 22:05:45.835 [taskScheduler-5] WARN  c.q.federated.service.FederatedCoordinatorService - Node 11 marked as inactive due to heartbeat timeout
2026-01-17 22:05:45.835 [taskScheduler-5] WARN  c.q.federated.service.FederatedCoordinatorService - Node 111 marked as inactive due to heartbeat timeout
2026-01-17 22:05:50.849 [taskScheduler-5] WARN  c.q.federated.service.FederatedCoordinatorService - Node 11 marked as inactive due to heartbeat timeout
2026-01-17 22:05:50.849 [taskScheduler-5] WARN  c.q.federated.service.FederatedCoordinatorService - Node 111 marked as inactive due to heartbeat timeout
2026-01-17 22:05:55.870 [taskScheduler-5] WARN  c.q.federated.service.FederatedCoordinatorService - Node 11 marked as inactive due to heartbeat timeout
2026-01-17 22:05:55.871 [taskScheduler-5] WARN  c.q.federated.service.FederatedCoordinatorService - Node 111 marked as inactive due to heartbeat timeout
2026-01-17 22:06:00.884 [taskScheduler-5] WARN  c.q.federated.service.FederatedCoordinatorService - Node 11 marked as inactive due to heartbeat timeout
2026-01-17 22:06:00.884 [taskScheduler-5] WARN  c.q.federated.service.FederatedCoordinatorService - Node 111 marked as inactive due to heartbeat timeout
2026-01-17 22:06:05.898 [taskScheduler-5] WARN  c.q.federated.service.FederatedCoordinatorService - Node 11 marked as inactive due to heartbeat timeout
2026-01-17 22:06:05.898 [taskScheduler-5] WARN  c.q.federated.service.FederatedCoordinatorService - Node 111 marked as inactive due to heartbeat timeout
2026-01-17 22:06:10.907 [taskScheduler-5] WARN  c.q.federated.service.FederatedCoordinatorService - Node 11 marked as inactive due to heartbeat timeout
2026-01-17 22:06:10.908 [taskScheduler-5] WARN  c.q.federated.service.FederatedCoordinatorService - Node 111 marked as inactive due to heartbeat timeout
2026-01-17 22:06:15.916 [taskScheduler-5] WARN  c.q.federated.service.FederatedCoordinatorService - Node 11 marked as inactive due to heartbeat timeout
2026-01-17 22:06:15.916 [taskScheduler-5] WARN  c.q.federated.service.FederatedCoordinatorService - Node 111 marked as inactive due to heartbeat timeout
2026-01-17 22:06:20.923 [taskScheduler-5] WARN  c.q.federated.service.FederatedCoordinatorService - Node 11 marked as inactive due to heartbeat timeout
2026-01-17 22:06:20.923 [taskScheduler-5] WARN  c.q.federated.service.FederatedCoordinatorService - Node 111 marked as inactive due to heartbeat timeout
2026-01-17 22:06:25.941 [taskScheduler-5] WARN  c.q.federated.service.FederatedCoordinatorService - Node 11 marked as inactive due to heartbeat timeout
2026-01-17 22:06:25.942 [taskScheduler-5] WARN  c.q.federated.service.FederatedCoordinatorService - Node 111 marked as inactive due to heartbeat timeout
2026-01-17 22:06:30.947 [taskScheduler-5] WARN  c.q.federated.service.FederatedCoordinatorService - Node 11 marked as inactive due to heartbeat timeout
2026-01-17 22:06:30.947 [taskScheduler-5] WARN  c.q.federated.service.FederatedCoordinatorService - Node 111 marked as inactive due to heartbeat timeout
2026-01-17 22:06:35.964 [taskScheduler-5] WARN  c.q.federated.service.FederatedCoordinatorService - Node 11 marked as inactive due to heartbeat timeout
2026-01-17 22:06:35.964 [taskScheduler-5] WARN  c.q.federated.service.FederatedCoordinatorService - Node 111 marked as inactive due to heartbeat timeout
2026-01-17 22:06:40.979 [taskScheduler-5] WARN  c.q.federated.service.FederatedCoordinatorService - Node 11 marked as inactive due to heartbeat timeout
2026-01-17 22:06:40.979 [taskScheduler-5] WARN  c.q.federated.service.FederatedCoordinatorService - Node 111 marked as inactive due to heartbeat timeout
2026-01-17 22:06:45.998 [taskScheduler-5] WARN  c.q.federated.service.FederatedCoordinatorService - Node 11 marked as inactive due to heartbeat timeout
2026-01-17 22:06:45.998 [taskScheduler-5] WARN  c.q.federated.service.FederatedCoordinatorService - Node 111 marked as inactive due to heartbeat timeout
2026-01-17 22:06:51.017 [taskScheduler-5] WARN  c.q.federated.service.FederatedCoordinatorService - Node 11 marked as inactive due to heartbeat timeout
2026-01-17 22:06:51.017 [taskScheduler-5] WARN  c.q.federated.service.FederatedCoordinatorService - Node 111 marked as inactive due to heartbeat timeout
2026-01-17 22:06:56.027 [taskScheduler-5] WARN  c.q.federated.service.FederatedCoordinatorService - Node 11 marked as inactive due to heartbeat timeout
2026-01-17 22:06:56.027 [taskScheduler-5] WARN  c.q.federated.service.FederatedCoordinatorService - Node 111 marked as inactive due to heartbeat timeout
2026-01-17 22:07:01.037 [taskScheduler-5] WARN  c.q.federated.service.FederatedCoordinatorService - Node 11 marked as inactive due to heartbeat timeout
2026-01-17 22:07:01.038 [taskScheduler-5] WARN  c.q.federated.service.FederatedCoordinatorService - Node 111 marked as inactive due to heartbeat timeout
2026-01-17 22:07:06.048 [taskScheduler-5] WARN  c.q.federated.service.FederatedCoordinatorService - Node 11 marked as inactive due to heartbeat timeout
2026-01-17 22:07:06.049 [taskScheduler-5] WARN  c.q.federated.service.FederatedCoordinatorService - Node 111 marked as inactive due to heartbeat timeout
2026-01-17 22:07:11.062 [taskScheduler-5] WARN  c.q.federated.service.FederatedCoordinatorService - Node 11 marked as inactive due to heartbeat timeout
2026-01-17 22:07:11.062 [taskScheduler-5] WARN  c.q.federated.service.FederatedCoordinatorService - Node 111 marked as inactive due to heartbeat timeout
2026-01-17 22:07:16.078 [taskScheduler-5] WARN  c.q.federated.service.FederatedCoordinatorService - Node 11 marked as inactive due to heartbeat timeout
2026-01-17 22:07:16.079 [taskScheduler-5] WARN  c.q.federated.service.FederatedCoordinatorService - Node 111 marked as inactive due to heartbeat timeout
2026-01-17 22:07:21.087 [taskScheduler-5] WARN  c.q.federated.service.FederatedCoordinatorService - Node 11 marked as inactive due to heartbeat timeout
2026-01-17 22:07:21.087 [taskScheduler-5] WARN  c.q.federated.service.FederatedCoordinatorService - Node 111 marked as inactive due to heartbeat timeout
2026-01-17 22:07:26.097 [taskScheduler-5] WARN  c.q.federated.service.FederatedCoordinatorService - Node 11 marked as inactive due to heartbeat timeout
2026-01-17 22:07:26.097 [taskScheduler-5] WARN  c.q.federated.service.FederatedCoordinatorService - Node 111 marked as inactive due to heartbeat timeout
2026-01-17 22:07:31.117 [taskScheduler-5] WARN  c.q.federated.service.FederatedCoordinatorService - Node 11 marked as inactive due to heartbeat timeout
2026-01-17 22:07:31.118 [taskScheduler-5] WARN  c.q.federated.service.FederatedCoordinatorService - Node 111 marked as inactive due to heartbeat timeout
2026-01-17 22:07:36.140 [taskScheduler-5] WARN  c.q.federated.service.FederatedCoordinatorService - Node 11 marked as inactive due to heartbeat timeout
2026-01-17 22:07:36.140 [taskScheduler-5] WARN  c.q.federated.service.FederatedCoordinatorService - Node 111 marked as inactive due to heartbeat timeout
2026-01-17 22:07:41.147 [taskScheduler-5] WARN  c.q.federated.service.FederatedCoordinatorService - Node 11 marked as inactive due to heartbeat timeout
2026-01-17 22:07:41.148 [taskScheduler-5] WARN  c.q.federated.service.FederatedCoordinatorService - Node 111 marked as inactive due to heartbeat timeout
2026-01-17 22:07:46.161 [taskScheduler-5] WARN  c.q.federated.service.FederatedCoordinatorService - Node 11 marked as inactive due to heartbeat timeout
2026-01-17 22:07:46.161 [taskScheduler-5] WARN  c.q.federated.service.FederatedCoordinatorService - Node 111 marked as inactive due to heartbeat timeout
2026-01-17 22:07:51.175 [taskScheduler-5] WARN  c.q.federated.service.FederatedCoordinatorService - Node 11 marked as inactive due to heartbeat timeout
2026-01-17 22:07:51.175 [taskScheduler-5] WARN  c.q.federated.service.FederatedCoordinatorService - Node 111 marked as inactive due to heartbeat timeout
2026-01-17 22:07:56.181 [taskScheduler-5] WARN  c.q.federated.service.FederatedCoordinatorService - Node 11 marked as inactive due to heartbeat timeout
2026-01-17 22:07:56.181 [taskScheduler-5] WARN  c.q.federated.service.FederatedCoordinatorService - Node 111 marked as inactive due to heartbeat timeout
2026-01-17 22:08:01.189 [taskScheduler-5] WARN  c.q.federated.service.FederatedCoordinatorService - Node 11 marked as inactive due to heartbeat timeout
2026-01-17 22:08:01.189 [taskScheduler-5] WARN  c.q.federated.service.FederatedCoordinatorService - Node 111 marked as inactive due to heartbeat timeout
2026-01-17 22:08:06.201 [taskScheduler-5] WARN  c.q.federated.service.FederatedCoordinatorService - Node 11 marked as inactive due to heartbeat timeout
2026-01-17 22:08:06.201 [taskScheduler-5] WARN  c.q.federated.service.FederatedCoordinatorService - Node 111 marked as inactive due to heartbeat timeout
2026-01-17 22:08:11.213 [taskScheduler-5] WARN  c.q.federated.service.FederatedCoordinatorService - Node 11 marked as inactive due to heartbeat timeout
2026-01-17 22:08:11.213 [taskScheduler-5] WARN  c.q.federated.service.FederatedCoordinatorService - Node 111 marked as inactive due to heartbeat timeout
2026-01-17 22:08:16.229 [taskScheduler-5] WARN  c.q.federated.service.FederatedCoordinatorService - Node 11 marked as inactive due to heartbeat timeout
2026-01-17 22:08:16.229 [taskScheduler-5] WARN  c.q.federated.service.FederatedCoordinatorService - Node 111 marked as inactive due to heartbeat timeout
2026-01-17 22:08:21.247 [taskScheduler-5] WARN  c.q.federated.service.FederatedCoordinatorService - Node 11 marked as inactive due to heartbeat timeout
2026-01-17 22:08:21.247 [taskScheduler-5] WARN  c.q.federated.service.FederatedCoordinatorService - Node 111 marked as inactive due to heartbeat timeout
2026-01-17 22:08:26.255 [taskScheduler-5] WARN  c.q.federated.service.FederatedCoordinatorService - Node 11 marked as inactive due to heartbeat timeout
2026-01-17 22:08:26.255 [taskScheduler-5] WARN  c.q.federated.service.FederatedCoordinatorService - Node 111 marked as inactive due to heartbeat timeout
2026-01-17 22:08:31.260 [taskScheduler-5] WARN  c.q.federated.service.FederatedCoordinatorService - Node 11 marked as inactive due to heartbeat timeout
2026-01-17 22:08:31.261 [taskScheduler-5] WARN  c.q.federated.service.FederatedCoordinatorService - Node 111 marked as inactive due to heartbeat timeout
2026-01-17 22:08:36.279 [taskScheduler-5] WARN  c.q.federated.service.FederatedCoordinatorService - Node 11 marked as inactive due to heartbeat timeout
2026-01-17 22:08:36.280 [taskScheduler-5] WARN  c.q.federated.service.FederatedCoordinatorService - Node 111 marked as inactive due to heartbeat timeout
2026-01-17 22:08:41.286 [taskScheduler-5] WARN  c.q.federated.service.FederatedCoordinatorService - Node 11 marked as inactive due to heartbeat timeout
2026-01-17 22:08:41.287 [taskScheduler-5] WARN  c.q.federated.service.FederatedCoordinatorService - Node 111 marked as inactive due to heartbeat timeout
2026-01-17 22:08:46.292 [taskScheduler-5] WARN  c.q.federated.service.FederatedCoordinatorService - Node 11 marked as inactive due to heartbeat timeout
2026-01-17 22:08:46.293 [taskScheduler-5] WARN  c.q.federated.service.FederatedCoordinatorService - Node 111 marked as inactive due to heartbeat timeout
2026-01-17 22:08:51.305 [taskScheduler-5] WARN  c.q.federated.service.FederatedCoordinatorService - Node 11 marked as inactive due to heartbeat timeout
2026-01-17 22:08:51.305 [taskScheduler-5] WARN  c.q.federated.service.FederatedCoordinatorService - Node 111 marked as inactive due to heartbeat timeout
2026-01-17 22:08:56.322 [taskScheduler-5] WARN  c.q.federated.service.FederatedCoordinatorService - Node 11 marked as inactive due to heartbeat timeout
2026-01-17 22:08:56.322 [taskScheduler-5] WARN  c.q.federated.service.FederatedCoordinatorService - Node 111 marked as inactive due to heartbeat timeout
2026-01-17 22:09:01.340 [taskScheduler-5] WARN  c.q.federated.service.FederatedCoordinatorService - Node 11 marked as inactive due to heartbeat timeout
2026-01-17 22:09:01.341 [taskScheduler-5] WARN  c.q.federated.service.FederatedCoordinatorService - Node 111 marked as inactive due to heartbeat timeout
2026-01-17 22:09:06.352 [taskScheduler-5] WARN  c.q.federated.service.FederatedCoordinatorService - Node 11 marked as inactive due to heartbeat timeout
2026-01-17 22:09:06.352 [taskScheduler-5] WARN  c.q.federated.service.FederatedCoordinatorService - Node 111 marked as inactive due to heartbeat timeout
2026-01-17 22:09:11.359 [taskScheduler-5] WARN  c.q.federated.service.FederatedCoordinatorService - Node 11 marked as inactive due to heartbeat timeout
2026-01-17 22:09:11.359 [taskScheduler-5] WARN  c.q.federated.service.FederatedCoordinatorService - Node 111 marked as inactive due to heartbeat timeout
2026-01-17 22:09:16.378 [taskScheduler-5] WARN  c.q.federated.service.FederatedCoordinatorService - Node 11 marked as inactive due to heartbeat timeout
2026-01-17 22:09:16.378 [taskScheduler-5] WARN  c.q.federated.service.FederatedCoordinatorService - Node 111 marked as inactive due to heartbeat timeout
2026-01-17 22:09:21.393 [taskScheduler-5] WARN  c.q.federated.service.FederatedCoordinatorService - Node 11 marked as inactive due to heartbeat timeout
2026-01-17 22:09:21.393 [taskScheduler-5] WARN  c.q.federated.service.FederatedCoordinatorService - Node 111 marked as inactive due to heartbeat timeout
2026-01-17 22:09:26.407 [taskScheduler-5] WARN  c.q.federated.service.FederatedCoordinatorService - Node 11 marked as inactive due to heartbeat timeout
2026-01-17 22:09:26.408 [taskScheduler-5] WARN  c.q.federated.service.FederatedCoordinatorService - Node 111 marked as inactive due to heartbeat timeout
2026-01-17 22:09:31.417 [taskScheduler-5] WARN  c.q.federated.service.FederatedCoordinatorService - Node 11 marked as inactive due to heartbeat timeout
2026-01-17 22:09:31.418 [taskScheduler-5] WARN  c.q.federated.service.FederatedCoordinatorService - Node 111 marked as inactive due to heartbeat timeout
2026-01-17 22:09:36.425 [taskScheduler-5] WARN  c.q.federated.service.FederatedCoordinatorService - Node 11 marked as inactive due to heartbeat timeout
2026-01-17 22:09:36.425 [taskScheduler-5] WARN  c.q.federated.service.FederatedCoordinatorService - Node 111 marked as inactive due to heartbeat timeout
2026-01-17 22:09:41.441 [taskScheduler-5] WARN  c.q.federated.service.FederatedCoordinatorService - Node 11 marked as inactive due to heartbeat timeout
2026-01-17 22:09:41.442 [taskScheduler-5] WARN  c.q.federated.service.FederatedCoordinatorService - Node 111 marked as inactive due to heartbeat timeout
2026-01-17 22:09:46.448 [taskScheduler-5] WARN  c.q.federated.service.FederatedCoordinatorService - Node 11 marked as inactive due to heartbeat timeout
2026-01-17 22:09:46.448 [taskScheduler-5] WARN  c.q.federated.service.FederatedCoordinatorService - Node 111 marked as inactive due to heartbeat timeout
2026-01-17 22:09:51.461 [taskScheduler-5] WARN  c.q.federated.service.FederatedCoordinatorService - Node 11 marked as inactive due to heartbeat timeout
2026-01-17 22:09:51.462 [taskScheduler-5] WARN  c.q.federated.service.FederatedCoordinatorService - Node 111 marked as inactive due to heartbeat timeout
2026-01-17 22:09:56.473 [taskScheduler-5] WARN  c.q.federated.service.FederatedCoordinatorService - Node 11 marked as inactive due to heartbeat timeout
2026-01-17 22:09:56.474 [taskScheduler-5] WARN  c.q.federated.service.FederatedCoordinatorService - Node 111 marked as inactive due to heartbeat timeout
2026-01-17 22:10:01.493 [taskScheduler-5] WARN  c.q.federated.service.FederatedCoordinatorService - Node 11 marked as inactive due to heartbeat timeout
2026-01-17 22:10:01.494 [taskScheduler-5] WARN  c.q.federated.service.FederatedCoordinatorService - Node 111 marked as inactive due to heartbeat timeout
2026-01-17 22:10:06.507 [taskScheduler-5] WARN  c.q.federated.service.FederatedCoordinatorService - Node 11 marked as inactive due to heartbeat timeout
2026-01-17 22:10:06.507 [taskScheduler-5] WARN  c.q.federated.service.FederatedCoordinatorService - Node 111 marked as inactive due to heartbeat timeout
2026-01-17 22:10:11.527 [taskScheduler-5] WARN  c.q.federated.service.FederatedCoordinatorService - Node 11 marked as inactive due to heartbeat timeout
2026-01-17 22:10:11.527 [taskScheduler-5] WARN  c.q.federated.service.FederatedCoordinatorService - Node 111 marked as inactive due to heartbeat timeout
2026-01-17 22:10:16.541 [taskScheduler-5] WARN  c.q.federated.service.FederatedCoordinatorService - Node 11 marked as inactive due to heartbeat timeout
2026-01-17 22:10:16.542 [taskScheduler-5] WARN  c.q.federated.service.FederatedCoordinatorService - Node 111 marked as inactive due to heartbeat timeout
2026-01-17 22:10:21.555 [taskScheduler-5] WARN  c.q.federated.service.FederatedCoordinatorService - Node 11 marked as inactive due to heartbeat timeout
2026-01-17 22:10:21.556 [taskScheduler-5] WARN  c.q.federated.service.FederatedCoordinatorService - Node 111 marked as inactive due to heartbeat timeout
2026-01-17 22:10:26.562 [taskScheduler-5] WARN  c.q.federated.service.FederatedCoordinatorService - Node 11 marked as inactive due to heartbeat timeout
2026-01-17 22:10:26.563 [taskScheduler-5] WARN  c.q.federated.service.FederatedCoordinatorService - Node 111 marked as inactive due to heartbeat timeout
2026-01-17 22:10:31.569 [taskScheduler-5] WARN  c.q.federated.service.FederatedCoordinatorService - Node 11 marked as inactive due to heartbeat timeout
2026-01-17 22:10:31.570 [taskScheduler-5] WARN  c.q.federated.service.FederatedCoordinatorService - Node 111 marked as inactive due to heartbeat timeout
2026-01-17 22:10:36.583 [taskScheduler-5] WARN  c.q.federated.service.FederatedCoordinatorService - Node 11 marked as inactive due to heartbeat timeout
2026-01-17 22:10:36.583 [taskScheduler-5] WARN  c.q.federated.service.FederatedCoordinatorService - Node 111 marked as inactive due to heartbeat timeout
2026-01-17 22:10:41.594 [taskScheduler-5] WARN  c.q.federated.service.FederatedCoordinatorService - Node 11 marked as inactive due to heartbeat timeout
2026-01-17 22:10:41.594 [taskScheduler-5] WARN  c.q.federated.service.FederatedCoordinatorService - Node 111 marked as inactive due to heartbeat timeout
2026-01-17 22:10:46.607 [taskScheduler-5] WARN  c.q.federated.service.FederatedCoordinatorService - Node 11 marked as inactive due to heartbeat timeout
2026-01-17 22:10:46.607 [taskScheduler-5] WARN  c.q.federated.service.FederatedCoordinatorService - Node 111 marked as inactive due to heartbeat timeout
2026-01-17 22:10:51.620 [taskScheduler-5] WARN  c.q.federated.service.FederatedCoordinatorService - Node 11 marked as inactive due to heartbeat timeout
2026-01-17 22:10:51.621 [taskScheduler-5] WARN  c.q.federated.service.FederatedCoordinatorService - Node 111 marked as inactive due to heartbeat timeout
2026-01-17 22:10:56.639 [taskScheduler-7] WARN  c.q.federated.service.FederatedCoordinatorService - Node 11 marked as inactive due to heartbeat timeout
2026-01-17 22:10:56.639 [taskScheduler-7] WARN  c.q.federated.service.FederatedCoordinatorService - Node 111 marked as inactive due to heartbeat timeout
2026-01-17 22:11:01.653 [taskScheduler-7] WARN  c.q.federated.service.FederatedCoordinatorService - Node 11 marked as inactive due to heartbeat timeout
2026-01-17 22:11:01.653 [taskScheduler-7] WARN  c.q.federated.service.FederatedCoordinatorService - Node 111 marked as inactive due to heartbeat timeout
2026-01-17 22:11:06.658 [taskScheduler-7] WARN  c.q.federated.service.FederatedCoordinatorService - Node 11 marked as inactive due to heartbeat timeout
2026-01-17 22:11:06.659 [taskScheduler-7] WARN  c.q.federated.service.FederatedCoordinatorService - Node 111 marked as inactive due to heartbeat timeout
2026-01-17 22:11:11.667 [taskScheduler-7] WARN  c.q.federated.service.FederatedCoordinatorService - Node 11 marked as inactive due to heartbeat timeout
2026-01-17 22:11:11.667 [taskScheduler-7] WARN  c.q.federated.service.FederatedCoordinatorService - Node 111 marked as inactive due to heartbeat timeout
2026-01-17 22:11:16.685 [taskScheduler-7] WARN  c.q.federated.service.FederatedCoordinatorService - Node 11 marked as inactive due to heartbeat timeout
2026-01-17 22:11:16.686 [taskScheduler-7] WARN  c.q.federated.service.FederatedCoordinatorService - Node 111 marked as inactive due to heartbeat timeout
2026-01-17 22:11:21.700 [taskScheduler-7] WARN  c.q.federated.service.FederatedCoordinatorService - Node 11 marked as inactive due to heartbeat timeout
2026-01-17 22:11:21.701 [taskScheduler-7] WARN  c.q.federated.service.FederatedCoordinatorService - Node 111 marked as inactive due to heartbeat timeout
2026-01-17 22:11:26.725 [taskScheduler-7] WARN  c.q.federated.service.FederatedCoordinatorService - Node 11 marked as inactive due to heartbeat timeout
2026-01-17 22:11:26.725 [taskScheduler-7] WARN  c.q.federated.service.FederatedCoordinatorService - Node 111 marked as inactive due to heartbeat timeout
2026-01-17 22:11:31.740 [taskScheduler-7] WARN  c.q.federated.service.FederatedCoordinatorService - Node 11 marked as inactive due to heartbeat timeout
2026-01-17 22:11:31.740 [taskScheduler-7] WARN  c.q.federated.service.FederatedCoordinatorService - Node 111 marked as inactive due to heartbeat timeout
2026-01-17 22:11:36.759 [taskScheduler-7] WARN  c.q.federated.service.FederatedCoordinatorService - Node 11 marked as inactive due to heartbeat timeout
2026-01-17 22:11:36.760 [taskScheduler-7] WARN  c.q.federated.service.FederatedCoordinatorService - Node 111 marked as inactive due to heartbeat timeout
2026-01-17 22:11:41.774 [taskScheduler-7] WARN  c.q.federated.service.FederatedCoordinatorService - Node 11 marked as inactive due to heartbeat timeout
2026-01-17 22:11:41.774 [taskScheduler-7] WARN  c.q.federated.service.FederatedCoordinatorService - Node 111 marked as inactive due to heartbeat timeout
2026-01-17 22:11:46.788 [taskScheduler-7] WARN  c.q.federated.service.FederatedCoordinatorService - Node 11 marked as inactive due to heartbeat timeout
2026-01-17 22:11:46.788 [taskScheduler-7] WARN  c.q.federated.service.FederatedCoordinatorService - Node 111 marked as inactive due to heartbeat timeout
2026-01-17 22:11:51.799 [taskScheduler-7] WARN  c.q.federated.service.FederatedCoordinatorService - Node 11 marked as inactive due to heartbeat timeout
2026-01-17 22:11:51.799 [taskScheduler-7] WARN  c.q.federated.service.FederatedCoordinatorService - Node 111 marked as inactive due to heartbeat timeout
2026-01-17 22:11:56.819 [taskScheduler-7] WARN  c.q.federated.service.FederatedCoordinatorService - Node 11 marked as inactive due to heartbeat timeout
2026-01-17 22:11:56.819 [taskScheduler-7] WARN  c.q.federated.service.FederatedCoordinatorService - Node 111 marked as inactive due to heartbeat timeout
2026-01-17 22:12:01.825 [taskScheduler-7] WARN  c.q.federated.service.FederatedCoordinatorService - Node 11 marked as inactive due to heartbeat timeout
2026-01-17 22:12:01.826 [taskScheduler-7] WARN  c.q.federated.service.FederatedCoordinatorService - Node 111 marked as inactive due to heartbeat timeout
2026-01-17 22:12:06.842 [taskScheduler-7] WARN  c.q.federated.service.FederatedCoordinatorService - Node 11 marked as inactive due to heartbeat timeout
2026-01-17 22:12:06.843 [taskScheduler-7] WARN  c.q.federated.service.FederatedCoordinatorService - Node 111 marked as inactive due to heartbeat timeout
2026-01-17 22:12:11.854 [taskScheduler-7] WARN  c.q.federated.service.FederatedCoordinatorService - Node 11 marked as inactive due to heartbeat timeout
2026-01-17 22:12:11.854 [taskScheduler-7] WARN  c.q.federated.service.FederatedCoordinatorService - Node 111 marked as inactive due to heartbeat timeout
2026-01-17 22:12:16.873 [taskScheduler-7] WARN  c.q.federated.service.FederatedCoordinatorService - Node 11 marked as inactive due to heartbeat timeout
2026-01-17 22:12:16.874 [taskScheduler-7] WARN  c.q.federated.service.FederatedCoordinatorService - Node 111 marked as inactive due to heartbeat timeout
2026-01-17 22:12:21.889 [taskScheduler-7] WARN  c.q.federated.service.FederatedCoordinatorService - Node 11 marked as inactive due to heartbeat timeout
2026-01-17 22:12:21.890 [taskScheduler-7] WARN  c.q.federated.service.FederatedCoordinatorService - Node 111 marked as inactive due to heartbeat timeout
2026-01-17 22:12:26.902 [taskScheduler-7] WARN  c.q.federated.service.FederatedCoordinatorService - Node 11 marked as inactive due to heartbeat timeout
2026-01-17 22:12:26.903 [taskScheduler-7] WARN  c.q.federated.service.FederatedCoordinatorService - Node 111 marked as inactive due to heartbeat timeout
2026-01-17 22:12:31.927 [taskScheduler-7] WARN  c.q.federated.service.FederatedCoordinatorService - Node 11 marked as inactive due to heartbeat timeout
2026-01-17 22:12:31.927 [taskScheduler-7] WARN  c.q.federated.service.FederatedCoordinatorService - Node 111 marked as inactive due to heartbeat timeout
2026-01-17 22:12:36.940 [taskScheduler-7] WARN  c.q.federated.service.FederatedCoordinatorService - Node 11 marked as inactive due to heartbeat timeout
2026-01-17 22:12:36.941 [taskScheduler-7] WARN  c.q.federated.service.FederatedCoordinatorService - Node 111 marked as inactive due to heartbeat timeout
2026-01-17 22:12:41.956 [taskScheduler-7] WARN  c.q.federated.service.FederatedCoordinatorService - Node 11 marked as inactive due to heartbeat timeout
2026-01-17 22:12:41.957 [taskScheduler-7] WARN  c.q.federated.service.FederatedCoordinatorService - Node 111 marked as inactive due to heartbeat timeout
2026-01-17 22:12:46.973 [taskScheduler-7] WARN  c.q.federated.service.FederatedCoordinatorService - Node 11 marked as inactive due to heartbeat timeout
2026-01-17 22:12:46.974 [taskScheduler-7] WARN  c.q.federated.service.FederatedCoordinatorService - Node 111 marked as inactive due to heartbeat timeout
2026-01-17 22:12:51.989 [taskScheduler-7] WARN  c.q.federated.service.FederatedCoordinatorService - Node 11 marked as inactive due to heartbeat timeout
2026-01-17 22:12:51.989 [taskScheduler-7] WARN  c.q.federated.service.FederatedCoordinatorService - Node 111 marked as inactive due to heartbeat timeout
2026-01-17 22:12:57.006 [taskScheduler-7] WARN  c.q.federated.service.FederatedCoordinatorService - Node 11 marked as inactive due to heartbeat timeout
2026-01-17 22:12:57.006 [taskScheduler-7] WARN  c.q.federated.service.FederatedCoordinatorService - Node 111 marked as inactive due to heartbeat timeout
2026-01-17 22:13:02.023 [taskScheduler-7] WARN  c.q.federated.service.FederatedCoordinatorService - Node 11 marked as inactive due to heartbeat timeout
2026-01-17 22:13:02.024 [taskScheduler-7] WARN  c.q.federated.service.FederatedCoordinatorService - Node 111 marked as inactive due to heartbeat timeout
2026-01-17 22:13:07.038 [taskScheduler-7] WARN  c.q.federated.service.FederatedCoordinatorService - Node 11 marked as inactive due to heartbeat timeout
2026-01-17 22:13:07.038 [taskScheduler-7] WARN  c.q.federated.service.FederatedCoordinatorService - Node 111 marked as inactive due to heartbeat timeout
2026-01-17 22:13:12.054 [taskScheduler-7] WARN  c.q.federated.service.FederatedCoordinatorService - Node 11 marked as inactive due to heartbeat timeout
2026-01-17 22:13:12.055 [taskScheduler-7] WARN  c.q.federated.service.FederatedCoordinatorService - Node 111 marked as inactive due to heartbeat timeout
2026-01-17 22:13:17.063 [taskScheduler-7] WARN  c.q.federated.service.FederatedCoordinatorService - Node 11 marked as inactive due to heartbeat timeout
2026-01-17 22:13:17.063 [taskScheduler-7] WARN  c.q.federated.service.FederatedCoordinatorService - Node 111 marked as inactive due to heartbeat timeout
2026-01-17 22:13:22.068 [taskScheduler-7] WARN  c.q.federated.service.FederatedCoordinatorService - Node 11 marked as inactive due to heartbeat timeout
2026-01-17 22:13:22.069 [taskScheduler-7] WARN  c.q.federated.service.FederatedCoordinatorService - Node 111 marked as inactive due to heartbeat timeout
2026-01-17 22:13:27.078 [taskScheduler-7] WARN  c.q.federated.service.FederatedCoordinatorService - Node 11 marked as inactive due to heartbeat timeout
2026-01-17 22:13:27.078 [taskScheduler-7] WARN  c.q.federated.service.FederatedCoordinatorService - Node 111 marked as inactive due to heartbeat timeout
2026-01-17 22:13:32.093 [taskScheduler-7] WARN  c.q.federated.service.FederatedCoordinatorService - Node 11 marked as inactive due to heartbeat timeout
2026-01-17 22:13:32.094 [taskScheduler-7] WARN  c.q.federated.service.FederatedCoordinatorService - Node 111 marked as inactive due to heartbeat timeout
2026-01-17 22:13:37.107 [taskScheduler-7] WARN  c.q.federated.service.FederatedCoordinatorService - Node 11 marked as inactive due to heartbeat timeout
2026-01-17 22:13:37.107 [taskScheduler-7] WARN  c.q.federated.service.FederatedCoordinatorService - Node 111 marked as inactive due to heartbeat timeout
2026-01-17 22:13:42.123 [taskScheduler-7] WARN  c.q.federated.service.FederatedCoordinatorService - Node 11 marked as inactive due to heartbeat timeout
2026-01-17 22:13:42.123 [taskScheduler-7] WARN  c.q.federated.service.FederatedCoordinatorService - Node 111 marked as inactive due to heartbeat timeout
2026-01-17 22:13:47.136 [taskScheduler-7] WARN  c.q.federated.service.FederatedCoordinatorService - Node 11 marked as inactive due to heartbeat timeout
2026-01-17 22:13:47.136 [taskScheduler-7] WARN  c.q.federated.service.FederatedCoordinatorService - Node 111 marked as inactive due to heartbeat timeout
2026-01-17 22:13:52.145 [taskScheduler-7] WARN  c.q.federated.service.FederatedCoordinatorService - Node 11 marked as inactive due to heartbeat timeout
2026-01-17 22:13:52.145 [taskScheduler-7] WARN  c.q.federated.service.FederatedCoordinatorService - Node 111 marked as inactive due to heartbeat timeout
2026-01-17 22:13:57.156 [taskScheduler-7] WARN  c.q.federated.service.FederatedCoordinatorService - Node 11 marked as inactive due to heartbeat timeout
2026-01-17 22:13:57.156 [taskScheduler-7] WARN  c.q.federated.service.FederatedCoordinatorService - Node 111 marked as inactive due to heartbeat timeout
2026-01-17 22:14:02.166 [taskScheduler-7] WARN  c.q.federated.service.FederatedCoordinatorService - Node 11 marked as inactive due to heartbeat timeout
2026-01-17 22:14:02.166 [taskScheduler-7] WARN  c.q.federated.service.FederatedCoordinatorService - Node 111 marked as inactive due to heartbeat timeout
2026-01-17 22:14:07.173 [taskScheduler-7] WARN  c.q.federated.service.FederatedCoordinatorService - Node 11 marked as inactive due to heartbeat timeout
2026-01-17 22:14:07.173 [taskScheduler-7] WARN  c.q.federated.service.FederatedCoordinatorService - Node 111 marked as inactive due to heartbeat timeout
2026-01-17 22:14:12.188 [taskScheduler-7] WARN  c.q.federated.service.FederatedCoordinatorService - Node 11 marked as inactive due to heartbeat timeout
2026-01-17 22:14:12.188 [taskScheduler-7] WARN  c.q.federated.service.FederatedCoordinatorService - Node 111 marked as inactive due to heartbeat timeout
2026-01-17 22:14:17.204 [taskScheduler-7] WARN  c.q.federated.service.FederatedCoordinatorService - Node 11 marked as inactive due to heartbeat timeout
2026-01-17 22:14:17.204 [taskScheduler-7] WARN  c.q.federated.service.FederatedCoordinatorService - Node 111 marked as inactive due to heartbeat timeout
2026-01-17 22:14:22.221 [taskScheduler-7] WARN  c.q.federated.service.FederatedCoordinatorService - Node 11 marked as inactive due to heartbeat timeout
2026-01-17 22:14:22.221 [taskScheduler-7] WARN  c.q.federated.service.FederatedCoordinatorService - Node 111 marked as inactive due to heartbeat timeout
2026-01-17 22:14:27.229 [taskScheduler-7] WARN  c.q.federated.service.FederatedCoordinatorService - Node 11 marked as inactive due to heartbeat timeout
2026-01-17 22:14:27.230 [taskScheduler-7] WARN  c.q.federated.service.FederatedCoordinatorService - Node 111 marked as inactive due to heartbeat timeout
2026-01-17 22:14:32.235 [taskScheduler-7] WARN  c.q.federated.service.FederatedCoordinatorService - Node 11 marked as inactive due to heartbeat timeout
2026-01-17 22:14:32.235 [taskScheduler-7] WARN  c.q.federated.service.FederatedCoordinatorService - Node 111 marked as inactive due to heartbeat timeout
2026-01-17 22:14:37.253 [taskScheduler-7] WARN  c.q.federated.service.FederatedCoordinatorService - Node 11 marked as inactive due to heartbeat timeout
2026-01-17 22:14:37.253 [taskScheduler-7] WARN  c.q.federated.service.FederatedCoordinatorService - Node 111 marked as inactive due to heartbeat timeout
2026-01-17 22:14:42.264 [taskScheduler-7] WARN  c.q.federated.service.FederatedCoordinatorService - Node 11 marked as inactive due to heartbeat timeout
2026-01-17 22:14:42.265 [taskScheduler-7] WARN  c.q.federated.service.FederatedCoordinatorService - Node 111 marked as inactive due to heartbeat timeout
2026-01-17 22:14:47.286 [taskScheduler-7] WARN  c.q.federated.service.FederatedCoordinatorService - Node 11 marked as inactive due to heartbeat timeout
2026-01-17 22:14:47.287 [taskScheduler-7] WARN  c.q.federated.service.FederatedCoordinatorService - Node 111 marked as inactive due to heartbeat timeout
2026-01-17 22:14:52.302 [taskScheduler-7] WARN  c.q.federated.service.FederatedCoordinatorService - Node 11 marked as inactive due to heartbeat timeout
2026-01-17 22:14:52.302 [taskScheduler-7] WARN  c.q.federated.service.FederatedCoordinatorService - Node 111 marked as inactive due to heartbeat timeout
2026-01-17 22:14:57.313 [taskScheduler-7] WARN  c.q.federated.service.FederatedCoordinatorService - Node 11 marked as inactive due to heartbeat timeout
2026-01-17 22:14:57.313 [taskScheduler-7] WARN  c.q.federated.service.FederatedCoordinatorService - Node 111 marked as inactive due to heartbeat timeout
2026-01-17 22:15:02.320 [taskScheduler-7] WARN  c.q.federated.service.FederatedCoordinatorService - Node 11 marked as inactive due to heartbeat timeout
2026-01-17 22:15:02.322 [taskScheduler-7] WARN  c.q.federated.service.FederatedCoordinatorService - Node 111 marked as inactive due to heartbeat timeout
2026-01-17 22:15:07.342 [taskScheduler-7] WARN  c.q.federated.service.FederatedCoordinatorService - Node 11 marked as inactive due to heartbeat timeout
2026-01-17 22:15:07.342 [taskScheduler-7] WARN  c.q.federated.service.FederatedCoordinatorService - Node 111 marked as inactive due to heartbeat timeout
2026-01-17 22:15:12.357 [taskScheduler-7] WARN  c.q.federated.service.FederatedCoordinatorService - Node 11 marked as inactive due to heartbeat timeout
2026-01-17 22:15:12.357 [taskScheduler-7] WARN  c.q.federated.service.FederatedCoordinatorService - Node 111 marked as inactive due to heartbeat timeout
2026-01-17 22:15:17.373 [taskScheduler-7] WARN  c.q.federated.service.FederatedCoordinatorService - Node 11 marked as inactive due to heartbeat timeout
2026-01-17 22:15:17.374 [taskScheduler-7] WARN  c.q.federated.service.FederatedCoordinatorService - Node 111 marked as inactive due to heartbeat timeout
2026-01-17 22:15:22.385 [taskScheduler-7] WARN  c.q.federated.service.FederatedCoordinatorService - Node 11 marked as inactive due to heartbeat timeout
2026-01-17 22:15:22.385 [taskScheduler-7] WARN  c.q.federated.service.FederatedCoordinatorService - Node 111 marked as inactive due to heartbeat timeout
2026-01-17 22:15:27.403 [taskScheduler-7] WARN  c.q.federated.service.FederatedCoordinatorService - Node 11 marked as inactive due to heartbeat timeout
2026-01-17 22:15:27.404 [taskScheduler-7] WARN  c.q.federated.service.FederatedCoordinatorService - Node 111 marked as inactive due to heartbeat timeout
2026-01-17 22:15:32.412 [taskScheduler-7] WARN  c.q.federated.service.FederatedCoordinatorService - Node 11 marked as inactive due to heartbeat timeout
2026-01-17 22:15:32.413 [taskScheduler-7] WARN  c.q.federated.service.FederatedCoordinatorService - Node 111 marked as inactive due to heartbeat timeout
2026-01-17 22:15:37.434 [taskScheduler-7] WARN  c.q.federated.service.FederatedCoordinatorService - Node 11 marked as inactive due to heartbeat timeout
2026-01-17 22:15:37.434 [taskScheduler-7] WARN  c.q.federated.service.FederatedCoordinatorService - Node 111 marked as inactive due to heartbeat timeout
2026-01-17 22:15:42.452 [taskScheduler-7] WARN  c.q.federated.service.FederatedCoordinatorService - Node 11 marked as inactive due to heartbeat timeout
2026-01-17 22:15:42.453 [taskScheduler-7] WARN  c.q.federated.service.FederatedCoordinatorService - Node 111 marked as inactive due to heartbeat timeout
2026-01-17 22:15:47.468 [taskScheduler-7] WARN  c.q.federated.service.FederatedCoordinatorService - Node 11 marked as inactive due to heartbeat timeout
2026-01-17 22:15:47.468 [taskScheduler-7] WARN  c.q.federated.service.FederatedCoordinatorService - Node 111 marked as inactive due to heartbeat timeout
2026-01-17 22:15:52.481 [taskScheduler-7] WARN  c.q.federated.service.FederatedCoordinatorService - Node 11 marked as inactive due to heartbeat timeout
2026-01-17 22:15:52.481 [taskScheduler-7] WARN  c.q.federated.service.FederatedCoordinatorService - Node 111 marked as inactive due to heartbeat timeout
2026-01-17 22:15:57.499 [taskScheduler-7] WARN  c.q.federated.service.FederatedCoordinatorService - Node 11 marked as inactive due to heartbeat timeout
2026-01-17 22:15:57.500 [taskScheduler-7] WARN  c.q.federated.service.FederatedCoordinatorService - Node 111 marked as inactive due to heartbeat timeout
2026-01-17 22:16:02.517 [taskScheduler-7] WARN  c.q.federated.service.FederatedCoordinatorService - Node 11 marked as inactive due to heartbeat timeout
2026-01-17 22:16:02.518 [taskScheduler-7] WARN  c.q.federated.service.FederatedCoordinatorService - Node 111 marked as inactive due to heartbeat timeout
2026-01-17 22:16:07.533 [taskScheduler-7] WARN  c.q.federated.service.FederatedCoordinatorService - Node 11 marked as inactive due to heartbeat timeout
2026-01-17 22:16:07.533 [taskScheduler-7] WARN  c.q.federated.service.FederatedCoordinatorService - Node 111 marked as inactive due to heartbeat timeout
2026-01-17 22:16:12.554 [taskScheduler-7] WARN  c.q.federated.service.FederatedCoordinatorService - Node 11 marked as inactive due to heartbeat timeout
2026-01-17 22:16:12.555 [taskScheduler-7] WARN  c.q.federated.service.FederatedCoordinatorService - Node 111 marked as inactive due to heartbeat timeout
2026-01-17 22:16:17.565 [taskScheduler-7] WARN  c.q.federated.service.FederatedCoordinatorService - Node 11 marked as inactive due to heartbeat timeout
2026-01-17 22:16:17.566 [taskScheduler-7] WARN  c.q.federated.service.FederatedCoordinatorService - Node 111 marked as inactive due to heartbeat timeout
2026-01-17 22:16:22.577 [taskScheduler-7] WARN  c.q.federated.service.FederatedCoordinatorService - Node 11 marked as inactive due to heartbeat timeout
2026-01-17 22:16:22.578 [taskScheduler-7] WARN  c.q.federated.service.FederatedCoordinatorService - Node 111 marked as inactive due to heartbeat timeout
2026-01-17 22:16:27.587 [taskScheduler-7] WARN  c.q.federated.service.FederatedCoordinatorService - Node 11 marked as inactive due to heartbeat timeout
2026-01-17 22:16:27.587 [taskScheduler-7] WARN  c.q.federated.service.FederatedCoordinatorService - Node 111 marked as inactive due to heartbeat timeout
2026-01-17 22:16:32.596 [taskScheduler-7] WARN  c.q.federated.service.FederatedCoordinatorService - Node 11 marked as inactive due to heartbeat timeout
2026-01-17 22:16:32.596 [taskScheduler-7] WARN  c.q.federated.service.FederatedCoordinatorService - Node 111 marked as inactive due to heartbeat timeout
2026-01-17 22:16:37.606 [taskScheduler-7] WARN  c.q.federated.service.FederatedCoordinatorService - Node 11 marked as inactive due to heartbeat timeout
2026-01-17 22:16:37.606 [taskScheduler-7] WARN  c.q.federated.service.FederatedCoordinatorService - Node 111 marked as inactive due to heartbeat timeout
2026-01-17 22:16:42.620 [taskScheduler-7] WARN  c.q.federated.service.FederatedCoordinatorService - Node 11 marked as inactive due to heartbeat timeout
2026-01-17 22:16:42.621 [taskScheduler-7] WARN  c.q.federated.service.FederatedCoordinatorService - Node 111 marked as inactive due to heartbeat timeout
2026-01-17 22:16:47.630 [taskScheduler-7] WARN  c.q.federated.service.FederatedCoordinatorService - Node 11 marked as inactive due to heartbeat timeout
2026-01-17 22:16:47.631 [taskScheduler-7] WARN  c.q.federated.service.FederatedCoordinatorService - Node 111 marked as inactive due to heartbeat timeout
2026-01-17 22:16:52.652 [taskScheduler-7] WARN  c.q.federated.service.FederatedCoordinatorService - Node 11 marked as inactive due to heartbeat timeout
2026-01-17 22:16:52.653 [taskScheduler-7] WARN  c.q.federated.service.FederatedCoordinatorService - Node 111 marked as inactive due to heartbeat timeout
2026-01-17 22:16:57.660 [taskScheduler-7] WARN  c.q.federated.service.FederatedCoordinatorService - Node 11 marked as inactive due to heartbeat timeout
2026-01-17 22:16:57.661 [taskScheduler-7] WARN  c.q.federated.service.FederatedCoordinatorService - Node 111 marked as inactive due to heartbeat timeout
2026-01-17 22:17:02.667 [taskScheduler-7] WARN  c.q.federated.service.FederatedCoordinatorService - Node 11 marked as inactive due to heartbeat timeout
2026-01-17 22:17:02.667 [taskScheduler-7] WARN  c.q.federated.service.FederatedCoordinatorService - Node 111 marked as inactive due to heartbeat timeout
2026-01-17 22:17:07.681 [taskScheduler-7] WARN  c.q.federated.service.FederatedCoordinatorService - Node 11 marked as inactive due to heartbeat timeout
2026-01-17 22:17:07.683 [taskScheduler-7] WARN  c.q.federated.service.FederatedCoordinatorService - Node 111 marked as inactive due to heartbeat timeout
2026-01-17 22:17:12.699 [taskScheduler-7] WARN  c.q.federated.service.FederatedCoordinatorService - Node 11 marked as inactive due to heartbeat timeout
2026-01-17 22:17:12.700 [taskScheduler-7] WARN  c.q.federated.service.FederatedCoordinatorService - Node 111 marked as inactive due to heartbeat timeout
2026-01-17 22:17:17.708 [taskScheduler-7] WARN  c.q.federated.service.FederatedCoordinatorService - Node 11 marked as inactive due to heartbeat timeout
2026-01-17 22:17:17.709 [taskScheduler-7] WARN  c.q.federated.service.FederatedCoordinatorService - Node 111 marked as inactive due to heartbeat timeout
2026-01-17 22:17:22.725 [taskScheduler-7] WARN  c.q.federated.service.FederatedCoordinatorService - Node 11 marked as inactive due to heartbeat timeout
2026-01-17 22:17:22.725 [taskScheduler-7] WARN  c.q.federated.service.FederatedCoordinatorService - Node 111 marked as inactive due to heartbeat timeout
2026-01-17 22:17:27.733 [taskScheduler-7] WARN  c.q.federated.service.FederatedCoordinatorService - Node 11 marked as inactive due to heartbeat timeout
2026-01-17 22:17:27.734 [taskScheduler-7] WARN  c.q.federated.service.FederatedCoordinatorService - Node 111 marked as inactive due to heartbeat timeout
2026-01-17 22:17:32.748 [taskScheduler-7] WARN  c.q.federated.service.FederatedCoordinatorService - Node 11 marked as inactive due to heartbeat timeout
2026-01-17 22:17:32.748 [taskScheduler-7] WARN  c.q.federated.service.FederatedCoordinatorService - Node 111 marked as inactive due to heartbeat timeout
2026-01-17 22:17:37.758 [taskScheduler-7] WARN  c.q.federated.service.FederatedCoordinatorService - Node 11 marked as inactive due to heartbeat timeout
2026-01-17 22:17:37.758 [taskScheduler-7] WARN  c.q.federated.service.FederatedCoordinatorService - Node 111 marked as inactive due to heartbeat timeout
2026-01-17 22:17:42.766 [taskScheduler-7] WARN  c.q.federated.service.FederatedCoordinatorService - Node 11 marked as inactive due to heartbeat timeout
2026-01-17 22:17:42.766 [taskScheduler-7] WARN  c.q.federated.service.FederatedCoordinatorService - Node 111 marked as inactive due to heartbeat timeout
2026-01-17 22:17:47.784 [taskScheduler-7] WARN  c.q.federated.service.FederatedCoordinatorService - Node 11 marked as inactive due to heartbeat timeout
2026-01-17 22:17:47.785 [taskScheduler-7] WARN  c.q.federated.service.FederatedCoordinatorService - Node 111 marked as inactive due to heartbeat timeout
2026-01-17 22:17:52.804 [taskScheduler-7] WARN  c.q.federated.service.FederatedCoordinatorService - Node 11 marked as inactive due to heartbeat timeout
2026-01-17 22:17:52.805 [taskScheduler-7] WARN  c.q.federated.service.FederatedCoordinatorService - Node 111 marked as inactive due to heartbeat timeout
2026-01-17 22:17:57.812 [taskScheduler-7] WARN  c.q.federated.service.FederatedCoordinatorService - Node 11 marked as inactive due to heartbeat timeout
2026-01-17 22:17:57.812 [taskScheduler-7] WARN  c.q.federated.service.FederatedCoordinatorService - Node 111 marked as inactive due to heartbeat timeout
2026-01-17 22:18:02.826 [taskScheduler-7] WARN  c.q.federated.service.FederatedCoordinatorService - Node 11 marked as inactive due to heartbeat timeout
2026-01-17 22:18:02.826 [taskScheduler-7] WARN  c.q.federated.service.FederatedCoordinatorService - Node 111 marked as inactive due to heartbeat timeout
2026-01-17 22:18:07.841 [taskScheduler-7] WARN  c.q.federated.service.FederatedCoordinatorService - Node 11 marked as inactive due to heartbeat timeout
2026-01-17 22:18:07.841 [taskScheduler-7] WARN  c.q.federated.service.FederatedCoordinatorService - Node 111 marked as inactive due to heartbeat timeout
2026-01-17 22:18:12.848 [taskScheduler-7] WARN  c.q.federated.service.FederatedCoordinatorService - Node 11 marked as inactive due to heartbeat timeout
2026-01-17 22:18:12.848 [taskScheduler-7] WARN  c.q.federated.service.FederatedCoordinatorService - Node 111 marked as inactive due to heartbeat timeout
2026-01-17 22:18:17.857 [taskScheduler-7] WARN  c.q.federated.service.FederatedCoordinatorService - Node 11 marked as inactive due to heartbeat timeout
2026-01-17 22:18:17.858 [taskScheduler-7] WARN  c.q.federated.service.FederatedCoordinatorService - Node 111 marked as inactive due to heartbeat timeout
2026-01-17 22:18:22.879 [taskScheduler-7] WARN  c.q.federated.service.FederatedCoordinatorService - Node 11 marked as inactive due to heartbeat timeout
2026-01-17 22:18:22.880 [taskScheduler-7] WARN  c.q.federated.service.FederatedCoordinatorService - Node 111 marked as inactive due to heartbeat timeout
2026-01-17 22:18:27.897 [taskScheduler-7] WARN  c.q.federated.service.FederatedCoordinatorService - Node 11 marked as inactive due to heartbeat timeout
2026-01-17 22:18:27.898 [taskScheduler-7] WARN  c.q.federated.service.FederatedCoordinatorService - Node 111 marked as inactive due to heartbeat timeout
2026-01-17 22:18:32.914 [taskScheduler-7] WARN  c.q.federated.service.FederatedCoordinatorService - Node 11 marked as inactive due to heartbeat timeout
2026-01-17 22:18:32.914 [taskScheduler-7] WARN  c.q.federated.service.FederatedCoordinatorService - Node 111 marked as inactive due to heartbeat timeout
2026-01-17 22:18:37.929 [taskScheduler-7] WARN  c.q.federated.service.FederatedCoordinatorService - Node 11 marked as inactive due to heartbeat timeout
2026-01-17 22:18:37.929 [taskScheduler-7] WARN  c.q.federated.service.FederatedCoordinatorService - Node 111 marked as inactive due to heartbeat timeout
2026-01-17 22:18:42.946 [taskScheduler-7] WARN  c.q.federated.service.FederatedCoordinatorService - Node 11 marked as inactive due to heartbeat timeout
2026-01-17 22:18:42.947 [taskScheduler-7] WARN  c.q.federated.service.FederatedCoordinatorService - Node 111 marked as inactive due to heartbeat timeout
2026-01-17 22:18:47.962 [taskScheduler-7] WARN  c.q.federated.service.FederatedCoordinatorService - Node 11 marked as inactive due to heartbeat timeout
2026-01-17 22:18:47.962 [taskScheduler-7] WARN  c.q.federated.service.FederatedCoordinatorService - Node 111 marked as inactive due to heartbeat timeout
2026-01-17 22:18:52.979 [taskScheduler-7] WARN  c.q.federated.service.FederatedCoordinatorService - Node 11 marked as inactive due to heartbeat timeout
2026-01-17 22:18:52.980 [taskScheduler-7] WARN  c.q.federated.service.FederatedCoordinatorService - Node 111 marked as inactive due to heartbeat timeout
2026-01-17 22:18:57.985 [taskScheduler-7] WARN  c.q.federated.service.FederatedCoordinatorService - Node 11 marked as inactive due to heartbeat timeout
2026-01-17 22:18:57.986 [taskScheduler-7] WARN  c.q.federated.service.FederatedCoordinatorService - Node 111 marked as inactive due to heartbeat timeout
2026-01-17 22:19:02.991 [taskScheduler-7] WARN  c.q.federated.service.FederatedCoordinatorService - Node 11 marked as inactive due to heartbeat timeout
2026-01-17 22:19:02.992 [taskScheduler-7] WARN  c.q.federated.service.FederatedCoordinatorService - Node 111 marked as inactive due to heartbeat timeout
2026-01-17 22:19:07.998 [taskScheduler-7] WARN  c.q.federated.service.FederatedCoordinatorService - Node 11 marked as inactive due to heartbeat timeout
2026-01-17 22:19:08.000 [taskScheduler-7] WARN  c.q.federated.service.FederatedCoordinatorService - Node 111 marked as inactive due to heartbeat timeout
2026-01-17 22:19:13.019 [taskScheduler-7] WARN  c.q.federated.service.FederatedCoordinatorService - Node 11 marked as inactive due to heartbeat timeout
2026-01-17 22:19:13.020 [taskScheduler-7] WARN  c.q.federated.service.FederatedCoordinatorService - Node 111 marked as inactive due to heartbeat timeout
2026-01-17 22:19:18.027 [taskScheduler-7] WARN  c.q.federated.service.FederatedCoordinatorService - Node 11 marked as inactive due to heartbeat timeout
2026-01-17 22:19:18.027 [taskScheduler-7] WARN  c.q.federated.service.FederatedCoordinatorService - Node 111 marked as inactive due to heartbeat timeout
2026-01-17 22:19:23.048 [taskScheduler-7] WARN  c.q.federated.service.FederatedCoordinatorService - Node 11 marked as inactive due to heartbeat timeout
2026-01-17 22:19:23.049 [taskScheduler-7] WARN  c.q.federated.service.FederatedCoordinatorService - Node 111 marked as inactive due to heartbeat timeout
2026-01-17 22:19:28.056 [taskScheduler-7] WARN  c.q.federated.service.FederatedCoordinatorService - Node 11 marked as inactive due to heartbeat timeout
2026-01-17 22:19:28.057 [taskScheduler-7] WARN  c.q.federated.service.FederatedCoordinatorService - Node 111 marked as inactive due to heartbeat timeout
2026-01-17 22:19:33.078 [taskScheduler-7] WARN  c.q.federated.service.FederatedCoordinatorService - Node 11 marked as inactive due to heartbeat timeout
2026-01-17 22:19:33.078 [taskScheduler-7] WARN  c.q.federated.service.FederatedCoordinatorService - Node 111 marked as inactive due to heartbeat timeout
2026-01-17 22:19:38.095 [taskScheduler-7] WARN  c.q.federated.service.FederatedCoordinatorService - Node 11 marked as inactive due to heartbeat timeout
2026-01-17 22:19:38.096 [taskScheduler-7] WARN  c.q.federated.service.FederatedCoordinatorService - Node 111 marked as inactive due to heartbeat timeout
2026-01-17 22:19:43.102 [taskScheduler-7] WARN  c.q.federated.service.FederatedCoordinatorService - Node 11 marked as inactive due to heartbeat timeout
2026-01-17 22:19:43.103 [taskScheduler-7] WARN  c.q.federated.service.FederatedCoordinatorService - Node 111 marked as inactive due to heartbeat timeout
2026-01-17 22:19:48.113 [taskScheduler-7] WARN  c.q.federated.service.FederatedCoordinatorService - Node 11 marked as inactive due to heartbeat timeout
2026-01-17 22:19:48.119 [taskScheduler-7] WARN  c.q.federated.service.FederatedCoordinatorService - Node 111 marked as inactive due to heartbeat timeout
2026-01-17 22:19:53.127 [taskScheduler-7] WARN  c.q.federated.service.FederatedCoordinatorService - Node 11 marked as inactive due to heartbeat timeout
2026-01-17 22:19:53.127 [taskScheduler-7] WARN  c.q.federated.service.FederatedCoordinatorService - Node 111 marked as inactive due to heartbeat timeout
2026-01-17 22:19:58.145 [taskScheduler-7] WARN  c.q.federated.service.FederatedCoordinatorService - Node 11 marked as inactive due to heartbeat timeout
2026-01-17 22:19:58.145 [taskScheduler-7] WARN  c.q.federated.service.FederatedCoordinatorService - Node 111 marked as inactive due to heartbeat timeout
2026-01-17 22:20:03.161 [taskScheduler-7] WARN  c.q.federated.service.FederatedCoordinatorService - Node 11 marked as inactive due to heartbeat timeout
2026-01-17 22:20:03.161 [taskScheduler-7] WARN  c.q.federated.service.FederatedCoordinatorService - Node 111 marked as inactive due to heartbeat timeout
2026-01-17 22:20:08.173 [taskScheduler-7] WARN  c.q.federated.service.FederatedCoordinatorService - Node 11 marked as inactive due to heartbeat timeout
2026-01-17 22:20:08.173 [taskScheduler-7] WARN  c.q.federated.service.FederatedCoordinatorService - Node 111 marked as inactive due to heartbeat timeout
2026-01-17 22:20:13.178 [taskScheduler-7] WARN  c.q.federated.service.FederatedCoordinatorService - Node 11 marked as inactive due to heartbeat timeout
2026-01-17 22:20:13.179 [taskScheduler-7] WARN  c.q.federated.service.FederatedCoordinatorService - Node 111 marked as inactive due to heartbeat timeout
2026-01-17 22:20:18.193 [taskScheduler-7] WARN  c.q.federated.service.FederatedCoordinatorService - Node 11 marked as inactive due to heartbeat timeout
2026-01-17 22:20:18.194 [taskScheduler-7] WARN  c.q.federated.service.FederatedCoordinatorService - Node 111 marked as inactive due to heartbeat timeout
2026-01-17 22:20:23.204 [taskScheduler-7] WARN  c.q.federated.service.FederatedCoordinatorService - Node 11 marked as inactive due to heartbeat timeout
2026-01-17 22:20:23.204 [taskScheduler-7] WARN  c.q.federated.service.FederatedCoordinatorService - Node 111 marked as inactive due to heartbeat timeout
2026-01-17 22:20:28.214 [taskScheduler-7] WARN  c.q.federated.service.FederatedCoordinatorService - Node 11 marked as inactive due to heartbeat timeout
2026-01-17 22:20:28.214 [taskScheduler-7] WARN  c.q.federated.service.FederatedCoordinatorService - Node 111 marked as inactive due to heartbeat timeout
2026-01-17 22:20:33.223 [taskScheduler-7] WARN  c.q.federated.service.FederatedCoordinatorService - Node 11 marked as inactive due to heartbeat timeout
2026-01-17 22:20:33.224 [taskScheduler-7] WARN  c.q.federated.service.FederatedCoordinatorService - Node 111 marked as inactive due to heartbeat timeout
2026-01-17 22:20:38.237 [taskScheduler-7] WARN  c.q.federated.service.FederatedCoordinatorService - Node 11 marked as inactive due to heartbeat timeout
2026-01-17 22:20:38.237 [taskScheduler-7] WARN  c.q.federated.service.FederatedCoordinatorService - Node 111 marked as inactive due to heartbeat timeout
2026-01-17 22:20:43.244 [taskScheduler-7] WARN  c.q.federated.service.FederatedCoordinatorService - Node 11 marked as inactive due to heartbeat timeout
2026-01-17 22:20:43.244 [taskScheduler-7] WARN  c.q.federated.service.FederatedCoordinatorService - Node 111 marked as inactive due to heartbeat timeout
2026-01-17 22:20:48.253 [taskScheduler-7] WARN  c.q.federated.service.FederatedCoordinatorService - Node 11 marked as inactive due to heartbeat timeout
2026-01-17 22:20:48.253 [taskScheduler-7] WARN  c.q.federated.service.FederatedCoordinatorService - Node 111 marked as inactive due to heartbeat timeout
2026-01-17 22:20:53.264 [taskScheduler-7] WARN  c.q.federated.service.FederatedCoordinatorService - Node 11 marked as inactive due to heartbeat timeout
2026-01-17 22:20:53.265 [taskScheduler-7] WARN  c.q.federated.service.FederatedCoordinatorService - Node 111 marked as inactive due to heartbeat timeout
2026-01-17 22:20:58.275 [taskScheduler-7] WARN  c.q.federated.service.FederatedCoordinatorService - Node 11 marked as inactive due to heartbeat timeout
2026-01-17 22:20:58.275 [taskScheduler-7] WARN  c.q.federated.service.FederatedCoordinatorService - Node 111 marked as inactive due to heartbeat timeout
2026-01-17 22:21:03.292 [taskScheduler-7] WARN  c.q.federated.service.FederatedCoordinatorService - Node 11 marked as inactive due to heartbeat timeout
2026-01-17 22:21:03.293 [taskScheduler-7] WARN  c.q.federated.service.FederatedCoordinatorService - Node 111 marked as inactive due to heartbeat timeout
2026-01-17 22:21:08.309 [taskScheduler-7] WARN  c.q.federated.service.FederatedCoordinatorService - Node 11 marked as inactive due to heartbeat timeout
2026-01-17 22:21:08.309 [taskScheduler-7] WARN  c.q.federated.service.FederatedCoordinatorService - Node 111 marked as inactive due to heartbeat timeout
2026-01-17 22:21:13.314 [taskScheduler-7] WARN  c.q.federated.service.FederatedCoordinatorService - Node 11 marked as inactive due to heartbeat timeout
2026-01-17 22:21:13.315 [taskScheduler-7] WARN  c.q.federated.service.FederatedCoordinatorService - Node 111 marked as inactive due to heartbeat timeout
2026-01-17 22:21:18.333 [taskScheduler-7] WARN  c.q.federated.service.FederatedCoordinatorService - Node 11 marked as inactive due to heartbeat timeout
2026-01-17 22:21:18.333 [taskScheduler-7] WARN  c.q.federated.service.FederatedCoordinatorService - Node 111 marked as inactive due to heartbeat timeout
2026-01-17 22:21:23.341 [taskScheduler-7] WARN  c.q.federated.service.FederatedCoordinatorService - Node 11 marked as inactive due to heartbeat timeout
2026-01-17 22:21:23.342 [taskScheduler-7] WARN  c.q.federated.service.FederatedCoordinatorService - Node 111 marked as inactive due to heartbeat timeout
2026-01-17 22:21:28.347 [taskScheduler-7] WARN  c.q.federated.service.FederatedCoordinatorService - Node 11 marked as inactive due to heartbeat timeout
2026-01-17 22:21:28.347 [taskScheduler-7] WARN  c.q.federated.service.FederatedCoordinatorService - Node 111 marked as inactive due to heartbeat timeout
2026-01-17 22:21:33.362 [taskScheduler-7] WARN  c.q.federated.service.FederatedCoordinatorService - Node 11 marked as inactive due to heartbeat timeout
2026-01-17 22:21:33.363 [taskScheduler-7] WARN  c.q.federated.service.FederatedCoordinatorService - Node 111 marked as inactive due to heartbeat timeout
2026-01-17 22:21:38.372 [taskScheduler-7] WARN  c.q.federated.service.FederatedCoordinatorService - Node 11 marked as inactive due to heartbeat timeout
2026-01-17 22:21:38.372 [taskScheduler-7] WARN  c.q.federated.service.FederatedCoordinatorService - Node 111 marked as inactive due to heartbeat timeout
2026-01-17 22:21:43.392 [taskScheduler-7] WARN  c.q.federated.service.FederatedCoordinatorService - Node 11 marked as inactive due to heartbeat timeout
2026-01-17 22:21:43.392 [taskScheduler-7] WARN  c.q.federated.service.FederatedCoordinatorService - Node 111 marked as inactive due to heartbeat timeout
2026-01-17 22:21:48.406 [taskScheduler-7] WARN  c.q.federated.service.FederatedCoordinatorService - Node 11 marked as inactive due to heartbeat timeout
2026-01-17 22:21:48.406 [taskScheduler-7] WARN  c.q.federated.service.FederatedCoordinatorService - Node 111 marked as inactive due to heartbeat timeout
2026-01-17 22:21:53.413 [taskScheduler-7] WARN  c.q.federated.service.FederatedCoordinatorService - Node 11 marked as inactive due to heartbeat timeout
2026-01-17 22:21:53.413 [taskScheduler-7] WARN  c.q.federated.service.FederatedCoordinatorService - Node 111 marked as inactive due to heartbeat timeout
2026-01-17 22:21:58.426 [taskScheduler-7] WARN  c.q.federated.service.FederatedCoordinatorService - Node 11 marked as inactive due to heartbeat timeout
2026-01-17 22:21:58.426 [taskScheduler-7] WARN  c.q.federated.service.FederatedCoordinatorService - Node 111 marked as inactive due to heartbeat timeout
2026-01-17 22:22:03.445 [taskScheduler-7] WARN  c.q.federated.service.FederatedCoordinatorService - Node 11 marked as inactive due to heartbeat timeout
2026-01-17 22:22:03.446 [taskScheduler-7] WARN  c.q.federated.service.FederatedCoordinatorService - Node 111 marked as inactive due to heartbeat timeout
2026-01-17 22:22:08.462 [taskScheduler-7] WARN  c.q.federated.service.FederatedCoordinatorService - Node 11 marked as inactive due to heartbeat timeout
2026-01-17 22:22:08.463 [taskScheduler-7] WARN  c.q.federated.service.FederatedCoordinatorService - Node 111 marked as inactive due to heartbeat timeout
2026-01-17 22:22:13.472 [taskScheduler-7] WARN  c.q.federated.service.FederatedCoordinatorService - Node 11 marked as inactive due to heartbeat timeout
2026-01-17 22:22:13.472 [taskScheduler-7] WARN  c.q.federated.service.FederatedCoordinatorService - Node 111 marked as inactive due to heartbeat timeout
2026-01-17 22:22:18.480 [taskScheduler-7] WARN  c.q.federated.service.FederatedCoordinatorService - Node 11 marked as inactive due to heartbeat timeout
2026-01-17 22:22:18.481 [taskScheduler-7] WARN  c.q.federated.service.FederatedCoordinatorService - Node 111 marked as inactive due to heartbeat timeout
2026-01-17 22:22:23.507 [taskScheduler-7] WARN  c.q.federated.service.FederatedCoordinatorService - Node 11 marked as inactive due to heartbeat timeout
2026-01-17 22:22:23.508 [taskScheduler-7] WARN  c.q.federated.service.FederatedCoordinatorService - Node 111 marked as inactive due to heartbeat timeout
2026-01-17 22:22:28.523 [taskScheduler-7] WARN  c.q.federated.service.FederatedCoordinatorService - Node 11 marked as inactive due to heartbeat timeout
2026-01-17 22:22:28.523 [taskScheduler-7] WARN  c.q.federated.service.FederatedCoordinatorService - Node 111 marked as inactive due to heartbeat timeout
2026-01-17 22:22:33.535 [taskScheduler-7] WARN  c.q.federated.service.FederatedCoordinatorService - Node 11 marked as inactive due to heartbeat timeout
2026-01-17 22:22:33.535 [taskScheduler-7] WARN  c.q.federated.service.FederatedCoordinatorService - Node 111 marked as inactive due to heartbeat timeout
2026-01-17 22:22:38.553 [taskScheduler-7] WARN  c.q.federated.service.FederatedCoordinatorService - Node 11 marked as inactive due to heartbeat timeout
2026-01-17 22:22:38.555 [taskScheduler-7] WARN  c.q.federated.service.FederatedCoordinatorService - Node 111 marked as inactive due to heartbeat timeout
2026-01-17 22:22:43.566 [taskScheduler-7] WARN  c.q.federated.service.FederatedCoordinatorService - Node 11 marked as inactive due to heartbeat timeout
2026-01-17 22:22:43.567 [taskScheduler-7] WARN  c.q.federated.service.FederatedCoordinatorService - Node 111 marked as inactive due to heartbeat timeout
2026-01-17 22:22:48.573 [taskScheduler-7] WARN  c.q.federated.service.FederatedCoordinatorService - Node 11 marked as inactive due to heartbeat timeout
2026-01-17 22:22:48.573 [taskScheduler-7] WARN  c.q.federated.service.FederatedCoordinatorService - Node 111 marked as inactive due to heartbeat timeout
2026-01-17 22:22:53.584 [taskScheduler-7] WARN  c.q.federated.service.FederatedCoordinatorService - Node 11 marked as inactive due to heartbeat timeout
2026-01-17 22:22:53.584 [taskScheduler-7] WARN  c.q.federated.service.FederatedCoordinatorService - Node 111 marked as inactive due to heartbeat timeout
2026-01-17 22:22:58.594 [taskScheduler-7] WARN  c.q.federated.service.FederatedCoordinatorService - Node 11 marked as inactive due to heartbeat timeout
2026-01-17 22:22:58.594 [taskScheduler-7] WARN  c.q.federated.service.FederatedCoordinatorService - Node 111 marked as inactive due to heartbeat timeout
2026-01-17 22:23:03.606 [taskScheduler-7] WARN  c.q.federated.service.FederatedCoordinatorService - Node 11 marked as inactive due to heartbeat timeout
2026-01-17 22:23:03.606 [taskScheduler-7] WARN  c.q.federated.service.FederatedCoordinatorService - Node 111 marked as inactive due to heartbeat timeout
2026-01-17 22:23:08.623 [taskScheduler-7] WARN  c.q.federated.service.FederatedCoordinatorService - Node 11 marked as inactive due to heartbeat timeout
2026-01-17 22:23:08.624 [taskScheduler-7] WARN  c.q.federated.service.FederatedCoordinatorService - Node 111 marked as inactive due to heartbeat timeout
2026-01-17 22:23:13.639 [taskScheduler-7] WARN  c.q.federated.service.FederatedCoordinatorService - Node 11 marked as inactive due to heartbeat timeout
2026-01-17 22:23:13.640 [taskScheduler-7] WARN  c.q.federated.service.FederatedCoordinatorService - Node 111 marked as inactive due to heartbeat timeout
2026-01-17 22:23:18.650 [taskScheduler-7] WARN  c.q.federated.service.FederatedCoordinatorService - Node 11 marked as inactive due to heartbeat timeout
2026-01-17 22:23:18.651 [taskScheduler-7] WARN  c.q.federated.service.FederatedCoordinatorService - Node 111 marked as inactive due to heartbeat timeout
2026-01-17 22:23:23.673 [taskScheduler-7] WARN  c.q.federated.service.FederatedCoordinatorService - Node 11 marked as inactive due to heartbeat timeout
2026-01-17 22:23:23.674 [taskScheduler-7] WARN  c.q.federated.service.FederatedCoordinatorService - Node 111 marked as inactive due to heartbeat timeout
2026-01-17 22:23:28.689 [taskScheduler-7] WARN  c.q.federated.service.FederatedCoordinatorService - Node 11 marked as inactive due to heartbeat timeout
2026-01-17 22:23:28.689 [taskScheduler-7] WARN  c.q.federated.service.FederatedCoordinatorService - Node 111 marked as inactive due to heartbeat timeout
2026-01-17 22:23:33.695 [taskScheduler-7] WARN  c.q.federated.service.FederatedCoordinatorService - Node 11 marked as inactive due to heartbeat timeout
2026-01-17 22:23:33.696 [taskScheduler-7] WARN  c.q.federated.service.FederatedCoordinatorService - Node 111 marked as inactive due to heartbeat timeout
2026-01-17 22:23:38.705 [taskScheduler-7] WARN  c.q.federated.service.FederatedCoordinatorService - Node 11 marked as inactive due to heartbeat timeout
2026-01-17 22:23:38.706 [taskScheduler-7] WARN  c.q.federated.service.FederatedCoordinatorService - Node 111 marked as inactive due to heartbeat timeout
2026-01-17 22:23:43.716 [taskScheduler-7] WARN  c.q.federated.service.FederatedCoordinatorService - Node 11 marked as inactive due to heartbeat timeout
2026-01-17 22:23:43.716 [taskScheduler-7] WARN  c.q.federated.service.FederatedCoordinatorService - Node 111 marked as inactive due to heartbeat timeout
2026-01-17 22:23:48.726 [taskScheduler-7] WARN  c.q.federated.service.FederatedCoordinatorService - Node 11 marked as inactive due to heartbeat timeout
2026-01-17 22:23:48.726 [taskScheduler-7] WARN  c.q.federated.service.FederatedCoordinatorService - Node 111 marked as inactive due to heartbeat timeout
2026-01-17 22:23:53.739 [taskScheduler-7] WARN  c.q.federated.service.FederatedCoordinatorService - Node 11 marked as inactive due to heartbeat timeout
2026-01-17 22:23:53.739 [taskScheduler-7] WARN  c.q.federated.service.FederatedCoordinatorService - Node 111 marked as inactive due to heartbeat timeout
2026-01-17 22:23:58.746 [taskScheduler-7] WARN  c.q.federated.service.FederatedCoordinatorService - Node 11 marked as inactive due to heartbeat timeout
2026-01-17 22:23:58.746 [taskScheduler-7] WARN  c.q.federated.service.FederatedCoordinatorService - Node 111 marked as inactive due to heartbeat timeout
2026-01-17 22:24:03.757 [taskScheduler-7] WARN  c.q.federated.service.FederatedCoordinatorService - Node 11 marked as inactive due to heartbeat timeout
2026-01-17 22:24:03.757 [taskScheduler-7] WARN  c.q.federated.service.FederatedCoordinatorService - Node 111 marked as inactive due to heartbeat timeout
2026-01-17 22:24:08.773 [taskScheduler-7] WARN  c.q.federated.service.FederatedCoordinatorService - Node 11 marked as inactive due to heartbeat timeout
2026-01-17 22:24:08.773 [taskScheduler-7] WARN  c.q.federated.service.FederatedCoordinatorService - Node 111 marked as inactive due to heartbeat timeout
2026-01-17 22:24:13.787 [taskScheduler-7] WARN  c.q.federated.service.FederatedCoordinatorService - Node 11 marked as inactive due to heartbeat timeout
2026-01-17 22:24:13.788 [taskScheduler-7] WARN  c.q.federated.service.FederatedCoordinatorService - Node 111 marked as inactive due to heartbeat timeout
2026-01-17 22:24:18.804 [taskScheduler-7] WARN  c.q.federated.service.FederatedCoordinatorService - Node 11 marked as inactive due to heartbeat timeout
2026-01-17 22:24:18.804 [taskScheduler-7] WARN  c.q.federated.service.FederatedCoordinatorService - Node 111 marked as inactive due to heartbeat timeout
2026-01-17 22:24:23.812 [taskScheduler-7] WARN  c.q.federated.service.FederatedCoordinatorService - Node 11 marked as inactive due to heartbeat timeout
2026-01-17 22:24:23.812 [taskScheduler-7] WARN  c.q.federated.service.FederatedCoordinatorService - Node 111 marked as inactive due to heartbeat timeout
2026-01-17 22:24:28.820 [taskScheduler-7] WARN  c.q.federated.service.FederatedCoordinatorService - Node 11 marked as inactive due to heartbeat timeout
2026-01-17 22:24:28.820 [taskScheduler-7] WARN  c.q.federated.service.FederatedCoordinatorService - Node 111 marked as inactive due to heartbeat timeout
2026-01-17 22:24:33.837 [taskScheduler-7] WARN  c.q.federated.service.FederatedCoordinatorService - Node 11 marked as inactive due to heartbeat timeout
2026-01-17 22:24:33.837 [taskScheduler-7] WARN  c.q.federated.service.FederatedCoordinatorService - Node 111 marked as inactive due to heartbeat timeout
2026-01-17 22:24:38.852 [taskScheduler-7] WARN  c.q.federated.service.FederatedCoordinatorService - Node 11 marked as inactive due to heartbeat timeout
2026-01-17 22:24:38.853 [taskScheduler-7] WARN  c.q.federated.service.FederatedCoordinatorService - Node 111 marked as inactive due to heartbeat timeout
2026-01-17 22:24:43.865 [taskScheduler-7] WARN  c.q.federated.service.FederatedCoordinatorService - Node 11 marked as inactive due to heartbeat timeout
2026-01-17 22:24:43.865 [taskScheduler-7] WARN  c.q.federated.service.FederatedCoordinatorService - Node 111 marked as inactive due to heartbeat timeout
2026-01-17 22:24:48.872 [taskScheduler-7] WARN  c.q.federated.service.FederatedCoordinatorService - Node 11 marked as inactive due to heartbeat timeout
2026-01-17 22:24:48.872 [taskScheduler-7] WARN  c.q.federated.service.FederatedCoordinatorService - Node 111 marked as inactive due to heartbeat timeout
2026-01-17 22:24:53.887 [taskScheduler-7] WARN  c.q.federated.service.FederatedCoordinatorService - Node 11 marked as inactive due to heartbeat timeout
2026-01-17 22:24:53.888 [taskScheduler-7] WARN  c.q.federated.service.FederatedCoordinatorService - Node 111 marked as inactive due to heartbeat timeout
2026-01-17 22:24:58.901 [taskScheduler-7] WARN  c.q.federated.service.FederatedCoordinatorService - Node 11 marked as inactive due to heartbeat timeout
2026-01-17 22:24:58.902 [taskScheduler-7] WARN  c.q.federated.service.FederatedCoordinatorService - Node 111 marked as inactive due to heartbeat timeout
2026-01-17 22:25:03.919 [taskScheduler-7] WARN  c.q.federated.service.FederatedCoordinatorService - Node 11 marked as inactive due to heartbeat timeout
2026-01-17 22:25:03.920 [taskScheduler-7] WARN  c.q.federated.service.FederatedCoordinatorService - Node 111 marked as inactive due to heartbeat timeout
2026-01-17 22:25:08.933 [taskScheduler-7] WARN  c.q.federated.service.FederatedCoordinatorService - Node 11 marked as inactive due to heartbeat timeout
2026-01-17 22:25:08.934 [taskScheduler-7] WARN  c.q.federated.service.FederatedCoordinatorService - Node 111 marked as inactive due to heartbeat timeout
2026-01-17 22:25:13.950 [taskScheduler-7] WARN  c.q.federated.service.FederatedCoordinatorService - Node 11 marked as inactive due to heartbeat timeout
2026-01-17 22:25:13.951 [taskScheduler-7] WARN  c.q.federated.service.FederatedCoordinatorService - Node 111 marked as inactive due to heartbeat timeout
2026-01-17 22:25:18.955 [taskScheduler-7] WARN  c.q.federated.service.FederatedCoordinatorService - Node 11 marked as inactive due to heartbeat timeout
2026-01-17 22:25:18.956 [taskScheduler-7] WARN  c.q.federated.service.FederatedCoordinatorService - Node 111 marked as inactive due to heartbeat timeout
2026-01-17 22:25:23.960 [taskScheduler-7] WARN  c.q.federated.service.FederatedCoordinatorService - Node 11 marked as inactive due to heartbeat timeout
2026-01-17 22:25:23.960 [taskScheduler-7] WARN  c.q.federated.service.FederatedCoordinatorService - Node 111 marked as inactive due to heartbeat timeout
2026-01-17 22:25:28.976 [taskScheduler-7] WARN  c.q.federated.service.FederatedCoordinatorService - Node 11 marked as inactive due to heartbeat timeout
2026-01-17 22:25:28.977 [taskScheduler-7] WARN  c.q.federated.service.FederatedCoordinatorService - Node 111 marked as inactive due to heartbeat timeout
2026-01-17 22:25:33.991 [taskScheduler-7] WARN  c.q.federated.service.FederatedCoordinatorService - Node 11 marked as inactive due to heartbeat timeout
2026-01-17 22:25:33.992 [taskScheduler-7] WARN  c.q.federated.service.FederatedCoordinatorService - Node 111 marked as inactive due to heartbeat timeout
2026-01-17 22:25:39.002 [taskScheduler-7] WARN  c.q.federated.service.FederatedCoordinatorService - Node 11 marked as inactive due to heartbeat timeout
2026-01-17 22:25:39.002 [taskScheduler-7] WARN  c.q.federated.service.FederatedCoordinatorService - Node 111 marked as inactive due to heartbeat timeout
2026-01-17 22:25:44.019 [taskScheduler-7] WARN  c.q.federated.service.FederatedCoordinatorService - Node 11 marked as inactive due to heartbeat timeout
2026-01-17 22:25:44.020 [taskScheduler-7] WARN  c.q.federated.service.FederatedCoordinatorService - Node 111 marked as inactive due to heartbeat timeout
2026-01-17 22:25:49.034 [taskScheduler-7] WARN  c.q.federated.service.FederatedCoordinatorService - Node 11 marked as inactive due to heartbeat timeout
2026-01-17 22:25:49.035 [taskScheduler-7] WARN  c.q.federated.service.FederatedCoordinatorService - Node 111 marked as inactive due to heartbeat timeout
2026-01-17 22:25:54.052 [taskScheduler-7] WARN  c.q.federated.service.FederatedCoordinatorService - Node 11 marked as inactive due to heartbeat timeout
2026-01-17 22:25:54.054 [taskScheduler-7] WARN  c.q.federated.service.FederatedCoordinatorService - Node 111 marked as inactive due to heartbeat timeout
2026-01-17 22:25:59.070 [taskScheduler-7] WARN  c.q.federated.service.FederatedCoordinatorService - Node 11 marked as inactive due to heartbeat timeout
2026-01-17 22:25:59.071 [taskScheduler-7] WARN  c.q.federated.service.FederatedCoordinatorService - Node 111 marked as inactive due to heartbeat timeout
2026-01-17 22:26:04.085 [taskScheduler-7] WARN  c.q.federated.service.FederatedCoordinatorService - Node 11 marked as inactive due to heartbeat timeout
2026-01-17 22:26:04.085 [taskScheduler-7] WARN  c.q.federated.service.FederatedCoordinatorService - Node 111 marked as inactive due to heartbeat timeout
2026-01-17 22:26:09.100 [taskScheduler-7] WARN  c.q.federated.service.FederatedCoordinatorService - Node 11 marked as inactive due to heartbeat timeout
2026-01-17 22:26:09.101 [taskScheduler-7] WARN  c.q.federated.service.FederatedCoordinatorService - Node 111 marked as inactive due to heartbeat timeout
2026-01-17 22:26:14.116 [taskScheduler-7] WARN  c.q.federated.service.FederatedCoordinatorService - Node 11 marked as inactive due to heartbeat timeout
2026-01-17 22:26:14.116 [taskScheduler-7] WARN  c.q.federated.service.FederatedCoordinatorService - Node 111 marked as inactive due to heartbeat timeout
2026-01-17 22:26:19.135 [taskScheduler-7] WARN  c.q.federated.service.FederatedCoordinatorService - Node 11 marked as inactive due to heartbeat timeout
2026-01-17 22:26:19.135 [taskScheduler-7] WARN  c.q.federated.service.FederatedCoordinatorService - Node 111 marked as inactive due to heartbeat timeout
2026-01-17 22:26:24.147 [taskScheduler-7] WARN  c.q.federated.service.FederatedCoordinatorService - Node 11 marked as inactive due to heartbeat timeout
2026-01-17 22:26:24.147 [taskScheduler-7] WARN  c.q.federated.service.FederatedCoordinatorService - Node 111 marked as inactive due to heartbeat timeout
2026-01-17 22:26:29.156 [taskScheduler-7] WARN  c.q.federated.service.FederatedCoordinatorService - Node 11 marked as inactive due to heartbeat timeout
2026-01-17 22:26:29.157 [taskScheduler-7] WARN  c.q.federated.service.FederatedCoordinatorService - Node 111 marked as inactive due to heartbeat timeout
2026-01-17 22:26:34.168 [taskScheduler-7] WARN  c.q.federated.service.FederatedCoordinatorService - Node 11 marked as inactive due to heartbeat timeout
2026-01-17 22:26:34.168 [taskScheduler-7] WARN  c.q.federated.service.FederatedCoordinatorService - Node 111 marked as inactive due to heartbeat timeout
2026-01-17 22:26:39.182 [taskScheduler-7] WARN  c.q.federated.service.FederatedCoordinatorService - Node 11 marked as inactive due to heartbeat timeout
2026-01-17 22:26:39.183 [taskScheduler-7] WARN  c.q.federated.service.FederatedCoordinatorService - Node 111 marked as inactive due to heartbeat timeout
2026-01-17 22:26:44.189 [taskScheduler-7] WARN  c.q.federated.service.FederatedCoordinatorService - Node 11 marked as inactive due to heartbeat timeout
2026-01-17 22:26:44.189 [taskScheduler-7] WARN  c.q.federated.service.FederatedCoordinatorService - Node 111 marked as inactive due to heartbeat timeout
2026-01-17 22:26:49.198 [taskScheduler-7] WARN  c.q.federated.service.FederatedCoordinatorService - Node 11 marked as inactive due to heartbeat timeout
2026-01-17 22:26:49.198 [taskScheduler-7] WARN  c.q.federated.service.FederatedCoordinatorService - Node 111 marked as inactive due to heartbeat timeout
2026-01-17 22:26:54.209 [taskScheduler-7] WARN  c.q.federated.service.FederatedCoordinatorService - Node 11 marked as inactive due to heartbeat timeout
2026-01-17 22:26:54.210 [taskScheduler-7] WARN  c.q.federated.service.FederatedCoordinatorService - Node 111 marked as inactive due to heartbeat timeout
2026-01-17 22:26:59.226 [taskScheduler-7] WARN  c.q.federated.service.FederatedCoordinatorService - Node 11 marked as inactive due to heartbeat timeout
2026-01-17 22:26:59.227 [taskScheduler-7] WARN  c.q.federated.service.FederatedCoordinatorService - Node 111 marked as inactive due to heartbeat timeout
2026-01-17 22:27:04.234 [taskScheduler-7] WARN  c.q.federated.service.FederatedCoordinatorService - Node 11 marked as inactive due to heartbeat timeout
2026-01-17 22:27:04.234 [taskScheduler-7] WARN  c.q.federated.service.FederatedCoordinatorService - Node 111 marked as inactive due to heartbeat timeout
2026-01-17 22:27:09.239 [taskScheduler-7] WARN  c.q.federated.service.FederatedCoordinatorService - Node 11 marked as inactive due to heartbeat timeout
2026-01-17 22:27:09.240 [taskScheduler-7] WARN  c.q.federated.service.FederatedCoordinatorService - Node 111 marked as inactive due to heartbeat timeout
2026-01-17 22:27:14.248 [taskScheduler-7] WARN  c.q.federated.service.FederatedCoordinatorService - Node 11 marked as inactive due to heartbeat timeout
2026-01-17 22:27:14.248 [taskScheduler-7] WARN  c.q.federated.service.FederatedCoordinatorService - Node 111 marked as inactive due to heartbeat timeout
2026-01-17 22:27:19.265 [taskScheduler-7] WARN  c.q.federated.service.FederatedCoordinatorService - Node 11 marked as inactive due to heartbeat timeout
2026-01-17 22:27:19.266 [taskScheduler-7] WARN  c.q.federated.service.FederatedCoordinatorService - Node 111 marked as inactive due to heartbeat timeout
2026-01-17 22:27:24.283 [taskScheduler-7] WARN  c.q.federated.service.FederatedCoordinatorService - Node 11 marked as inactive due to heartbeat timeout
2026-01-17 22:27:24.284 [taskScheduler-7] WARN  c.q.federated.service.FederatedCoordinatorService - Node 111 marked as inactive due to heartbeat timeout
2026-01-17 22:27:29.299 [taskScheduler-7] WARN  c.q.federated.service.FederatedCoordinatorService - Node 11 marked as inactive due to heartbeat timeout
2026-01-17 22:27:29.299 [taskScheduler-7] WARN  c.q.federated.service.FederatedCoordinatorService - Node 111 marked as inactive due to heartbeat timeout
2026-01-17 22:27:34.303 [taskScheduler-7] WARN  c.q.federated.service.FederatedCoordinatorService - Node 11 marked as inactive due to heartbeat timeout
2026-01-17 22:27:34.303 [taskScheduler-7] WARN  c.q.federated.service.FederatedCoordinatorService - Node 111 marked as inactive due to heartbeat timeout
2026-01-17 22:27:39.314 [taskScheduler-7] WARN  c.q.federated.service.FederatedCoordinatorService - Node 11 marked as inactive due to heartbeat timeout
2026-01-17 22:27:39.314 [taskScheduler-7] WARN  c.q.federated.service.FederatedCoordinatorService - Node 111 marked as inactive due to heartbeat timeout
2026-01-17 22:27:44.332 [taskScheduler-7] WARN  c.q.federated.service.FederatedCoordinatorService - Node 11 marked as inactive due to heartbeat timeout
2026-01-17 22:27:44.333 [taskScheduler-7] WARN  c.q.federated.service.FederatedCoordinatorService - Node 111 marked as inactive due to heartbeat timeout
2026-01-17 22:27:49.353 [taskScheduler-7] WARN  c.q.federated.service.FederatedCoordinatorService - Node 11 marked as inactive due to heartbeat timeout
2026-01-17 22:27:49.354 [taskScheduler-7] WARN  c.q.federated.service.FederatedCoordinatorService - Node 111 marked as inactive due to heartbeat timeout
2026-01-17 22:27:54.361 [taskScheduler-7] WARN  c.q.federated.service.FederatedCoordinatorService - Node 11 marked as inactive due to heartbeat timeout
2026-01-17 22:27:54.361 [taskScheduler-7] WARN  c.q.federated.service.FederatedCoordinatorService - Node 111 marked as inactive due to heartbeat timeout
2026-01-17 22:27:59.368 [taskScheduler-7] WARN  c.q.federated.service.FederatedCoordinatorService - Node 11 marked as inactive due to heartbeat timeout
2026-01-17 22:27:59.368 [taskScheduler-7] WARN  c.q.federated.service.FederatedCoordinatorService - Node 111 marked as inactive due to heartbeat timeout
2026-01-17 22:28:04.381 [taskScheduler-7] WARN  c.q.federated.service.FederatedCoordinatorService - Node 11 marked as inactive due to heartbeat timeout
2026-01-17 22:28:04.381 [taskScheduler-7] WARN  c.q.federated.service.FederatedCoordinatorService - Node 111 marked as inactive due to heartbeat timeout
2026-01-17 22:28:09.399 [taskScheduler-7] WARN  c.q.federated.service.FederatedCoordinatorService - Node 11 marked as inactive due to heartbeat timeout
2026-01-17 22:28:09.399 [taskScheduler-7] WARN  c.q.federated.service.FederatedCoordinatorService - Node 111 marked as inactive due to heartbeat timeout
2026-01-17 22:28:14.414 [taskScheduler-7] WARN  c.q.federated.service.FederatedCoordinatorService - Node 11 marked as inactive due to heartbeat timeout
2026-01-17 22:28:14.415 [taskScheduler-7] WARN  c.q.federated.service.FederatedCoordinatorService - Node 111 marked as inactive due to heartbeat timeout
2026-01-17 22:28:19.429 [taskScheduler-7] WARN  c.q.federated.service.FederatedCoordinatorService - Node 11 marked as inactive due to heartbeat timeout
2026-01-17 22:28:19.429 [taskScheduler-7] WARN  c.q.federated.service.FederatedCoordinatorService - Node 111 marked as inactive due to heartbeat timeout
2026-01-17 22:28:24.437 [taskScheduler-7] WARN  c.q.federated.service.FederatedCoordinatorService - Node 11 marked as inactive due to heartbeat timeout
2026-01-17 22:28:24.438 [taskScheduler-7] WARN  c.q.federated.service.FederatedCoordinatorService - Node 111 marked as inactive due to heartbeat timeout
2026-01-17 22:28:29.443 [taskScheduler-7] WARN  c.q.federated.service.FederatedCoordinatorService - Node 11 marked as inactive due to heartbeat timeout
2026-01-17 22:28:29.443 [taskScheduler-7] WARN  c.q.federated.service.FederatedCoordinatorService - Node 111 marked as inactive due to heartbeat timeout
2026-01-17 22:28:34.459 [taskScheduler-7] WARN  c.q.federated.service.FederatedCoordinatorService - Node 11 marked as inactive due to heartbeat timeout
2026-01-17 22:28:34.459 [taskScheduler-7] WARN  c.q.federated.service.FederatedCoordinatorService - Node 111 marked as inactive due to heartbeat timeout
2026-01-17 22:28:39.465 [taskScheduler-7] WARN  c.q.federated.service.FederatedCoordinatorService - Node 11 marked as inactive due to heartbeat timeout
2026-01-17 22:28:39.466 [taskScheduler-7] WARN  c.q.federated.service.FederatedCoordinatorService - Node 111 marked as inactive due to heartbeat timeout
2026-01-17 22:28:44.483 [taskScheduler-7] WARN  c.q.federated.service.FederatedCoordinatorService - Node 11 marked as inactive due to heartbeat timeout
2026-01-17 22:28:44.483 [taskScheduler-7] WARN  c.q.federated.service.FederatedCoordinatorService - Node 111 marked as inactive due to heartbeat timeout
2026-01-17 22:28:49.498 [taskScheduler-7] WARN  c.q.federated.service.FederatedCoordinatorService - Node 11 marked as inactive due to heartbeat timeout
2026-01-17 22:28:49.498 [taskScheduler-7] WARN  c.q.federated.service.FederatedCoordinatorService - Node 111 marked as inactive due to heartbeat timeout
2026-01-17 22:28:54.514 [taskScheduler-7] WARN  c.q.federated.service.FederatedCoordinatorService - Node 11 marked as inactive due to heartbeat timeout
2026-01-17 22:28:54.514 [taskScheduler-7] WARN  c.q.federated.service.FederatedCoordinatorService - Node 111 marked as inactive due to heartbeat timeout
2026-01-17 22:28:59.521 [taskScheduler-7] WARN  c.q.federated.service.FederatedCoordinatorService - Node 11 marked as inactive due to heartbeat timeout
2026-01-17 22:28:59.521 [taskScheduler-7] WARN  c.q.federated.service.FederatedCoordinatorService - Node 111 marked as inactive due to heartbeat timeout
2026-01-17 22:29:04.530 [taskScheduler-7] WARN  c.q.federated.service.FederatedCoordinatorService - Node 11 marked as inactive due to heartbeat timeout
2026-01-17 22:29:04.531 [taskScheduler-7] WARN  c.q.federated.service.FederatedCoordinatorService - Node 111 marked as inactive due to heartbeat timeout
2026-01-17 22:29:09.540 [taskScheduler-7] WARN  c.q.federated.service.FederatedCoordinatorService - Node 11 marked as inactive due to heartbeat timeout
2026-01-17 22:29:09.540 [taskScheduler-7] WARN  c.q.federated.service.FederatedCoordinatorService - Node 111 marked as inactive due to heartbeat timeout
2026-01-17 22:29:14.557 [taskScheduler-7] WARN  c.q.federated.service.FederatedCoordinatorService - Node 11 marked as inactive due to heartbeat timeout
2026-01-17 22:29:14.558 [taskScheduler-7] WARN  c.q.federated.service.FederatedCoordinatorService - Node 111 marked as inactive due to heartbeat timeout
2026-01-17 22:29:19.575 [taskScheduler-7] WARN  c.q.federated.service.FederatedCoordinatorService - Node 11 marked as inactive due to heartbeat timeout
2026-01-17 22:29:19.575 [taskScheduler-7] WARN  c.q.federated.service.FederatedCoordinatorService - Node 111 marked as inactive due to heartbeat timeout
2026-01-17 22:29:24.592 [taskScheduler-7] WARN  c.q.federated.service.FederatedCoordinatorService - Node 11 marked as inactive due to heartbeat timeout
2026-01-17 22:29:24.592 [taskScheduler-7] WARN  c.q.federated.service.FederatedCoordinatorService - Node 111 marked as inactive due to heartbeat timeout
2026-01-17 22:29:29.606 [taskScheduler-7] WARN  c.q.federated.service.FederatedCoordinatorService - Node 11 marked as inactive due to heartbeat timeout
2026-01-17 22:29:29.606 [taskScheduler-7] WARN  c.q.federated.service.FederatedCoordinatorService - Node 111 marked as inactive due to heartbeat timeout
2026-01-17 22:29:34.612 [taskScheduler-7] WARN  c.q.federated.service.FederatedCoordinatorService - Node 11 marked as inactive due to heartbeat timeout
2026-01-17 22:29:34.613 [taskScheduler-7] WARN  c.q.federated.service.FederatedCoordinatorService - Node 111 marked as inactive due to heartbeat timeout
2026-01-17 22:29:39.623 [taskScheduler-7] WARN  c.q.federated.service.FederatedCoordinatorService - Node 11 marked as inactive due to heartbeat timeout
2026-01-17 22:29:39.624 [taskScheduler-7] WARN  c.q.federated.service.FederatedCoordinatorService - Node 111 marked as inactive due to heartbeat timeout
2026-01-17 22:29:44.632 [taskScheduler-7] WARN  c.q.federated.service.FederatedCoordinatorService - Node 11 marked as inactive due to heartbeat timeout
2026-01-17 22:29:44.633 [taskScheduler-7] WARN  c.q.federated.service.FederatedCoordinatorService - Node 111 marked as inactive due to heartbeat timeout
2026-01-17 22:29:49.645 [taskScheduler-7] WARN  c.q.federated.service.FederatedCoordinatorService - Node 11 marked as inactive due to heartbeat timeout
2026-01-17 22:29:49.646 [taskScheduler-7] WARN  c.q.federated.service.FederatedCoordinatorService - Node 111 marked as inactive due to heartbeat timeout
2026-01-17 22:29:54.661 [taskScheduler-7] WARN  c.q.federated.service.FederatedCoordinatorService - Node 11 marked as inactive due to heartbeat timeout
2026-01-17 22:29:54.662 [taskScheduler-7] WARN  c.q.federated.service.FederatedCoordinatorService - Node 111 marked as inactive due to heartbeat timeout
2026-01-17 22:29:59.677 [taskScheduler-7] WARN  c.q.federated.service.FederatedCoordinatorService - Node 11 marked as inactive due to heartbeat timeout
2026-01-17 22:29:59.678 [taskScheduler-7] WARN  c.q.federated.service.FederatedCoordinatorService - Node 111 marked as inactive due to heartbeat timeout
2026-01-17 22:30:04.686 [taskScheduler-7] WARN  c.q.federated.service.FederatedCoordinatorService - Node 11 marked as inactive due to heartbeat timeout
2026-01-17 22:30:04.686 [taskScheduler-7] WARN  c.q.federated.service.FederatedCoordinatorService - Node 111 marked as inactive due to heartbeat timeout
2026-01-17 22:30:09.700 [taskScheduler-7] WARN  c.q.federated.service.FederatedCoordinatorService - Node 11 marked as inactive due to heartbeat timeout
2026-01-17 22:30:09.700 [taskScheduler-7] WARN  c.q.federated.service.FederatedCoordinatorService - Node 111 marked as inactive due to heartbeat timeout
2026-01-17 22:30:14.719 [taskScheduler-7] WARN  c.q.federated.service.FederatedCoordinatorService - Node 11 marked as inactive due to heartbeat timeout
2026-01-17 22:30:14.720 [taskScheduler-7] WARN  c.q.federated.service.FederatedCoordinatorService - Node 111 marked as inactive due to heartbeat timeout
2026-01-17 22:30:19.731 [taskScheduler-7] WARN  c.q.federated.service.FederatedCoordinatorService - Node 11 marked as inactive due to heartbeat timeout
2026-01-17 22:30:19.731 [taskScheduler-7] WARN  c.q.federated.service.FederatedCoordinatorService - Node 111 marked as inactive due to heartbeat timeout
2026-01-17 22:30:24.743 [taskScheduler-7] WARN  c.q.federated.service.FederatedCoordinatorService - Node 11 marked as inactive due to heartbeat timeout
2026-01-17 22:30:24.744 [taskScheduler-7] WARN  c.q.federated.service.FederatedCoordinatorService - Node 111 marked as inactive due to heartbeat timeout
2026-01-17 22:30:29.757 [taskScheduler-7] WARN  c.q.federated.service.FederatedCoordinatorService - Node 11 marked as inactive due to heartbeat timeout
2026-01-17 22:30:29.758 [taskScheduler-7] WARN  c.q.federated.service.FederatedCoordinatorService - Node 111 marked as inactive due to heartbeat timeout
2026-01-17 22:30:34.763 [taskScheduler-7] WARN  c.q.federated.service.FederatedCoordinatorService - Node 11 marked as inactive due to heartbeat timeout
2026-01-17 22:30:34.763 [taskScheduler-7] WARN  c.q.federated.service.FederatedCoordinatorService - Node 111 marked as inactive due to heartbeat timeout
2026-01-17 22:30:39.776 [taskScheduler-7] WARN  c.q.federated.service.FederatedCoordinatorService - Node 11 marked as inactive due to heartbeat timeout
2026-01-17 22:30:39.776 [taskScheduler-7] WARN  c.q.federated.service.FederatedCoordinatorService - Node 111 marked as inactive due to heartbeat timeout
2026-01-17 22:30:44.783 [taskScheduler-7] WARN  c.q.federated.service.FederatedCoordinatorService - Node 11 marked as inactive due to heartbeat timeout
2026-01-17 22:30:44.784 [taskScheduler-7] WARN  c.q.federated.service.FederatedCoordinatorService - Node 111 marked as inactive due to heartbeat timeout
2026-01-17 22:30:49.793 [taskScheduler-7] WARN  c.q.federated.service.FederatedCoordinatorService - Node 11 marked as inactive due to heartbeat timeout
2026-01-17 22:30:49.794 [taskScheduler-7] WARN  c.q.federated.service.FederatedCoordinatorService - Node 111 marked as inactive due to heartbeat timeout
2026-01-17 22:30:54.810 [taskScheduler-7] WARN  c.q.federated.service.FederatedCoordinatorService - Node 11 marked as inactive due to heartbeat timeout
2026-01-17 22:30:54.810 [taskScheduler-7] WARN  c.q.federated.service.FederatedCoordinatorService - Node 111 marked as inactive due to heartbeat timeout
2026-01-17 22:30:59.832 [taskScheduler-7] WARN  c.q.federated.service.FederatedCoordinatorService - Node 11 marked as inactive due to heartbeat timeout
2026-01-17 22:30:59.833 [taskScheduler-7] WARN  c.q.federated.service.FederatedCoordinatorService - Node 111 marked as inactive due to heartbeat timeout
2026-01-17 22:31:04.854 [taskScheduler-7] WARN  c.q.federated.service.FederatedCoordinatorService - Node 11 marked as inactive due to heartbeat timeout
2026-01-17 22:31:04.855 [taskScheduler-7] WARN  c.q.federated.service.FederatedCoordinatorService - Node 111 marked as inactive due to heartbeat timeout
2026-01-17 22:31:09.865 [taskScheduler-7] WARN  c.q.federated.service.FederatedCoordinatorService - Node 11 marked as inactive due to heartbeat timeout
2026-01-17 22:31:09.866 [taskScheduler-7] WARN  c.q.federated.service.FederatedCoordinatorService - Node 111 marked as inactive due to heartbeat timeout
2026-01-17 22:31:14.878 [taskScheduler-7] WARN  c.q.federated.service.FederatedCoordinatorService - Node 11 marked as inactive due to heartbeat timeout
2026-01-17 22:31:14.878 [taskScheduler-7] WARN  c.q.federated.service.FederatedCoordinatorService - Node 111 marked as inactive due to heartbeat timeout
2026-01-17 22:31:19.894 [taskScheduler-7] WARN  c.q.federated.service.FederatedCoordinatorService - Node 11 marked as inactive due to heartbeat timeout
2026-01-17 22:31:19.894 [taskScheduler-7] WARN  c.q.federated.service.FederatedCoordinatorService - Node 111 marked as inactive due to heartbeat timeout
2026-01-17 22:31:24.911 [taskScheduler-7] WARN  c.q.federated.service.FederatedCoordinatorService - Node 11 marked as inactive due to heartbeat timeout
2026-01-17 22:31:24.911 [taskScheduler-7] WARN  c.q.federated.service.FederatedCoordinatorService - Node 111 marked as inactive due to heartbeat timeout
2026-01-17 22:31:29.922 [taskScheduler-7] WARN  c.q.federated.service.FederatedCoordinatorService - Node 11 marked as inactive due to heartbeat timeout
2026-01-17 22:31:29.922 [taskScheduler-7] WARN  c.q.federated.service.FederatedCoordinatorService - Node 111 marked as inactive due to heartbeat timeout
2026-01-17 22:31:34.938 [taskScheduler-7] WARN  c.q.federated.service.FederatedCoordinatorService - Node 11 marked as inactive due to heartbeat timeout
2026-01-17 22:31:34.939 [taskScheduler-7] WARN  c.q.federated.service.FederatedCoordinatorService - Node 111 marked as inactive due to heartbeat timeout
2026-01-17 22:31:39.958 [taskScheduler-7] WARN  c.q.federated.service.FederatedCoordinatorService - Node 11 marked as inactive due to heartbeat timeout
2026-01-17 22:31:39.959 [taskScheduler-7] WARN  c.q.federated.service.FederatedCoordinatorService - Node 111 marked as inactive due to heartbeat timeout
2026-01-17 22:31:44.967 [taskScheduler-7] WARN  c.q.federated.service.FederatedCoordinatorService - Node 11 marked as inactive due to heartbeat timeout
2026-01-17 22:31:44.968 [taskScheduler-7] WARN  c.q.federated.service.FederatedCoordinatorService - Node 111 marked as inactive due to heartbeat timeout
2026-01-17 22:31:49.976 [taskScheduler-7] WARN  c.q.federated.service.FederatedCoordinatorService - Node 11 marked as inactive due to heartbeat timeout
2026-01-17 22:31:49.977 [taskScheduler-7] WARN  c.q.federated.service.FederatedCoordinatorService - Node 111 marked as inactive due to heartbeat timeout
2026-01-17 22:31:54.992 [taskScheduler-7] WARN  c.q.federated.service.FederatedCoordinatorService - Node 11 marked as inactive due to heartbeat timeout
2026-01-17 22:31:54.993 [taskScheduler-7] WARN  c.q.federated.service.FederatedCoordinatorService - Node 111 marked as inactive due to heartbeat timeout
2026-01-17 22:32:00.009 [taskScheduler-7] WARN  c.q.federated.service.FederatedCoordinatorService - Node 11 marked as inactive due to heartbeat timeout
2026-01-17 22:32:00.009 [taskScheduler-7] WARN  c.q.federated.service.FederatedCoordinatorService - Node 111 marked as inactive due to heartbeat timeout
2026-01-17 22:32:05.015 [taskScheduler-7] WARN  c.q.federated.service.FederatedCoordinatorService - Node 11 marked as inactive due to heartbeat timeout
2026-01-17 22:32:05.015 [taskScheduler-7] WARN  c.q.federated.service.FederatedCoordinatorService - Node 111 marked as inactive due to heartbeat timeout
2026-01-17 22:32:10.032 [taskScheduler-7] WARN  c.q.federated.service.FederatedCoordinatorService - Node 11 marked as inactive due to heartbeat timeout
2026-01-17 22:32:10.032 [taskScheduler-7] WARN  c.q.federated.service.FederatedCoordinatorService - Node 111 marked as inactive due to heartbeat timeout
2026-01-17 22:32:15.043 [taskScheduler-7] WARN  c.q.federated.service.FederatedCoordinatorService - Node 11 marked as inactive due to heartbeat timeout
2026-01-17 22:32:15.044 [taskScheduler-7] WARN  c.q.federated.service.FederatedCoordinatorService - Node 111 marked as inactive due to heartbeat timeout
2026-01-17 22:32:20.058 [taskScheduler-7] WARN  c.q.federated.service.FederatedCoordinatorService - Node 11 marked as inactive due to heartbeat timeout
2026-01-17 22:32:20.059 [taskScheduler-7] WARN  c.q.federated.service.FederatedCoordinatorService - Node 111 marked as inactive due to heartbeat timeout
2026-01-17 22:32:25.067 [taskScheduler-7] WARN  c.q.federated.service.FederatedCoordinatorService - Node 11 marked as inactive due to heartbeat timeout
2026-01-17 22:32:25.067 [taskScheduler-7] WARN  c.q.federated.service.FederatedCoordinatorService - Node 111 marked as inactive due to heartbeat timeout
2026-01-17 22:32:30.088 [taskScheduler-7] WARN  c.q.federated.service.FederatedCoordinatorService - Node 11 marked as inactive due to heartbeat timeout
2026-01-17 22:32:30.089 [taskScheduler-7] WARN  c.q.federated.service.FederatedCoordinatorService - Node 111 marked as inactive due to heartbeat timeout
2026-01-17 22:32:35.099 [taskScheduler-7] WARN  c.q.federated.service.FederatedCoordinatorService - Node 11 marked as inactive due to heartbeat timeout
2026-01-17 22:32:35.099 [taskScheduler-7] WARN  c.q.federated.service.FederatedCoordinatorService - Node 111 marked as inactive due to heartbeat timeout
2026-01-17 22:32:40.113 [taskScheduler-7] WARN  c.q.federated.service.FederatedCoordinatorService - Node 11 marked as inactive due to heartbeat timeout
2026-01-17 22:32:40.114 [taskScheduler-7] WARN  c.q.federated.service.FederatedCoordinatorService - Node 111 marked as inactive due to heartbeat timeout
2026-01-17 22:32:45.125 [taskScheduler-7] WARN  c.q.federated.service.FederatedCoordinatorService - Node 11 marked as inactive due to heartbeat timeout
2026-01-17 22:32:45.125 [taskScheduler-7] WARN  c.q.federated.service.FederatedCoordinatorService - Node 111 marked as inactive due to heartbeat timeout
2026-01-17 22:32:50.142 [taskScheduler-7] WARN  c.q.federated.service.FederatedCoordinatorService - Node 11 marked as inactive due to heartbeat timeout
2026-01-17 22:32:50.143 [taskScheduler-7] WARN  c.q.federated.service.FederatedCoordinatorService - Node 111 marked as inactive due to heartbeat timeout
2026-01-17 22:32:55.154 [taskScheduler-7] WARN  c.q.federated.service.FederatedCoordinatorService - Node 11 marked as inactive due to heartbeat timeout
2026-01-17 22:32:55.154 [taskScheduler-7] WARN  c.q.federated.service.FederatedCoordinatorService - Node 111 marked as inactive due to heartbeat timeout
2026-01-17 22:33:00.174 [taskScheduler-7] WARN  c.q.federated.service.FederatedCoordinatorService - Node 11 marked as inactive due to heartbeat timeout
2026-01-17 22:33:00.175 [taskScheduler-7] WARN  c.q.federated.service.FederatedCoordinatorService - Node 111 marked as inactive due to heartbeat timeout
2026-01-17 22:33:05.191 [taskScheduler-7] WARN  c.q.federated.service.FederatedCoordinatorService - Node 11 marked as inactive due to heartbeat timeout
2026-01-17 22:33:05.191 [taskScheduler-7] WARN  c.q.federated.service.FederatedCoordinatorService - Node 111 marked as inactive due to heartbeat timeout
2026-01-17 22:33:10.201 [taskScheduler-7] WARN  c.q.federated.service.FederatedCoordinatorService - Node 11 marked as inactive due to heartbeat timeout
2026-01-17 22:33:10.202 [taskScheduler-7] WARN  c.q.federated.service.FederatedCoordinatorService - Node 111 marked as inactive due to heartbeat timeout
2026-01-17 22:33:15.211 [taskScheduler-7] WARN  c.q.federated.service.FederatedCoordinatorService - Node 11 marked as inactive due to heartbeat timeout
2026-01-17 22:33:15.212 [taskScheduler-7] WARN  c.q.federated.service.FederatedCoordinatorService - Node 111 marked as inactive due to heartbeat timeout
2026-01-17 22:33:20.223 [taskScheduler-7] WARN  c.q.federated.service.FederatedCoordinatorService - Node 11 marked as inactive due to heartbeat timeout
2026-01-17 22:33:20.224 [taskScheduler-7] WARN  c.q.federated.service.FederatedCoordinatorService - Node 111 marked as inactive due to heartbeat timeout
2026-01-17 22:33:25.240 [taskScheduler-7] WARN  c.q.federated.service.FederatedCoordinatorService - Node 11 marked as inactive due to heartbeat timeout
2026-01-17 22:33:25.240 [taskScheduler-7] WARN  c.q.federated.service.FederatedCoordinatorService - Node 111 marked as inactive due to heartbeat timeout
2026-01-17 22:33:30.257 [taskScheduler-7] WARN  c.q.federated.service.FederatedCoordinatorService - Node 11 marked as inactive due to heartbeat timeout
2026-01-17 22:33:30.257 [taskScheduler-7] WARN  c.q.federated.service.FederatedCoordinatorService - Node 111 marked as inactive due to heartbeat timeout
2026-01-17 22:33:35.269 [taskScheduler-7] WARN  c.q.federated.service.FederatedCoordinatorService - Node 11 marked as inactive due to heartbeat timeout
2026-01-17 22:33:35.270 [taskScheduler-7] WARN  c.q.federated.service.FederatedCoordinatorService - Node 111 marked as inactive due to heartbeat timeout
2026-01-17 22:33:40.292 [taskScheduler-7] WARN  c.q.federated.service.FederatedCoordinatorService - Node 11 marked as inactive due to heartbeat timeout
2026-01-17 22:33:40.293 [taskScheduler-7] WARN  c.q.federated.service.FederatedCoordinatorService - Node 111 marked as inactive due to heartbeat timeout
2026-01-17 22:33:45.307 [taskScheduler-7] WARN  c.q.federated.service.FederatedCoordinatorService - Node 11 marked as inactive due to heartbeat timeout
2026-01-17 22:33:45.308 [taskScheduler-7] WARN  c.q.federated.service.FederatedCoordinatorService - Node 111 marked as inactive due to heartbeat timeout
2026-01-17 22:33:50.317 [taskScheduler-7] WARN  c.q.federated.service.FederatedCoordinatorService - Node 11 marked as inactive due to heartbeat timeout
2026-01-17 22:33:50.317 [taskScheduler-7] WARN  c.q.federated.service.FederatedCoordinatorService - Node 111 marked as inactive due to heartbeat timeout
2026-01-17 22:33:55.325 [taskScheduler-7] WARN  c.q.federated.service.FederatedCoordinatorService - Node 11 marked as inactive due to heartbeat timeout
2026-01-17 22:33:55.326 [taskScheduler-7] WARN  c.q.federated.service.FederatedCoordinatorService - Node 111 marked as inactive due to heartbeat timeout
2026-01-17 22:34:00.335 [taskScheduler-7] WARN  c.q.federated.service.FederatedCoordinatorService - Node 11 marked as inactive due to heartbeat timeout
2026-01-17 22:34:00.335 [taskScheduler-7] WARN  c.q.federated.service.FederatedCoordinatorService - Node 111 marked as inactive due to heartbeat timeout
2026-01-17 22:34:05.348 [taskScheduler-7] WARN  c.q.federated.service.FederatedCoordinatorService - Node 11 marked as inactive due to heartbeat timeout
2026-01-17 22:34:05.348 [taskScheduler-7] WARN  c.q.federated.service.FederatedCoordinatorService - Node 111 marked as inactive due to heartbeat timeout
2026-01-17 22:34:10.356 [taskScheduler-7] WARN  c.q.federated.service.FederatedCoordinatorService - Node 11 marked as inactive due to heartbeat timeout
2026-01-17 22:34:10.357 [taskScheduler-7] WARN  c.q.federated.service.FederatedCoordinatorService - Node 111 marked as inactive due to heartbeat timeout
2026-01-17 22:34:15.378 [taskScheduler-7] WARN  c.q.federated.service.FederatedCoordinatorService - Node 11 marked as inactive due to heartbeat timeout
2026-01-17 22:34:15.379 [taskScheduler-7] WARN  c.q.federated.service.FederatedCoordinatorService - Node 111 marked as inactive due to heartbeat timeout
2026-01-17 22:34:20.389 [taskScheduler-7] WARN  c.q.federated.service.FederatedCoordinatorService - Node 11 marked as inactive due to heartbeat timeout
2026-01-17 22:34:20.389 [taskScheduler-7] WARN  c.q.federated.service.FederatedCoordinatorService - Node 111 marked as inactive due to heartbeat timeout
2026-01-17 22:34:25.395 [taskScheduler-7] WARN  c.q.federated.service.FederatedCoordinatorService - Node 11 marked as inactive due to heartbeat timeout
2026-01-17 22:34:25.396 [taskScheduler-7] WARN  c.q.federated.service.FederatedCoordinatorService - Node 111 marked as inactive due to heartbeat timeout
2026-01-17 22:34:30.406 [taskScheduler-7] WARN  c.q.federated.service.FederatedCoordinatorService - Node 11 marked as inactive due to heartbeat timeout
2026-01-17 22:34:30.406 [taskScheduler-7] WARN  c.q.federated.service.FederatedCoordinatorService - Node 111 marked as inactive due to heartbeat timeout
2026-01-17 22:34:35.420 [taskScheduler-7] WARN  c.q.federated.service.FederatedCoordinatorService - Node 11 marked as inactive due to heartbeat timeout
2026-01-17 22:34:35.421 [taskScheduler-7] WARN  c.q.federated.service.FederatedCoordinatorService - Node 111 marked as inactive due to heartbeat timeout
2026-01-17 22:34:40.431 [taskScheduler-7] WARN  c.q.federated.service.FederatedCoordinatorService - Node 11 marked as inactive due to heartbeat timeout
2026-01-17 22:34:40.432 [taskScheduler-7] WARN  c.q.federated.service.FederatedCoordinatorService - Node 111 marked as inactive due to heartbeat timeout
2026-01-17 22:34:45.441 [taskScheduler-7] WARN  c.q.federated.service.FederatedCoordinatorService - Node 11 marked as inactive due to heartbeat timeout
2026-01-17 22:34:45.441 [taskScheduler-7] WARN  c.q.federated.service.FederatedCoordinatorService - Node 111 marked as inactive due to heartbeat timeout
2026-01-17 22:34:50.458 [taskScheduler-7] WARN  c.q.federated.service.FederatedCoordinatorService - Node 11 marked as inactive due to heartbeat timeout
2026-01-17 22:34:50.458 [taskScheduler-7] WARN  c.q.federated.service.FederatedCoordinatorService - Node 111 marked as inactive due to heartbeat timeout
2026-01-17 22:34:55.479 [taskScheduler-7] WARN  c.q.federated.service.FederatedCoordinatorService - Node 11 marked as inactive due to heartbeat timeout
2026-01-17 22:34:55.479 [taskScheduler-7] WARN  c.q.federated.service.FederatedCoordinatorService - Node 111 marked as inactive due to heartbeat timeout
2026-01-17 22:35:00.489 [taskScheduler-7] WARN  c.q.federated.service.FederatedCoordinatorService - Node 11 marked as inactive due to heartbeat timeout
2026-01-17 22:35:00.489 [taskScheduler-7] WARN  c.q.federated.service.FederatedCoordinatorService - Node 111 marked as inactive due to heartbeat timeout
2026-01-17 22:35:05.505 [taskScheduler-7] WARN  c.q.federated.service.FederatedCoordinatorService - Node 11 marked as inactive due to heartbeat timeout
2026-01-17 22:35:05.505 [taskScheduler-7] WARN  c.q.federated.service.FederatedCoordinatorService - Node 111 marked as inactive due to heartbeat timeout
2026-01-17 22:35:10.523 [taskScheduler-7] WARN  c.q.federated.service.FederatedCoordinatorService - Node 11 marked as inactive due to heartbeat timeout
2026-01-17 22:35:10.524 [taskScheduler-7] WARN  c.q.federated.service.FederatedCoordinatorService - Node 111 marked as inactive due to heartbeat timeout
2026-01-17 22:35:15.535 [taskScheduler-7] WARN  c.q.federated.service.FederatedCoordinatorService - Node 11 marked as inactive due to heartbeat timeout
2026-01-17 22:35:15.536 [taskScheduler-7] WARN  c.q.federated.service.FederatedCoordinatorService - Node 111 marked as inactive due to heartbeat timeout
2026-01-17 22:35:20.553 [taskScheduler-7] WARN  c.q.federated.service.FederatedCoordinatorService - Node 11 marked as inactive due to heartbeat timeout
2026-01-17 22:35:20.554 [taskScheduler-7] WARN  c.q.federated.service.FederatedCoordinatorService - Node 111 marked as inactive due to heartbeat timeout
2026-01-17 22:35:25.571 [taskScheduler-7] WARN  c.q.federated.service.FederatedCoordinatorService - Node 11 marked as inactive due to heartbeat timeout
2026-01-17 22:35:25.571 [taskScheduler-7] WARN  c.q.federated.service.FederatedCoordinatorService - Node 111 marked as inactive due to heartbeat timeout
2026-01-17 22:35:30.587 [taskScheduler-7] WARN  c.q.federated.service.FederatedCoordinatorService - Node 11 marked as inactive due to heartbeat timeout
2026-01-17 22:35:30.587 [taskScheduler-7] WARN  c.q.federated.service.FederatedCoordinatorService - Node 111 marked as inactive due to heartbeat timeout
2026-01-17 22:35:35.607 [taskScheduler-7] WARN  c.q.federated.service.FederatedCoordinatorService - Node 11 marked as inactive due to heartbeat timeout
2026-01-17 22:35:35.607 [taskScheduler-7] WARN  c.q.federated.service.FederatedCoordinatorService - Node 111 marked as inactive due to heartbeat timeout
2026-01-17 22:35:40.614 [taskScheduler-7] WARN  c.q.federated.service.FederatedCoordinatorService - Node 11 marked as inactive due to heartbeat timeout
2026-01-17 22:35:40.615 [taskScheduler-7] WARN  c.q.federated.service.FederatedCoordinatorService - Node 111 marked as inactive due to heartbeat timeout
2026-01-17 22:35:45.623 [taskScheduler-7] WARN  c.q.federated.service.FederatedCoordinatorService - Node 11 marked as inactive due to heartbeat timeout
2026-01-17 22:35:45.623 [taskScheduler-7] WARN  c.q.federated.service.FederatedCoordinatorService - Node 111 marked as inactive due to heartbeat timeout
2026-01-17 22:35:50.642 [taskScheduler-7] WARN  c.q.federated.service.FederatedCoordinatorService - Node 11 marked as inactive due to heartbeat timeout
2026-01-17 22:35:50.642 [taskScheduler-7] WARN  c.q.federated.service.FederatedCoordinatorService - Node 111 marked as inactive due to heartbeat timeout
2026-01-17 22:35:55.653 [taskScheduler-7] WARN  c.q.federated.service.FederatedCoordinatorService - Node 11 marked as inactive due to heartbeat timeout
2026-01-17 22:35:55.653 [taskScheduler-7] WARN  c.q.federated.service.FederatedCoordinatorService - Node 111 marked as inactive due to heartbeat timeout
2026-01-17 22:36:00.669 [taskScheduler-7] WARN  c.q.federated.service.FederatedCoordinatorService - Node 11 marked as inactive due to heartbeat timeout
2026-01-17 22:36:00.669 [taskScheduler-7] WARN  c.q.federated.service.FederatedCoordinatorService - Node 111 marked as inactive due to heartbeat timeout
2026-01-17 22:36:05.677 [taskScheduler-7] WARN  c.q.federated.service.FederatedCoordinatorService - Node 11 marked as inactive due to heartbeat timeout
2026-01-17 22:36:05.678 [taskScheduler-7] WARN  c.q.federated.service.FederatedCoordinatorService - Node 111 marked as inactive due to heartbeat timeout
2026-01-17 22:36:10.685 [taskScheduler-7] WARN  c.q.federated.service.FederatedCoordinatorService - Node 11 marked as inactive due to heartbeat timeout
2026-01-17 22:36:10.685 [taskScheduler-7] WARN  c.q.federated.service.FederatedCoordinatorService - Node 111 marked as inactive due to heartbeat timeout
2026-01-17 22:36:15.703 [taskScheduler-7] WARN  c.q.federated.service.FederatedCoordinatorService - Node 11 marked as inactive due to heartbeat timeout
2026-01-17 22:36:15.703 [taskScheduler-7] WARN  c.q.federated.service.FederatedCoordinatorService - Node 111 marked as inactive due to heartbeat timeout
2026-01-17 22:36:20.721 [taskScheduler-7] WARN  c.q.federated.service.FederatedCoordinatorService - Node 11 marked as inactive due to heartbeat timeout
2026-01-17 22:36:20.721 [taskScheduler-7] WARN  c.q.federated.service.FederatedCoordinatorService - Node 111 marked as inactive due to heartbeat timeout
2026-01-17 22:36:25.734 [taskScheduler-7] WARN  c.q.federated.service.FederatedCoordinatorService - Node 11 marked as inactive due to heartbeat timeout
2026-01-17 22:36:25.735 [taskScheduler-7] WARN  c.q.federated.service.FederatedCoordinatorService - Node 111 marked as inactive due to heartbeat timeout
2026-01-17 22:36:30.752 [taskScheduler-7] WARN  c.q.federated.service.FederatedCoordinatorService - Node 11 marked as inactive due to heartbeat timeout
2026-01-17 22:36:30.753 [taskScheduler-7] WARN  c.q.federated.service.FederatedCoordinatorService - Node 111 marked as inactive due to heartbeat timeout
2026-01-17 22:36:35.767 [taskScheduler-7] WARN  c.q.federated.service.FederatedCoordinatorService - Node 11 marked as inactive due to heartbeat timeout
2026-01-17 22:36:35.767 [taskScheduler-7] WARN  c.q.federated.service.FederatedCoordinatorService - Node 111 marked as inactive due to heartbeat timeout
2026-01-17 22:36:40.787 [taskScheduler-7] WARN  c.q.federated.service.FederatedCoordinatorService - Node 11 marked as inactive due to heartbeat timeout
2026-01-17 22:36:40.787 [taskScheduler-7] WARN  c.q.federated.service.FederatedCoordinatorService - Node 111 marked as inactive due to heartbeat timeout
2026-01-17 22:36:45.797 [taskScheduler-7] WARN  c.q.federated.service.FederatedCoordinatorService - Node 11 marked as inactive due to heartbeat timeout
2026-01-17 22:36:45.798 [taskScheduler-7] WARN  c.q.federated.service.FederatedCoordinatorService - Node 111 marked as inactive due to heartbeat timeout
2026-01-17 22:36:50.803 [taskScheduler-7] WARN  c.q.federated.service.FederatedCoordinatorService - Node 11 marked as inactive due to heartbeat timeout
2026-01-17 22:36:50.803 [taskScheduler-7] WARN  c.q.federated.service.FederatedCoordinatorService - Node 111 marked as inactive due to heartbeat timeout
2026-01-17 22:36:55.817 [taskScheduler-7] WARN  c.q.federated.service.FederatedCoordinatorService - Node 11 marked as inactive due to heartbeat timeout
2026-01-17 22:36:55.817 [taskScheduler-7] WARN  c.q.federated.service.FederatedCoordinatorService - Node 111 marked as inactive due to heartbeat timeout
2026-01-17 22:37:00.832 [taskScheduler-7] WARN  c.q.federated.service.FederatedCoordinatorService - Node 11 marked as inactive due to heartbeat timeout
2026-01-17 22:37:00.832 [taskScheduler-7] WARN  c.q.federated.service.FederatedCoordinatorService - Node 111 marked as inactive due to heartbeat timeout
2026-01-17 22:37:05.849 [taskScheduler-7] WARN  c.q.federated.service.FederatedCoordinatorService - Node 11 marked as inactive due to heartbeat timeout
2026-01-17 22:37:05.850 [taskScheduler-7] WARN  c.q.federated.service.FederatedCoordinatorService - Node 111 marked as inactive due to heartbeat timeout
2026-01-17 22:37:10.858 [taskScheduler-7] WARN  c.q.federated.service.FederatedCoordinatorService - Node 11 marked as inactive due to heartbeat timeout
2026-01-17 22:37:10.858 [taskScheduler-7] WARN  c.q.federated.service.FederatedCoordinatorService - Node 111 marked as inactive due to heartbeat timeout
2026-01-17 22:37:15.877 [taskScheduler-7] WARN  c.q.federated.service.FederatedCoordinatorService - Node 11 marked as inactive due to heartbeat timeout
2026-01-17 22:37:15.877 [taskScheduler-7] WARN  c.q.federated.service.FederatedCoordinatorService - Node 111 marked as inactive due to heartbeat timeout
2026-01-17 22:37:20.883 [taskScheduler-7] WARN  c.q.federated.service.FederatedCoordinatorService - Node 11 marked as inactive due to heartbeat timeout
2026-01-17 22:37:20.883 [taskScheduler-7] WARN  c.q.federated.service.FederatedCoordinatorService - Node 111 marked as inactive due to heartbeat timeout
2026-01-17 22:37:25.897 [taskScheduler-7] WARN  c.q.federated.service.FederatedCoordinatorService - Node 11 marked as inactive due to heartbeat timeout
2026-01-17 22:37:25.897 [taskScheduler-7] WARN  c.q.federated.service.FederatedCoordinatorService - Node 111 marked as inactive due to heartbeat timeout
2026-01-17 22:37:30.913 [taskScheduler-7] WARN  c.q.federated.service.FederatedCoordinatorService - Node 11 marked as inactive due to heartbeat timeout
2026-01-17 22:37:30.913 [taskScheduler-7] WARN  c.q.federated.service.FederatedCoordinatorService - Node 111 marked as inactive due to heartbeat timeout
2026-01-17 22:37:35.918 [taskScheduler-7] WARN  c.q.federated.service.FederatedCoordinatorService - Node 11 marked as inactive due to heartbeat timeout
2026-01-17 22:37:35.919 [taskScheduler-7] WARN  c.q.federated.service.FederatedCoordinatorService - Node 111 marked as inactive due to heartbeat timeout
2026-01-17 22:37:40.933 [taskScheduler-7] WARN  c.q.federated.service.FederatedCoordinatorService - Node 11 marked as inactive due to heartbeat timeout
2026-01-17 22:37:40.934 [taskScheduler-7] WARN  c.q.federated.service.FederatedCoordinatorService - Node 111 marked as inactive due to heartbeat timeout
2026-01-17 22:37:45.949 [taskScheduler-7] WARN  c.q.federated.service.FederatedCoordinatorService - Node 11 marked as inactive due to heartbeat timeout
2026-01-17 22:37:45.950 [taskScheduler-7] WARN  c.q.federated.service.FederatedCoordinatorService - Node 111 marked as inactive due to heartbeat timeout
2026-01-17 22:37:50.970 [taskScheduler-7] WARN  c.q.federated.service.FederatedCoordinatorService - Node 11 marked as inactive due to heartbeat timeout
2026-01-17 22:37:50.970 [taskScheduler-7] WARN  c.q.federated.service.FederatedCoordinatorService - Node 111 marked as inactive due to heartbeat timeout
2026-01-17 22:37:55.984 [taskScheduler-7] WARN  c.q.federated.service.FederatedCoordinatorService - Node 11 marked as inactive due to heartbeat timeout
2026-01-17 22:37:55.985 [taskScheduler-7] WARN  c.q.federated.service.FederatedCoordinatorService - Node 111 marked as inactive due to heartbeat timeout
2026-01-17 22:38:01.001 [taskScheduler-7] WARN  c.q.federated.service.FederatedCoordinatorService - Node 11 marked as inactive due to heartbeat timeout
2026-01-17 22:38:01.001 [taskScheduler-7] WARN  c.q.federated.service.FederatedCoordinatorService - Node 111 marked as inactive due to heartbeat timeout
2026-01-17 22:38:06.019 [taskScheduler-7] WARN  c.q.federated.service.FederatedCoordinatorService - Node 11 marked as inactive due to heartbeat timeout
2026-01-17 22:38:06.020 [taskScheduler-7] WARN  c.q.federated.service.FederatedCoordinatorService - Node 111 marked as inactive due to heartbeat timeout
2026-01-17 22:38:11.026 [taskScheduler-7] WARN  c.q.federated.service.FederatedCoordinatorService - Node 11 marked as inactive due to heartbeat timeout
2026-01-17 22:38:11.027 [taskScheduler-7] WARN  c.q.federated.service.FederatedCoordinatorService - Node 111 marked as inactive due to heartbeat timeout
2026-01-17 22:38:16.034 [taskScheduler-7] WARN  c.q.federated.service.FederatedCoordinatorService - Node 11 marked as inactive due to heartbeat timeout
2026-01-17 22:38:16.034 [taskScheduler-7] WARN  c.q.federated.service.FederatedCoordinatorService - Node 111 marked as inactive due to heartbeat timeout
2026-01-17 22:38:21.053 [taskScheduler-7] WARN  c.q.federated.service.FederatedCoordinatorService - Node 11 marked as inactive due to heartbeat timeout
2026-01-17 22:38:21.053 [taskScheduler-7] WARN  c.q.federated.service.FederatedCoordinatorService - Node 111 marked as inactive due to heartbeat timeout
2026-01-17 22:38:26.061 [taskScheduler-7] WARN  c.q.federated.service.FederatedCoordinatorService - Node 11 marked as inactive due to heartbeat timeout
2026-01-17 22:38:26.061 [taskScheduler-7] WARN  c.q.federated.service.FederatedCoordinatorService - Node 111 marked as inactive due to heartbeat timeout
2026-01-17 22:38:31.068 [taskScheduler-7] WARN  c.q.federated.service.FederatedCoordinatorService - Node 11 marked as inactive due to heartbeat timeout
2026-01-17 22:38:31.068 [taskScheduler-7] WARN  c.q.federated.service.FederatedCoordinatorService - Node 111 marked as inactive due to heartbeat timeout
2026-01-17 22:38:36.080 [taskScheduler-7] WARN  c.q.federated.service.FederatedCoordinatorService - Node 11 marked as inactive due to heartbeat timeout
2026-01-17 22:38:36.081 [taskScheduler-7] WARN  c.q.federated.service.FederatedCoordinatorService - Node 111 marked as inactive due to heartbeat timeout
2026-01-17 22:38:41.093 [taskScheduler-7] WARN  c.q.federated.service.FederatedCoordinatorService - Node 11 marked as inactive due to heartbeat timeout
2026-01-17 22:38:41.094 [taskScheduler-7] WARN  c.q.federated.service.FederatedCoordinatorService - Node 111 marked as inactive due to heartbeat timeout
2026-01-17 22:38:46.100 [taskScheduler-7] WARN  c.q.federated.service.FederatedCoordinatorService - Node 11 marked as inactive due to heartbeat timeout
2026-01-17 22:38:46.100 [taskScheduler-7] WARN  c.q.federated.service.FederatedCoordinatorService - Node 111 marked as inactive due to heartbeat timeout
2026-01-17 22:38:51.110 [taskScheduler-7] WARN  c.q.federated.service.FederatedCoordinatorService - Node 11 marked as inactive due to heartbeat timeout
2026-01-17 22:38:51.110 [taskScheduler-7] WARN  c.q.federated.service.FederatedCoordinatorService - Node 111 marked as inactive due to heartbeat timeout
2026-01-17 22:38:56.120 [taskScheduler-7] WARN  c.q.federated.service.FederatedCoordinatorService - Node 11 marked as inactive due to heartbeat timeout
2026-01-17 22:38:56.120 [taskScheduler-7] WARN  c.q.federated.service.FederatedCoordinatorService - Node 111 marked as inactive due to heartbeat timeout
2026-01-17 22:39:01.132 [taskScheduler-7] WARN  c.q.federated.service.FederatedCoordinatorService - Node 11 marked as inactive due to heartbeat timeout
2026-01-17 22:39:01.133 [taskScheduler-7] WARN  c.q.federated.service.FederatedCoordinatorService - Node 111 marked as inactive due to heartbeat timeout
2026-01-17 22:39:06.147 [taskScheduler-7] WARN  c.q.federated.service.FederatedCoordinatorService - Node 11 marked as inactive due to heartbeat timeout
2026-01-17 22:39:06.147 [taskScheduler-7] WARN  c.q.federated.service.FederatedCoordinatorService - Node 111 marked as inactive due to heartbeat timeout
2026-01-17 22:39:11.165 [taskScheduler-7] WARN  c.q.federated.service.FederatedCoordinatorService - Node 11 marked as inactive due to heartbeat timeout
2026-01-17 22:39:11.165 [taskScheduler-7] WARN  c.q.federated.service.FederatedCoordinatorService - Node 111 marked as inactive due to heartbeat timeout
2026-01-17 22:39:16.182 [taskScheduler-7] WARN  c.q.federated.service.FederatedCoordinatorService - Node 11 marked as inactive due to heartbeat timeout
2026-01-17 22:39:16.182 [taskScheduler-7] WARN  c.q.federated.service.FederatedCoordinatorService - Node 111 marked as inactive due to heartbeat timeout
2026-01-17 22:39:21.196 [taskScheduler-7] WARN  c.q.federated.service.FederatedCoordinatorService - Node 11 marked as inactive due to heartbeat timeout
2026-01-17 22:39:21.197 [taskScheduler-7] WARN  c.q.federated.service.FederatedCoordinatorService - Node 111 marked as inactive due to heartbeat timeout
2026-01-17 22:39:26.215 [taskScheduler-7] WARN  c.q.federated.service.FederatedCoordinatorService - Node 11 marked as inactive due to heartbeat timeout
2026-01-17 22:39:26.215 [taskScheduler-7] WARN  c.q.federated.service.FederatedCoordinatorService - Node 111 marked as inactive due to heartbeat timeout
2026-01-17 22:39:31.223 [taskScheduler-7] WARN  c.q.federated.service.FederatedCoordinatorService - Node 11 marked as inactive due to heartbeat timeout
2026-01-17 22:39:31.223 [taskScheduler-7] WARN  c.q.federated.service.FederatedCoordinatorService - Node 111 marked as inactive due to heartbeat timeout
2026-01-17 22:39:36.236 [taskScheduler-7] WARN  c.q.federated.service.FederatedCoordinatorService - Node 11 marked as inactive due to heartbeat timeout
2026-01-17 22:39:36.236 [taskScheduler-7] WARN  c.q.federated.service.FederatedCoordinatorService - Node 111 marked as inactive due to heartbeat timeout
2026-01-17 22:39:41.242 [taskScheduler-7] WARN  c.q.federated.service.FederatedCoordinatorService - Node 11 marked as inactive due to heartbeat timeout
2026-01-17 22:39:41.243 [taskScheduler-7] WARN  c.q.federated.service.FederatedCoordinatorService - Node 111 marked as inactive due to heartbeat timeout
2026-01-17 22:39:46.254 [taskScheduler-7] WARN  c.q.federated.service.FederatedCoordinatorService - Node 11 marked as inactive due to heartbeat timeout
2026-01-17 22:39:46.255 [taskScheduler-7] WARN  c.q.federated.service.FederatedCoordinatorService - Node 111 marked as inactive due to heartbeat timeout
2026-01-17 22:39:51.264 [taskScheduler-7] WARN  c.q.federated.service.FederatedCoordinatorService - Node 11 marked as inactive due to heartbeat timeout
2026-01-17 22:39:51.264 [taskScheduler-7] WARN  c.q.federated.service.FederatedCoordinatorService - Node 111 marked as inactive due to heartbeat timeout
2026-01-17 22:39:56.270 [taskScheduler-7] WARN  c.q.federated.service.FederatedCoordinatorService - Node 11 marked as inactive due to heartbeat timeout
2026-01-17 22:39:56.271 [taskScheduler-7] WARN  c.q.federated.service.FederatedCoordinatorService - Node 111 marked as inactive due to heartbeat timeout
2026-01-17 22:40:01.282 [taskScheduler-7] WARN  c.q.federated.service.FederatedCoordinatorService - Node 11 marked as inactive due to heartbeat timeout
2026-01-17 22:40:01.283 [taskScheduler-7] WARN  c.q.federated.service.FederatedCoordinatorService - Node 111 marked as inactive due to heartbeat timeout
2026-01-17 22:40:06.296 [taskScheduler-7] WARN  c.q.federated.service.FederatedCoordinatorService - Node 11 marked as inactive due to heartbeat timeout
2026-01-17 22:40:06.296 [taskScheduler-7] WARN  c.q.federated.service.FederatedCoordinatorService - Node 111 marked as inactive due to heartbeat timeout
2026-01-17 22:40:11.313 [taskScheduler-7] WARN  c.q.federated.service.FederatedCoordinatorService - Node 11 marked as inactive due to heartbeat timeout
2026-01-17 22:40:11.314 [taskScheduler-7] WARN  c.q.federated.service.FederatedCoordinatorService - Node 111 marked as inactive due to heartbeat timeout
2026-01-17 22:40:16.327 [taskScheduler-7] WARN  c.q.federated.service.FederatedCoordinatorService - Node 11 marked as inactive due to heartbeat timeout
2026-01-17 22:40:16.328 [taskScheduler-7] WARN  c.q.federated.service.FederatedCoordinatorService - Node 111 marked as inactive due to heartbeat timeout
2026-01-17 22:40:21.340 [taskScheduler-7] WARN  c.q.federated.service.FederatedCoordinatorService - Node 11 marked as inactive due to heartbeat timeout
2026-01-17 22:40:21.341 [taskScheduler-7] WARN  c.q.federated.service.FederatedCoordinatorService - Node 111 marked as inactive due to heartbeat timeout
2026-01-17 22:40:26.354 [taskScheduler-7] WARN  c.q.federated.service.FederatedCoordinatorService - Node 11 marked as inactive due to heartbeat timeout
2026-01-17 22:40:26.354 [taskScheduler-7] WARN  c.q.federated.service.FederatedCoordinatorService - Node 111 marked as inactive due to heartbeat timeout
2026-01-17 22:40:31.363 [taskScheduler-7] WARN  c.q.federated.service.FederatedCoordinatorService - Node 11 marked as inactive due to heartbeat timeout
2026-01-17 22:40:31.363 [taskScheduler-7] WARN  c.q.federated.service.FederatedCoordinatorService - Node 111 marked as inactive due to heartbeat timeout
2026-01-17 22:40:36.384 [taskScheduler-7] WARN  c.q.federated.service.FederatedCoordinatorService - Node 11 marked as inactive due to heartbeat timeout
2026-01-17 22:40:36.384 [taskScheduler-7] WARN  c.q.federated.service.FederatedCoordinatorService - Node 111 marked as inactive due to heartbeat timeout
2026-01-17 22:40:41.392 [taskScheduler-7] WARN  c.q.federated.service.FederatedCoordinatorService - Node 11 marked as inactive due to heartbeat timeout
2026-01-17 22:40:41.392 [taskScheduler-7] WARN  c.q.federated.service.FederatedCoordinatorService - Node 111 marked as inactive due to heartbeat timeout
2026-01-17 22:40:46.408 [taskScheduler-7] WARN  c.q.federated.service.FederatedCoordinatorService - Node 11 marked as inactive due to heartbeat timeout
2026-01-17 22:40:46.408 [taskScheduler-7] WARN  c.q.federated.service.FederatedCoordinatorService - Node 111 marked as inactive due to heartbeat timeout
2026-01-17 22:40:51.429 [taskScheduler-7] WARN  c.q.federated.service.FederatedCoordinatorService - Node 11 marked as inactive due to heartbeat timeout
2026-01-17 22:40:51.430 [taskScheduler-7] WARN  c.q.federated.service.FederatedCoordinatorService - Node 111 marked as inactive due to heartbeat timeout
2026-01-17 22:40:56.440 [taskScheduler-7] WARN  c.q.federated.service.FederatedCoordinatorService - Node 11 marked as inactive due to heartbeat timeout
2026-01-17 22:40:56.441 [taskScheduler-7] WARN  c.q.federated.service.FederatedCoordinatorService - Node 111 marked as inactive due to heartbeat timeout
2026-01-17 22:41:01.462 [taskScheduler-7] WARN  c.q.federated.service.FederatedCoordinatorService - Node 11 marked as inactive due to heartbeat timeout
2026-01-17 22:41:01.463 [taskScheduler-7] WARN  c.q.federated.service.FederatedCoordinatorService - Node 111 marked as inactive due to heartbeat timeout
2026-01-17 22:41:06.471 [taskScheduler-7] WARN  c.q.federated.service.FederatedCoordinatorService - Node 11 marked as inactive due to heartbeat timeout
2026-01-17 22:41:06.473 [taskScheduler-7] WARN  c.q.federated.service.FederatedCoordinatorService - Node 111 marked as inactive due to heartbeat timeout
2026-01-17 22:41:11.489 [taskScheduler-7] WARN  c.q.federated.service.FederatedCoordinatorService - Node 11 marked as inactive due to heartbeat timeout
2026-01-17 22:41:11.489 [taskScheduler-7] WARN  c.q.federated.service.FederatedCoordinatorService - Node 111 marked as inactive due to heartbeat timeout
2026-01-17 22:41:16.498 [taskScheduler-7] WARN  c.q.federated.service.FederatedCoordinatorService - Node 11 marked as inactive due to heartbeat timeout
2026-01-17 22:41:16.499 [taskScheduler-7] WARN  c.q.federated.service.FederatedCoordinatorService - Node 111 marked as inactive due to heartbeat timeout
2026-01-17 22:41:21.504 [taskScheduler-7] WARN  c.q.federated.service.FederatedCoordinatorService - Node 11 marked as inactive due to heartbeat timeout
2026-01-17 22:41:21.504 [taskScheduler-7] WARN  c.q.federated.service.FederatedCoordinatorService - Node 111 marked as inactive due to heartbeat timeout
2026-01-17 22:41:26.516 [taskScheduler-7] WARN  c.q.federated.service.FederatedCoordinatorService - Node 11 marked as inactive due to heartbeat timeout
2026-01-17 22:41:26.517 [taskScheduler-7] WARN  c.q.federated.service.FederatedCoordinatorService - Node 111 marked as inactive due to heartbeat timeout
