2025-09-30 14:46:25.421 [main] INFO  com.qczy.MyApplication - Starting MyApplication on LAPTOP-R3CBIEK9 with PID 5020 (F:\yuanma\back\datamark-admin\target\classes started by lenovo in F:\yuanma\back\datamark-admin)
2025-09-30 14:46:25.425 [main] INFO  com.qczy.MyApplication - The following profiles are active: test
2025-09-30 14:46:26.699 [main] INFO  o.s.c.s.PostProcessorRegistrationDelegate$BeanPostProcessorChecker - Bean 'asyncConfig' of type [com.qczy.config.AsyncConfig$$EnhancerBySpringCGLIB$$18bb6d1f] is not eligible for getting processed by all BeanPostProcessors (for example: not eligible for auto-proxying)
2025-09-30 14:46:26.784 [main] INFO  o.s.c.s.PostProcessorRegistrationDelegate$BeanPostProcessorChecker - Bean 'org.springframework.transaction.annotation.ProxyTransactionManagementConfiguration' of type [org.springframework.transaction.annotation.ProxyTransactionManagementConfiguration] is not eligible for getting processed by all BeanPostProcessors (for example: not eligible for auto-proxying)
2025-09-30 14:46:26.876 [main] INFO  o.s.c.s.PostProcessorRegistrationDelegate$BeanPostProcessorChecker - Bean 'org.springframework.security.config.annotation.configuration.ObjectPostProcessorConfiguration' of type [org.springframework.security.config.annotation.configuration.ObjectPostProcessorConfiguration] is not eligible for getting processed by all BeanPostProcessors (for example: not eligible for auto-proxying)
2025-09-30 14:46:26.887 [main] INFO  o.s.c.s.PostProcessorRegistrationDelegate$BeanPostProcessorChecker - Bean 'objectPostProcessor' of type [org.springframework.security.config.annotation.configuration.AutowireBeanFactoryObjectPostProcessor] is not eligible for getting processed by all BeanPostProcessors (for example: not eligible for auto-proxying)
2025-09-30 14:46:26.889 [main] INFO  o.s.c.s.PostProcessorRegistrationDelegate$BeanPostProcessorChecker - Bean 'org.springframework.security.access.expression.method.DefaultMethodSecurityExpressionHandler@8deb645' of type [org.springframework.security.access.expression.method.DefaultMethodSecurityExpressionHandler] is not eligible for getting processed by all BeanPostProcessors (for example: not eligible for auto-proxying)
2025-09-30 14:46:26.889 [main] INFO  o.s.c.s.PostProcessorRegistrationDelegate$BeanPostProcessorChecker - Bean 'org.springframework.security.config.annotation.method.configuration.GlobalMethodSecurityConfiguration' of type [org.springframework.security.config.annotation.method.configuration.GlobalMethodSecurityConfiguration] is not eligible for getting processed by all BeanPostProcessors (for example: not eligible for auto-proxying)
2025-09-30 14:46:26.895 [main] INFO  o.s.c.s.PostProcessorRegistrationDelegate$BeanPostProcessorChecker - Bean 'methodSecurityMetadataSource' of type [org.springframework.security.access.method.DelegatingMethodSecurityMetadataSource] is not eligible for getting processed by all BeanPostProcessors (for example: not eligible for auto-proxying)
2025-09-30 14:46:27.149 [main] INFO  o.s.boot.web.embedded.tomcat.TomcatWebServer - Tomcat initialized with port(s): 8081 (http)
2025-09-30 14:46:27.157 [main] INFO  org.apache.coyote.http11.Http11NioProtocol - Initializing ProtocolHandler ["http-nio-8081"]
2025-09-30 14:46:27.157 [main] INFO  org.apache.catalina.core.StandardService - Starting service [Tomcat]
2025-09-30 14:46:27.157 [main] INFO  org.apache.catalina.core.StandardEngine - Starting Servlet engine: [Apache Tomcat/9.0.27]
2025-09-30 14:46:27.300 [main] INFO  o.a.c.core.ContainerBase.[Tomcat].[localhost].[/] - Initializing Spring embedded WebApplicationContext
2025-09-30 14:46:27.300 [main] INFO  org.springframework.web.context.ContextLoader - Root WebApplicationContext: initialization completed in 1840 ms
2025-09-30 14:46:30.622 [main] INFO  o.s.scheduling.concurrent.ThreadPoolTaskExecutor - Initializing ExecutorService
2025-09-30 14:46:30.622 [main] INFO  o.s.scheduling.concurrent.ThreadPoolTaskExecutor - Initializing ExecutorService 'asyncExecutor'
2025-09-30 14:46:30.663 [main] INFO  o.s.scheduling.concurrent.ThreadPoolTaskScheduler - Initializing ExecutorService
2025-09-30 14:46:30.663 [main] INFO  o.s.scheduling.concurrent.ThreadPoolTaskScheduler - Initializing ExecutorService 'taskScheduler'
2025-09-30 14:46:30.807 [main] INFO  s.d.s.w.PropertySourcedRequestMappingHandlerMapping - Mapped URL path [/v2/api-docs] onto method [springfox.documentation.swagger2.web.Swagger2Controller#getDocumentation(String, HttpServletRequest)]
2025-09-30 14:46:30.882 [main] INFO  o.s.security.web.DefaultSecurityFilterChain - Creating filter chain: any request, [org.springframework.security.web.context.request.async.WebAsyncManagerIntegrationFilter@4c04216f, org.springframework.security.web.context.SecurityContextPersistenceFilter@25699aa7, org.springframework.security.web.header.HeaderWriterFilter@48cdb156, org.springframework.web.filter.CorsFilter@987a0bb, org.springframework.security.web.authentication.logout.LogoutFilter@37b01ce2, com.qczy.filter.JwtAuthenticationTokenFilter@5c9934da, org.springframework.security.web.savedrequest.RequestCacheAwareFilter@514377fc, org.springframework.security.web.servletapi.SecurityContextHolderAwareRequestFilter@642c6461, org.springframework.security.web.authentication.AnonymousAuthenticationFilter@1f949ab9, org.springframework.security.web.session.SessionManagementFilter@78b0ec3a, org.springframework.security.web.access.ExceptionTranslationFilter@24e5389c, org.springframework.security.web.access.intercept.FilterSecurityInterceptor@3af236d0]
2025-09-30 14:46:31.098 [main] INFO  s.d.s.web.plugins.DocumentationPluginsBootstrapper - Context refreshed
2025-09-30 14:46:31.114 [main] INFO  s.d.s.web.plugins.DocumentationPluginsBootstrapper - Found 1 custom documentation plugin(s)
2025-09-30 14:46:31.114 [main] INFO  s.d.s.web.plugins.DocumentationPluginsBootstrapper - Skipping initializing disabled plugin bean swagger v2.0
2025-09-30 14:46:31.123 [main] INFO  org.apache.coyote.http11.Http11NioProtocol - Starting ProtocolHandler ["http-nio-8081"]
2025-09-30 14:46:31.145 [main] INFO  o.s.boot.web.embedded.tomcat.TomcatWebServer - Tomcat started on port(s): 8081 (http) with context path ''
2025-09-30 14:46:31.145 [main] INFO  com.qczy.MyApplication - Started MyApplication in 6.186 seconds (JVM running for 7.893)
2025-09-30 14:46:43.310 [http-nio-8081-exec-1] INFO  o.a.c.core.ContainerBase.[Tomcat].[localhost].[/] - Initializing Spring DispatcherServlet 'dispatcherServlet'
2025-09-30 14:46:43.310 [http-nio-8081-exec-1] INFO  org.springframework.web.servlet.DispatcherServlet - Initializing Servlet 'dispatcherServlet'
2025-09-30 14:46:43.317 [http-nio-8081-exec-1] INFO  org.springframework.web.servlet.DispatcherServlet - Completed initialization in 6 ms
2025-09-30 14:46:43.431 [http-nio-8081-exec-2] INFO  com.qczy.filter.JwtAuthenticationTokenFilter - checking username:admin
2025-09-30 14:46:43.489 [http-nio-8081-exec-2] INFO  com.zaxxer.hikari.HikariDataSource - HikariPool-1 - Starting...
2025-09-30 14:46:43.737 [http-nio-8081-exec-2] INFO  com.zaxxer.hikari.HikariDataSource - HikariPool-1 - Start completed.
2025-09-30 14:46:43.789 [http-nio-8081-exec-2] INFO  com.qczy.filter.JwtAuthenticationTokenFilter - authenticated user:admin
2025-09-30 14:46:43.808 [http-nio-8081-exec-2] INFO  com.qczy.controller.user.UserController - token->Bearer eyJhbGciOiJIUzUxMiJ9.eyJzdWIiOiJhZG1pbiIsImNyZWF0ZWQiOjE3NTkwNDYzNTI3MTEsImV4cCI6MTc1OTY1MTE1Mn0.7mHiA5-6O-u3faoKoCcGwZsCAwwa4NprbU7C5V5MZQHzC7AhMlEI3JNU5mc5Y5wN9arDhV53wchxsuv8GNB6ZQ
2025-09-30 14:46:43.864 [http-nio-8081-exec-4] INFO  com.qczy.filter.JwtAuthenticationTokenFilter - checking username:admin
2025-09-30 14:46:43.869 [http-nio-8081-exec-4] INFO  com.qczy.filter.JwtAuthenticationTokenFilter - authenticated user:admin
2025-09-30 14:46:43.869 [http-nio-8081-exec-4] INFO  com.qczy.controller.user.UserController - token->Bearer eyJhbGciOiJIUzUxMiJ9.eyJzdWIiOiJhZG1pbiIsImNyZWF0ZWQiOjE3NTkwNDYzNTI3MTEsImV4cCI6MTc1OTY1MTE1Mn0.7mHiA5-6O-u3faoKoCcGwZsCAwwa4NprbU7C5V5MZQHzC7AhMlEI3JNU5mc5Y5wN9arDhV53wchxsuv8GNB6ZQ
2025-09-30 14:46:43.875 [http-nio-8081-exec-4] INFO  com.qczy.controller.user.UserController - username->admin
2025-09-30 14:46:44.838 [http-nio-8081-exec-1] INFO  com.qczy.filter.JwtAuthenticationTokenFilter - checking username:admin
2025-09-30 14:46:44.842 [http-nio-8081-exec-2] INFO  com.qczy.filter.JwtAuthenticationTokenFilter - checking username:admin
2025-09-30 14:46:44.843 [http-nio-8081-exec-1] INFO  com.qczy.filter.JwtAuthenticationTokenFilter - authenticated user:admin
2025-09-30 14:46:44.846 [http-nio-8081-exec-2] INFO  com.qczy.filter.JwtAuthenticationTokenFilter - authenticated user:admin
2025-09-30 14:46:44.866 [http-nio-8081-exec-3] INFO  com.qczy.filter.JwtAuthenticationTokenFilter - checking username:admin
2025-09-30 14:46:44.871 [http-nio-8081-exec-3] INFO  com.qczy.filter.JwtAuthenticationTokenFilter - authenticated user:admin
2025-09-30 14:46:44.871 [http-nio-8081-exec-4] INFO  com.qczy.filter.JwtAuthenticationTokenFilter - checking username:admin
2025-09-30 14:46:44.874 [http-nio-8081-exec-4] INFO  com.qczy.filter.JwtAuthenticationTokenFilter - authenticated user:admin
2025-09-30 14:46:44.880 [http-nio-8081-exec-5] INFO  com.qczy.filter.JwtAuthenticationTokenFilter - checking username:admin
2025-09-30 14:46:44.883 [http-nio-8081-exec-5] INFO  com.qczy.filter.JwtAuthenticationTokenFilter - authenticated user:admin
2025-09-30 14:46:44.895 [http-nio-8081-exec-6] INFO  com.qczy.filter.JwtAuthenticationTokenFilter - checking username:admin
2025-09-30 14:46:44.899 [http-nio-8081-exec-6] INFO  com.qczy.filter.JwtAuthenticationTokenFilter - authenticated user:admin
2025-09-30 14:46:49.830 [http-nio-8081-exec-9] INFO  com.qczy.filter.JwtAuthenticationTokenFilter - checking username:admin
2025-09-30 14:46:49.830 [http-nio-8081-exec-8] INFO  com.qczy.filter.JwtAuthenticationTokenFilter - checking username:admin
2025-09-30 14:46:49.833 [http-nio-8081-exec-9] INFO  com.qczy.filter.JwtAuthenticationTokenFilter - authenticated user:admin
2025-09-30 14:46:49.837 [http-nio-8081-exec-8] INFO  com.qczy.filter.JwtAuthenticationTokenFilter - authenticated user:admin
2025-09-30 14:46:52.266 [http-nio-8081-exec-4] INFO  com.qczy.filter.JwtAuthenticationTokenFilter - checking username:admin
2025-09-30 14:46:52.266 [http-nio-8081-exec-5] INFO  com.qczy.filter.JwtAuthenticationTokenFilter - checking username:admin
2025-09-30 14:46:52.273 [http-nio-8081-exec-4] INFO  com.qczy.filter.JwtAuthenticationTokenFilter - authenticated user:admin
2025-09-30 14:46:52.273 [http-nio-8081-exec-5] INFO  com.qczy.filter.JwtAuthenticationTokenFilter - authenticated user:admin
2025-09-30 14:46:52.279 [http-nio-8081-exec-6] INFO  com.qczy.filter.JwtAuthenticationTokenFilter - checking username:admin
2025-09-30 14:46:52.279 [http-nio-8081-exec-6] INFO  com.qczy.filter.JwtAuthenticationTokenFilter - authenticated user:admin
2025-09-30 14:46:56.690 [http-nio-8081-exec-8] INFO  com.qczy.filter.JwtAuthenticationTokenFilter - checking username:admin
2025-09-30 14:46:56.690 [http-nio-8081-exec-2] INFO  com.qczy.filter.JwtAuthenticationTokenFilter - checking username:admin
2025-09-30 14:46:56.690 [http-nio-8081-exec-9] INFO  com.qczy.filter.JwtAuthenticationTokenFilter - checking username:admin
2025-09-30 14:46:56.690 [http-nio-8081-exec-8] INFO  com.qczy.filter.JwtAuthenticationTokenFilter - authenticated user:admin
2025-09-30 14:46:56.697 [http-nio-8081-exec-9] INFO  com.qczy.filter.JwtAuthenticationTokenFilter - authenticated user:admin
2025-09-30 14:46:56.697 [http-nio-8081-exec-2] INFO  com.qczy.filter.JwtAuthenticationTokenFilter - authenticated user:admin
2025-09-30 14:46:56.700 [http-nio-8081-exec-1] INFO  com.qczy.filter.JwtAuthenticationTokenFilter - checking username:admin
2025-09-30 14:46:56.702 [http-nio-8081-exec-1] INFO  com.qczy.filter.JwtAuthenticationTokenFilter - authenticated user:admin
2025-09-30 14:46:58.691 [http-nio-8081-exec-8] INFO  com.qczy.filter.JwtAuthenticationTokenFilter - checking username:admin
2025-09-30 14:46:58.691 [http-nio-8081-exec-7] INFO  com.qczy.filter.JwtAuthenticationTokenFilter - checking username:admin
2025-09-30 14:46:58.691 [http-nio-8081-exec-10] INFO  com.qczy.filter.JwtAuthenticationTokenFilter - checking username:admin
2025-09-30 14:46:58.691 [http-nio-8081-exec-1] INFO  com.qczy.filter.JwtAuthenticationTokenFilter - checking username:admin
2025-09-30 14:46:58.696 [http-nio-8081-exec-7] INFO  com.qczy.filter.JwtAuthenticationTokenFilter - authenticated user:admin
2025-09-30 14:46:58.696 [http-nio-8081-exec-10] INFO  com.qczy.filter.JwtAuthenticationTokenFilter - authenticated user:admin
2025-09-30 14:46:58.696 [http-nio-8081-exec-1] INFO  com.qczy.filter.JwtAuthenticationTokenFilter - authenticated user:admin
2025-09-30 14:46:58.696 [http-nio-8081-exec-8] INFO  com.qczy.filter.JwtAuthenticationTokenFilter - authenticated user:admin
2025-09-30 14:47:01.244 [http-nio-8081-exec-3] INFO  com.qczy.filter.JwtAuthenticationTokenFilter - checking username:admin
2025-09-30 14:47:01.244 [http-nio-8081-exec-5] INFO  com.qczy.filter.JwtAuthenticationTokenFilter - checking username:admin
2025-09-30 14:47:01.245 [http-nio-8081-exec-5] INFO  com.qczy.filter.JwtAuthenticationTokenFilter - authenticated user:admin
2025-09-30 14:47:01.245 [http-nio-8081-exec-3] INFO  com.qczy.filter.JwtAuthenticationTokenFilter - authenticated user:admin
2025-09-30 14:47:02.091 [http-nio-8081-exec-7] INFO  com.qczy.filter.JwtAuthenticationTokenFilter - checking username:admin
2025-09-30 14:47:02.091 [http-nio-8081-exec-4] INFO  com.qczy.filter.JwtAuthenticationTokenFilter - checking username:admin
2025-09-30 14:47:02.091 [http-nio-8081-exec-1] INFO  com.qczy.filter.JwtAuthenticationTokenFilter - checking username:admin
2025-09-30 14:47:02.091 [http-nio-8081-exec-6] INFO  com.qczy.filter.JwtAuthenticationTokenFilter - checking username:admin
2025-09-30 14:47:02.093 [http-nio-8081-exec-1] INFO  com.qczy.filter.JwtAuthenticationTokenFilter - authenticated user:admin
2025-09-30 14:47:02.093 [http-nio-8081-exec-6] INFO  com.qczy.filter.JwtAuthenticationTokenFilter - authenticated user:admin
2025-09-30 14:47:02.093 [http-nio-8081-exec-4] INFO  com.qczy.filter.JwtAuthenticationTokenFilter - authenticated user:admin
2025-09-30 14:47:02.093 [http-nio-8081-exec-7] INFO  com.qczy.filter.JwtAuthenticationTokenFilter - authenticated user:admin
2025-09-30 14:47:04.253 [http-nio-8081-exec-8] INFO  com.qczy.filter.JwtAuthenticationTokenFilter - checking username:admin
2025-09-30 14:47:04.255 [http-nio-8081-exec-8] INFO  com.qczy.filter.JwtAuthenticationTokenFilter - authenticated user:admin
2025-09-30 14:47:04.265 [http-nio-8081-exec-2] INFO  com.qczy.filter.JwtAuthenticationTokenFilter - checking username:admin
2025-09-30 14:47:04.265 [http-nio-8081-exec-2] INFO  com.qczy.filter.JwtAuthenticationTokenFilter - authenticated user:admin
2025-09-30 14:47:04.286 [http-nio-8081-exec-5] INFO  com.qczy.filter.JwtAuthenticationTokenFilter - checking username:admin
2025-09-30 14:47:04.290 [http-nio-8081-exec-5] INFO  com.qczy.filter.JwtAuthenticationTokenFilter - authenticated user:admin
2025-09-30 14:47:09.105 [http-nio-8081-exec-4] INFO  com.qczy.filter.JwtAuthenticationTokenFilter - checking username:admin
2025-09-30 14:47:09.105 [http-nio-8081-exec-1] INFO  com.qczy.filter.JwtAuthenticationTokenFilter - checking username:admin
2025-09-30 14:47:09.105 [http-nio-8081-exec-3] INFO  com.qczy.filter.JwtAuthenticationTokenFilter - checking username:admin
2025-09-30 14:47:09.105 [http-nio-8081-exec-7] INFO  com.qczy.filter.JwtAuthenticationTokenFilter - checking username:admin
2025-09-30 14:47:09.107 [http-nio-8081-exec-1] INFO  com.qczy.filter.JwtAuthenticationTokenFilter - authenticated user:admin
2025-09-30 14:47:09.107 [http-nio-8081-exec-3] INFO  com.qczy.filter.JwtAuthenticationTokenFilter - authenticated user:admin
2025-09-30 14:47:09.107 [http-nio-8081-exec-4] INFO  com.qczy.filter.JwtAuthenticationTokenFilter - authenticated user:admin
2025-09-30 14:47:09.107 [http-nio-8081-exec-7] INFO  com.qczy.filter.JwtAuthenticationTokenFilter - authenticated user:admin
2025-09-30 14:47:11.181 [http-nio-8081-exec-2] INFO  com.qczy.filter.JwtAuthenticationTokenFilter - checking username:admin
2025-09-30 14:47:11.181 [http-nio-8081-exec-10] INFO  com.qczy.filter.JwtAuthenticationTokenFilter - checking username:admin
2025-09-30 14:47:11.183 [http-nio-8081-exec-2] INFO  com.qczy.filter.JwtAuthenticationTokenFilter - authenticated user:admin
2025-09-30 14:47:11.183 [http-nio-8081-exec-10] INFO  com.qczy.filter.JwtAuthenticationTokenFilter - authenticated user:admin
2025-09-30 14:47:12.755 [http-nio-8081-exec-4] INFO  com.qczy.filter.JwtAuthenticationTokenFilter - checking username:admin
2025-09-30 14:47:12.755 [http-nio-8081-exec-1] INFO  com.qczy.filter.JwtAuthenticationTokenFilter - checking username:admin
2025-09-30 14:47:12.757 [http-nio-8081-exec-4] INFO  com.qczy.filter.JwtAuthenticationTokenFilter - authenticated user:admin
2025-09-30 14:47:12.757 [http-nio-8081-exec-1] INFO  com.qczy.filter.JwtAuthenticationTokenFilter - authenticated user:admin
2025-09-30 14:47:15.100 [http-nio-8081-exec-8] INFO  com.qczy.filter.JwtAuthenticationTokenFilter - checking username:admin
2025-09-30 14:47:15.100 [http-nio-8081-exec-6] INFO  com.qczy.filter.JwtAuthenticationTokenFilter - checking username:admin
2025-09-30 14:47:15.105 [http-nio-8081-exec-6] INFO  com.qczy.filter.JwtAuthenticationTokenFilter - authenticated user:admin
2025-09-30 14:47:15.105 [http-nio-8081-exec-8] INFO  com.qczy.filter.JwtAuthenticationTokenFilter - authenticated user:admin
2025-09-30 14:47:22.060 [http-nio-8081-exec-10] INFO  com.qczy.filter.JwtAuthenticationTokenFilter - checking username:admin
2025-09-30 14:47:22.063 [http-nio-8081-exec-10] INFO  com.qczy.filter.JwtAuthenticationTokenFilter - authenticated user:admin
2025-09-30 14:47:23.508 [http-nio-8081-exec-1] INFO  com.qczy.filter.JwtAuthenticationTokenFilter - checking username:admin
2025-09-30 14:47:23.508 [http-nio-8081-exec-4] INFO  com.qczy.filter.JwtAuthenticationTokenFilter - checking username:admin
2025-09-30 14:47:23.511 [http-nio-8081-exec-4] INFO  com.qczy.filter.JwtAuthenticationTokenFilter - authenticated user:admin
2025-09-30 14:47:23.511 [http-nio-8081-exec-1] INFO  com.qczy.filter.JwtAuthenticationTokenFilter - authenticated user:admin
2025-09-30 14:47:25.935 [http-nio-8081-exec-7] INFO  com.qczy.filter.JwtAuthenticationTokenFilter - checking username:admin
2025-09-30 14:47:25.938 [http-nio-8081-exec-7] INFO  com.qczy.filter.JwtAuthenticationTokenFilter - authenticated user:admin
2025-09-30 14:48:46.245 [SpringContextShutdownHook] INFO  o.s.scheduling.concurrent.ThreadPoolTaskScheduler - Shutting down ExecutorService 'taskScheduler'
2025-09-30 14:48:46.245 [SpringContextShutdownHook] INFO  o.s.scheduling.concurrent.ThreadPoolTaskExecutor - Shutting down ExecutorService 'asyncExecutor'
2025-09-30 14:48:46.248 [SpringContextShutdownHook] INFO  com.zaxxer.hikari.HikariDataSource - HikariPool-1 - Shutdown initiated...
2025-09-30 14:48:46.252 [SpringContextShutdownHook] INFO  com.zaxxer.hikari.HikariDataSource - HikariPool-1 - Shutdown completed.
2025-09-30 14:59:58.035 [main] INFO  com.qczy.MyApplication - Starting MyApplication on LAPTOP-R3CBIEK9 with PID 25152 (F:\yuanma\back\datamark-admin\target\classes started by lenovo in F:\yuanma\back\datamark-admin)
2025-09-30 14:59:58.036 [main] INFO  com.qczy.MyApplication - The following profiles are active: test
2025-09-30 14:59:59.103 [main] INFO  o.s.c.s.PostProcessorRegistrationDelegate$BeanPostProcessorChecker - Bean 'asyncConfig' of type [com.qczy.config.AsyncConfig$$EnhancerBySpringCGLIB$$e75f7843] is not eligible for getting processed by all BeanPostProcessors (for example: not eligible for auto-proxying)
2025-09-30 14:59:59.173 [main] INFO  o.s.c.s.PostProcessorRegistrationDelegate$BeanPostProcessorChecker - Bean 'org.springframework.transaction.annotation.ProxyTransactionManagementConfiguration' of type [org.springframework.transaction.annotation.ProxyTransactionManagementConfiguration] is not eligible for getting processed by all BeanPostProcessors (for example: not eligible for auto-proxying)
2025-09-30 14:59:59.250 [main] INFO  o.s.c.s.PostProcessorRegistrationDelegate$BeanPostProcessorChecker - Bean 'org.springframework.security.config.annotation.configuration.ObjectPostProcessorConfiguration' of type [org.springframework.security.config.annotation.configuration.ObjectPostProcessorConfiguration] is not eligible for getting processed by all BeanPostProcessors (for example: not eligible for auto-proxying)
2025-09-30 14:59:59.253 [main] INFO  o.s.c.s.PostProcessorRegistrationDelegate$BeanPostProcessorChecker - Bean 'objectPostProcessor' of type [org.springframework.security.config.annotation.configuration.AutowireBeanFactoryObjectPostProcessor] is not eligible for getting processed by all BeanPostProcessors (for example: not eligible for auto-proxying)
2025-09-30 14:59:59.255 [main] INFO  o.s.c.s.PostProcessorRegistrationDelegate$BeanPostProcessorChecker - Bean 'org.springframework.security.access.expression.method.DefaultMethodSecurityExpressionHandler@e042c99' of type [org.springframework.security.access.expression.method.DefaultMethodSecurityExpressionHandler] is not eligible for getting processed by all BeanPostProcessors (for example: not eligible for auto-proxying)
2025-09-30 14:59:59.256 [main] INFO  o.s.c.s.PostProcessorRegistrationDelegate$BeanPostProcessorChecker - Bean 'org.springframework.security.config.annotation.method.configuration.GlobalMethodSecurityConfiguration' of type [org.springframework.security.config.annotation.method.configuration.GlobalMethodSecurityConfiguration] is not eligible for getting processed by all BeanPostProcessors (for example: not eligible for auto-proxying)
2025-09-30 14:59:59.260 [main] INFO  o.s.c.s.PostProcessorRegistrationDelegate$BeanPostProcessorChecker - Bean 'methodSecurityMetadataSource' of type [org.springframework.security.access.method.DelegatingMethodSecurityMetadataSource] is not eligible for getting processed by all BeanPostProcessors (for example: not eligible for auto-proxying)
2025-09-30 14:59:59.546 [main] INFO  o.s.boot.web.embedded.tomcat.TomcatWebServer - Tomcat initialized with port(s): 8081 (http)
2025-09-30 14:59:59.552 [main] INFO  org.apache.coyote.http11.Http11NioProtocol - Initializing ProtocolHandler ["http-nio-8081"]
2025-09-30 14:59:59.552 [main] INFO  org.apache.catalina.core.StandardService - Starting service [Tomcat]
2025-09-30 14:59:59.552 [main] INFO  org.apache.catalina.core.StandardEngine - Starting Servlet engine: [Apache Tomcat/9.0.27]
2025-09-30 14:59:59.706 [main] INFO  o.a.c.core.ContainerBase.[Tomcat].[localhost].[/] - Initializing Spring embedded WebApplicationContext
2025-09-30 14:59:59.706 [main] INFO  org.springframework.web.context.ContextLoader - Root WebApplicationContext: initialization completed in 1640 ms
2025-09-30 15:00:03.508 [main] INFO  o.s.scheduling.concurrent.ThreadPoolTaskExecutor - Initializing ExecutorService
2025-09-30 15:00:03.509 [main] INFO  o.s.scheduling.concurrent.ThreadPoolTaskExecutor - Initializing ExecutorService 'asyncExecutor'
2025-09-30 15:00:03.541 [main] INFO  o.s.scheduling.concurrent.ThreadPoolTaskScheduler - Initializing ExecutorService
2025-09-30 15:00:03.543 [main] INFO  o.s.scheduling.concurrent.ThreadPoolTaskScheduler - Initializing ExecutorService 'taskScheduler'
2025-09-30 15:00:03.656 [main] INFO  s.d.s.w.PropertySourcedRequestMappingHandlerMapping - Mapped URL path [/v2/api-docs] onto method [springfox.documentation.swagger2.web.Swagger2Controller#getDocumentation(String, HttpServletRequest)]
2025-09-30 15:00:03.745 [main] INFO  o.s.security.web.DefaultSecurityFilterChain - Creating filter chain: any request, [org.springframework.security.web.context.request.async.WebAsyncManagerIntegrationFilter@34aa8b61, org.springframework.security.web.context.SecurityContextPersistenceFilter@7b5021d1, org.springframework.security.web.header.HeaderWriterFilter@46612bfc, org.springframework.web.filter.CorsFilter@6d7b001b, org.springframework.security.web.authentication.logout.LogoutFilter@a316f6b, com.qczy.filter.JwtAuthenticationTokenFilter@124dac75, org.springframework.security.web.savedrequest.RequestCacheAwareFilter@642c6461, org.springframework.security.web.servletapi.SecurityContextHolderAwareRequestFilter@1a88c4f5, org.springframework.security.web.authentication.AnonymousAuthenticationFilter@532dacf5, org.springframework.security.web.session.SessionManagementFilter@693f2213, org.springframework.security.web.access.ExceptionTranslationFilter@3a109ff7, org.springframework.security.web.access.intercept.FilterSecurityInterceptor@200d1a3d]
2025-09-30 15:00:03.960 [main] INFO  s.d.s.web.plugins.DocumentationPluginsBootstrapper - Context refreshed
2025-09-30 15:00:03.970 [main] INFO  s.d.s.web.plugins.DocumentationPluginsBootstrapper - Found 1 custom documentation plugin(s)
2025-09-30 15:00:03.970 [main] INFO  s.d.s.web.plugins.DocumentationPluginsBootstrapper - Skipping initializing disabled plugin bean swagger v2.0
2025-09-30 15:00:03.978 [main] INFO  org.apache.coyote.http11.Http11NioProtocol - Starting ProtocolHandler ["http-nio-8081"]
2025-09-30 15:00:03.996 [main] INFO  o.s.boot.web.embedded.tomcat.TomcatWebServer - Tomcat started on port(s): 8081 (http) with context path ''
2025-09-30 15:00:03.998 [main] INFO  com.qczy.MyApplication - Started MyApplication in 6.42 seconds (JVM running for 8.111)
2025-09-30 15:00:11.689 [http-nio-8081-exec-1] INFO  o.a.c.core.ContainerBase.[Tomcat].[localhost].[/] - Initializing Spring DispatcherServlet 'dispatcherServlet'
2025-09-30 15:00:11.689 [http-nio-8081-exec-1] INFO  org.springframework.web.servlet.DispatcherServlet - Initializing Servlet 'dispatcherServlet'
2025-09-30 15:00:11.696 [http-nio-8081-exec-1] INFO  org.springframework.web.servlet.DispatcherServlet - Completed initialization in 7 ms
2025-09-30 15:00:11.789 [http-nio-8081-exec-1] INFO  com.qczy.filter.JwtAuthenticationTokenFilter - checking username:admin
2025-09-30 15:00:11.845 [http-nio-8081-exec-1] INFO  com.zaxxer.hikari.HikariDataSource - HikariPool-1 - Starting...
2025-09-30 15:00:12.064 [http-nio-8081-exec-1] INFO  com.zaxxer.hikari.HikariDataSource - HikariPool-1 - Start completed.
2025-09-30 15:00:12.099 [http-nio-8081-exec-1] INFO  com.qczy.filter.JwtAuthenticationTokenFilter - authenticated user:admin
2025-09-30 15:00:12.114 [http-nio-8081-exec-1] INFO  com.qczy.controller.user.UserController - token->Bearer eyJhbGciOiJIUzUxMiJ9.eyJzdWIiOiJhZG1pbiIsImNyZWF0ZWQiOjE3NTkwNDYzNTI3MTEsImV4cCI6MTc1OTY1MTE1Mn0.7mHiA5-6O-u3faoKoCcGwZsCAwwa4NprbU7C5V5MZQHzC7AhMlEI3JNU5mc5Y5wN9arDhV53wchxsuv8GNB6ZQ
2025-09-30 15:00:12.165 [http-nio-8081-exec-2] INFO  com.qczy.filter.JwtAuthenticationTokenFilter - checking username:admin
2025-09-30 15:00:12.170 [http-nio-8081-exec-2] INFO  com.qczy.filter.JwtAuthenticationTokenFilter - authenticated user:admin
2025-09-30 15:00:12.172 [http-nio-8081-exec-2] INFO  com.qczy.controller.user.UserController - token->Bearer eyJhbGciOiJIUzUxMiJ9.eyJzdWIiOiJhZG1pbiIsImNyZWF0ZWQiOjE3NTkwNDYzNTI3MTEsImV4cCI6MTc1OTY1MTE1Mn0.7mHiA5-6O-u3faoKoCcGwZsCAwwa4NprbU7C5V5MZQHzC7AhMlEI3JNU5mc5Y5wN9arDhV53wchxsuv8GNB6ZQ
2025-09-30 15:00:12.176 [http-nio-8081-exec-2] INFO  com.qczy.controller.user.UserController - username->admin
2025-09-30 15:00:12.935 [http-nio-8081-exec-3] INFO  com.qczy.filter.JwtAuthenticationTokenFilter - checking username:admin
2025-09-30 15:00:12.937 [http-nio-8081-exec-4] INFO  com.qczy.filter.JwtAuthenticationTokenFilter - checking username:admin
2025-09-30 15:00:12.940 [http-nio-8081-exec-3] INFO  com.qczy.filter.JwtAuthenticationTokenFilter - authenticated user:admin
2025-09-30 15:00:12.942 [http-nio-8081-exec-4] INFO  com.qczy.filter.JwtAuthenticationTokenFilter - authenticated user:admin
2025-09-30 15:00:12.958 [http-nio-8081-exec-5] INFO  com.qczy.filter.JwtAuthenticationTokenFilter - checking username:admin
2025-09-30 15:00:12.963 [http-nio-8081-exec-5] INFO  com.qczy.filter.JwtAuthenticationTokenFilter - authenticated user:admin
2025-09-30 15:00:12.968 [http-nio-8081-exec-6] INFO  com.qczy.filter.JwtAuthenticationTokenFilter - checking username:admin
2025-09-30 15:00:12.971 [http-nio-8081-exec-6] INFO  com.qczy.filter.JwtAuthenticationTokenFilter - authenticated user:admin
2025-09-30 15:00:12.974 [http-nio-8081-exec-7] INFO  com.qczy.filter.JwtAuthenticationTokenFilter - checking username:admin
2025-09-30 15:00:12.978 [http-nio-8081-exec-7] INFO  com.qczy.filter.JwtAuthenticationTokenFilter - authenticated user:admin
2025-09-30 15:00:12.988 [http-nio-8081-exec-8] INFO  com.qczy.filter.JwtAuthenticationTokenFilter - checking username:admin
2025-09-30 15:00:12.992 [http-nio-8081-exec-8] INFO  com.qczy.filter.JwtAuthenticationTokenFilter - authenticated user:admin
2025-09-30 15:00:17.929 [http-nio-8081-exec-9] INFO  com.qczy.filter.JwtAuthenticationTokenFilter - checking username:admin
2025-09-30 15:00:17.931 [http-nio-8081-exec-9] INFO  com.qczy.filter.JwtAuthenticationTokenFilter - authenticated user:admin
2025-09-30 15:00:17.940 [http-nio-8081-exec-10] INFO  com.qczy.filter.JwtAuthenticationTokenFilter - checking username:admin
2025-09-30 15:00:17.943 [http-nio-8081-exec-10] INFO  com.qczy.filter.JwtAuthenticationTokenFilter - authenticated user:admin
2025-09-30 15:00:18.932 [http-nio-8081-exec-1] INFO  com.qczy.filter.JwtAuthenticationTokenFilter - checking username:admin
2025-09-30 15:00:18.934 [http-nio-8081-exec-1] INFO  com.qczy.filter.JwtAuthenticationTokenFilter - authenticated user:admin
2025-09-30 15:00:18.943 [http-nio-8081-exec-2] INFO  com.qczy.filter.JwtAuthenticationTokenFilter - checking username:admin
2025-09-30 15:00:18.945 [http-nio-8081-exec-2] INFO  com.qczy.filter.JwtAuthenticationTokenFilter - authenticated user:admin
2025-09-30 15:00:46.485 [http-nio-8081-exec-5] INFO  com.qczy.filter.JwtAuthenticationTokenFilter - checking username:admin
2025-09-30 15:00:46.488 [http-nio-8081-exec-5] INFO  com.qczy.filter.JwtAuthenticationTokenFilter - authenticated user:admin
2025-09-30 15:00:46.488 [http-nio-8081-exec-5] INFO  com.qczy.controller.user.UserController - token->Bearer eyJhbGciOiJIUzUxMiJ9.eyJzdWIiOiJhZG1pbiIsImNyZWF0ZWQiOjE3NTkyMTU2NDY0NDMsImV4cCI6MTc1OTgyMDQ0Nn0.7hDV5xS26MAvYtBbkSsAoqkcnh7AFEsPYPMKsECjjio3n-0jHX9btj0Mxe1sSjPyVMLZexscaZh3EcdOLUTN6Q
2025-09-30 15:00:46.494 [http-nio-8081-exec-6] INFO  com.qczy.filter.JwtAuthenticationTokenFilter - checking username:admin
2025-09-30 15:00:46.498 [http-nio-8081-exec-6] INFO  com.qczy.filter.JwtAuthenticationTokenFilter - authenticated user:admin
2025-09-30 15:00:46.499 [http-nio-8081-exec-6] INFO  com.qczy.controller.user.UserController - token->Bearer eyJhbGciOiJIUzUxMiJ9.eyJzdWIiOiJhZG1pbiIsImNyZWF0ZWQiOjE3NTkyMTU2NDY0NDMsImV4cCI6MTc1OTgyMDQ0Nn0.7hDV5xS26MAvYtBbkSsAoqkcnh7AFEsPYPMKsECjjio3n-0jHX9btj0Mxe1sSjPyVMLZexscaZh3EcdOLUTN6Q
2025-09-30 15:00:46.500 [http-nio-8081-exec-6] INFO  com.qczy.controller.user.UserController - username->admin
2025-09-30 15:00:46.639 [http-nio-8081-exec-8] INFO  com.qczy.filter.JwtAuthenticationTokenFilter - checking username:admin
2025-09-30 15:00:46.639 [http-nio-8081-exec-7] INFO  com.qczy.filter.JwtAuthenticationTokenFilter - checking username:admin
2025-09-30 15:00:46.641 [http-nio-8081-exec-7] INFO  com.qczy.filter.JwtAuthenticationTokenFilter - authenticated user:admin
2025-09-30 15:00:46.641 [http-nio-8081-exec-8] INFO  com.qczy.filter.JwtAuthenticationTokenFilter - authenticated user:admin
2025-09-30 15:00:46.649 [http-nio-8081-exec-9] INFO  com.qczy.filter.JwtAuthenticationTokenFilter - checking username:admin
2025-09-30 15:00:46.651 [http-nio-8081-exec-10] INFO  com.qczy.filter.JwtAuthenticationTokenFilter - checking username:admin
2025-09-30 15:00:46.652 [http-nio-8081-exec-9] INFO  com.qczy.filter.JwtAuthenticationTokenFilter - authenticated user:admin
2025-09-30 15:00:46.653 [http-nio-8081-exec-10] INFO  com.qczy.filter.JwtAuthenticationTokenFilter - authenticated user:admin
2025-09-30 15:00:46.661 [http-nio-8081-exec-1] INFO  com.qczy.filter.JwtAuthenticationTokenFilter - checking username:admin
2025-09-30 15:00:46.663 [http-nio-8081-exec-1] INFO  com.qczy.filter.JwtAuthenticationTokenFilter - authenticated user:admin
2025-09-30 15:00:46.672 [http-nio-8081-exec-2] INFO  com.qczy.filter.JwtAuthenticationTokenFilter - checking username:admin
2025-09-30 15:00:46.676 [http-nio-8081-exec-2] INFO  com.qczy.filter.JwtAuthenticationTokenFilter - authenticated user:admin
2025-09-30 15:00:51.628 [http-nio-8081-exec-4] INFO  com.qczy.filter.JwtAuthenticationTokenFilter - checking username:admin
2025-09-30 15:00:51.631 [http-nio-8081-exec-4] INFO  com.qczy.filter.JwtAuthenticationTokenFilter - authenticated user:admin
2025-09-30 15:00:51.638 [http-nio-8081-exec-3] INFO  com.qczy.filter.JwtAuthenticationTokenFilter - checking username:admin
2025-09-30 15:00:51.642 [http-nio-8081-exec-3] INFO  com.qczy.filter.JwtAuthenticationTokenFilter - authenticated user:admin
2025-09-30 15:09:59.155 [http-nio-8081-exec-10] INFO  com.qczy.filter.JwtAuthenticationTokenFilter - checking username:admin
2025-09-30 15:09:59.160 [http-nio-8081-exec-10] INFO  com.qczy.filter.JwtAuthenticationTokenFilter - authenticated user:admin
2025-09-30 15:09:59.161 [http-nio-8081-exec-10] INFO  com.qczy.controller.user.UserController - token->Bearer eyJhbGciOiJIUzUxMiJ9.eyJzdWIiOiJhZG1pbiIsImNyZWF0ZWQiOjE3NTkyMTYxOTkxNDIsImV4cCI6MTc1OTgyMDk5OX0.-mMNtZralbPk_KfYZls4SbT896fjL_KMHvtZYDn1lvSpxkMbMME6lhPE2Hz27vImazAykLMYamFPmlVXVV8_UQ
2025-09-30 15:09:59.170 [http-nio-8081-exec-1] INFO  com.qczy.filter.JwtAuthenticationTokenFilter - checking username:admin
2025-09-30 15:09:59.173 [http-nio-8081-exec-1] INFO  com.qczy.filter.JwtAuthenticationTokenFilter - authenticated user:admin
2025-09-30 15:09:59.173 [http-nio-8081-exec-1] INFO  com.qczy.controller.user.UserController - token->Bearer eyJhbGciOiJIUzUxMiJ9.eyJzdWIiOiJhZG1pbiIsImNyZWF0ZWQiOjE3NTkyMTYxOTkxNDIsImV4cCI6MTc1OTgyMDk5OX0.-mMNtZralbPk_KfYZls4SbT896fjL_KMHvtZYDn1lvSpxkMbMME6lhPE2Hz27vImazAykLMYamFPmlVXVV8_UQ
2025-09-30 15:09:59.176 [http-nio-8081-exec-1] INFO  com.qczy.controller.user.UserController - username->admin
2025-09-30 15:09:59.322 [http-nio-8081-exec-2] INFO  com.qczy.filter.JwtAuthenticationTokenFilter - checking username:admin
2025-09-30 15:09:59.322 [http-nio-8081-exec-4] INFO  com.qczy.filter.JwtAuthenticationTokenFilter - checking username:admin
2025-09-30 15:09:59.325 [http-nio-8081-exec-4] INFO  com.qczy.filter.JwtAuthenticationTokenFilter - authenticated user:admin
2025-09-30 15:09:59.325 [http-nio-8081-exec-2] INFO  com.qczy.filter.JwtAuthenticationTokenFilter - authenticated user:admin
2025-09-30 15:09:59.336 [http-nio-8081-exec-5] INFO  com.qczy.filter.JwtAuthenticationTokenFilter - checking username:admin
2025-09-30 15:09:59.336 [http-nio-8081-exec-3] INFO  com.qczy.filter.JwtAuthenticationTokenFilter - checking username:admin
2025-09-30 15:09:59.341 [http-nio-8081-exec-3] INFO  com.qczy.filter.JwtAuthenticationTokenFilter - authenticated user:admin
2025-09-30 15:09:59.341 [http-nio-8081-exec-5] INFO  com.qczy.filter.JwtAuthenticationTokenFilter - authenticated user:admin
2025-09-30 15:09:59.350 [http-nio-8081-exec-6] INFO  com.qczy.filter.JwtAuthenticationTokenFilter - checking username:admin
2025-09-30 15:09:59.353 [http-nio-8081-exec-6] INFO  com.qczy.filter.JwtAuthenticationTokenFilter - authenticated user:admin
2025-09-30 15:09:59.365 [http-nio-8081-exec-8] INFO  com.qczy.filter.JwtAuthenticationTokenFilter - checking username:admin
2025-09-30 15:09:59.368 [http-nio-8081-exec-8] INFO  com.qczy.filter.JwtAuthenticationTokenFilter - authenticated user:admin
2025-09-30 15:10:04.472 [http-nio-8081-exec-9] INFO  com.qczy.filter.JwtAuthenticationTokenFilter - checking username:admin
2025-09-30 15:10:04.472 [http-nio-8081-exec-7] INFO  com.qczy.filter.JwtAuthenticationTokenFilter - checking username:admin
2025-09-30 15:10:04.474 [http-nio-8081-exec-7] INFO  com.qczy.filter.JwtAuthenticationTokenFilter - authenticated user:admin
2025-09-30 15:10:04.474 [http-nio-8081-exec-9] INFO  com.qczy.filter.JwtAuthenticationTokenFilter - authenticated user:admin
2025-09-30 15:10:20.245 [http-nio-8081-exec-1] INFO  com.qczy.filter.JwtAuthenticationTokenFilter - checking username:admin
2025-09-30 15:10:20.245 [http-nio-8081-exec-10] INFO  com.qczy.filter.JwtAuthenticationTokenFilter - checking username:admin
2025-09-30 15:10:20.247 [http-nio-8081-exec-1] INFO  com.qczy.filter.JwtAuthenticationTokenFilter - authenticated user:admin
2025-09-30 15:10:20.247 [http-nio-8081-exec-10] INFO  com.qczy.filter.JwtAuthenticationTokenFilter - authenticated user:admin
2025-09-30 15:10:20.254 [http-nio-8081-exec-2] INFO  com.qczy.filter.JwtAuthenticationTokenFilter - checking username:admin
2025-09-30 15:10:20.257 [http-nio-8081-exec-2] INFO  com.qczy.filter.JwtAuthenticationTokenFilter - authenticated user:admin
2025-09-30 15:10:24.466 [http-nio-8081-exec-5] INFO  com.qczy.filter.JwtAuthenticationTokenFilter - checking username:admin
2025-09-30 15:10:24.466 [http-nio-8081-exec-4] INFO  com.qczy.filter.JwtAuthenticationTokenFilter - checking username:admin
2025-09-30 15:10:24.466 [http-nio-8081-exec-3] INFO  com.qczy.filter.JwtAuthenticationTokenFilter - checking username:admin
2025-09-30 15:10:24.469 [http-nio-8081-exec-5] INFO  com.qczy.filter.JwtAuthenticationTokenFilter - authenticated user:admin
2025-09-30 15:10:24.469 [http-nio-8081-exec-4] INFO  com.qczy.filter.JwtAuthenticationTokenFilter - authenticated user:admin
2025-09-30 15:10:24.469 [http-nio-8081-exec-3] INFO  com.qczy.filter.JwtAuthenticationTokenFilter - authenticated user:admin
2025-09-30 15:10:24.473 [http-nio-8081-exec-6] INFO  com.qczy.filter.JwtAuthenticationTokenFilter - checking username:admin
2025-09-30 15:10:24.475 [http-nio-8081-exec-6] INFO  com.qczy.filter.JwtAuthenticationTokenFilter - authenticated user:admin
2025-09-30 15:10:28.543 [http-nio-8081-exec-9] INFO  com.qczy.filter.JwtAuthenticationTokenFilter - checking username:admin
2025-09-30 15:10:28.543 [http-nio-8081-exec-8] INFO  com.qczy.filter.JwtAuthenticationTokenFilter - checking username:admin
2025-09-30 15:10:28.547 [http-nio-8081-exec-9] INFO  com.qczy.filter.JwtAuthenticationTokenFilter - authenticated user:admin
2025-09-30 15:10:28.547 [http-nio-8081-exec-8] INFO  com.qczy.filter.JwtAuthenticationTokenFilter - authenticated user:admin
2025-09-30 15:11:20.201 [http-nio-8081-exec-7] INFO  com.qczy.filter.JwtAuthenticationTokenFilter - checking username:admin
2025-09-30 15:11:20.201 [http-nio-8081-exec-1] INFO  com.qczy.filter.JwtAuthenticationTokenFilter - checking username:admin
2025-09-30 15:11:20.204 [http-nio-8081-exec-1] INFO  com.qczy.filter.JwtAuthenticationTokenFilter - authenticated user:admin
2025-09-30 15:11:20.204 [http-nio-8081-exec-7] INFO  com.qczy.filter.JwtAuthenticationTokenFilter - authenticated user:admin
2025-09-30 15:11:20.208 [http-nio-8081-exec-2] INFO  com.qczy.filter.JwtAuthenticationTokenFilter - checking username:admin
2025-09-30 15:11:20.211 [http-nio-8081-exec-2] INFO  com.qczy.filter.JwtAuthenticationTokenFilter - authenticated user:admin
2025-09-30 15:11:26.420 [http-nio-8081-exec-6] INFO  com.qczy.filter.JwtAuthenticationTokenFilter - checking username:admin
2025-09-30 15:11:26.423 [http-nio-8081-exec-6] INFO  com.qczy.filter.JwtAuthenticationTokenFilter - authenticated user:admin
2025-09-30 15:11:26.457 [http-nio-8081-exec-4] INFO  com.qczy.filter.JwtAuthenticationTokenFilter - checking username:admin
2025-09-30 15:11:26.459 [http-nio-8081-exec-4] INFO  com.qczy.filter.JwtAuthenticationTokenFilter - authenticated user:admin
2025-09-30 15:11:48.833 [http-nio-8081-exec-8] INFO  com.qczy.filter.JwtAuthenticationTokenFilter - checking username:admin
2025-09-30 15:11:48.833 [http-nio-8081-exec-5] INFO  com.qczy.filter.JwtAuthenticationTokenFilter - checking username:admin
2025-09-30 15:11:48.833 [http-nio-8081-exec-9] INFO  com.qczy.filter.JwtAuthenticationTokenFilter - checking username:admin
2025-09-30 15:11:48.835 [http-nio-8081-exec-9] INFO  com.qczy.filter.JwtAuthenticationTokenFilter - authenticated user:admin
2025-09-30 15:11:48.835 [http-nio-8081-exec-5] INFO  com.qczy.filter.JwtAuthenticationTokenFilter - authenticated user:admin
2025-09-30 15:11:48.836 [http-nio-8081-exec-8] INFO  com.qczy.filter.JwtAuthenticationTokenFilter - authenticated user:admin
2025-09-30 15:11:48.840 [http-nio-8081-exec-1] INFO  com.qczy.filter.JwtAuthenticationTokenFilter - checking username:admin
2025-09-30 15:11:48.842 [http-nio-8081-exec-1] INFO  com.qczy.filter.JwtAuthenticationTokenFilter - authenticated user:admin
2025-09-30 15:33:13.909 [SpringContextShutdownHook] INFO  o.s.scheduling.concurrent.ThreadPoolTaskScheduler - Shutting down ExecutorService 'taskScheduler'
2025-09-30 15:33:13.909 [SpringContextShutdownHook] INFO  o.s.scheduling.concurrent.ThreadPoolTaskExecutor - Shutting down ExecutorService 'asyncExecutor'
2025-09-30 15:33:13.914 [SpringContextShutdownHook] INFO  com.zaxxer.hikari.HikariDataSource - HikariPool-1 - Shutdown initiated...
2025-09-30 15:33:13.919 [SpringContextShutdownHook] INFO  com.zaxxer.hikari.HikariDataSource - HikariPool-1 - Shutdown completed.
2025-11-18 21:01:43.665 [main] INFO  com.qczy.MyApplication - Starting MyApplication on LAPTOP-R3CBIEK9 with PID 4412 (F:\DOWN\work-claude-federated-learning-framework-01QTn3RtqqhFiMnk4tMdbXm9\back\datamark-admin\target\classes started by lenovo in F:\DOWN\work-claude-federated-learning-framework-01QTn3RtqqhFiMnk4tMdbXm9\back\datamark-admin)
2025-11-18 21:01:43.667 [main] INFO  com.qczy.MyApplication - The following profiles are active: test
2025-11-18 21:01:44.789 [main] INFO  o.s.c.s.PostProcessorRegistrationDelegate$BeanPostProcessorChecker - Bean 'asyncConfig' of type [com.qczy.config.AsyncConfig$$EnhancerBySpringCGLIB$$87ad0723] is not eligible for getting processed by all BeanPostProcessors (for example: not eligible for auto-proxying)
2025-11-18 21:01:44.859 [main] INFO  o.s.c.s.PostProcessorRegistrationDelegate$BeanPostProcessorChecker - Bean 'org.springframework.transaction.annotation.ProxyTransactionManagementConfiguration' of type [org.springframework.transaction.annotation.ProxyTransactionManagementConfiguration] is not eligible for getting processed by all BeanPostProcessors (for example: not eligible for auto-proxying)
2025-11-18 21:01:44.959 [main] INFO  o.s.c.s.PostProcessorRegistrationDelegate$BeanPostProcessorChecker - Bean 'org.springframework.security.config.annotation.configuration.ObjectPostProcessorConfiguration' of type [org.springframework.security.config.annotation.configuration.ObjectPostProcessorConfiguration] is not eligible for getting processed by all BeanPostProcessors (for example: not eligible for auto-proxying)
2025-11-18 21:01:44.961 [main] INFO  o.s.c.s.PostProcessorRegistrationDelegate$BeanPostProcessorChecker - Bean 'objectPostProcessor' of type [org.springframework.security.config.annotation.configuration.AutowireBeanFactoryObjectPostProcessor] is not eligible for getting processed by all BeanPostProcessors (for example: not eligible for auto-proxying)
2025-11-18 21:01:44.964 [main] INFO  o.s.c.s.PostProcessorRegistrationDelegate$BeanPostProcessorChecker - Bean 'org.springframework.security.access.expression.method.DefaultMethodSecurityExpressionHandler@716e431d' of type [org.springframework.security.access.expression.method.DefaultMethodSecurityExpressionHandler] is not eligible for getting processed by all BeanPostProcessors (for example: not eligible for auto-proxying)
2025-11-18 21:01:44.964 [main] INFO  o.s.c.s.PostProcessorRegistrationDelegate$BeanPostProcessorChecker - Bean 'org.springframework.security.config.annotation.method.configuration.GlobalMethodSecurityConfiguration' of type [org.springframework.security.config.annotation.method.configuration.GlobalMethodSecurityConfiguration] is not eligible for getting processed by all BeanPostProcessors (for example: not eligible for auto-proxying)
2025-11-18 21:01:44.970 [main] INFO  o.s.c.s.PostProcessorRegistrationDelegate$BeanPostProcessorChecker - Bean 'methodSecurityMetadataSource' of type [org.springframework.security.access.method.DelegatingMethodSecurityMetadataSource] is not eligible for getting processed by all BeanPostProcessors (for example: not eligible for auto-proxying)
2025-11-18 21:01:45.226 [main] INFO  o.s.boot.web.embedded.tomcat.TomcatWebServer - Tomcat initialized with port(s): 8081 (http)
2025-11-18 21:01:45.233 [main] INFO  org.apache.coyote.http11.Http11NioProtocol - Initializing ProtocolHandler ["http-nio-8081"]
2025-11-18 21:01:45.234 [main] INFO  org.apache.catalina.core.StandardService - Starting service [Tomcat]
2025-11-18 21:01:45.234 [main] INFO  org.apache.catalina.core.StandardEngine - Starting Servlet engine: [Apache Tomcat/9.0.27]
2025-11-18 21:01:45.389 [main] INFO  o.a.c.core.ContainerBase.[Tomcat].[localhost].[/] - Initializing Spring embedded WebApplicationContext
2025-11-18 21:01:45.389 [main] INFO  org.springframework.web.context.ContextLoader - Root WebApplicationContext: initialization completed in 1692 ms
2025-11-18 21:01:48.386 [main] INFO  org.apache.catalina.core.StandardService - Stopping service [Tomcat]
2025-11-18 21:01:48.393 [main] INFO  o.s.b.a.l.ConditionEvaluationReportLoggingListener - 

Error starting ApplicationContext. To display the conditions report re-run your application with 'debug' enabled.
2025-11-18 21:04:57.964 [main] INFO  com.qczy.MyApplication - Starting MyApplication on LAPTOP-R3CBIEK9 with PID 3588 (F:\DOWN\work-claude-federated-learning-framework-01QTn3RtqqhFiMnk4tMdbXm9\back\datamark-admin\target\classes started by lenovo in F:\DOWN\work-claude-federated-learning-framework-01QTn3RtqqhFiMnk4tMdbXm9\back\datamark-admin)
2025-11-18 21:04:57.964 [main] INFO  com.qczy.MyApplication - The following profiles are active: test
2025-11-18 21:04:58.976 [main] INFO  o.s.c.s.PostProcessorRegistrationDelegate$BeanPostProcessorChecker - Bean 'asyncConfig' of type [com.qczy.config.AsyncConfig$$EnhancerBySpringCGLIB$$37d8b59f] is not eligible for getting processed by all BeanPostProcessors (for example: not eligible for auto-proxying)
2025-11-18 21:04:59.036 [main] INFO  o.s.c.s.PostProcessorRegistrationDelegate$BeanPostProcessorChecker - Bean 'org.springframework.transaction.annotation.ProxyTransactionManagementConfiguration' of type [org.springframework.transaction.annotation.ProxyTransactionManagementConfiguration] is not eligible for getting processed by all BeanPostProcessors (for example: not eligible for auto-proxying)
2025-11-18 21:04:59.116 [main] INFO  o.s.c.s.PostProcessorRegistrationDelegate$BeanPostProcessorChecker - Bean 'org.springframework.security.config.annotation.configuration.ObjectPostProcessorConfiguration' of type [org.springframework.security.config.annotation.configuration.ObjectPostProcessorConfiguration] is not eligible for getting processed by all BeanPostProcessors (for example: not eligible for auto-proxying)
2025-11-18 21:04:59.119 [main] INFO  o.s.c.s.PostProcessorRegistrationDelegate$BeanPostProcessorChecker - Bean 'objectPostProcessor' of type [org.springframework.security.config.annotation.configuration.AutowireBeanFactoryObjectPostProcessor] is not eligible for getting processed by all BeanPostProcessors (for example: not eligible for auto-proxying)
2025-11-18 21:04:59.121 [main] INFO  o.s.c.s.PostProcessorRegistrationDelegate$BeanPostProcessorChecker - Bean 'org.springframework.security.access.expression.method.DefaultMethodSecurityExpressionHandler@7e744f43' of type [org.springframework.security.access.expression.method.DefaultMethodSecurityExpressionHandler] is not eligible for getting processed by all BeanPostProcessors (for example: not eligible for auto-proxying)
2025-11-18 21:04:59.121 [main] INFO  o.s.c.s.PostProcessorRegistrationDelegate$BeanPostProcessorChecker - Bean 'org.springframework.security.config.annotation.method.configuration.GlobalMethodSecurityConfiguration' of type [org.springframework.security.config.annotation.method.configuration.GlobalMethodSecurityConfiguration] is not eligible for getting processed by all BeanPostProcessors (for example: not eligible for auto-proxying)
2025-11-18 21:04:59.126 [main] INFO  o.s.c.s.PostProcessorRegistrationDelegate$BeanPostProcessorChecker - Bean 'methodSecurityMetadataSource' of type [org.springframework.security.access.method.DelegatingMethodSecurityMetadataSource] is not eligible for getting processed by all BeanPostProcessors (for example: not eligible for auto-proxying)
2025-11-18 21:04:59.372 [main] INFO  o.s.boot.web.embedded.tomcat.TomcatWebServer - Tomcat initialized with port(s): 8081 (http)
2025-11-18 21:04:59.379 [main] INFO  org.apache.coyote.http11.Http11NioProtocol - Initializing ProtocolHandler ["http-nio-8081"]
2025-11-18 21:04:59.379 [main] INFO  org.apache.catalina.core.StandardService - Starting service [Tomcat]
2025-11-18 21:04:59.379 [main] INFO  org.apache.catalina.core.StandardEngine - Starting Servlet engine: [Apache Tomcat/9.0.27]
2025-11-18 21:04:59.522 [main] INFO  o.a.c.core.ContainerBase.[Tomcat].[localhost].[/] - Initializing Spring embedded WebApplicationContext
2025-11-18 21:04:59.523 [main] INFO  org.springframework.web.context.ContextLoader - Root WebApplicationContext: initialization completed in 1532 ms
2025-11-18 21:05:02.016 [main] INFO  org.apache.catalina.core.StandardService - Stopping service [Tomcat]
2025-11-18 21:05:02.023 [main] INFO  o.s.b.a.l.ConditionEvaluationReportLoggingListener - 

Error starting ApplicationContext. To display the conditions report re-run your application with 'debug' enabled.
2025-11-18 21:11:01.845 [main] INFO  com.qczy.MyApplication - Starting MyApplication on LAPTOP-R3CBIEK9 with PID 23348 (F:\DOWN\work-claude-federated-learning-framework-01QTn3RtqqhFiMnk4tMdbXm9\back\datamark-admin\target\classes started by lenovo in F:\DOWN\work-claude-federated-learning-framework-01QTn3RtqqhFiMnk4tMdbXm9\back\datamark-admin)
2025-11-18 21:11:01.845 [main] INFO  com.qczy.MyApplication - The following profiles are active: test
2025-11-18 21:11:02.858 [main] INFO  o.s.c.s.PostProcessorRegistrationDelegate$BeanPostProcessorChecker - Bean 'asyncConfig' of type [com.qczy.config.AsyncConfig$$EnhancerBySpringCGLIB$$46454465] is not eligible for getting processed by all BeanPostProcessors (for example: not eligible for auto-proxying)
2025-11-18 21:11:02.923 [main] INFO  o.s.c.s.PostProcessorRegistrationDelegate$BeanPostProcessorChecker - Bean 'org.springframework.transaction.annotation.ProxyTransactionManagementConfiguration' of type [org.springframework.transaction.annotation.ProxyTransactionManagementConfiguration] is not eligible for getting processed by all BeanPostProcessors (for example: not eligible for auto-proxying)
2025-11-18 21:11:03.004 [main] INFO  o.s.c.s.PostProcessorRegistrationDelegate$BeanPostProcessorChecker - Bean 'org.springframework.security.config.annotation.configuration.ObjectPostProcessorConfiguration' of type [org.springframework.security.config.annotation.configuration.ObjectPostProcessorConfiguration] is not eligible for getting processed by all BeanPostProcessors (for example: not eligible for auto-proxying)
2025-11-18 21:11:03.006 [main] INFO  o.s.c.s.PostProcessorRegistrationDelegate$BeanPostProcessorChecker - Bean 'objectPostProcessor' of type [org.springframework.security.config.annotation.configuration.AutowireBeanFactoryObjectPostProcessor] is not eligible for getting processed by all BeanPostProcessors (for example: not eligible for auto-proxying)
2025-11-18 21:11:03.009 [main] INFO  o.s.c.s.PostProcessorRegistrationDelegate$BeanPostProcessorChecker - Bean 'org.springframework.security.access.expression.method.DefaultMethodSecurityExpressionHandler@5f172d4a' of type [org.springframework.security.access.expression.method.DefaultMethodSecurityExpressionHandler] is not eligible for getting processed by all BeanPostProcessors (for example: not eligible for auto-proxying)
2025-11-18 21:11:03.009 [main] INFO  o.s.c.s.PostProcessorRegistrationDelegate$BeanPostProcessorChecker - Bean 'org.springframework.security.config.annotation.method.configuration.GlobalMethodSecurityConfiguration' of type [org.springframework.security.config.annotation.method.configuration.GlobalMethodSecurityConfiguration] is not eligible for getting processed by all BeanPostProcessors (for example: not eligible for auto-proxying)
2025-11-18 21:11:03.013 [main] INFO  o.s.c.s.PostProcessorRegistrationDelegate$BeanPostProcessorChecker - Bean 'methodSecurityMetadataSource' of type [org.springframework.security.access.method.DelegatingMethodSecurityMetadataSource] is not eligible for getting processed by all BeanPostProcessors (for example: not eligible for auto-proxying)
2025-11-18 21:11:03.244 [main] INFO  o.s.boot.web.embedded.tomcat.TomcatWebServer - Tomcat initialized with port(s): 8081 (http)
2025-11-18 21:11:03.244 [main] INFO  org.apache.coyote.http11.Http11NioProtocol - Initializing ProtocolHandler ["http-nio-8081"]
2025-11-18 21:11:03.244 [main] INFO  org.apache.catalina.core.StandardService - Starting service [Tomcat]
2025-11-18 21:11:03.244 [main] INFO  org.apache.catalina.core.StandardEngine - Starting Servlet engine: [Apache Tomcat/9.0.27]
2025-11-18 21:11:03.397 [main] INFO  o.a.c.core.ContainerBase.[Tomcat].[localhost].[/] - Initializing Spring embedded WebApplicationContext
2025-11-18 21:11:03.397 [main] INFO  org.springframework.web.context.ContextLoader - Root WebApplicationContext: initialization completed in 1537 ms
2025-11-18 21:11:06.090 [main] INFO  com.zaxxer.hikari.HikariDataSource - HikariPool-1 - Starting...
2025-11-18 21:11:06.176 [main] INFO  com.zaxxer.hikari.HikariDataSource - HikariPool-1 - Start completed.
2025-11-18 21:11:06.281 [main] INFO  com.zaxxer.hikari.HikariDataSource - HikariPool-1 - Shutdown initiated...
2025-11-18 21:11:06.281 [main] INFO  com.zaxxer.hikari.HikariDataSource - HikariPool-1 - Shutdown completed.
2025-11-18 21:11:06.297 [main] INFO  org.apache.catalina.core.StandardService - Stopping service [Tomcat]
2025-11-18 21:11:06.297 [main] INFO  o.s.b.a.l.ConditionEvaluationReportLoggingListener - 

Error starting ApplicationContext. To display the conditions report re-run your application with 'debug' enabled.
2025-11-18 21:15:06.508 [main] INFO  com.qczy.MyApplication - Starting MyApplication on LAPTOP-R3CBIEK9 with PID 16448 (F:\DOWN\work-claude-federated-learning-framework-01QTn3RtqqhFiMnk4tMdbXm9\back\datamark-admin\target\classes started by lenovo in F:\DOWN\work-claude-federated-learning-framework-01QTn3RtqqhFiMnk4tMdbXm9\back\datamark-admin)
2025-11-18 21:15:06.509 [main] INFO  com.qczy.MyApplication - The following profiles are active: test
2025-11-18 21:15:07.503 [main] INFO  o.s.c.s.PostProcessorRegistrationDelegate$BeanPostProcessorChecker - Bean 'asyncConfig' of type [com.qczy.config.AsyncConfig$$EnhancerBySpringCGLIB$$2838ce3a] is not eligible for getting processed by all BeanPostProcessors (for example: not eligible for auto-proxying)
2025-11-18 21:15:07.560 [main] INFO  o.s.c.s.PostProcessorRegistrationDelegate$BeanPostProcessorChecker - Bean 'org.springframework.transaction.annotation.ProxyTransactionManagementConfiguration' of type [org.springframework.transaction.annotation.ProxyTransactionManagementConfiguration] is not eligible for getting processed by all BeanPostProcessors (for example: not eligible for auto-proxying)
2025-11-18 21:15:07.638 [main] INFO  o.s.c.s.PostProcessorRegistrationDelegate$BeanPostProcessorChecker - Bean 'org.springframework.security.config.annotation.configuration.ObjectPostProcessorConfiguration' of type [org.springframework.security.config.annotation.configuration.ObjectPostProcessorConfiguration] is not eligible for getting processed by all BeanPostProcessors (for example: not eligible for auto-proxying)
2025-11-18 21:15:07.641 [main] INFO  o.s.c.s.PostProcessorRegistrationDelegate$BeanPostProcessorChecker - Bean 'objectPostProcessor' of type [org.springframework.security.config.annotation.configuration.AutowireBeanFactoryObjectPostProcessor] is not eligible for getting processed by all BeanPostProcessors (for example: not eligible for auto-proxying)
2025-11-18 21:15:07.642 [main] INFO  o.s.c.s.PostProcessorRegistrationDelegate$BeanPostProcessorChecker - Bean 'org.springframework.security.access.expression.method.DefaultMethodSecurityExpressionHandler@73fb1d7f' of type [org.springframework.security.access.expression.method.DefaultMethodSecurityExpressionHandler] is not eligible for getting processed by all BeanPostProcessors (for example: not eligible for auto-proxying)
2025-11-18 21:15:07.643 [main] INFO  o.s.c.s.PostProcessorRegistrationDelegate$BeanPostProcessorChecker - Bean 'org.springframework.security.config.annotation.method.configuration.GlobalMethodSecurityConfiguration' of type [org.springframework.security.config.annotation.method.configuration.GlobalMethodSecurityConfiguration] is not eligible for getting processed by all BeanPostProcessors (for example: not eligible for auto-proxying)
2025-11-18 21:15:07.647 [main] INFO  o.s.c.s.PostProcessorRegistrationDelegate$BeanPostProcessorChecker - Bean 'methodSecurityMetadataSource' of type [org.springframework.security.access.method.DelegatingMethodSecurityMetadataSource] is not eligible for getting processed by all BeanPostProcessors (for example: not eligible for auto-proxying)
2025-11-18 21:15:07.883 [main] INFO  o.s.boot.web.embedded.tomcat.TomcatWebServer - Tomcat initialized with port(s): 8081 (http)
2025-11-18 21:15:07.890 [main] INFO  org.apache.coyote.http11.Http11NioProtocol - Initializing ProtocolHandler ["http-nio-8081"]
2025-11-18 21:15:07.890 [main] INFO  org.apache.catalina.core.StandardService - Starting service [Tomcat]
2025-11-18 21:15:07.890 [main] INFO  org.apache.catalina.core.StandardEngine - Starting Servlet engine: [Apache Tomcat/9.0.27]
2025-11-18 21:15:08.037 [main] INFO  o.a.c.core.ContainerBase.[Tomcat].[localhost].[/] - Initializing Spring embedded WebApplicationContext
2025-11-18 21:15:08.037 [main] INFO  org.springframework.web.context.ContextLoader - Root WebApplicationContext: initialization completed in 1501 ms
2025-11-18 21:15:10.641 [main] INFO  com.zaxxer.hikari.HikariDataSource - HikariPool-1 - Starting...
2025-11-18 21:15:10.712 [main] INFO  com.zaxxer.hikari.HikariDataSource - HikariPool-1 - Start completed.
2025-11-18 21:15:11.508 [main] INFO  o.s.scheduling.concurrent.ThreadPoolTaskExecutor - Initializing ExecutorService
2025-11-18 21:15:11.509 [main] INFO  o.s.scheduling.concurrent.ThreadPoolTaskExecutor - Initializing ExecutorService 'asyncExecutor'
2025-11-18 21:15:11.541 [main] INFO  o.s.scheduling.concurrent.ThreadPoolTaskScheduler - Initializing ExecutorService
2025-11-18 21:15:11.542 [main] INFO  o.s.scheduling.concurrent.ThreadPoolTaskScheduler - Initializing ExecutorService 'taskScheduler'
2025-11-18 21:15:11.678 [main] INFO  s.d.s.w.PropertySourcedRequestMappingHandlerMapping - Mapped URL path [/v2/api-docs] onto method [springfox.documentation.swagger2.web.Swagger2Controller#getDocumentation(String, HttpServletRequest)]
2025-11-18 21:15:11.754 [main] INFO  o.s.security.web.DefaultSecurityFilterChain - Creating filter chain: any request, [org.springframework.security.web.context.request.async.WebAsyncManagerIntegrationFilter@1bfa5a13, org.springframework.security.web.context.SecurityContextPersistenceFilter@7e27f603, org.springframework.security.web.header.HeaderWriterFilter@47f2c722, org.springframework.web.filter.CorsFilter@1b1e1f02, org.springframework.security.web.authentication.logout.LogoutFilter@794c5f5e, com.qczy.filter.JwtAuthenticationTokenFilter@14c93774, org.springframework.security.web.savedrequest.RequestCacheAwareFilter@7e77678c, org.springframework.security.web.servletapi.SecurityContextHolderAwareRequestFilter@775f15fd, org.springframework.security.web.authentication.AnonymousAuthenticationFilter@1da75dde, org.springframework.security.web.session.SessionManagementFilter@44fb6ebd, org.springframework.security.web.access.ExceptionTranslationFilter@184751f3, org.springframework.security.web.access.intercept.FilterSecurityInterceptor@6dded900]
2025-11-18 21:15:12.124 [main] INFO  s.d.s.web.plugins.DocumentationPluginsBootstrapper - Context refreshed
2025-11-18 21:15:12.137 [main] INFO  s.d.s.web.plugins.DocumentationPluginsBootstrapper - Found 1 custom documentation plugin(s)
2025-11-18 21:15:12.137 [main] INFO  s.d.s.web.plugins.DocumentationPluginsBootstrapper - Skipping initializing disabled plugin bean swagger v2.0
2025-11-18 21:15:12.144 [main] INFO  org.apache.coyote.http11.Http11NioProtocol - Starting ProtocolHandler ["http-nio-8081"]
2025-11-18 21:15:12.162 [main] INFO  o.s.boot.web.embedded.tomcat.TomcatWebServer - Tomcat started on port(s): 8081 (http) with context path ''
2025-11-18 21:15:12.164 [main] INFO  com.qczy.MyApplication - Started MyApplication in 5.971 seconds (JVM running for 7.346)
2025-11-18 21:24:44.338 [SpringContextShutdownHook] INFO  o.s.scheduling.concurrent.ThreadPoolTaskScheduler - Shutting down ExecutorService 'taskScheduler'
2025-11-18 21:24:44.338 [SpringContextShutdownHook] INFO  o.s.scheduling.concurrent.ThreadPoolTaskExecutor - Shutting down ExecutorService 'asyncExecutor'
2025-11-18 21:24:44.343 [SpringContextShutdownHook] INFO  com.zaxxer.hikari.HikariDataSource - HikariPool-1 - Shutdown initiated...
2025-11-18 21:24:44.349 [SpringContextShutdownHook] INFO  com.zaxxer.hikari.HikariDataSource - HikariPool-1 - Shutdown completed.
2025-11-18 21:40:49.842 [main] INFO  com.qczy.MyApplication - Starting MyApplication on LAPTOP-R3CBIEK9 with PID 15124 (F:\DOWN\work-claude-federated-learning-framework-01QTn3RtqqhFiMnk4tMdbXm9\back\datamark-admin\target\classes started by lenovo in F:\DOWN\work-claude-federated-learning-framework-01QTn3RtqqhFiMnk4tMdbXm9\back\datamark-admin)
2025-11-18 21:40:49.843 [main] INFO  com.qczy.MyApplication - The following profiles are active: test
2025-11-18 21:40:50.838 [main] INFO  o.s.c.s.PostProcessorRegistrationDelegate$BeanPostProcessorChecker - Bean 'asyncConfig' of type [com.qczy.config.AsyncConfig$$EnhancerBySpringCGLIB$$3d03179e] is not eligible for getting processed by all BeanPostProcessors (for example: not eligible for auto-proxying)
2025-11-18 21:40:50.901 [main] INFO  o.s.c.s.PostProcessorRegistrationDelegate$BeanPostProcessorChecker - Bean 'org.springframework.transaction.annotation.ProxyTransactionManagementConfiguration' of type [org.springframework.transaction.annotation.ProxyTransactionManagementConfiguration] is not eligible for getting processed by all BeanPostProcessors (for example: not eligible for auto-proxying)
2025-11-18 21:40:50.986 [main] INFO  o.s.c.s.PostProcessorRegistrationDelegate$BeanPostProcessorChecker - Bean 'org.springframework.security.config.annotation.configuration.ObjectPostProcessorConfiguration' of type [org.springframework.security.config.annotation.configuration.ObjectPostProcessorConfiguration] is not eligible for getting processed by all BeanPostProcessors (for example: not eligible for auto-proxying)
2025-11-18 21:40:50.989 [main] INFO  o.s.c.s.PostProcessorRegistrationDelegate$BeanPostProcessorChecker - Bean 'objectPostProcessor' of type [org.springframework.security.config.annotation.configuration.AutowireBeanFactoryObjectPostProcessor] is not eligible for getting processed by all BeanPostProcessors (for example: not eligible for auto-proxying)
2025-11-18 21:40:50.991 [main] INFO  o.s.c.s.PostProcessorRegistrationDelegate$BeanPostProcessorChecker - Bean 'org.springframework.security.access.expression.method.DefaultMethodSecurityExpressionHandler@6884f0d9' of type [org.springframework.security.access.expression.method.DefaultMethodSecurityExpressionHandler] is not eligible for getting processed by all BeanPostProcessors (for example: not eligible for auto-proxying)
2025-11-18 21:40:50.992 [main] INFO  o.s.c.s.PostProcessorRegistrationDelegate$BeanPostProcessorChecker - Bean 'org.springframework.security.config.annotation.method.configuration.GlobalMethodSecurityConfiguration' of type [org.springframework.security.config.annotation.method.configuration.GlobalMethodSecurityConfiguration] is not eligible for getting processed by all BeanPostProcessors (for example: not eligible for auto-proxying)
2025-11-18 21:40:50.997 [main] INFO  o.s.c.s.PostProcessorRegistrationDelegate$BeanPostProcessorChecker - Bean 'methodSecurityMetadataSource' of type [org.springframework.security.access.method.DelegatingMethodSecurityMetadataSource] is not eligible for getting processed by all BeanPostProcessors (for example: not eligible for auto-proxying)
2025-11-18 21:40:51.270 [main] INFO  o.s.boot.web.embedded.tomcat.TomcatWebServer - Tomcat initialized with port(s): 8081 (http)
2025-11-18 21:40:51.276 [main] INFO  org.apache.coyote.http11.Http11NioProtocol - Initializing ProtocolHandler ["http-nio-8081"]
2025-11-18 21:40:51.276 [main] INFO  org.apache.catalina.core.StandardService - Starting service [Tomcat]
2025-11-18 21:40:51.276 [main] INFO  org.apache.catalina.core.StandardEngine - Starting Servlet engine: [Apache Tomcat/9.0.27]
2025-11-18 21:40:51.420 [main] INFO  o.a.c.core.ContainerBase.[Tomcat].[localhost].[/] - Initializing Spring embedded WebApplicationContext
2025-11-18 21:40:51.421 [main] INFO  org.springframework.web.context.ContextLoader - Root WebApplicationContext: initialization completed in 1550 ms
2025-11-18 21:40:54.118 [main] INFO  com.zaxxer.hikari.HikariDataSource - HikariPool-1 - Starting...
2025-11-18 21:40:54.187 [main] INFO  com.zaxxer.hikari.HikariDataSource - HikariPool-1 - Start completed.
2025-11-18 21:40:54.220 [main] INFO  c.q.federated.service.FederatedCoordinatorService - Loaded 0 nodes from database
2025-11-18 21:40:54.223 [main] INFO  c.q.federated.service.FederatedCoordinatorService - Loaded 0 jobs from database
2025-11-18 21:40:54.945 [main] INFO  o.s.scheduling.concurrent.ThreadPoolTaskExecutor - Initializing ExecutorService
2025-11-18 21:40:54.946 [main] INFO  o.s.scheduling.concurrent.ThreadPoolTaskExecutor - Initializing ExecutorService 'asyncExecutor'
2025-11-18 21:40:54.977 [main] INFO  o.s.scheduling.concurrent.ThreadPoolTaskScheduler - Initializing ExecutorService
2025-11-18 21:40:54.978 [main] INFO  o.s.scheduling.concurrent.ThreadPoolTaskScheduler - Initializing ExecutorService 'taskScheduler'
2025-11-18 21:40:55.089 [main] INFO  s.d.s.w.PropertySourcedRequestMappingHandlerMapping - Mapped URL path [/v2/api-docs] onto method [springfox.documentation.swagger2.web.Swagger2Controller#getDocumentation(String, HttpServletRequest)]
2025-11-18 21:40:55.157 [main] INFO  o.s.security.web.DefaultSecurityFilterChain - Creating filter chain: any request, [org.springframework.security.web.context.request.async.WebAsyncManagerIntegrationFilter@16e195cf, org.springframework.security.web.context.SecurityContextPersistenceFilter@a3b858f, org.springframework.security.web.header.HeaderWriterFilter@44d43cc9, org.springframework.web.filter.CorsFilter@3212d853, org.springframework.security.web.authentication.logout.LogoutFilter@79d63a4f, com.qczy.filter.JwtAuthenticationTokenFilter@30c3ae63, org.springframework.security.web.savedrequest.RequestCacheAwareFilter@4b07cad0, org.springframework.security.web.servletapi.SecurityContextHolderAwareRequestFilter@668a32a4, org.springframework.security.web.authentication.AnonymousAuthenticationFilter@74c7522c, org.springframework.security.web.session.SessionManagementFilter@7493d937, org.springframework.security.web.access.ExceptionTranslationFilter@2262f0d8, org.springframework.security.web.access.intercept.FilterSecurityInterceptor@5889fc44]
2025-11-18 21:40:55.374 [main] INFO  s.d.s.web.plugins.DocumentationPluginsBootstrapper - Context refreshed
2025-11-18 21:40:55.383 [main] INFO  s.d.s.web.plugins.DocumentationPluginsBootstrapper - Found 1 custom documentation plugin(s)
2025-11-18 21:40:55.383 [main] INFO  s.d.s.web.plugins.DocumentationPluginsBootstrapper - Skipping initializing disabled plugin bean swagger v2.0
2025-11-18 21:40:55.391 [main] INFO  org.apache.coyote.http11.Http11NioProtocol - Starting ProtocolHandler ["http-nio-8081"]
2025-11-18 21:40:55.410 [main] INFO  o.s.boot.web.embedded.tomcat.TomcatWebServer - Tomcat started on port(s): 8081 (http) with context path ''
2025-11-18 21:40:55.515 [main] INFO  com.qczy.MyApplication - Started MyApplication in 5.897 seconds (JVM running for 7.404)
2025-11-18 21:41:01.506 [http-nio-8081-exec-1] INFO  o.a.c.core.ContainerBase.[Tomcat].[localhost].[/] - Initializing Spring DispatcherServlet 'dispatcherServlet'
2025-11-18 21:41:01.508 [http-nio-8081-exec-1] INFO  org.springframework.web.servlet.DispatcherServlet - Initializing Servlet 'dispatcherServlet'
2025-11-18 21:41:01.514 [http-nio-8081-exec-1] INFO  org.springframework.web.servlet.DispatcherServlet - Completed initialization in 6 ms
2025-11-18 22:10:06.138 [SpringContextShutdownHook] INFO  o.s.scheduling.concurrent.ThreadPoolTaskScheduler - Shutting down ExecutorService 'taskScheduler'
2025-11-18 22:10:06.139 [SpringContextShutdownHook] INFO  o.s.scheduling.concurrent.ThreadPoolTaskExecutor - Shutting down ExecutorService 'asyncExecutor'
2025-11-18 22:10:06.144 [SpringContextShutdownHook] INFO  com.zaxxer.hikari.HikariDataSource - HikariPool-1 - Shutdown initiated...
2025-11-18 22:10:06.150 [SpringContextShutdownHook] INFO  com.zaxxer.hikari.HikariDataSource - HikariPool-1 - Shutdown completed.
2025-11-18 22:10:14.709 [main] INFO  com.qczy.MyApplication - Starting MyApplication on LAPTOP-R3CBIEK9 with PID 8924 (F:\DOWN\work-claude-federated-learning-framework-01QTn3RtqqhFiMnk4tMdbXm9\back\datamark-admin\target\classes started by lenovo in F:\DOWN\work-claude-federated-learning-framework-01QTn3RtqqhFiMnk4tMdbXm9\back\datamark-admin)
2025-11-18 22:10:14.709 [main] INFO  com.qczy.MyApplication - The following profiles are active: test
2025-11-18 22:10:15.708 [main] INFO  o.s.c.s.PostProcessorRegistrationDelegate$BeanPostProcessorChecker - Bean 'asyncConfig' of type [com.qczy.config.AsyncConfig$$EnhancerBySpringCGLIB$$f70c0c17] is not eligible for getting processed by all BeanPostProcessors (for example: not eligible for auto-proxying)
2025-11-18 22:10:15.769 [main] INFO  o.s.c.s.PostProcessorRegistrationDelegate$BeanPostProcessorChecker - Bean 'org.springframework.transaction.annotation.ProxyTransactionManagementConfiguration' of type [org.springframework.transaction.annotation.ProxyTransactionManagementConfiguration] is not eligible for getting processed by all BeanPostProcessors (for example: not eligible for auto-proxying)
2025-11-18 22:10:15.849 [main] INFO  o.s.c.s.PostProcessorRegistrationDelegate$BeanPostProcessorChecker - Bean 'org.springframework.security.config.annotation.configuration.ObjectPostProcessorConfiguration' of type [org.springframework.security.config.annotation.configuration.ObjectPostProcessorConfiguration] is not eligible for getting processed by all BeanPostProcessors (for example: not eligible for auto-proxying)
2025-11-18 22:10:15.852 [main] INFO  o.s.c.s.PostProcessorRegistrationDelegate$BeanPostProcessorChecker - Bean 'objectPostProcessor' of type [org.springframework.security.config.annotation.configuration.AutowireBeanFactoryObjectPostProcessor] is not eligible for getting processed by all BeanPostProcessors (for example: not eligible for auto-proxying)
2025-11-18 22:10:15.854 [main] INFO  o.s.c.s.PostProcessorRegistrationDelegate$BeanPostProcessorChecker - Bean 'org.springframework.security.access.expression.method.DefaultMethodSecurityExpressionHandler@6b52dd31' of type [org.springframework.security.access.expression.method.DefaultMethodSecurityExpressionHandler] is not eligible for getting processed by all BeanPostProcessors (for example: not eligible for auto-proxying)
2025-11-18 22:10:15.854 [main] INFO  o.s.c.s.PostProcessorRegistrationDelegate$BeanPostProcessorChecker - Bean 'org.springframework.security.config.annotation.method.configuration.GlobalMethodSecurityConfiguration' of type [org.springframework.security.config.annotation.method.configuration.GlobalMethodSecurityConfiguration] is not eligible for getting processed by all BeanPostProcessors (for example: not eligible for auto-proxying)
2025-11-18 22:10:15.859 [main] INFO  o.s.c.s.PostProcessorRegistrationDelegate$BeanPostProcessorChecker - Bean 'methodSecurityMetadataSource' of type [org.springframework.security.access.method.DelegatingMethodSecurityMetadataSource] is not eligible for getting processed by all BeanPostProcessors (for example: not eligible for auto-proxying)
2025-11-18 22:10:16.106 [main] INFO  o.s.boot.web.embedded.tomcat.TomcatWebServer - Tomcat initialized with port(s): 8081 (http)
2025-11-18 22:10:16.111 [main] INFO  org.apache.coyote.http11.Http11NioProtocol - Initializing ProtocolHandler ["http-nio-8081"]
2025-11-18 22:10:16.112 [main] INFO  org.apache.catalina.core.StandardService - Starting service [Tomcat]
2025-11-18 22:10:16.112 [main] INFO  org.apache.catalina.core.StandardEngine - Starting Servlet engine: [Apache Tomcat/9.0.27]
2025-11-18 22:10:16.256 [main] INFO  o.a.c.core.ContainerBase.[Tomcat].[localhost].[/] - Initializing Spring embedded WebApplicationContext
2025-11-18 22:10:16.256 [main] INFO  org.springframework.web.context.ContextLoader - Root WebApplicationContext: initialization completed in 1518 ms
2025-11-18 22:10:19.233 [main] INFO  org.apache.catalina.core.StandardService - Stopping service [Tomcat]
2025-11-18 22:10:19.240 [main] INFO  o.s.b.a.l.ConditionEvaluationReportLoggingListener - 

Error starting ApplicationContext. To display the conditions report re-run your application with 'debug' enabled.
2025-11-18 22:15:26.593 [main] INFO  com.qczy.MyApplication - Starting MyApplication on LAPTOP-R3CBIEK9 with PID 28144 (F:\DOWN\work-claude-federated-learning-framework-01QTn3RtqqhFiMnk4tMdbXm9\back\datamark-admin\target\classes started by lenovo in F:\DOWN\work-claude-federated-learning-framework-01QTn3RtqqhFiMnk4tMdbXm9\back\datamark-admin)
2025-11-18 22:15:26.594 [main] INFO  com.qczy.MyApplication - The following profiles are active: test
2025-11-18 22:15:27.563 [main] INFO  o.s.c.s.PostProcessorRegistrationDelegate$BeanPostProcessorChecker - Bean 'asyncConfig' of type [com.qczy.config.AsyncConfig$$EnhancerBySpringCGLIB$$ce45c98d] is not eligible for getting processed by all BeanPostProcessors (for example: not eligible for auto-proxying)
2025-11-18 22:15:27.620 [main] INFO  o.s.c.s.PostProcessorRegistrationDelegate$BeanPostProcessorChecker - Bean 'org.springframework.transaction.annotation.ProxyTransactionManagementConfiguration' of type [org.springframework.transaction.annotation.ProxyTransactionManagementConfiguration] is not eligible for getting processed by all BeanPostProcessors (for example: not eligible for auto-proxying)
2025-11-18 22:15:27.699 [main] INFO  o.s.c.s.PostProcessorRegistrationDelegate$BeanPostProcessorChecker - Bean 'org.springframework.security.config.annotation.configuration.ObjectPostProcessorConfiguration' of type [org.springframework.security.config.annotation.configuration.ObjectPostProcessorConfiguration] is not eligible for getting processed by all BeanPostProcessors (for example: not eligible for auto-proxying)
2025-11-18 22:15:27.702 [main] INFO  o.s.c.s.PostProcessorRegistrationDelegate$BeanPostProcessorChecker - Bean 'objectPostProcessor' of type [org.springframework.security.config.annotation.configuration.AutowireBeanFactoryObjectPostProcessor] is not eligible for getting processed by all BeanPostProcessors (for example: not eligible for auto-proxying)
2025-11-18 22:15:27.705 [main] INFO  o.s.c.s.PostProcessorRegistrationDelegate$BeanPostProcessorChecker - Bean 'org.springframework.security.access.expression.method.DefaultMethodSecurityExpressionHandler@70cccd8f' of type [org.springframework.security.access.expression.method.DefaultMethodSecurityExpressionHandler] is not eligible for getting processed by all BeanPostProcessors (for example: not eligible for auto-proxying)
2025-11-18 22:15:27.705 [main] INFO  o.s.c.s.PostProcessorRegistrationDelegate$BeanPostProcessorChecker - Bean 'org.springframework.security.config.annotation.method.configuration.GlobalMethodSecurityConfiguration' of type [org.springframework.security.config.annotation.method.configuration.GlobalMethodSecurityConfiguration] is not eligible for getting processed by all BeanPostProcessors (for example: not eligible for auto-proxying)
2025-11-18 22:15:27.709 [main] INFO  o.s.c.s.PostProcessorRegistrationDelegate$BeanPostProcessorChecker - Bean 'methodSecurityMetadataSource' of type [org.springframework.security.access.method.DelegatingMethodSecurityMetadataSource] is not eligible for getting processed by all BeanPostProcessors (for example: not eligible for auto-proxying)
2025-11-18 22:15:27.951 [main] INFO  o.s.boot.web.embedded.tomcat.TomcatWebServer - Tomcat initialized with port(s): 8081 (http)
2025-11-18 22:15:27.956 [main] INFO  org.apache.coyote.http11.Http11NioProtocol - Initializing ProtocolHandler ["http-nio-8081"]
2025-11-18 22:15:27.957 [main] INFO  org.apache.catalina.core.StandardService - Starting service [Tomcat]
2025-11-18 22:15:27.957 [main] INFO  org.apache.catalina.core.StandardEngine - Starting Servlet engine: [Apache Tomcat/9.0.27]
2025-11-18 22:15:28.101 [main] INFO  o.a.c.core.ContainerBase.[Tomcat].[localhost].[/] - Initializing Spring embedded WebApplicationContext
2025-11-18 22:15:28.102 [main] INFO  org.springframework.web.context.ContextLoader - Root WebApplicationContext: initialization completed in 1482 ms
2025-11-18 22:15:31.075 [main] INFO  com.zaxxer.hikari.HikariDataSource - HikariPool-1 - Starting...
2025-11-18 22:15:31.150 [main] INFO  com.zaxxer.hikari.HikariDataSource - HikariPool-1 - Start completed.
2025-11-18 22:15:31.177 [main] INFO  c.q.federated.service.FederatedCoordinatorService - Loaded 0 nodes from database
2025-11-18 22:15:31.179 [main] INFO  c.q.federated.service.FederatedCoordinatorService - Loaded 0 jobs from database
2025-11-18 22:15:31.405 [main] INFO  o.s.scheduling.concurrent.ThreadPoolTaskExecutor - Initializing ExecutorService
2025-11-18 22:15:31.405 [main] INFO  o.s.scheduling.concurrent.ThreadPoolTaskExecutor - Initializing ExecutorService 'asyncExecutor'
2025-11-18 22:15:31.436 [main] INFO  o.s.scheduling.concurrent.ThreadPoolTaskScheduler - Initializing ExecutorService
2025-11-18 22:15:31.438 [main] INFO  o.s.scheduling.concurrent.ThreadPoolTaskScheduler - Initializing ExecutorService 'taskScheduler'
2025-11-18 22:15:31.550 [main] INFO  s.d.s.w.PropertySourcedRequestMappingHandlerMapping - Mapped URL path [/v2/api-docs] onto method [springfox.documentation.swagger2.web.Swagger2Controller#getDocumentation(String, HttpServletRequest)]
2025-11-18 22:15:31.617 [main] INFO  o.s.security.web.DefaultSecurityFilterChain - Creating filter chain: any request, [org.springframework.security.web.context.request.async.WebAsyncManagerIntegrationFilter@7f93f4c, org.springframework.security.web.context.SecurityContextPersistenceFilter@5e385b6f, org.springframework.security.web.header.HeaderWriterFilter@ba4f370, org.springframework.web.filter.CorsFilter@598657cd, org.springframework.security.web.authentication.logout.LogoutFilter@639cb788, com.qczy.filter.JwtAuthenticationTokenFilter@1163a27, org.springframework.security.web.savedrequest.RequestCacheAwareFilter@2c8a445b, org.springframework.security.web.servletapi.SecurityContextHolderAwareRequestFilter@489f62a3, org.springframework.security.web.authentication.AnonymousAuthenticationFilter@456aa471, org.springframework.security.web.session.SessionManagementFilter@d969452, org.springframework.security.web.access.ExceptionTranslationFilter@2b098563, org.springframework.security.web.access.intercept.FilterSecurityInterceptor@41bb1f09]
2025-11-18 22:15:31.826 [main] INFO  s.d.s.web.plugins.DocumentationPluginsBootstrapper - Context refreshed
2025-11-18 22:15:31.835 [main] INFO  s.d.s.web.plugins.DocumentationPluginsBootstrapper - Found 1 custom documentation plugin(s)
2025-11-18 22:15:31.836 [main] INFO  s.d.s.web.plugins.DocumentationPluginsBootstrapper - Skipping initializing disabled plugin bean swagger v2.0
2025-11-18 22:15:31.844 [main] INFO  org.apache.coyote.http11.Http11NioProtocol - Starting ProtocolHandler ["http-nio-8081"]
2025-11-18 22:15:31.987 [main] INFO  o.s.boot.web.embedded.tomcat.TomcatWebServer - Tomcat started on port(s): 8081 (http) with context path ''
2025-11-18 22:15:31.989 [main] INFO  com.qczy.MyApplication - Started MyApplication in 5.719 seconds (JVM running for 7.108)
2025-11-18 22:15:36.689 [http-nio-8081-exec-1] INFO  o.a.c.core.ContainerBase.[Tomcat].[localhost].[/] - Initializing Spring DispatcherServlet 'dispatcherServlet'
2025-11-18 22:15:36.689 [http-nio-8081-exec-1] INFO  org.springframework.web.servlet.DispatcherServlet - Initializing Servlet 'dispatcherServlet'
2025-11-18 22:15:36.695 [http-nio-8081-exec-1] INFO  org.springframework.web.servlet.DispatcherServlet - Completed initialization in 6 ms
2025-11-18 22:15:37.053 [http-nio-8081-exec-4] INFO  com.qczy.filter.JwtAuthenticationTokenFilter - checking username:admin
2025-11-18 22:15:37.057 [http-nio-8081-exec-4] INFO  com.qczy.filter.JwtAuthenticationTokenFilter - authenticated user:admin
2025-11-18 22:15:37.057 [http-nio-8081-exec-4] INFO  com.qczy.controller.user.UserController - token->Bearer eyJhbGciOiJIUzUxMiJ9.eyJzdWIiOiJhZG1pbiIsImNyZWF0ZWQiOjE3NjM0NzUzMzY5MDAsImV4cCI6MTc2NDA4MDEzNn0.vnH0_5x918d6E0KXIe8Vo7CUEui_bj53Ay-y72kRlc2sCzDrXdz3zdiNwJoxXtTvL7pEDXhOhegy8Fkvh9P_Mw
2025-11-18 22:15:37.084 [http-nio-8081-exec-6] INFO  com.qczy.filter.JwtAuthenticationTokenFilter - checking username:admin
2025-11-18 22:15:37.089 [http-nio-8081-exec-6] INFO  com.qczy.filter.JwtAuthenticationTokenFilter - authenticated user:admin
2025-11-18 22:15:37.090 [http-nio-8081-exec-6] INFO  com.qczy.controller.user.UserController - token->Bearer eyJhbGciOiJIUzUxMiJ9.eyJzdWIiOiJhZG1pbiIsImNyZWF0ZWQiOjE3NjM0NzUzMzY5MDAsImV4cCI6MTc2NDA4MDEzNn0.vnH0_5x918d6E0KXIe8Vo7CUEui_bj53Ay-y72kRlc2sCzDrXdz3zdiNwJoxXtTvL7pEDXhOhegy8Fkvh9P_Mw
2025-11-18 22:15:37.095 [http-nio-8081-exec-6] INFO  com.qczy.controller.user.UserController - username->admin
2025-11-18 22:15:45.560 [http-nio-8081-exec-4] INFO  com.qczy.filter.JwtAuthenticationTokenFilter - checking username:admin
2025-11-18 22:15:45.564 [http-nio-8081-exec-4] INFO  com.qczy.filter.JwtAuthenticationTokenFilter - authenticated user:admin
2025-11-18 22:15:45.566 [http-nio-8081-exec-4] INFO  com.qczy.controller.user.UserController - token->Bearer eyJhbGciOiJIUzUxMiJ9.eyJzdWIiOiJhZG1pbiIsImNyZWF0ZWQiOjE3NjM0NzUzMzY5MDAsImV4cCI6MTc2NDA4MDEzNn0.vnH0_5x918d6E0KXIe8Vo7CUEui_bj53Ay-y72kRlc2sCzDrXdz3zdiNwJoxXtTvL7pEDXhOhegy8Fkvh9P_Mw
2025-11-18 22:15:45.608 [http-nio-8081-exec-6] INFO  com.qczy.filter.JwtAuthenticationTokenFilter - checking username:admin
2025-11-18 22:15:45.614 [http-nio-8081-exec-6] INFO  com.qczy.filter.JwtAuthenticationTokenFilter - authenticated user:admin
2025-11-18 22:15:45.615 [http-nio-8081-exec-6] INFO  com.qczy.controller.user.UserController - token->Bearer eyJhbGciOiJIUzUxMiJ9.eyJzdWIiOiJhZG1pbiIsImNyZWF0ZWQiOjE3NjM0NzUzMzY5MDAsImV4cCI6MTc2NDA4MDEzNn0.vnH0_5x918d6E0KXIe8Vo7CUEui_bj53Ay-y72kRlc2sCzDrXdz3zdiNwJoxXtTvL7pEDXhOhegy8Fkvh9P_Mw
2025-11-18 22:15:45.618 [http-nio-8081-exec-6] INFO  com.qczy.controller.user.UserController - username->admin
2025-11-18 22:15:46.823 [http-nio-8081-exec-3] INFO  com.qczy.filter.JwtAuthenticationTokenFilter - checking username:admin
2025-11-18 22:15:46.826 [http-nio-8081-exec-4] INFO  com.qczy.filter.JwtAuthenticationTokenFilter - checking username:admin
2025-11-18 22:15:46.826 [http-nio-8081-exec-5] INFO  com.qczy.filter.JwtAuthenticationTokenFilter - checking username:admin
2025-11-18 22:15:46.826 [http-nio-8081-exec-6] INFO  com.qczy.filter.JwtAuthenticationTokenFilter - checking username:admin
2025-11-18 22:15:46.828 [http-nio-8081-exec-7] INFO  com.qczy.filter.JwtAuthenticationTokenFilter - checking username:admin
2025-11-18 22:15:46.829 [http-nio-8081-exec-9] INFO  com.qczy.filter.JwtAuthenticationTokenFilter - checking username:admin
2025-11-18 22:15:46.831 [http-nio-8081-exec-3] INFO  com.qczy.filter.JwtAuthenticationTokenFilter - authenticated user:admin
2025-11-18 22:15:46.834 [http-nio-8081-exec-4] INFO  com.qczy.filter.JwtAuthenticationTokenFilter - authenticated user:admin
2025-11-18 22:15:46.834 [http-nio-8081-exec-7] INFO  com.qczy.filter.JwtAuthenticationTokenFilter - authenticated user:admin
2025-11-18 22:15:46.834 [http-nio-8081-exec-6] INFO  com.qczy.filter.JwtAuthenticationTokenFilter - authenticated user:admin
2025-11-18 22:15:46.834 [http-nio-8081-exec-5] INFO  com.qczy.filter.JwtAuthenticationTokenFilter - authenticated user:admin
2025-11-18 22:15:46.836 [http-nio-8081-exec-9] INFO  com.qczy.filter.JwtAuthenticationTokenFilter - authenticated user:admin
2025-11-18 22:15:51.776 [http-nio-8081-exec-8] INFO  com.qczy.filter.JwtAuthenticationTokenFilter - checking username:admin
2025-11-18 22:15:51.779 [http-nio-8081-exec-8] INFO  com.qczy.filter.JwtAuthenticationTokenFilter - authenticated user:admin
2025-11-18 22:15:51.787 [http-nio-8081-exec-10] INFO  com.qczy.filter.JwtAuthenticationTokenFilter - checking username:admin
2025-11-18 22:15:51.790 [http-nio-8081-exec-10] INFO  com.qczy.filter.JwtAuthenticationTokenFilter - authenticated user:admin
2025-11-18 22:15:52.778 [http-nio-8081-exec-2] INFO  com.qczy.filter.JwtAuthenticationTokenFilter - checking username:admin
2025-11-18 22:15:52.781 [http-nio-8081-exec-2] INFO  com.qczy.filter.JwtAuthenticationTokenFilter - authenticated user:admin
2025-11-18 22:15:52.789 [http-nio-8081-exec-1] INFO  com.qczy.filter.JwtAuthenticationTokenFilter - checking username:admin
2025-11-18 22:15:52.791 [http-nio-8081-exec-1] INFO  com.qczy.filter.JwtAuthenticationTokenFilter - authenticated user:admin
2025-11-18 22:15:56.777 [http-nio-8081-exec-7] INFO  com.qczy.filter.JwtAuthenticationTokenFilter - checking username:admin
2025-11-18 22:15:56.781 [http-nio-8081-exec-7] INFO  com.qczy.filter.JwtAuthenticationTokenFilter - authenticated user:admin
2025-11-18 22:15:56.790 [http-nio-8081-exec-4] INFO  com.qczy.filter.JwtAuthenticationTokenFilter - checking username:admin
2025-11-18 22:15:56.793 [http-nio-8081-exec-4] INFO  com.qczy.filter.JwtAuthenticationTokenFilter - authenticated user:admin
2025-11-18 22:16:02.212 [http-nio-8081-exec-6] INFO  com.qczy.filter.JwtAuthenticationTokenFilter - checking username:admin
2025-11-18 22:16:02.214 [http-nio-8081-exec-6] INFO  com.qczy.filter.JwtAuthenticationTokenFilter - authenticated user:admin
2025-11-18 22:16:02.215 [http-nio-8081-exec-6] INFO  com.qczy.controller.user.UserController - token->Bearer eyJhbGciOiJIUzUxMiJ9.eyJzdWIiOiJhZG1pbiIsImNyZWF0ZWQiOjE3NjM0NzUzMzY5MDAsImV4cCI6MTc2NDA4MDEzNn0.vnH0_5x918d6E0KXIe8Vo7CUEui_bj53Ay-y72kRlc2sCzDrXdz3zdiNwJoxXtTvL7pEDXhOhegy8Fkvh9P_Mw
2025-11-18 22:16:02.231 [http-nio-8081-exec-9] INFO  com.qczy.filter.JwtAuthenticationTokenFilter - checking username:admin
2025-11-18 22:16:02.232 [http-nio-8081-exec-9] INFO  com.qczy.filter.JwtAuthenticationTokenFilter - authenticated user:admin
2025-11-18 22:16:02.235 [http-nio-8081-exec-9] INFO  com.qczy.controller.user.UserController - token->Bearer eyJhbGciOiJIUzUxMiJ9.eyJzdWIiOiJhZG1pbiIsImNyZWF0ZWQiOjE3NjM0NzUzMzY5MDAsImV4cCI6MTc2NDA4MDEzNn0.vnH0_5x918d6E0KXIe8Vo7CUEui_bj53Ay-y72kRlc2sCzDrXdz3zdiNwJoxXtTvL7pEDXhOhegy8Fkvh9P_Mw
2025-11-18 22:16:02.238 [http-nio-8081-exec-9] INFO  com.qczy.controller.user.UserController - username->admin
2025-11-18 22:16:03.139 [http-nio-8081-exec-5] INFO  com.qczy.filter.JwtAuthenticationTokenFilter - checking username:admin
2025-11-18 22:16:03.139 [http-nio-8081-exec-3] INFO  com.qczy.filter.JwtAuthenticationTokenFilter - checking username:admin
2025-11-18 22:16:03.142 [http-nio-8081-exec-5] INFO  com.qczy.filter.JwtAuthenticationTokenFilter - authenticated user:admin
2025-11-18 22:16:03.142 [http-nio-8081-exec-3] INFO  com.qczy.filter.JwtAuthenticationTokenFilter - authenticated user:admin
2025-11-18 22:16:03.149 [http-nio-8081-exec-8] INFO  com.qczy.filter.JwtAuthenticationTokenFilter - checking username:admin
2025-11-18 22:16:03.151 [http-nio-8081-exec-10] INFO  com.qczy.filter.JwtAuthenticationTokenFilter - checking username:admin
2025-11-18 22:16:03.153 [http-nio-8081-exec-8] INFO  com.qczy.filter.JwtAuthenticationTokenFilter - authenticated user:admin
2025-11-18 22:16:03.154 [http-nio-8081-exec-10] INFO  com.qczy.filter.JwtAuthenticationTokenFilter - authenticated user:admin
2025-11-18 22:16:03.162 [http-nio-8081-exec-2] INFO  com.qczy.filter.JwtAuthenticationTokenFilter - checking username:admin
2025-11-18 22:16:03.165 [http-nio-8081-exec-2] INFO  com.qczy.filter.JwtAuthenticationTokenFilter - authenticated user:admin
2025-11-18 22:16:03.174 [http-nio-8081-exec-1] INFO  com.qczy.filter.JwtAuthenticationTokenFilter - checking username:admin
2025-11-18 22:16:03.176 [http-nio-8081-exec-1] INFO  com.qczy.filter.JwtAuthenticationTokenFilter - authenticated user:admin
2025-11-18 22:16:08.144 [http-nio-8081-exec-7] INFO  com.qczy.filter.JwtAuthenticationTokenFilter - checking username:admin
2025-11-18 22:16:08.144 [http-nio-8081-exec-7] INFO  com.qczy.filter.JwtAuthenticationTokenFilter - authenticated user:admin
2025-11-18 22:16:08.157 [http-nio-8081-exec-4] INFO  com.qczy.filter.JwtAuthenticationTokenFilter - checking username:admin
2025-11-18 22:16:08.157 [http-nio-8081-exec-4] INFO  com.qczy.filter.JwtAuthenticationTokenFilter - authenticated user:admin
2025-11-18 22:16:09.208 [http-nio-8081-exec-5] INFO  com.qczy.filter.JwtAuthenticationTokenFilter - checking username:admin
2025-11-18 22:16:09.208 [http-nio-8081-exec-3] INFO  com.qczy.filter.JwtAuthenticationTokenFilter - checking username:admin
2025-11-18 22:16:09.211 [http-nio-8081-exec-3] INFO  com.qczy.filter.JwtAuthenticationTokenFilter - authenticated user:admin
2025-11-18 22:16:09.211 [http-nio-8081-exec-5] INFO  com.qczy.filter.JwtAuthenticationTokenFilter - authenticated user:admin
2025-11-18 22:16:11.573 [http-nio-8081-exec-10] INFO  com.qczy.filter.JwtAuthenticationTokenFilter - checking username:admin
2025-11-18 22:16:11.575 [http-nio-8081-exec-10] INFO  com.qczy.filter.JwtAuthenticationTokenFilter - authenticated user:admin
2025-11-18 22:16:13.484 [http-nio-8081-exec-1] INFO  com.qczy.filter.JwtAuthenticationTokenFilter - checking username:admin
2025-11-18 22:16:13.484 [http-nio-8081-exec-1] INFO  com.qczy.filter.JwtAuthenticationTokenFilter - authenticated user:admin
2025-11-18 22:16:14.678 [http-nio-8081-exec-4] INFO  com.qczy.filter.JwtAuthenticationTokenFilter - checking username:admin
2025-11-18 22:16:14.681 [http-nio-8081-exec-4] INFO  com.qczy.filter.JwtAuthenticationTokenFilter - authenticated user:admin
2025-11-18 22:16:16.011 [http-nio-8081-exec-9] INFO  com.qczy.filter.JwtAuthenticationTokenFilter - checking username:admin
2025-11-18 22:16:16.013 [http-nio-8081-exec-3] INFO  com.qczy.filter.JwtAuthenticationTokenFilter - checking username:admin
2025-11-18 22:16:16.013 [http-nio-8081-exec-9] INFO  com.qczy.filter.JwtAuthenticationTokenFilter - authenticated user:admin
2025-11-18 22:16:16.015 [http-nio-8081-exec-3] INFO  com.qczy.filter.JwtAuthenticationTokenFilter - authenticated user:admin
2025-11-18 22:16:24.419 [http-nio-8081-exec-10] INFO  com.qczy.filter.JwtAuthenticationTokenFilter - checking username:admin
2025-11-18 22:16:24.419 [http-nio-8081-exec-2] INFO  com.qczy.filter.JwtAuthenticationTokenFilter - checking username:admin
2025-11-18 22:16:24.422 [http-nio-8081-exec-10] INFO  com.qczy.filter.JwtAuthenticationTokenFilter - authenticated user:admin
2025-11-18 22:16:24.422 [http-nio-8081-exec-2] INFO  com.qczy.filter.JwtAuthenticationTokenFilter - authenticated user:admin
2025-11-18 22:16:27.368 [http-nio-8081-exec-6] INFO  com.qczy.filter.JwtAuthenticationTokenFilter - checking username:admin
2025-11-18 22:16:27.368 [http-nio-8081-exec-9] INFO  com.qczy.filter.JwtAuthenticationTokenFilter - checking username:admin
2025-11-18 22:16:27.370 [http-nio-8081-exec-6] INFO  com.qczy.filter.JwtAuthenticationTokenFilter - authenticated user:admin
2025-11-18 22:16:27.370 [http-nio-8081-exec-9] INFO  com.qczy.filter.JwtAuthenticationTokenFilter - authenticated user:admin
2025-11-18 22:16:27.375 [http-nio-8081-exec-3] INFO  com.qczy.filter.JwtAuthenticationTokenFilter - checking username:admin
2025-11-18 22:16:27.375 [http-nio-8081-exec-3] INFO  com.qczy.filter.JwtAuthenticationTokenFilter - authenticated user:admin
2025-11-18 22:16:28.817 [http-nio-8081-exec-10] INFO  com.qczy.filter.JwtAuthenticationTokenFilter - checking username:admin
2025-11-18 22:16:28.817 [http-nio-8081-exec-2] INFO  com.qczy.filter.JwtAuthenticationTokenFilter - checking username:admin
2025-11-18 22:16:28.817 [http-nio-8081-exec-2] INFO  com.qczy.filter.JwtAuthenticationTokenFilter - authenticated user:admin
2025-11-18 22:16:28.817 [http-nio-8081-exec-10] INFO  com.qczy.filter.JwtAuthenticationTokenFilter - authenticated user:admin
2025-11-18 22:16:30.170 [http-nio-8081-exec-4] INFO  com.qczy.filter.JwtAuthenticationTokenFilter - checking username:admin
2025-11-18 22:16:30.171 [http-nio-8081-exec-9] INFO  com.qczy.filter.JwtAuthenticationTokenFilter - checking username:admin
2025-11-18 22:16:30.173 [http-nio-8081-exec-4] INFO  com.qczy.filter.JwtAuthenticationTokenFilter - authenticated user:admin
2025-11-18 22:16:30.173 [http-nio-8081-exec-9] INFO  com.qczy.filter.JwtAuthenticationTokenFilter - authenticated user:admin
2025-11-18 22:16:30.239 [http-nio-8081-exec-1] INFO  com.qczy.handler.MyWebSocketHandler - User connected with key: exceptionTerminalProgress:1:50cd118f-e070-1bc4-08c6-cbb4c9293378
2025-11-18 22:16:30.250 [http-nio-8081-exec-3] INFO  com.qczy.handler.MyWebSocketHandler - User connected with key: terminalProgress:1:bb5304fa-ff43-88da-c925-3ac3db41b3cc
2025-11-18 22:16:32.764 [http-nio-8081-exec-6] INFO  com.qczy.filter.JwtAuthenticationTokenFilter - checking username:admin
2025-11-18 22:16:32.764 [http-nio-8081-exec-5] INFO  com.qczy.filter.JwtAuthenticationTokenFilter - checking username:admin
2025-11-18 22:16:32.767 [http-nio-8081-exec-5] INFO  com.qczy.filter.JwtAuthenticationTokenFilter - authenticated user:admin
2025-11-18 22:16:32.767 [http-nio-8081-exec-6] INFO  com.qczy.filter.JwtAuthenticationTokenFilter - authenticated user:admin
2025-11-18 22:16:35.221 [http-nio-8081-exec-10] INFO  com.qczy.filter.JwtAuthenticationTokenFilter - checking username:admin
2025-11-18 22:16:35.221 [http-nio-8081-exec-7] INFO  com.qczy.filter.JwtAuthenticationTokenFilter - checking username:admin
2025-11-18 22:16:35.224 [http-nio-8081-exec-10] INFO  com.qczy.filter.JwtAuthenticationTokenFilter - authenticated user:admin
2025-11-18 22:16:35.224 [http-nio-8081-exec-7] INFO  com.qczy.filter.JwtAuthenticationTokenFilter - authenticated user:admin
2025-11-18 22:16:48.998 [http-nio-8081-exec-6] INFO  com.qczy.filter.JwtAuthenticationTokenFilter - checking username:admin
2025-11-18 22:16:48.998 [http-nio-8081-exec-8] INFO  com.qczy.filter.JwtAuthenticationTokenFilter - checking username:admin
2025-11-18 22:16:48.999 [http-nio-8081-exec-6] INFO  com.qczy.filter.JwtAuthenticationTokenFilter - authenticated user:admin
2025-11-18 22:16:49.001 [http-nio-8081-exec-8] INFO  com.qczy.filter.JwtAuthenticationTokenFilter - authenticated user:admin
2025-11-18 22:16:51.711 [http-nio-8081-exec-10] INFO  com.qczy.filter.JwtAuthenticationTokenFilter - checking username:admin
2025-11-18 22:16:51.711 [http-nio-8081-exec-2] INFO  com.qczy.filter.JwtAuthenticationTokenFilter - checking username:admin
2025-11-18 22:16:51.713 [http-nio-8081-exec-10] INFO  com.qczy.filter.JwtAuthenticationTokenFilter - authenticated user:admin
2025-11-18 22:16:51.713 [http-nio-8081-exec-2] INFO  com.qczy.filter.JwtAuthenticationTokenFilter - authenticated user:admin
2025-11-18 22:16:51.718 [http-nio-8081-exec-7] INFO  com.qczy.filter.JwtAuthenticationTokenFilter - checking username:admin
2025-11-18 22:16:51.721 [http-nio-8081-exec-7] INFO  com.qczy.filter.JwtAuthenticationTokenFilter - authenticated user:admin
2025-11-18 22:16:53.054 [http-nio-8081-exec-9] INFO  com.qczy.filter.JwtAuthenticationTokenFilter - checking username:admin
2025-11-18 22:16:53.057 [http-nio-8081-exec-9] INFO  com.qczy.filter.JwtAuthenticationTokenFilter - authenticated user:admin
2025-11-18 22:16:53.057 [http-nio-8081-exec-5] INFO  com.qczy.filter.JwtAuthenticationTokenFilter - checking username:admin
2025-11-18 22:16:53.057 [http-nio-8081-exec-3] INFO  com.qczy.filter.JwtAuthenticationTokenFilter - checking username:admin
2025-11-18 22:16:53.060 [http-nio-8081-exec-5] INFO  com.qczy.filter.JwtAuthenticationTokenFilter - authenticated user:admin
2025-11-18 22:16:53.060 [http-nio-8081-exec-3] INFO  com.qczy.filter.JwtAuthenticationTokenFilter - authenticated user:admin
2025-11-18 22:16:53.061 [http-nio-8081-exec-8] INFO  com.qczy.filter.JwtAuthenticationTokenFilter - checking username:admin
2025-11-18 22:16:53.061 [http-nio-8081-exec-8] INFO  com.qczy.filter.JwtAuthenticationTokenFilter - authenticated user:admin
2025-11-18 22:17:12.811 [http-nio-8081-exec-6] INFO  com.qczy.filter.JwtAuthenticationTokenFilter - checking username:admin
2025-11-18 22:17:12.811 [http-nio-8081-exec-10] INFO  com.qczy.filter.JwtAuthenticationTokenFilter - checking username:admin
2025-11-18 22:17:12.813 [http-nio-8081-exec-10] INFO  com.qczy.filter.JwtAuthenticationTokenFilter - authenticated user:admin
2025-11-18 22:17:12.813 [http-nio-8081-exec-6] INFO  com.qczy.filter.JwtAuthenticationTokenFilter - authenticated user:admin
2025-11-18 22:17:12.818 [http-nio-8081-exec-7] INFO  com.qczy.filter.JwtAuthenticationTokenFilter - checking username:admin
2025-11-18 22:17:12.818 [http-nio-8081-exec-2] INFO  com.qczy.filter.JwtAuthenticationTokenFilter - checking username:admin
2025-11-18 22:17:12.818 [http-nio-8081-exec-7] INFO  com.qczy.filter.JwtAuthenticationTokenFilter - authenticated user:admin
2025-11-18 22:17:12.818 [http-nio-8081-exec-2] INFO  com.qczy.filter.JwtAuthenticationTokenFilter - authenticated user:admin
2025-11-18 22:17:12.827 [http-nio-8081-exec-1] INFO  com.qczy.filter.JwtAuthenticationTokenFilter - checking username:admin
2025-11-18 22:17:12.830 [http-nio-8081-exec-1] INFO  com.qczy.filter.JwtAuthenticationTokenFilter - authenticated user:admin
2025-11-18 22:17:12.837 [http-nio-8081-exec-4] INFO  com.qczy.filter.JwtAuthenticationTokenFilter - checking username:admin
2025-11-18 22:17:12.837 [http-nio-8081-exec-4] INFO  com.qczy.filter.JwtAuthenticationTokenFilter - authenticated user:admin
2025-11-18 22:17:17.809 [http-nio-8081-exec-9] INFO  com.qczy.filter.JwtAuthenticationTokenFilter - checking username:admin
2025-11-18 22:17:17.812 [http-nio-8081-exec-9] INFO  com.qczy.filter.JwtAuthenticationTokenFilter - authenticated user:admin
2025-11-18 22:17:17.817 [http-nio-8081-exec-8] INFO  com.qczy.filter.JwtAuthenticationTokenFilter - checking username:admin
2025-11-18 22:17:17.819 [http-nio-8081-exec-8] INFO  com.qczy.filter.JwtAuthenticationTokenFilter - authenticated user:admin
2025-11-18 22:17:18.816 [http-nio-8081-exec-3] INFO  com.qczy.filter.JwtAuthenticationTokenFilter - checking username:admin
2025-11-18 22:17:18.818 [http-nio-8081-exec-3] INFO  com.qczy.filter.JwtAuthenticationTokenFilter - authenticated user:admin
2025-11-18 22:17:18.824 [http-nio-8081-exec-5] INFO  com.qczy.filter.JwtAuthenticationTokenFilter - checking username:admin
2025-11-18 22:17:18.826 [http-nio-8081-exec-5] INFO  com.qczy.filter.JwtAuthenticationTokenFilter - authenticated user:admin
2025-11-18 22:17:19.971 [http-nio-8081-exec-10] INFO  com.qczy.filter.JwtAuthenticationTokenFilter - checking username:admin
2025-11-18 22:17:19.971 [http-nio-8081-exec-6] INFO  com.qczy.filter.JwtAuthenticationTokenFilter - checking username:admin
2025-11-18 22:17:19.974 [http-nio-8081-exec-10] INFO  com.qczy.filter.JwtAuthenticationTokenFilter - authenticated user:admin
2025-11-18 22:17:19.974 [http-nio-8081-exec-6] INFO  com.qczy.filter.JwtAuthenticationTokenFilter - authenticated user:admin
2025-11-18 22:17:22.252 [http-nio-8081-exec-7] INFO  com.qczy.filter.JwtAuthenticationTokenFilter - checking username:admin
2025-11-18 22:17:22.252 [http-nio-8081-exec-2] INFO  com.qczy.filter.JwtAuthenticationTokenFilter - checking username:admin
2025-11-18 22:17:22.253 [http-nio-8081-exec-7] INFO  com.qczy.filter.JwtAuthenticationTokenFilter - authenticated user:admin
2025-11-18 22:17:22.253 [http-nio-8081-exec-2] INFO  com.qczy.filter.JwtAuthenticationTokenFilter - authenticated user:admin
2025-11-18 22:17:22.257 [http-nio-8081-exec-1] INFO  com.qczy.filter.JwtAuthenticationTokenFilter - checking username:admin
2025-11-18 22:17:22.258 [http-nio-8081-exec-1] INFO  com.qczy.filter.JwtAuthenticationTokenFilter - authenticated user:admin
2025-11-18 22:17:23.489 [http-nio-8081-exec-9] INFO  com.qczy.filter.JwtAuthenticationTokenFilter - checking username:admin
2025-11-18 22:17:23.489 [http-nio-8081-exec-8] INFO  com.qczy.filter.JwtAuthenticationTokenFilter - checking username:admin
2025-11-18 22:17:23.489 [http-nio-8081-exec-4] INFO  com.qczy.filter.JwtAuthenticationTokenFilter - checking username:admin
2025-11-18 22:17:23.495 [http-nio-8081-exec-4] INFO  com.qczy.filter.JwtAuthenticationTokenFilter - authenticated user:admin
2025-11-18 22:17:23.495 [http-nio-8081-exec-8] INFO  com.qczy.filter.JwtAuthenticationTokenFilter - authenticated user:admin
2025-11-18 22:17:23.495 [http-nio-8081-exec-9] INFO  com.qczy.filter.JwtAuthenticationTokenFilter - authenticated user:admin
2025-11-18 22:17:23.500 [http-nio-8081-exec-3] INFO  com.qczy.filter.JwtAuthenticationTokenFilter - checking username:admin
2025-11-18 22:17:23.502 [http-nio-8081-exec-3] INFO  com.qczy.filter.JwtAuthenticationTokenFilter - authenticated user:admin
2025-11-18 22:17:24.676 [http-nio-8081-exec-5] INFO  com.qczy.filter.JwtAuthenticationTokenFilter - checking username:admin
2025-11-18 22:17:24.676 [http-nio-8081-exec-6] INFO  com.qczy.filter.JwtAuthenticationTokenFilter - checking username:admin
2025-11-18 22:17:24.676 [http-nio-8081-exec-5] INFO  com.qczy.filter.JwtAuthenticationTokenFilter - authenticated user:admin
2025-11-18 22:17:24.676 [http-nio-8081-exec-6] INFO  com.qczy.filter.JwtAuthenticationTokenFilter - authenticated user:admin
2025-11-18 22:17:28.057 [http-nio-8081-exec-10] INFO  com.qczy.filter.JwtAuthenticationTokenFilter - checking username:admin
2025-11-18 22:17:28.057 [http-nio-8081-exec-2] INFO  com.qczy.filter.JwtAuthenticationTokenFilter - checking username:admin
2025-11-18 22:17:28.059 [http-nio-8081-exec-2] INFO  com.qczy.filter.JwtAuthenticationTokenFilter - authenticated user:admin
2025-11-18 22:17:28.059 [http-nio-8081-exec-10] INFO  com.qczy.filter.JwtAuthenticationTokenFilter - authenticated user:admin
2025-11-18 22:17:29.741 [http-nio-8081-exec-7] INFO  com.qczy.filter.JwtAuthenticationTokenFilter - checking username:admin
2025-11-18 22:17:29.743 [http-nio-8081-exec-7] INFO  com.qczy.filter.JwtAuthenticationTokenFilter - authenticated user:admin
2025-11-18 22:17:34.893 [http-nio-8081-exec-1] INFO  com.qczy.filter.JwtAuthenticationTokenFilter - checking username:admin
2025-11-18 22:17:34.895 [http-nio-8081-exec-9] INFO  com.qczy.filter.JwtAuthenticationTokenFilter - checking username:admin
2025-11-18 22:17:34.897 [http-nio-8081-exec-9] INFO  com.qczy.filter.JwtAuthenticationTokenFilter - authenticated user:admin
2025-11-18 22:17:34.897 [http-nio-8081-exec-1] INFO  com.qczy.filter.JwtAuthenticationTokenFilter - authenticated user:admin
2025-11-18 22:17:36.257 [http-nio-8081-exec-4] INFO  com.qczy.handler.MyWebSocketHandler - User disconnected with key: exceptionTerminalProgress:1:50cd118f-e070-1bc4-08c6-cbb4c9293378
2025-11-18 22:17:36.257 [http-nio-8081-exec-3] INFO  com.qczy.handler.MyWebSocketHandler - User disconnected with key: terminalProgress:1:bb5304fa-ff43-88da-c925-3ac3db41b3cc
2025-11-18 22:17:40.753 [http-nio-8081-exec-8] INFO  com.qczy.filter.JwtAuthenticationTokenFilter - checking username:admin
2025-11-18 22:17:40.756 [http-nio-8081-exec-8] INFO  com.qczy.filter.JwtAuthenticationTokenFilter - authenticated user:admin
2025-11-18 22:17:40.756 [http-nio-8081-exec-8] INFO  com.qczy.controller.user.UserController - token->Bearer eyJhbGciOiJIUzUxMiJ9.eyJzdWIiOiJhZG1pbiIsImNyZWF0ZWQiOjE3NjM0NzUzMzY5MDAsImV4cCI6MTc2NDA4MDEzNn0.vnH0_5x918d6E0KXIe8Vo7CUEui_bj53Ay-y72kRlc2sCzDrXdz3zdiNwJoxXtTvL7pEDXhOhegy8Fkvh9P_Mw
2025-11-18 22:17:40.774 [http-nio-8081-exec-5] INFO  com.qczy.filter.JwtAuthenticationTokenFilter - checking username:admin
2025-11-18 22:17:40.777 [http-nio-8081-exec-5] INFO  com.qczy.filter.JwtAuthenticationTokenFilter - authenticated user:admin
2025-11-18 22:17:40.778 [http-nio-8081-exec-5] INFO  com.qczy.controller.user.UserController - token->Bearer eyJhbGciOiJIUzUxMiJ9.eyJzdWIiOiJhZG1pbiIsImNyZWF0ZWQiOjE3NjM0NzUzMzY5MDAsImV4cCI6MTc2NDA4MDEzNn0.vnH0_5x918d6E0KXIe8Vo7CUEui_bj53Ay-y72kRlc2sCzDrXdz3zdiNwJoxXtTvL7pEDXhOhegy8Fkvh9P_Mw
2025-11-18 22:17:40.780 [http-nio-8081-exec-5] INFO  com.qczy.controller.user.UserController - username->admin
2025-11-18 22:17:41.601 [http-nio-8081-exec-6] INFO  com.qczy.filter.JwtAuthenticationTokenFilter - checking username:admin
2025-11-18 22:17:41.601 [http-nio-8081-exec-10] INFO  com.qczy.filter.JwtAuthenticationTokenFilter - checking username:admin
2025-11-18 22:17:41.603 [http-nio-8081-exec-6] INFO  com.qczy.filter.JwtAuthenticationTokenFilter - authenticated user:admin
2025-11-18 22:17:41.603 [http-nio-8081-exec-10] INFO  com.qczy.filter.JwtAuthenticationTokenFilter - authenticated user:admin
2025-11-18 22:22:03.150 [http-nio-8081-exec-5] INFO  com.qczy.filter.JwtAuthenticationTokenFilter - checking username:admin
2025-11-18 22:22:03.150 [http-nio-8081-exec-8] INFO  com.qczy.filter.JwtAuthenticationTokenFilter - checking username:admin
2025-11-18 22:22:03.154 [http-nio-8081-exec-5] INFO  com.qczy.filter.JwtAuthenticationTokenFilter - authenticated user:admin
2025-11-18 22:22:03.154 [http-nio-8081-exec-8] INFO  com.qczy.filter.JwtAuthenticationTokenFilter - authenticated user:admin
2025-11-18 22:22:06.247 [http-nio-8081-exec-6] INFO  com.qczy.filter.JwtAuthenticationTokenFilter - checking username:admin
2025-11-18 22:22:06.247 [http-nio-8081-exec-10] INFO  com.qczy.filter.JwtAuthenticationTokenFilter - checking username:admin
2025-11-18 22:22:06.250 [http-nio-8081-exec-6] INFO  com.qczy.filter.JwtAuthenticationTokenFilter - authenticated user:admin
2025-11-18 22:22:06.250 [http-nio-8081-exec-10] INFO  com.qczy.filter.JwtAuthenticationTokenFilter - authenticated user:admin
2025-11-18 22:22:08.086 [http-nio-8081-exec-7] INFO  com.qczy.filter.JwtAuthenticationTokenFilter - checking username:admin
2025-11-18 22:22:08.087 [http-nio-8081-exec-2] INFO  com.qczy.filter.JwtAuthenticationTokenFilter - checking username:admin
2025-11-18 22:22:08.089 [http-nio-8081-exec-2] INFO  com.qczy.filter.JwtAuthenticationTokenFilter - authenticated user:admin
2025-11-18 22:22:08.089 [http-nio-8081-exec-7] INFO  com.qczy.filter.JwtAuthenticationTokenFilter - authenticated user:admin
2025-11-18 22:22:08.096 [http-nio-8081-exec-9] INFO  com.qczy.filter.JwtAuthenticationTokenFilter - checking username:admin
2025-11-18 22:22:08.096 [http-nio-8081-exec-1] INFO  com.qczy.filter.JwtAuthenticationTokenFilter - checking username:admin
2025-11-18 22:22:08.098 [http-nio-8081-exec-9] INFO  com.qczy.filter.JwtAuthenticationTokenFilter - authenticated user:admin
2025-11-18 22:22:08.098 [http-nio-8081-exec-1] INFO  com.qczy.filter.JwtAuthenticationTokenFilter - authenticated user:admin
2025-11-18 22:22:08.107 [http-nio-8081-exec-4] INFO  com.qczy.filter.JwtAuthenticationTokenFilter - checking username:admin
2025-11-18 22:22:08.109 [http-nio-8081-exec-4] INFO  com.qczy.filter.JwtAuthenticationTokenFilter - authenticated user:admin
2025-11-18 22:22:08.115 [http-nio-8081-exec-3] INFO  com.qczy.filter.JwtAuthenticationTokenFilter - checking username:admin
2025-11-18 22:22:08.118 [http-nio-8081-exec-3] INFO  com.qczy.filter.JwtAuthenticationTokenFilter - authenticated user:admin
2025-11-18 22:22:13.961 [http-nio-8081-exec-5] INFO  com.qczy.filter.JwtAuthenticationTokenFilter - checking username:admin
2025-11-18 22:22:13.961 [http-nio-8081-exec-5] INFO  com.qczy.filter.JwtAuthenticationTokenFilter - authenticated user:admin
2025-11-18 22:22:13.965 [http-nio-8081-exec-8] INFO  com.qczy.filter.JwtAuthenticationTokenFilter - checking username:admin
2025-11-18 22:22:13.971 [http-nio-8081-exec-8] INFO  com.qczy.filter.JwtAuthenticationTokenFilter - authenticated user:admin
2025-11-18 22:22:14.956 [http-nio-8081-exec-6] INFO  com.qczy.filter.JwtAuthenticationTokenFilter - checking username:admin
2025-11-18 22:22:14.959 [http-nio-8081-exec-6] INFO  com.qczy.filter.JwtAuthenticationTokenFilter - authenticated user:admin
2025-11-18 22:22:14.964 [http-nio-8081-exec-10] INFO  com.qczy.filter.JwtAuthenticationTokenFilter - checking username:admin
2025-11-18 22:22:14.966 [http-nio-8081-exec-10] INFO  com.qczy.filter.JwtAuthenticationTokenFilter - authenticated user:admin
2025-11-18 22:22:18.956 [http-nio-8081-exec-2] INFO  com.qczy.filter.JwtAuthenticationTokenFilter - checking username:admin
2025-11-18 22:22:18.956 [http-nio-8081-exec-2] INFO  com.qczy.filter.JwtAuthenticationTokenFilter - authenticated user:admin
2025-11-18 22:22:18.964 [http-nio-8081-exec-7] INFO  com.qczy.filter.JwtAuthenticationTokenFilter - checking username:admin
2025-11-18 22:22:18.965 [http-nio-8081-exec-7] INFO  com.qczy.filter.JwtAuthenticationTokenFilter - authenticated user:admin
2025-11-18 22:22:20.959 [http-nio-8081-exec-1] INFO  com.qczy.filter.JwtAuthenticationTokenFilter - checking username:admin
2025-11-18 22:22:20.965 [http-nio-8081-exec-1] INFO  com.qczy.filter.JwtAuthenticationTokenFilter - authenticated user:admin
2025-11-18 22:22:20.968 [http-nio-8081-exec-9] INFO  com.qczy.filter.JwtAuthenticationTokenFilter - checking username:admin
2025-11-18 22:22:20.968 [http-nio-8081-exec-9] INFO  com.qczy.filter.JwtAuthenticationTokenFilter - authenticated user:admin
2025-11-18 22:22:23.958 [http-nio-8081-exec-4] INFO  com.qczy.filter.JwtAuthenticationTokenFilter - checking username:admin
2025-11-18 22:22:23.960 [http-nio-8081-exec-4] INFO  com.qczy.filter.JwtAuthenticationTokenFilter - authenticated user:admin
2025-11-18 22:22:23.967 [http-nio-8081-exec-3] INFO  com.qczy.filter.JwtAuthenticationTokenFilter - checking username:admin
2025-11-18 22:22:23.970 [http-nio-8081-exec-3] INFO  com.qczy.filter.JwtAuthenticationTokenFilter - authenticated user:admin
2025-11-18 22:22:26.958 [http-nio-8081-exec-5] INFO  com.qczy.filter.JwtAuthenticationTokenFilter - checking username:admin
2025-11-18 22:22:26.958 [http-nio-8081-exec-5] INFO  com.qczy.filter.JwtAuthenticationTokenFilter - authenticated user:admin
2025-11-18 22:22:26.967 [http-nio-8081-exec-8] INFO  com.qczy.filter.JwtAuthenticationTokenFilter - checking username:admin
2025-11-18 22:22:26.969 [http-nio-8081-exec-8] INFO  com.qczy.filter.JwtAuthenticationTokenFilter - authenticated user:admin
2025-11-18 22:22:28.960 [http-nio-8081-exec-6] INFO  com.qczy.filter.JwtAuthenticationTokenFilter - checking username:admin
2025-11-18 22:22:28.962 [http-nio-8081-exec-6] INFO  com.qczy.filter.JwtAuthenticationTokenFilter - authenticated user:admin
2025-11-18 22:22:28.962 [http-nio-8081-exec-10] INFO  com.qczy.filter.JwtAuthenticationTokenFilter - checking username:admin
2025-11-18 22:22:28.971 [http-nio-8081-exec-10] INFO  com.qczy.filter.JwtAuthenticationTokenFilter - authenticated user:admin
2025-11-18 22:22:32.955 [http-nio-8081-exec-2] INFO  com.qczy.filter.JwtAuthenticationTokenFilter - checking username:admin
2025-11-18 22:22:32.955 [http-nio-8081-exec-2] INFO  com.qczy.filter.JwtAuthenticationTokenFilter - authenticated user:admin
2025-11-18 22:22:32.955 [http-nio-8081-exec-7] INFO  com.qczy.filter.JwtAuthenticationTokenFilter - checking username:admin
2025-11-18 22:22:32.966 [http-nio-8081-exec-7] INFO  com.qczy.filter.JwtAuthenticationTokenFilter - authenticated user:admin
2025-11-18 22:22:33.963 [http-nio-8081-exec-1] INFO  com.qczy.filter.JwtAuthenticationTokenFilter - checking username:admin
2025-11-18 22:22:33.964 [http-nio-8081-exec-1] INFO  com.qczy.filter.JwtAuthenticationTokenFilter - authenticated user:admin
2025-11-18 22:22:33.969 [http-nio-8081-exec-9] INFO  com.qczy.filter.JwtAuthenticationTokenFilter - checking username:admin
2025-11-18 22:22:33.971 [http-nio-8081-exec-9] INFO  com.qczy.filter.JwtAuthenticationTokenFilter - authenticated user:admin
2025-11-18 22:22:38.958 [http-nio-8081-exec-4] INFO  com.qczy.filter.JwtAuthenticationTokenFilter - checking username:admin
2025-11-18 22:22:38.958 [http-nio-8081-exec-3] INFO  com.qczy.filter.JwtAuthenticationTokenFilter - checking username:admin
2025-11-18 22:22:38.962 [http-nio-8081-exec-4] INFO  com.qczy.filter.JwtAuthenticationTokenFilter - authenticated user:admin
2025-11-18 22:22:38.962 [http-nio-8081-exec-3] INFO  com.qczy.filter.JwtAuthenticationTokenFilter - authenticated user:admin
2025-11-18 22:22:38.967 [http-nio-8081-exec-8] INFO  com.qczy.filter.JwtAuthenticationTokenFilter - checking username:admin
2025-11-18 22:22:38.967 [http-nio-8081-exec-5] INFO  com.qczy.filter.JwtAuthenticationTokenFilter - checking username:admin
2025-11-18 22:22:38.971 [http-nio-8081-exec-5] INFO  com.qczy.filter.JwtAuthenticationTokenFilter - authenticated user:admin
2025-11-18 22:22:38.971 [http-nio-8081-exec-8] INFO  com.qczy.filter.JwtAuthenticationTokenFilter - authenticated user:admin
2025-11-18 22:22:43.963 [http-nio-8081-exec-6] INFO  com.qczy.filter.JwtAuthenticationTokenFilter - checking username:admin
2025-11-18 22:22:43.963 [http-nio-8081-exec-6] INFO  com.qczy.filter.JwtAuthenticationTokenFilter - authenticated user:admin
2025-11-18 22:22:43.963 [http-nio-8081-exec-10] INFO  com.qczy.filter.JwtAuthenticationTokenFilter - checking username:admin
2025-11-18 22:22:43.973 [http-nio-8081-exec-10] INFO  com.qczy.filter.JwtAuthenticationTokenFilter - authenticated user:admin
2025-11-18 22:22:44.952 [http-nio-8081-exec-2] INFO  com.qczy.filter.JwtAuthenticationTokenFilter - checking username:admin
2025-11-18 22:22:44.952 [http-nio-8081-exec-2] INFO  com.qczy.filter.JwtAuthenticationTokenFilter - authenticated user:admin
2025-11-18 22:22:44.952 [http-nio-8081-exec-7] INFO  com.qczy.filter.JwtAuthenticationTokenFilter - checking username:admin
2025-11-18 22:22:44.952 [http-nio-8081-exec-7] INFO  com.qczy.filter.JwtAuthenticationTokenFilter - authenticated user:admin
2025-11-18 22:22:48.965 [http-nio-8081-exec-1] INFO  com.qczy.filter.JwtAuthenticationTokenFilter - checking username:admin
2025-11-18 22:22:48.968 [http-nio-8081-exec-1] INFO  com.qczy.filter.JwtAuthenticationTokenFilter - authenticated user:admin
2025-11-18 22:22:48.968 [http-nio-8081-exec-9] INFO  com.qczy.filter.JwtAuthenticationTokenFilter - checking username:admin
2025-11-18 22:22:48.974 [http-nio-8081-exec-9] INFO  com.qczy.filter.JwtAuthenticationTokenFilter - authenticated user:admin
2025-11-18 22:22:50.955 [http-nio-8081-exec-4] INFO  com.qczy.filter.JwtAuthenticationTokenFilter - checking username:admin
2025-11-18 22:22:50.955 [http-nio-8081-exec-4] INFO  com.qczy.filter.JwtAuthenticationTokenFilter - authenticated user:admin
2025-11-18 22:22:50.955 [http-nio-8081-exec-3] INFO  com.qczy.filter.JwtAuthenticationTokenFilter - checking username:admin
2025-11-18 22:22:50.966 [http-nio-8081-exec-3] INFO  com.qczy.filter.JwtAuthenticationTokenFilter - authenticated user:admin
2025-11-18 22:22:53.953 [http-nio-8081-exec-8] INFO  com.qczy.filter.JwtAuthenticationTokenFilter - checking username:admin
2025-11-18 22:22:53.954 [http-nio-8081-exec-8] INFO  com.qczy.filter.JwtAuthenticationTokenFilter - authenticated user:admin
2025-11-18 22:22:53.960 [http-nio-8081-exec-5] INFO  com.qczy.filter.JwtAuthenticationTokenFilter - checking username:admin
2025-11-18 22:22:53.963 [http-nio-8081-exec-5] INFO  com.qczy.filter.JwtAuthenticationTokenFilter - authenticated user:admin
2025-11-18 22:22:56.960 [http-nio-8081-exec-6] INFO  com.qczy.filter.JwtAuthenticationTokenFilter - checking username:admin
2025-11-18 22:22:56.962 [http-nio-8081-exec-6] INFO  com.qczy.filter.JwtAuthenticationTokenFilter - authenticated user:admin
2025-11-18 22:22:56.968 [http-nio-8081-exec-10] INFO  com.qczy.filter.JwtAuthenticationTokenFilter - checking username:admin
2025-11-18 22:22:56.968 [http-nio-8081-exec-10] INFO  com.qczy.filter.JwtAuthenticationTokenFilter - authenticated user:admin
2025-11-18 22:22:58.950 [http-nio-8081-exec-2] INFO  com.qczy.filter.JwtAuthenticationTokenFilter - checking username:admin
2025-11-18 22:22:58.958 [http-nio-8081-exec-2] INFO  com.qczy.filter.JwtAuthenticationTokenFilter - authenticated user:admin
2025-11-18 22:22:58.966 [http-nio-8081-exec-7] INFO  com.qczy.filter.JwtAuthenticationTokenFilter - checking username:admin
2025-11-18 22:22:58.966 [http-nio-8081-exec-7] INFO  com.qczy.filter.JwtAuthenticationTokenFilter - authenticated user:admin
2025-11-18 22:23:02.952 [http-nio-8081-exec-1] INFO  com.qczy.filter.JwtAuthenticationTokenFilter - checking username:admin
2025-11-18 22:23:02.958 [http-nio-8081-exec-1] INFO  com.qczy.filter.JwtAuthenticationTokenFilter - authenticated user:admin
2025-11-18 22:23:02.964 [http-nio-8081-exec-9] INFO  com.qczy.filter.JwtAuthenticationTokenFilter - checking username:admin
2025-11-18 22:23:02.968 [http-nio-8081-exec-9] INFO  com.qczy.filter.JwtAuthenticationTokenFilter - authenticated user:admin
2025-11-18 22:23:03.954 [http-nio-8081-exec-4] INFO  com.qczy.filter.JwtAuthenticationTokenFilter - checking username:admin
2025-11-18 22:23:03.955 [http-nio-8081-exec-4] INFO  com.qczy.filter.JwtAuthenticationTokenFilter - authenticated user:admin
2025-11-18 22:23:03.955 [http-nio-8081-exec-3] INFO  com.qczy.filter.JwtAuthenticationTokenFilter - checking username:admin
2025-11-18 22:23:03.955 [http-nio-8081-exec-3] INFO  com.qczy.filter.JwtAuthenticationTokenFilter - authenticated user:admin
2025-11-18 22:23:08.966 [http-nio-8081-exec-8] INFO  com.qczy.filter.JwtAuthenticationTokenFilter - checking username:admin
2025-11-18 22:23:08.966 [http-nio-8081-exec-5] INFO  com.qczy.filter.JwtAuthenticationTokenFilter - checking username:admin
2025-11-18 22:23:08.966 [http-nio-8081-exec-8] INFO  com.qczy.filter.JwtAuthenticationTokenFilter - authenticated user:admin
2025-11-18 22:23:08.966 [http-nio-8081-exec-5] INFO  com.qczy.filter.JwtAuthenticationTokenFilter - authenticated user:admin
2025-11-18 22:23:08.976 [http-nio-8081-exec-6] INFO  com.qczy.filter.JwtAuthenticationTokenFilter - checking username:admin
2025-11-18 22:23:08.976 [http-nio-8081-exec-10] INFO  com.qczy.filter.JwtAuthenticationTokenFilter - checking username:admin
2025-11-18 22:23:08.976 [http-nio-8081-exec-10] INFO  com.qczy.filter.JwtAuthenticationTokenFilter - authenticated user:admin
2025-11-18 22:23:08.976 [http-nio-8081-exec-6] INFO  com.qczy.filter.JwtAuthenticationTokenFilter - authenticated user:admin
2025-11-18 22:23:19.958 [http-nio-8081-exec-2] INFO  com.qczy.filter.JwtAuthenticationTokenFilter - checking username:admin
2025-11-18 22:23:19.958 [http-nio-8081-exec-7] INFO  com.qczy.filter.JwtAuthenticationTokenFilter - checking username:admin
2025-11-18 22:23:19.958 [http-nio-8081-exec-2] INFO  com.qczy.filter.JwtAuthenticationTokenFilter - authenticated user:admin
2025-11-18 22:23:19.958 [http-nio-8081-exec-7] INFO  com.qczy.filter.JwtAuthenticationTokenFilter - authenticated user:admin
2025-11-18 22:23:19.963 [http-nio-8081-exec-1] INFO  com.qczy.filter.JwtAuthenticationTokenFilter - checking username:admin
2025-11-18 22:23:19.963 [http-nio-8081-exec-9] INFO  com.qczy.filter.JwtAuthenticationTokenFilter - checking username:admin
2025-11-18 22:23:19.966 [http-nio-8081-exec-9] INFO  com.qczy.filter.JwtAuthenticationTokenFilter - authenticated user:admin
2025-11-18 22:23:19.966 [http-nio-8081-exec-1] INFO  com.qczy.filter.JwtAuthenticationTokenFilter - authenticated user:admin
2025-11-18 22:24:19.960 [http-nio-8081-exec-4] INFO  com.qczy.filter.JwtAuthenticationTokenFilter - checking username:admin
2025-11-18 22:24:19.962 [http-nio-8081-exec-3] INFO  com.qczy.filter.JwtAuthenticationTokenFilter - checking username:admin
2025-11-18 22:24:19.964 [http-nio-8081-exec-4] INFO  com.qczy.filter.JwtAuthenticationTokenFilter - authenticated user:admin
2025-11-18 22:24:19.964 [http-nio-8081-exec-3] INFO  com.qczy.filter.JwtAuthenticationTokenFilter - authenticated user:admin
2025-11-18 22:24:19.971 [http-nio-8081-exec-5] INFO  com.qczy.filter.JwtAuthenticationTokenFilter - checking username:admin
2025-11-18 22:24:19.971 [http-nio-8081-exec-8] INFO  com.qczy.filter.JwtAuthenticationTokenFilter - checking username:admin
2025-11-18 22:24:19.975 [http-nio-8081-exec-5] INFO  com.qczy.filter.JwtAuthenticationTokenFilter - authenticated user:admin
2025-11-18 22:24:19.975 [http-nio-8081-exec-8] INFO  com.qczy.filter.JwtAuthenticationTokenFilter - authenticated user:admin
2025-11-18 22:25:19.965 [http-nio-8081-exec-6] INFO  com.qczy.filter.JwtAuthenticationTokenFilter - checking username:admin
2025-11-18 22:25:19.971 [http-nio-8081-exec-6] INFO  com.qczy.filter.JwtAuthenticationTokenFilter - authenticated user:admin
2025-11-18 22:25:19.976 [http-nio-8081-exec-10] INFO  com.qczy.filter.JwtAuthenticationTokenFilter - checking username:admin
2025-11-18 22:25:19.976 [http-nio-8081-exec-2] INFO  com.qczy.filter.JwtAuthenticationTokenFilter - checking username:admin
2025-11-18 22:25:19.977 [http-nio-8081-exec-10] INFO  com.qczy.filter.JwtAuthenticationTokenFilter - authenticated user:admin
2025-11-18 22:25:19.977 [http-nio-8081-exec-2] INFO  com.qczy.filter.JwtAuthenticationTokenFilter - authenticated user:admin
2025-11-18 22:25:19.983 [http-nio-8081-exec-7] INFO  com.qczy.filter.JwtAuthenticationTokenFilter - checking username:admin
2025-11-18 22:25:19.985 [http-nio-8081-exec-7] INFO  com.qczy.filter.JwtAuthenticationTokenFilter - authenticated user:admin
2025-11-18 22:25:30.964 [http-nio-8081-exec-4] INFO  com.qczy.filter.JwtAuthenticationTokenFilter - checking username:admin
2025-11-18 22:25:30.964 [http-nio-8081-exec-1] INFO  com.qczy.filter.JwtAuthenticationTokenFilter - checking username:admin
2025-11-18 22:25:30.967 [http-nio-8081-exec-1] INFO  com.qczy.filter.JwtAuthenticationTokenFilter - authenticated user:admin
2025-11-18 22:25:30.967 [http-nio-8081-exec-4] INFO  com.qczy.filter.JwtAuthenticationTokenFilter - authenticated user:admin
2025-11-18 22:25:30.971 [http-nio-8081-exec-3] INFO  com.qczy.filter.JwtAuthenticationTokenFilter - checking username:admin
2025-11-18 22:25:30.973 [http-nio-8081-exec-5] INFO  com.qczy.filter.JwtAuthenticationTokenFilter - checking username:admin
2025-11-18 22:25:30.973 [http-nio-8081-exec-3] INFO  com.qczy.filter.JwtAuthenticationTokenFilter - authenticated user:admin
2025-11-18 22:25:30.973 [http-nio-8081-exec-5] INFO  com.qczy.filter.JwtAuthenticationTokenFilter - authenticated user:admin
2025-11-18 22:25:32.097 [http-nio-8081-exec-8] INFO  com.qczy.filter.JwtAuthenticationTokenFilter - checking username:admin
2025-11-18 22:25:32.099 [http-nio-8081-exec-8] INFO  com.qczy.filter.JwtAuthenticationTokenFilter - authenticated user:admin
2025-11-18 22:25:32.105 [http-nio-8081-exec-6] INFO  com.qczy.filter.JwtAuthenticationTokenFilter - checking username:admin
2025-11-18 22:25:32.106 [http-nio-8081-exec-6] INFO  com.qczy.filter.JwtAuthenticationTokenFilter - authenticated user:admin
2025-11-18 22:25:33.089 [http-nio-8081-exec-10] INFO  com.qczy.filter.JwtAuthenticationTokenFilter - checking username:admin
2025-11-18 22:25:33.089 [http-nio-8081-exec-10] INFO  com.qczy.filter.JwtAuthenticationTokenFilter - authenticated user:admin
2025-11-18 22:25:33.098 [http-nio-8081-exec-2] INFO  com.qczy.filter.JwtAuthenticationTokenFilter - checking username:admin
2025-11-18 22:25:33.098 [http-nio-8081-exec-2] INFO  com.qczy.filter.JwtAuthenticationTokenFilter - authenticated user:admin
2025-11-18 22:25:38.094 [http-nio-8081-exec-7] INFO  com.qczy.filter.JwtAuthenticationTokenFilter - checking username:admin
2025-11-18 22:25:38.094 [http-nio-8081-exec-9] INFO  com.qczy.filter.JwtAuthenticationTokenFilter - checking username:admin
2025-11-18 22:25:38.094 [http-nio-8081-exec-9] INFO  com.qczy.filter.JwtAuthenticationTokenFilter - authenticated user:admin
2025-11-18 22:25:38.094 [http-nio-8081-exec-7] INFO  com.qczy.filter.JwtAuthenticationTokenFilter - authenticated user:admin
2025-11-18 22:25:38.107 [http-nio-8081-exec-1] INFO  com.qczy.filter.JwtAuthenticationTokenFilter - checking username:admin
2025-11-18 22:25:38.107 [http-nio-8081-exec-4] INFO  com.qczy.filter.JwtAuthenticationTokenFilter - checking username:admin
2025-11-18 22:25:38.108 [http-nio-8081-exec-4] INFO  com.qczy.filter.JwtAuthenticationTokenFilter - authenticated user:admin
2025-11-18 22:25:38.108 [http-nio-8081-exec-1] INFO  com.qczy.filter.JwtAuthenticationTokenFilter - authenticated user:admin
2025-11-18 22:25:43.098 [http-nio-8081-exec-3] INFO  com.qczy.filter.JwtAuthenticationTokenFilter - checking username:admin
2025-11-18 22:25:43.098 [http-nio-8081-exec-3] INFO  com.qczy.filter.JwtAuthenticationTokenFilter - authenticated user:admin
2025-11-18 22:25:43.107 [http-nio-8081-exec-5] INFO  com.qczy.filter.JwtAuthenticationTokenFilter - checking username:admin
2025-11-18 22:25:43.107 [http-nio-8081-exec-5] INFO  com.qczy.filter.JwtAuthenticationTokenFilter - authenticated user:admin
2025-11-18 22:25:44.095 [http-nio-8081-exec-8] INFO  com.qczy.filter.JwtAuthenticationTokenFilter - checking username:admin
2025-11-18 22:25:44.095 [http-nio-8081-exec-8] INFO  com.qczy.filter.JwtAuthenticationTokenFilter - authenticated user:admin
2025-11-18 22:25:44.102 [http-nio-8081-exec-6] INFO  com.qczy.filter.JwtAuthenticationTokenFilter - checking username:admin
2025-11-18 22:25:44.104 [http-nio-8081-exec-6] INFO  com.qczy.filter.JwtAuthenticationTokenFilter - authenticated user:admin
2025-11-18 22:25:48.095 [http-nio-8081-exec-10] INFO  com.qczy.filter.JwtAuthenticationTokenFilter - checking username:admin
2025-11-18 22:25:48.095 [http-nio-8081-exec-10] INFO  com.qczy.filter.JwtAuthenticationTokenFilter - authenticated user:admin
2025-11-18 22:25:48.102 [http-nio-8081-exec-2] INFO  com.qczy.filter.JwtAuthenticationTokenFilter - checking username:admin
2025-11-18 22:25:48.103 [http-nio-8081-exec-2] INFO  com.qczy.filter.JwtAuthenticationTokenFilter - authenticated user:admin
2025-11-18 22:25:50.090 [http-nio-8081-exec-7] INFO  com.qczy.filter.JwtAuthenticationTokenFilter - checking username:admin
2025-11-18 22:25:50.090 [http-nio-8081-exec-7] INFO  com.qczy.filter.JwtAuthenticationTokenFilter - authenticated user:admin
2025-11-18 22:25:50.100 [http-nio-8081-exec-9] INFO  com.qczy.filter.JwtAuthenticationTokenFilter - checking username:admin
2025-11-18 22:25:50.102 [http-nio-8081-exec-9] INFO  com.qczy.filter.JwtAuthenticationTokenFilter - authenticated user:admin
2025-11-18 22:25:53.082 [http-nio-8081-exec-4] INFO  com.qczy.filter.JwtAuthenticationTokenFilter - checking username:admin
2025-11-18 22:25:53.082 [http-nio-8081-exec-4] INFO  com.qczy.filter.JwtAuthenticationTokenFilter - authenticated user:admin
2025-11-18 22:25:53.082 [http-nio-8081-exec-1] INFO  com.qczy.filter.JwtAuthenticationTokenFilter - checking username:admin
2025-11-18 22:25:53.093 [http-nio-8081-exec-1] INFO  com.qczy.filter.JwtAuthenticationTokenFilter - authenticated user:admin
2025-11-18 22:25:56.088 [http-nio-8081-exec-3] INFO  com.qczy.filter.JwtAuthenticationTokenFilter - checking username:admin
2025-11-18 22:25:56.088 [http-nio-8081-exec-3] INFO  com.qczy.filter.JwtAuthenticationTokenFilter - authenticated user:admin
2025-11-18 22:25:56.099 [http-nio-8081-exec-5] INFO  com.qczy.filter.JwtAuthenticationTokenFilter - checking username:admin
2025-11-18 22:25:56.100 [http-nio-8081-exec-5] INFO  com.qczy.filter.JwtAuthenticationTokenFilter - authenticated user:admin
2025-11-18 22:25:58.079 [http-nio-8081-exec-8] INFO  com.qczy.filter.JwtAuthenticationTokenFilter - checking username:admin
2025-11-18 22:25:58.084 [http-nio-8081-exec-8] INFO  com.qczy.filter.JwtAuthenticationTokenFilter - authenticated user:admin
2025-11-18 22:25:58.090 [http-nio-8081-exec-6] INFO  com.qczy.filter.JwtAuthenticationTokenFilter - checking username:admin
2025-11-18 22:25:58.090 [http-nio-8081-exec-6] INFO  com.qczy.filter.JwtAuthenticationTokenFilter - authenticated user:admin
2025-11-18 22:26:02.080 [http-nio-8081-exec-10] INFO  com.qczy.filter.JwtAuthenticationTokenFilter - checking username:admin
2025-11-18 22:26:02.080 [http-nio-8081-exec-10] INFO  com.qczy.filter.JwtAuthenticationTokenFilter - authenticated user:admin
2025-11-18 22:26:02.090 [http-nio-8081-exec-2] INFO  com.qczy.filter.JwtAuthenticationTokenFilter - checking username:admin
2025-11-18 22:26:02.091 [http-nio-8081-exec-2] INFO  com.qczy.filter.JwtAuthenticationTokenFilter - authenticated user:admin
2025-11-18 22:26:03.094 [http-nio-8081-exec-7] INFO  com.qczy.filter.JwtAuthenticationTokenFilter - checking username:admin
2025-11-18 22:26:03.094 [http-nio-8081-exec-7] INFO  com.qczy.filter.JwtAuthenticationTokenFilter - authenticated user:admin
2025-11-18 22:26:03.104 [http-nio-8081-exec-9] INFO  com.qczy.filter.JwtAuthenticationTokenFilter - checking username:admin
2025-11-18 22:26:03.105 [http-nio-8081-exec-9] INFO  com.qczy.filter.JwtAuthenticationTokenFilter - authenticated user:admin
2025-11-18 22:26:08.091 [http-nio-8081-exec-4] INFO  com.qczy.filter.JwtAuthenticationTokenFilter - checking username:admin
2025-11-18 22:26:08.091 [http-nio-8081-exec-1] INFO  com.qczy.filter.JwtAuthenticationTokenFilter - checking username:admin
2025-11-18 22:26:08.091 [http-nio-8081-exec-1] INFO  com.qczy.filter.JwtAuthenticationTokenFilter - authenticated user:admin
2025-11-18 22:26:08.091 [http-nio-8081-exec-4] INFO  com.qczy.filter.JwtAuthenticationTokenFilter - authenticated user:admin
2025-11-18 22:26:08.091 [http-nio-8081-exec-5] INFO  com.qczy.filter.JwtAuthenticationTokenFilter - checking username:admin
2025-11-18 22:26:08.091 [http-nio-8081-exec-3] INFO  com.qczy.filter.JwtAuthenticationTokenFilter - checking username:admin
2025-11-18 22:26:08.099 [http-nio-8081-exec-3] INFO  com.qczy.filter.JwtAuthenticationTokenFilter - authenticated user:admin
2025-11-18 22:26:08.099 [http-nio-8081-exec-5] INFO  com.qczy.filter.JwtAuthenticationTokenFilter - authenticated user:admin
2025-11-18 22:26:13.093 [http-nio-8081-exec-8] INFO  com.qczy.filter.JwtAuthenticationTokenFilter - checking username:admin
2025-11-18 22:26:13.093 [http-nio-8081-exec-8] INFO  com.qczy.filter.JwtAuthenticationTokenFilter - authenticated user:admin
2025-11-18 22:26:13.104 [http-nio-8081-exec-6] INFO  com.qczy.filter.JwtAuthenticationTokenFilter - checking username:admin
2025-11-18 22:26:13.104 [http-nio-8081-exec-6] INFO  com.qczy.filter.JwtAuthenticationTokenFilter - authenticated user:admin
2025-11-18 22:26:14.094 [http-nio-8081-exec-10] INFO  com.qczy.filter.JwtAuthenticationTokenFilter - checking username:admin
2025-11-18 22:26:14.094 [http-nio-8081-exec-10] INFO  com.qczy.filter.JwtAuthenticationTokenFilter - authenticated user:admin
2025-11-18 22:26:14.105 [http-nio-8081-exec-2] INFO  com.qczy.filter.JwtAuthenticationTokenFilter - checking username:admin
2025-11-18 22:26:14.107 [http-nio-8081-exec-2] INFO  com.qczy.filter.JwtAuthenticationTokenFilter - authenticated user:admin
2025-11-18 22:26:18.097 [http-nio-8081-exec-7] INFO  com.qczy.filter.JwtAuthenticationTokenFilter - checking username:admin
2025-11-18 22:26:18.100 [http-nio-8081-exec-7] INFO  com.qczy.filter.JwtAuthenticationTokenFilter - authenticated user:admin
2025-11-18 22:26:18.105 [http-nio-8081-exec-9] INFO  com.qczy.filter.JwtAuthenticationTokenFilter - checking username:admin
2025-11-18 22:26:18.106 [http-nio-8081-exec-9] INFO  com.qczy.filter.JwtAuthenticationTokenFilter - authenticated user:admin
2025-11-18 22:26:20.094 [http-nio-8081-exec-4] INFO  com.qczy.filter.JwtAuthenticationTokenFilter - checking username:admin
2025-11-18 22:26:20.096 [http-nio-8081-exec-4] INFO  com.qczy.filter.JwtAuthenticationTokenFilter - authenticated user:admin
2025-11-18 22:26:20.100 [http-nio-8081-exec-1] INFO  com.qczy.filter.JwtAuthenticationTokenFilter - checking username:admin
2025-11-18 22:26:20.102 [http-nio-8081-exec-1] INFO  com.qczy.filter.JwtAuthenticationTokenFilter - authenticated user:admin
2025-11-18 22:26:23.091 [http-nio-8081-exec-3] INFO  com.qczy.filter.JwtAuthenticationTokenFilter - checking username:admin
2025-11-18 22:26:23.094 [http-nio-8081-exec-3] INFO  com.qczy.filter.JwtAuthenticationTokenFilter - authenticated user:admin
2025-11-18 22:26:23.099 [http-nio-8081-exec-5] INFO  com.qczy.filter.JwtAuthenticationTokenFilter - checking username:admin
2025-11-18 22:26:23.101 [http-nio-8081-exec-5] INFO  com.qczy.filter.JwtAuthenticationTokenFilter - authenticated user:admin
2025-11-18 22:26:26.079 [http-nio-8081-exec-8] INFO  com.qczy.filter.JwtAuthenticationTokenFilter - checking username:admin
2025-11-18 22:26:26.079 [http-nio-8081-exec-8] INFO  com.qczy.filter.JwtAuthenticationTokenFilter - authenticated user:admin
2025-11-18 22:26:26.090 [http-nio-8081-exec-6] INFO  com.qczy.filter.JwtAuthenticationTokenFilter - checking username:admin
2025-11-18 22:26:26.091 [http-nio-8081-exec-6] INFO  com.qczy.filter.JwtAuthenticationTokenFilter - authenticated user:admin
2025-11-18 22:26:28.085 [http-nio-8081-exec-10] INFO  com.qczy.filter.JwtAuthenticationTokenFilter - checking username:admin
2025-11-18 22:26:28.088 [http-nio-8081-exec-10] INFO  com.qczy.filter.JwtAuthenticationTokenFilter - authenticated user:admin
2025-11-18 22:26:28.092 [http-nio-8081-exec-2] INFO  com.qczy.filter.JwtAuthenticationTokenFilter - checking username:admin
2025-11-18 22:26:28.092 [http-nio-8081-exec-2] INFO  com.qczy.filter.JwtAuthenticationTokenFilter - authenticated user:admin
2025-11-18 22:26:32.089 [http-nio-8081-exec-7] INFO  com.qczy.filter.JwtAuthenticationTokenFilter - checking username:admin
2025-11-18 22:26:32.092 [http-nio-8081-exec-7] INFO  com.qczy.filter.JwtAuthenticationTokenFilter - authenticated user:admin
2025-11-18 22:26:32.097 [http-nio-8081-exec-9] INFO  com.qczy.filter.JwtAuthenticationTokenFilter - checking username:admin
2025-11-18 22:26:32.099 [http-nio-8081-exec-9] INFO  com.qczy.filter.JwtAuthenticationTokenFilter - authenticated user:admin
2025-11-18 22:26:33.086 [http-nio-8081-exec-4] INFO  com.qczy.filter.JwtAuthenticationTokenFilter - checking username:admin
2025-11-18 22:26:33.088 [http-nio-8081-exec-4] INFO  com.qczy.filter.JwtAuthenticationTokenFilter - authenticated user:admin
2025-11-18 22:26:33.092 [http-nio-8081-exec-1] INFO  com.qczy.filter.JwtAuthenticationTokenFilter - checking username:admin
2025-11-18 22:26:33.093 [http-nio-8081-exec-1] INFO  com.qczy.filter.JwtAuthenticationTokenFilter - authenticated user:admin
2025-11-18 22:26:38.094 [http-nio-8081-exec-3] INFO  com.qczy.filter.JwtAuthenticationTokenFilter - checking username:admin
2025-11-18 22:26:38.094 [http-nio-8081-exec-5] INFO  com.qczy.filter.JwtAuthenticationTokenFilter - checking username:admin
2025-11-18 22:26:38.099 [http-nio-8081-exec-5] INFO  com.qczy.filter.JwtAuthenticationTokenFilter - authenticated user:admin
2025-11-18 22:26:38.099 [http-nio-8081-exec-3] INFO  com.qczy.filter.JwtAuthenticationTokenFilter - authenticated user:admin
2025-11-18 22:26:38.103 [http-nio-8081-exec-8] INFO  com.qczy.filter.JwtAuthenticationTokenFilter - checking username:admin
2025-11-18 22:26:38.103 [http-nio-8081-exec-6] INFO  com.qczy.filter.JwtAuthenticationTokenFilter - checking username:admin
2025-11-18 22:26:38.105 [http-nio-8081-exec-6] INFO  com.qczy.filter.JwtAuthenticationTokenFilter - authenticated user:admin
2025-11-18 22:26:38.105 [http-nio-8081-exec-8] INFO  com.qczy.filter.JwtAuthenticationTokenFilter - authenticated user:admin
2025-11-18 22:26:43.092 [http-nio-8081-exec-10] INFO  com.qczy.filter.JwtAuthenticationTokenFilter - checking username:admin
2025-11-18 22:26:43.098 [http-nio-8081-exec-10] INFO  com.qczy.filter.JwtAuthenticationTokenFilter - authenticated user:admin
2025-11-18 22:26:43.103 [http-nio-8081-exec-2] INFO  com.qczy.filter.JwtAuthenticationTokenFilter - checking username:admin
2025-11-18 22:26:43.104 [http-nio-8081-exec-2] INFO  com.qczy.filter.JwtAuthenticationTokenFilter - authenticated user:admin
2025-11-18 22:26:44.084 [http-nio-8081-exec-7] INFO  com.qczy.filter.JwtAuthenticationTokenFilter - checking username:admin
2025-11-18 22:26:44.084 [http-nio-8081-exec-7] INFO  com.qczy.filter.JwtAuthenticationTokenFilter - authenticated user:admin
2025-11-18 22:26:44.094 [http-nio-8081-exec-9] INFO  com.qczy.filter.JwtAuthenticationTokenFilter - checking username:admin
2025-11-18 22:26:44.096 [http-nio-8081-exec-9] INFO  com.qczy.filter.JwtAuthenticationTokenFilter - authenticated user:admin
2025-11-18 22:26:48.096 [http-nio-8081-exec-4] INFO  com.qczy.filter.JwtAuthenticationTokenFilter - checking username:admin
2025-11-18 22:26:48.099 [http-nio-8081-exec-4] INFO  com.qczy.filter.JwtAuthenticationTokenFilter - authenticated user:admin
2025-11-18 22:26:48.103 [http-nio-8081-exec-1] INFO  com.qczy.filter.JwtAuthenticationTokenFilter - checking username:admin
2025-11-18 22:26:48.105 [http-nio-8081-exec-1] INFO  com.qczy.filter.JwtAuthenticationTokenFilter - authenticated user:admin
2025-11-18 22:26:50.087 [http-nio-8081-exec-5] INFO  com.qczy.filter.JwtAuthenticationTokenFilter - checking username:admin
2025-11-18 22:26:50.087 [http-nio-8081-exec-5] INFO  com.qczy.filter.JwtAuthenticationTokenFilter - authenticated user:admin
2025-11-18 22:26:50.096 [http-nio-8081-exec-3] INFO  com.qczy.filter.JwtAuthenticationTokenFilter - checking username:admin
2025-11-18 22:26:50.097 [http-nio-8081-exec-3] INFO  com.qczy.filter.JwtAuthenticationTokenFilter - authenticated user:admin
2025-11-18 22:26:53.090 [http-nio-8081-exec-6] INFO  com.qczy.filter.JwtAuthenticationTokenFilter - checking username:admin
2025-11-18 22:26:53.096 [http-nio-8081-exec-6] INFO  com.qczy.filter.JwtAuthenticationTokenFilter - authenticated user:admin
2025-11-18 22:26:53.101 [http-nio-8081-exec-8] INFO  com.qczy.filter.JwtAuthenticationTokenFilter - checking username:admin
2025-11-18 22:26:53.102 [http-nio-8081-exec-8] INFO  com.qczy.filter.JwtAuthenticationTokenFilter - authenticated user:admin
2025-11-18 22:26:56.089 [http-nio-8081-exec-10] INFO  com.qczy.filter.JwtAuthenticationTokenFilter - checking username:admin
2025-11-18 22:26:56.091 [http-nio-8081-exec-10] INFO  com.qczy.filter.JwtAuthenticationTokenFilter - authenticated user:admin
2025-11-18 22:26:56.095 [http-nio-8081-exec-2] INFO  com.qczy.filter.JwtAuthenticationTokenFilter - checking username:admin
2025-11-18 22:26:56.097 [http-nio-8081-exec-2] INFO  com.qczy.filter.JwtAuthenticationTokenFilter - authenticated user:admin
2025-11-18 22:26:58.080 [http-nio-8081-exec-7] INFO  com.qczy.filter.JwtAuthenticationTokenFilter - checking username:admin
2025-11-18 22:26:58.087 [http-nio-8081-exec-7] INFO  com.qczy.filter.JwtAuthenticationTokenFilter - authenticated user:admin
2025-11-18 22:26:58.092 [http-nio-8081-exec-9] INFO  com.qczy.filter.JwtAuthenticationTokenFilter - checking username:admin
2025-11-18 22:26:58.093 [http-nio-8081-exec-9] INFO  com.qczy.filter.JwtAuthenticationTokenFilter - authenticated user:admin
2025-11-18 22:27:02.958 [http-nio-8081-exec-4] INFO  com.qczy.filter.JwtAuthenticationTokenFilter - checking username:admin
2025-11-18 22:27:02.962 [http-nio-8081-exec-4] INFO  com.qczy.filter.JwtAuthenticationTokenFilter - authenticated user:admin
2025-11-18 22:27:02.967 [http-nio-8081-exec-1] INFO  com.qczy.filter.JwtAuthenticationTokenFilter - checking username:admin
2025-11-18 22:27:02.967 [http-nio-8081-exec-1] INFO  com.qczy.filter.JwtAuthenticationTokenFilter - authenticated user:admin
2025-11-18 22:27:03.957 [http-nio-8081-exec-5] INFO  com.qczy.filter.JwtAuthenticationTokenFilter - checking username:admin
2025-11-18 22:27:03.961 [http-nio-8081-exec-5] INFO  com.qczy.filter.JwtAuthenticationTokenFilter - authenticated user:admin
2025-11-18 22:27:03.967 [http-nio-8081-exec-3] INFO  com.qczy.filter.JwtAuthenticationTokenFilter - checking username:admin
2025-11-18 22:27:03.970 [http-nio-8081-exec-3] INFO  com.qczy.filter.JwtAuthenticationTokenFilter - authenticated user:admin
2025-11-18 22:27:08.955 [http-nio-8081-exec-6] INFO  com.qczy.filter.JwtAuthenticationTokenFilter - checking username:admin
2025-11-18 22:27:08.955 [http-nio-8081-exec-8] INFO  com.qczy.filter.JwtAuthenticationTokenFilter - checking username:admin
2025-11-18 22:27:08.957 [http-nio-8081-exec-8] INFO  com.qczy.filter.JwtAuthenticationTokenFilter - authenticated user:admin
2025-11-18 22:27:08.957 [http-nio-8081-exec-6] INFO  com.qczy.filter.JwtAuthenticationTokenFilter - authenticated user:admin
2025-11-18 22:27:08.963 [http-nio-8081-exec-10] INFO  com.qczy.filter.JwtAuthenticationTokenFilter - checking username:admin
2025-11-18 22:27:08.963 [http-nio-8081-exec-2] INFO  com.qczy.filter.JwtAuthenticationTokenFilter - checking username:admin
2025-11-18 22:27:08.964 [http-nio-8081-exec-10] INFO  com.qczy.filter.JwtAuthenticationTokenFilter - authenticated user:admin
2025-11-18 22:27:08.964 [http-nio-8081-exec-2] INFO  com.qczy.filter.JwtAuthenticationTokenFilter - authenticated user:admin
2025-11-18 22:27:13.100 [http-nio-8081-exec-7] INFO  com.qczy.filter.JwtAuthenticationTokenFilter - checking username:admin
2025-11-18 22:27:13.102 [http-nio-8081-exec-7] INFO  com.qczy.filter.JwtAuthenticationTokenFilter - authenticated user:admin
2025-11-18 22:27:13.111 [http-nio-8081-exec-9] INFO  com.qczy.filter.JwtAuthenticationTokenFilter - checking username:admin
2025-11-18 22:27:13.113 [http-nio-8081-exec-9] INFO  com.qczy.filter.JwtAuthenticationTokenFilter - authenticated user:admin
2025-11-18 22:27:14.092 [http-nio-8081-exec-4] INFO  com.qczy.filter.JwtAuthenticationTokenFilter - checking username:admin
2025-11-18 22:27:14.095 [http-nio-8081-exec-4] INFO  com.qczy.filter.JwtAuthenticationTokenFilter - authenticated user:admin
2025-11-18 22:27:14.100 [http-nio-8081-exec-1] INFO  com.qczy.filter.JwtAuthenticationTokenFilter - checking username:admin
2025-11-18 22:27:14.102 [http-nio-8081-exec-1] INFO  com.qczy.filter.JwtAuthenticationTokenFilter - authenticated user:admin
2025-11-18 22:27:18.093 [http-nio-8081-exec-5] INFO  com.qczy.filter.JwtAuthenticationTokenFilter - checking username:admin
2025-11-18 22:27:18.093 [http-nio-8081-exec-5] INFO  com.qczy.filter.JwtAuthenticationTokenFilter - authenticated user:admin
2025-11-18 22:27:18.103 [http-nio-8081-exec-3] INFO  com.qczy.filter.JwtAuthenticationTokenFilter - checking username:admin
2025-11-18 22:27:18.105 [http-nio-8081-exec-3] INFO  com.qczy.filter.JwtAuthenticationTokenFilter - authenticated user:admin
2025-11-18 22:27:20.086 [http-nio-8081-exec-6] INFO  com.qczy.filter.JwtAuthenticationTokenFilter - checking username:admin
2025-11-18 22:27:20.088 [http-nio-8081-exec-6] INFO  com.qczy.filter.JwtAuthenticationTokenFilter - authenticated user:admin
2025-11-18 22:27:20.092 [http-nio-8081-exec-8] INFO  com.qczy.filter.JwtAuthenticationTokenFilter - checking username:admin
2025-11-18 22:27:20.097 [http-nio-8081-exec-8] INFO  com.qczy.filter.JwtAuthenticationTokenFilter - authenticated user:admin
2025-11-18 22:27:23.091 [http-nio-8081-exec-10] INFO  com.qczy.filter.JwtAuthenticationTokenFilter - checking username:admin
2025-11-18 22:27:23.094 [http-nio-8081-exec-10] INFO  com.qczy.filter.JwtAuthenticationTokenFilter - authenticated user:admin
2025-11-18 22:27:23.098 [http-nio-8081-exec-2] INFO  com.qczy.filter.JwtAuthenticationTokenFilter - checking username:admin
2025-11-18 22:27:23.098 [http-nio-8081-exec-2] INFO  com.qczy.filter.JwtAuthenticationTokenFilter - authenticated user:admin
2025-11-18 22:27:26.093 [http-nio-8081-exec-7] INFO  com.qczy.filter.JwtAuthenticationTokenFilter - checking username:admin
2025-11-18 22:27:26.093 [http-nio-8081-exec-7] INFO  com.qczy.filter.JwtAuthenticationTokenFilter - authenticated user:admin
2025-11-18 22:27:26.101 [http-nio-8081-exec-9] INFO  com.qczy.filter.JwtAuthenticationTokenFilter - checking username:admin
2025-11-18 22:27:26.103 [http-nio-8081-exec-9] INFO  com.qczy.filter.JwtAuthenticationTokenFilter - authenticated user:admin
2025-11-18 22:27:28.093 [http-nio-8081-exec-4] INFO  com.qczy.filter.JwtAuthenticationTokenFilter - checking username:admin
2025-11-18 22:27:28.094 [http-nio-8081-exec-4] INFO  com.qczy.filter.JwtAuthenticationTokenFilter - authenticated user:admin
2025-11-18 22:27:28.101 [http-nio-8081-exec-1] INFO  com.qczy.filter.JwtAuthenticationTokenFilter - checking username:admin
2025-11-18 22:27:28.103 [http-nio-8081-exec-1] INFO  com.qczy.filter.JwtAuthenticationTokenFilter - authenticated user:admin
2025-11-18 22:27:32.085 [http-nio-8081-exec-5] INFO  com.qczy.filter.JwtAuthenticationTokenFilter - checking username:admin
2025-11-18 22:27:32.088 [http-nio-8081-exec-5] INFO  com.qczy.filter.JwtAuthenticationTokenFilter - authenticated user:admin
2025-11-18 22:27:32.093 [http-nio-8081-exec-3] INFO  com.qczy.filter.JwtAuthenticationTokenFilter - checking username:admin
2025-11-18 22:27:32.094 [http-nio-8081-exec-3] INFO  com.qczy.filter.JwtAuthenticationTokenFilter - authenticated user:admin
2025-11-18 22:27:33.092 [http-nio-8081-exec-6] INFO  com.qczy.filter.JwtAuthenticationTokenFilter - checking username:admin
2025-11-18 22:27:33.092 [http-nio-8081-exec-6] INFO  com.qczy.filter.JwtAuthenticationTokenFilter - authenticated user:admin
2025-11-18 22:27:33.099 [http-nio-8081-exec-8] INFO  com.qczy.filter.JwtAuthenticationTokenFilter - checking username:admin
2025-11-18 22:27:33.100 [http-nio-8081-exec-8] INFO  com.qczy.filter.JwtAuthenticationTokenFilter - authenticated user:admin
2025-11-18 22:27:38.091 [http-nio-8081-exec-10] INFO  com.qczy.filter.JwtAuthenticationTokenFilter - checking username:admin
2025-11-18 22:27:38.091 [http-nio-8081-exec-2] INFO  com.qczy.filter.JwtAuthenticationTokenFilter - checking username:admin
2025-11-18 22:27:38.099 [http-nio-8081-exec-10] INFO  com.qczy.filter.JwtAuthenticationTokenFilter - authenticated user:admin
2025-11-18 22:27:38.099 [http-nio-8081-exec-2] INFO  com.qczy.filter.JwtAuthenticationTokenFilter - authenticated user:admin
2025-11-18 22:27:38.103 [http-nio-8081-exec-7] INFO  com.qczy.filter.JwtAuthenticationTokenFilter - checking username:admin
2025-11-18 22:27:38.103 [http-nio-8081-exec-9] INFO  com.qczy.filter.JwtAuthenticationTokenFilter - checking username:admin
2025-11-18 22:27:38.105 [http-nio-8081-exec-9] INFO  com.qczy.filter.JwtAuthenticationTokenFilter - authenticated user:admin
2025-11-18 22:27:38.105 [http-nio-8081-exec-7] INFO  com.qczy.filter.JwtAuthenticationTokenFilter - authenticated user:admin
2025-11-18 22:27:43.093 [http-nio-8081-exec-4] INFO  com.qczy.filter.JwtAuthenticationTokenFilter - checking username:admin
2025-11-18 22:27:43.096 [http-nio-8081-exec-4] INFO  com.qczy.filter.JwtAuthenticationTokenFilter - authenticated user:admin
2025-11-18 22:27:43.102 [http-nio-8081-exec-1] INFO  com.qczy.filter.JwtAuthenticationTokenFilter - checking username:admin
2025-11-18 22:27:43.102 [http-nio-8081-exec-1] INFO  com.qczy.filter.JwtAuthenticationTokenFilter - authenticated user:admin
2025-11-18 22:27:44.095 [http-nio-8081-exec-5] INFO  com.qczy.filter.JwtAuthenticationTokenFilter - checking username:admin
2025-11-18 22:27:44.097 [http-nio-8081-exec-5] INFO  com.qczy.filter.JwtAuthenticationTokenFilter - authenticated user:admin
2025-11-18 22:27:44.103 [http-nio-8081-exec-3] INFO  com.qczy.filter.JwtAuthenticationTokenFilter - checking username:admin
2025-11-18 22:27:44.106 [http-nio-8081-exec-3] INFO  com.qczy.filter.JwtAuthenticationTokenFilter - authenticated user:admin
2025-11-18 22:27:48.091 [http-nio-8081-exec-6] INFO  com.qczy.filter.JwtAuthenticationTokenFilter - checking username:admin
2025-11-18 22:27:48.091 [http-nio-8081-exec-6] INFO  com.qczy.filter.JwtAuthenticationTokenFilter - authenticated user:admin
2025-11-18 22:27:48.103 [http-nio-8081-exec-8] INFO  com.qczy.filter.JwtAuthenticationTokenFilter - checking username:admin
2025-11-18 22:27:48.103 [http-nio-8081-exec-8] INFO  com.qczy.filter.JwtAuthenticationTokenFilter - authenticated user:admin
2025-11-18 22:27:50.090 [http-nio-8081-exec-10] INFO  com.qczy.filter.JwtAuthenticationTokenFilter - checking username:admin
2025-11-18 22:27:50.090 [http-nio-8081-exec-10] INFO  com.qczy.filter.JwtAuthenticationTokenFilter - authenticated user:admin
2025-11-18 22:27:50.099 [http-nio-8081-exec-2] INFO  com.qczy.filter.JwtAuthenticationTokenFilter - checking username:admin
2025-11-18 22:27:50.100 [http-nio-8081-exec-2] INFO  com.qczy.filter.JwtAuthenticationTokenFilter - authenticated user:admin
2025-11-18 22:27:53.081 [http-nio-8081-exec-7] INFO  com.qczy.filter.JwtAuthenticationTokenFilter - checking username:admin
2025-11-18 22:27:53.081 [http-nio-8081-exec-7] INFO  com.qczy.filter.JwtAuthenticationTokenFilter - authenticated user:admin
2025-11-18 22:27:53.093 [http-nio-8081-exec-9] INFO  com.qczy.filter.JwtAuthenticationTokenFilter - checking username:admin
2025-11-18 22:27:53.093 [http-nio-8081-exec-9] INFO  com.qczy.filter.JwtAuthenticationTokenFilter - authenticated user:admin
2025-11-18 22:27:56.097 [http-nio-8081-exec-4] INFO  com.qczy.filter.JwtAuthenticationTokenFilter - checking username:admin
2025-11-18 22:27:56.097 [http-nio-8081-exec-4] INFO  com.qczy.filter.JwtAuthenticationTokenFilter - authenticated user:admin
2025-11-18 22:27:56.105 [http-nio-8081-exec-1] INFO  com.qczy.filter.JwtAuthenticationTokenFilter - checking username:admin
2025-11-18 22:27:56.106 [http-nio-8081-exec-1] INFO  com.qczy.filter.JwtAuthenticationTokenFilter - authenticated user:admin
2025-11-18 22:27:58.109 [http-nio-8081-exec-5] INFO  com.qczy.filter.JwtAuthenticationTokenFilter - checking username:admin
2025-11-18 22:27:58.112 [http-nio-8081-exec-5] INFO  com.qczy.filter.JwtAuthenticationTokenFilter - authenticated user:admin
2025-11-18 22:27:58.114 [http-nio-8081-exec-3] INFO  com.qczy.filter.JwtAuthenticationTokenFilter - checking username:admin
2025-11-18 22:27:58.120 [http-nio-8081-exec-3] INFO  com.qczy.filter.JwtAuthenticationTokenFilter - authenticated user:admin
2025-11-18 22:28:02.092 [http-nio-8081-exec-6] INFO  com.qczy.filter.JwtAuthenticationTokenFilter - checking username:admin
2025-11-18 22:28:02.096 [http-nio-8081-exec-6] INFO  com.qczy.filter.JwtAuthenticationTokenFilter - authenticated user:admin
2025-11-18 22:28:02.102 [http-nio-8081-exec-8] INFO  com.qczy.filter.JwtAuthenticationTokenFilter - checking username:admin
2025-11-18 22:28:02.104 [http-nio-8081-exec-8] INFO  com.qczy.filter.JwtAuthenticationTokenFilter - authenticated user:admin
2025-11-18 22:28:03.088 [http-nio-8081-exec-10] INFO  com.qczy.filter.JwtAuthenticationTokenFilter - checking username:admin
2025-11-18 22:28:03.090 [http-nio-8081-exec-10] INFO  com.qczy.filter.JwtAuthenticationTokenFilter - authenticated user:admin
2025-11-18 22:28:03.095 [http-nio-8081-exec-2] INFO  com.qczy.filter.JwtAuthenticationTokenFilter - checking username:admin
2025-11-18 22:28:03.095 [http-nio-8081-exec-2] INFO  com.qczy.filter.JwtAuthenticationTokenFilter - authenticated user:admin
2025-11-18 22:28:08.092 [http-nio-8081-exec-7] INFO  com.qczy.filter.JwtAuthenticationTokenFilter - checking username:admin
2025-11-18 22:28:08.092 [http-nio-8081-exec-9] INFO  com.qczy.filter.JwtAuthenticationTokenFilter - checking username:admin
2025-11-18 22:28:08.092 [http-nio-8081-exec-7] INFO  com.qczy.filter.JwtAuthenticationTokenFilter - authenticated user:admin
2025-11-18 22:28:08.092 [http-nio-8081-exec-9] INFO  com.qczy.filter.JwtAuthenticationTokenFilter - authenticated user:admin
2025-11-18 22:28:08.101 [http-nio-8081-exec-4] INFO  com.qczy.filter.JwtAuthenticationTokenFilter - checking username:admin
2025-11-18 22:28:08.101 [http-nio-8081-exec-1] INFO  com.qczy.filter.JwtAuthenticationTokenFilter - checking username:admin
2025-11-18 22:28:08.103 [http-nio-8081-exec-4] INFO  com.qczy.filter.JwtAuthenticationTokenFilter - authenticated user:admin
2025-11-18 22:28:08.103 [http-nio-8081-exec-1] INFO  com.qczy.filter.JwtAuthenticationTokenFilter - authenticated user:admin
2025-11-18 22:28:13.089 [http-nio-8081-exec-5] INFO  com.qczy.filter.JwtAuthenticationTokenFilter - checking username:admin
2025-11-18 22:28:13.090 [http-nio-8081-exec-5] INFO  com.qczy.filter.JwtAuthenticationTokenFilter - authenticated user:admin
2025-11-18 22:28:13.096 [http-nio-8081-exec-3] INFO  com.qczy.filter.JwtAuthenticationTokenFilter - checking username:admin
2025-11-18 22:28:13.097 [http-nio-8081-exec-3] INFO  com.qczy.filter.JwtAuthenticationTokenFilter - authenticated user:admin
2025-11-18 22:28:14.082 [http-nio-8081-exec-6] INFO  com.qczy.filter.JwtAuthenticationTokenFilter - checking username:admin
2025-11-18 22:28:14.082 [http-nio-8081-exec-6] INFO  com.qczy.filter.JwtAuthenticationTokenFilter - authenticated user:admin
2025-11-18 22:28:14.092 [http-nio-8081-exec-8] INFO  com.qczy.filter.JwtAuthenticationTokenFilter - checking username:admin
2025-11-18 22:28:14.094 [http-nio-8081-exec-8] INFO  com.qczy.filter.JwtAuthenticationTokenFilter - authenticated user:admin
2025-11-18 22:28:18.089 [http-nio-8081-exec-10] INFO  com.qczy.filter.JwtAuthenticationTokenFilter - checking username:admin
2025-11-18 22:28:18.089 [http-nio-8081-exec-10] INFO  com.qczy.filter.JwtAuthenticationTokenFilter - authenticated user:admin
2025-11-18 22:28:18.097 [http-nio-8081-exec-2] INFO  com.qczy.filter.JwtAuthenticationTokenFilter - checking username:admin
2025-11-18 22:28:18.097 [http-nio-8081-exec-2] INFO  com.qczy.filter.JwtAuthenticationTokenFilter - authenticated user:admin
2025-11-18 22:28:20.092 [http-nio-8081-exec-7] INFO  com.qczy.filter.JwtAuthenticationTokenFilter - checking username:admin
2025-11-18 22:28:20.095 [http-nio-8081-exec-7] INFO  com.qczy.filter.JwtAuthenticationTokenFilter - authenticated user:admin
2025-11-18 22:28:20.100 [http-nio-8081-exec-9] INFO  com.qczy.filter.JwtAuthenticationTokenFilter - checking username:admin
2025-11-18 22:28:20.101 [http-nio-8081-exec-9] INFO  com.qczy.filter.JwtAuthenticationTokenFilter - authenticated user:admin
2025-11-18 22:28:23.094 [http-nio-8081-exec-4] INFO  com.qczy.filter.JwtAuthenticationTokenFilter - checking username:admin
2025-11-18 22:28:23.098 [http-nio-8081-exec-4] INFO  com.qczy.filter.JwtAuthenticationTokenFilter - authenticated user:admin
2025-11-18 22:28:23.103 [http-nio-8081-exec-1] INFO  com.qczy.filter.JwtAuthenticationTokenFilter - checking username:admin
2025-11-18 22:28:23.103 [http-nio-8081-exec-1] INFO  com.qczy.filter.JwtAuthenticationTokenFilter - authenticated user:admin
2025-11-18 22:28:26.085 [http-nio-8081-exec-5] INFO  com.qczy.filter.JwtAuthenticationTokenFilter - checking username:admin
2025-11-18 22:28:26.086 [http-nio-8081-exec-5] INFO  com.qczy.filter.JwtAuthenticationTokenFilter - authenticated user:admin
2025-11-18 22:28:26.086 [http-nio-8081-exec-3] INFO  com.qczy.filter.JwtAuthenticationTokenFilter - checking username:admin
2025-11-18 22:28:26.093 [http-nio-8081-exec-3] INFO  com.qczy.filter.JwtAuthenticationTokenFilter - authenticated user:admin
2025-11-18 22:28:28.095 [http-nio-8081-exec-6] INFO  com.qczy.filter.JwtAuthenticationTokenFilter - checking username:admin
2025-11-18 22:28:28.098 [http-nio-8081-exec-6] INFO  com.qczy.filter.JwtAuthenticationTokenFilter - authenticated user:admin
2025-11-18 22:28:28.103 [http-nio-8081-exec-8] INFO  com.qczy.filter.JwtAuthenticationTokenFilter - checking username:admin
2025-11-18 22:28:28.105 [http-nio-8081-exec-8] INFO  com.qczy.filter.JwtAuthenticationTokenFilter - authenticated user:admin
2025-11-18 22:28:32.090 [http-nio-8081-exec-10] INFO  com.qczy.filter.JwtAuthenticationTokenFilter - checking username:admin
2025-11-18 22:28:32.092 [http-nio-8081-exec-10] INFO  com.qczy.filter.JwtAuthenticationTokenFilter - authenticated user:admin
2025-11-18 22:28:32.097 [http-nio-8081-exec-2] INFO  com.qczy.filter.JwtAuthenticationTokenFilter - checking username:admin
2025-11-18 22:28:32.098 [http-nio-8081-exec-2] INFO  com.qczy.filter.JwtAuthenticationTokenFilter - authenticated user:admin
2025-11-18 22:28:33.096 [http-nio-8081-exec-7] INFO  com.qczy.filter.JwtAuthenticationTokenFilter - checking username:admin
2025-11-18 22:28:33.096 [http-nio-8081-exec-7] INFO  com.qczy.filter.JwtAuthenticationTokenFilter - authenticated user:admin
2025-11-18 22:28:33.105 [http-nio-8081-exec-9] INFO  com.qczy.filter.JwtAuthenticationTokenFilter - checking username:admin
2025-11-18 22:28:33.106 [http-nio-8081-exec-9] INFO  com.qczy.filter.JwtAuthenticationTokenFilter - authenticated user:admin
2025-11-18 22:28:38.086 [http-nio-8081-exec-4] INFO  com.qczy.filter.JwtAuthenticationTokenFilter - checking username:admin
2025-11-18 22:28:38.086 [http-nio-8081-exec-1] INFO  com.qczy.filter.JwtAuthenticationTokenFilter - checking username:admin
2025-11-18 22:28:38.087 [http-nio-8081-exec-1] INFO  com.qczy.filter.JwtAuthenticationTokenFilter - authenticated user:admin
2025-11-18 22:28:38.087 [http-nio-8081-exec-4] INFO  com.qczy.filter.JwtAuthenticationTokenFilter - authenticated user:admin
2025-11-18 22:28:38.092 [http-nio-8081-exec-5] INFO  com.qczy.filter.JwtAuthenticationTokenFilter - checking username:admin
2025-11-18 22:28:38.092 [http-nio-8081-exec-3] INFO  com.qczy.filter.JwtAuthenticationTokenFilter - checking username:admin
2025-11-18 22:28:38.093 [http-nio-8081-exec-3] INFO  com.qczy.filter.JwtAuthenticationTokenFilter - authenticated user:admin
2025-11-18 22:28:38.093 [http-nio-8081-exec-5] INFO  com.qczy.filter.JwtAuthenticationTokenFilter - authenticated user:admin
2025-11-18 22:28:43.086 [http-nio-8081-exec-6] INFO  com.qczy.filter.JwtAuthenticationTokenFilter - checking username:admin
2025-11-18 22:28:43.092 [http-nio-8081-exec-6] INFO  com.qczy.filter.JwtAuthenticationTokenFilter - authenticated user:admin
2025-11-18 22:28:43.095 [http-nio-8081-exec-8] INFO  com.qczy.filter.JwtAuthenticationTokenFilter - checking username:admin
2025-11-18 22:28:43.095 [http-nio-8081-exec-8] INFO  com.qczy.filter.JwtAuthenticationTokenFilter - authenticated user:admin
2025-11-18 22:28:44.084 [http-nio-8081-exec-10] INFO  com.qczy.filter.JwtAuthenticationTokenFilter - checking username:admin
2025-11-18 22:28:44.084 [http-nio-8081-exec-10] INFO  com.qczy.filter.JwtAuthenticationTokenFilter - authenticated user:admin
2025-11-18 22:28:44.092 [http-nio-8081-exec-2] INFO  com.qczy.filter.JwtAuthenticationTokenFilter - checking username:admin
2025-11-18 22:28:44.094 [http-nio-8081-exec-2] INFO  com.qczy.filter.JwtAuthenticationTokenFilter - authenticated user:admin
2025-11-18 22:28:48.090 [http-nio-8081-exec-7] INFO  com.qczy.filter.JwtAuthenticationTokenFilter - checking username:admin
2025-11-18 22:28:48.090 [http-nio-8081-exec-7] INFO  com.qczy.filter.JwtAuthenticationTokenFilter - authenticated user:admin
2025-11-18 22:28:48.098 [http-nio-8081-exec-9] INFO  com.qczy.filter.JwtAuthenticationTokenFilter - checking username:admin
2025-11-18 22:28:48.099 [http-nio-8081-exec-9] INFO  com.qczy.filter.JwtAuthenticationTokenFilter - authenticated user:admin
2025-11-18 22:28:50.084 [http-nio-8081-exec-4] INFO  com.qczy.filter.JwtAuthenticationTokenFilter - checking username:admin
2025-11-18 22:28:50.090 [http-nio-8081-exec-4] INFO  com.qczy.filter.JwtAuthenticationTokenFilter - authenticated user:admin
2025-11-18 22:28:50.094 [http-nio-8081-exec-1] INFO  com.qczy.filter.JwtAuthenticationTokenFilter - checking username:admin
2025-11-18 22:28:50.096 [http-nio-8081-exec-1] INFO  com.qczy.filter.JwtAuthenticationTokenFilter - authenticated user:admin
2025-11-18 22:28:53.087 [http-nio-8081-exec-5] INFO  com.qczy.filter.JwtAuthenticationTokenFilter - checking username:admin
2025-11-18 22:28:53.089 [http-nio-8081-exec-5] INFO  com.qczy.filter.JwtAuthenticationTokenFilter - authenticated user:admin
2025-11-18 22:28:53.094 [http-nio-8081-exec-3] INFO  com.qczy.filter.JwtAuthenticationTokenFilter - checking username:admin
2025-11-18 22:28:53.094 [http-nio-8081-exec-3] INFO  com.qczy.filter.JwtAuthenticationTokenFilter - authenticated user:admin
2025-11-18 22:28:56.084 [http-nio-8081-exec-6] INFO  com.qczy.filter.JwtAuthenticationTokenFilter - checking username:admin
2025-11-18 22:28:56.084 [http-nio-8081-exec-6] INFO  com.qczy.filter.JwtAuthenticationTokenFilter - authenticated user:admin
2025-11-18 22:28:56.090 [http-nio-8081-exec-8] INFO  com.qczy.filter.JwtAuthenticationTokenFilter - checking username:admin
2025-11-18 22:28:56.092 [http-nio-8081-exec-8] INFO  com.qczy.filter.JwtAuthenticationTokenFilter - authenticated user:admin
2025-11-18 22:28:58.092 [http-nio-8081-exec-10] INFO  com.qczy.filter.JwtAuthenticationTokenFilter - checking username:admin
2025-11-18 22:28:58.096 [http-nio-8081-exec-10] INFO  com.qczy.filter.JwtAuthenticationTokenFilter - authenticated user:admin
2025-11-18 22:28:58.101 [http-nio-8081-exec-2] INFO  com.qczy.filter.JwtAuthenticationTokenFilter - checking username:admin
2025-11-18 22:28:58.101 [http-nio-8081-exec-2] INFO  com.qczy.filter.JwtAuthenticationTokenFilter - authenticated user:admin
2025-11-18 22:29:02.086 [http-nio-8081-exec-7] INFO  com.qczy.filter.JwtAuthenticationTokenFilter - checking username:admin
2025-11-18 22:29:02.086 [http-nio-8081-exec-7] INFO  com.qczy.filter.JwtAuthenticationTokenFilter - authenticated user:admin
2025-11-18 22:29:02.097 [http-nio-8081-exec-9] INFO  com.qczy.filter.JwtAuthenticationTokenFilter - checking username:admin
2025-11-18 22:29:02.098 [http-nio-8081-exec-9] INFO  com.qczy.filter.JwtAuthenticationTokenFilter - authenticated user:admin
2025-11-18 22:29:03.094 [http-nio-8081-exec-4] INFO  com.qczy.filter.JwtAuthenticationTokenFilter - checking username:admin
2025-11-18 22:29:03.094 [http-nio-8081-exec-4] INFO  com.qczy.filter.JwtAuthenticationTokenFilter - authenticated user:admin
2025-11-18 22:29:03.101 [http-nio-8081-exec-1] INFO  com.qczy.filter.JwtAuthenticationTokenFilter - checking username:admin
2025-11-18 22:29:03.102 [http-nio-8081-exec-1] INFO  com.qczy.filter.JwtAuthenticationTokenFilter - authenticated user:admin
2025-11-18 22:29:08.099 [http-nio-8081-exec-5] INFO  com.qczy.filter.JwtAuthenticationTokenFilter - checking username:admin
2025-11-18 22:29:08.099 [http-nio-8081-exec-3] INFO  com.qczy.filter.JwtAuthenticationTokenFilter - checking username:admin
2025-11-18 22:29:08.099 [http-nio-8081-exec-5] INFO  com.qczy.filter.JwtAuthenticationTokenFilter - authenticated user:admin
2025-11-18 22:29:08.099 [http-nio-8081-exec-3] INFO  com.qczy.filter.JwtAuthenticationTokenFilter - authenticated user:admin
2025-11-18 22:29:08.106 [http-nio-8081-exec-8] INFO  com.qczy.filter.JwtAuthenticationTokenFilter - checking username:admin
2025-11-18 22:29:08.106 [http-nio-8081-exec-6] INFO  com.qczy.filter.JwtAuthenticationTokenFilter - checking username:admin
2025-11-18 22:29:08.107 [http-nio-8081-exec-8] INFO  com.qczy.filter.JwtAuthenticationTokenFilter - authenticated user:admin
2025-11-18 22:29:08.107 [http-nio-8081-exec-6] INFO  com.qczy.filter.JwtAuthenticationTokenFilter - authenticated user:admin
2025-11-18 22:29:13.087 [http-nio-8081-exec-10] INFO  com.qczy.filter.JwtAuthenticationTokenFilter - checking username:admin
2025-11-18 22:29:13.093 [http-nio-8081-exec-10] INFO  com.qczy.filter.JwtAuthenticationTokenFilter - authenticated user:admin
2025-11-18 22:29:13.098 [http-nio-8081-exec-2] INFO  com.qczy.filter.JwtAuthenticationTokenFilter - checking username:admin
2025-11-18 22:29:13.100 [http-nio-8081-exec-2] INFO  com.qczy.filter.JwtAuthenticationTokenFilter - authenticated user:admin
2025-11-18 22:29:14.091 [http-nio-8081-exec-7] INFO  com.qczy.filter.JwtAuthenticationTokenFilter - checking username:admin
2025-11-18 22:29:14.093 [http-nio-8081-exec-7] INFO  com.qczy.filter.JwtAuthenticationTokenFilter - authenticated user:admin
2025-11-18 22:29:14.099 [http-nio-8081-exec-9] INFO  com.qczy.filter.JwtAuthenticationTokenFilter - checking username:admin
2025-11-18 22:29:14.101 [http-nio-8081-exec-9] INFO  com.qczy.filter.JwtAuthenticationTokenFilter - authenticated user:admin
2025-11-18 22:29:18.085 [http-nio-8081-exec-4] INFO  com.qczy.filter.JwtAuthenticationTokenFilter - checking username:admin
2025-11-18 22:29:18.092 [http-nio-8081-exec-4] INFO  com.qczy.filter.JwtAuthenticationTokenFilter - authenticated user:admin
2025-11-18 22:29:18.096 [http-nio-8081-exec-1] INFO  com.qczy.filter.JwtAuthenticationTokenFilter - checking username:admin
2025-11-18 22:29:18.097 [http-nio-8081-exec-1] INFO  com.qczy.filter.JwtAuthenticationTokenFilter - authenticated user:admin
2025-11-18 22:29:20.087 [http-nio-8081-exec-5] INFO  com.qczy.filter.JwtAuthenticationTokenFilter - checking username:admin
2025-11-18 22:29:20.089 [http-nio-8081-exec-5] INFO  com.qczy.filter.JwtAuthenticationTokenFilter - authenticated user:admin
2025-11-18 22:29:20.093 [http-nio-8081-exec-3] INFO  com.qczy.filter.JwtAuthenticationTokenFilter - checking username:admin
2025-11-18 22:29:20.095 [http-nio-8081-exec-3] INFO  com.qczy.filter.JwtAuthenticationTokenFilter - authenticated user:admin
2025-11-18 22:29:23.085 [http-nio-8081-exec-6] INFO  com.qczy.filter.JwtAuthenticationTokenFilter - checking username:admin
2025-11-18 22:29:23.085 [http-nio-8081-exec-6] INFO  com.qczy.filter.JwtAuthenticationTokenFilter - authenticated user:admin
2025-11-18 22:29:23.097 [http-nio-8081-exec-8] INFO  com.qczy.filter.JwtAuthenticationTokenFilter - checking username:admin
2025-11-18 22:29:23.097 [http-nio-8081-exec-8] INFO  com.qczy.filter.JwtAuthenticationTokenFilter - authenticated user:admin
2025-11-18 22:29:26.087 [http-nio-8081-exec-10] INFO  com.qczy.filter.JwtAuthenticationTokenFilter - checking username:admin
2025-11-18 22:29:26.087 [http-nio-8081-exec-10] INFO  com.qczy.filter.JwtAuthenticationTokenFilter - authenticated user:admin
2025-11-18 22:29:26.095 [http-nio-8081-exec-2] INFO  com.qczy.filter.JwtAuthenticationTokenFilter - checking username:admin
2025-11-18 22:29:26.097 [http-nio-8081-exec-2] INFO  com.qczy.filter.JwtAuthenticationTokenFilter - authenticated user:admin
2025-11-18 22:29:28.088 [http-nio-8081-exec-7] INFO  com.qczy.filter.JwtAuthenticationTokenFilter - checking username:admin
2025-11-18 22:29:28.093 [http-nio-8081-exec-7] INFO  com.qczy.filter.JwtAuthenticationTokenFilter - authenticated user:admin
2025-11-18 22:29:28.099 [http-nio-8081-exec-9] INFO  com.qczy.filter.JwtAuthenticationTokenFilter - checking username:admin
2025-11-18 22:29:28.099 [http-nio-8081-exec-9] INFO  com.qczy.filter.JwtAuthenticationTokenFilter - authenticated user:admin
2025-11-18 22:29:32.083 [http-nio-8081-exec-4] INFO  com.qczy.filter.JwtAuthenticationTokenFilter - checking username:admin
2025-11-18 22:29:32.084 [http-nio-8081-exec-4] INFO  com.qczy.filter.JwtAuthenticationTokenFilter - authenticated user:admin
2025-11-18 22:29:32.090 [http-nio-8081-exec-1] INFO  com.qczy.filter.JwtAuthenticationTokenFilter - checking username:admin
2025-11-18 22:29:32.090 [http-nio-8081-exec-1] INFO  com.qczy.filter.JwtAuthenticationTokenFilter - authenticated user:admin
2025-11-18 22:29:33.093 [http-nio-8081-exec-5] INFO  com.qczy.filter.JwtAuthenticationTokenFilter - checking username:admin
2025-11-18 22:29:33.093 [http-nio-8081-exec-5] INFO  com.qczy.filter.JwtAuthenticationTokenFilter - authenticated user:admin
2025-11-18 22:29:33.100 [http-nio-8081-exec-3] INFO  com.qczy.filter.JwtAuthenticationTokenFilter - checking username:admin
2025-11-18 22:29:33.101 [http-nio-8081-exec-3] INFO  com.qczy.filter.JwtAuthenticationTokenFilter - authenticated user:admin
2025-11-18 22:29:38.965 [http-nio-8081-exec-8] INFO  com.qczy.filter.JwtAuthenticationTokenFilter - checking username:admin
2025-11-18 22:29:38.965 [http-nio-8081-exec-6] INFO  com.qczy.filter.JwtAuthenticationTokenFilter - checking username:admin
2025-11-18 22:29:38.966 [http-nio-8081-exec-8] INFO  com.qczy.filter.JwtAuthenticationTokenFilter - authenticated user:admin
2025-11-18 22:29:38.966 [http-nio-8081-exec-6] INFO  com.qczy.filter.JwtAuthenticationTokenFilter - authenticated user:admin
2025-11-18 22:29:38.969 [http-nio-8081-exec-10] INFO  com.qczy.filter.JwtAuthenticationTokenFilter - checking username:admin
2025-11-18 22:29:38.970 [http-nio-8081-exec-2] INFO  com.qczy.filter.JwtAuthenticationTokenFilter - checking username:admin
2025-11-18 22:29:38.971 [http-nio-8081-exec-10] INFO  com.qczy.filter.JwtAuthenticationTokenFilter - authenticated user:admin
2025-11-18 22:29:38.971 [http-nio-8081-exec-2] INFO  com.qczy.filter.JwtAuthenticationTokenFilter - authenticated user:admin
2025-11-18 22:29:43.952 [http-nio-8081-exec-7] INFO  com.qczy.filter.JwtAuthenticationTokenFilter - checking username:admin
2025-11-18 22:29:43.954 [http-nio-8081-exec-7] INFO  com.qczy.filter.JwtAuthenticationTokenFilter - authenticated user:admin
2025-11-18 22:29:43.957 [http-nio-8081-exec-9] INFO  com.qczy.filter.JwtAuthenticationTokenFilter - checking username:admin
2025-11-18 22:29:43.959 [http-nio-8081-exec-9] INFO  com.qczy.filter.JwtAuthenticationTokenFilter - authenticated user:admin
2025-11-18 22:29:44.966 [http-nio-8081-exec-4] INFO  com.qczy.filter.JwtAuthenticationTokenFilter - checking username:admin
2025-11-18 22:29:44.968 [http-nio-8081-exec-4] INFO  com.qczy.filter.JwtAuthenticationTokenFilter - authenticated user:admin
2025-11-18 22:29:44.976 [http-nio-8081-exec-1] INFO  com.qczy.filter.JwtAuthenticationTokenFilter - checking username:admin
2025-11-18 22:29:44.978 [http-nio-8081-exec-1] INFO  com.qczy.filter.JwtAuthenticationTokenFilter - authenticated user:admin
2025-11-18 22:29:48.952 [http-nio-8081-exec-5] INFO  com.qczy.filter.JwtAuthenticationTokenFilter - checking username:admin
2025-11-18 22:29:48.953 [http-nio-8081-exec-5] INFO  com.qczy.filter.JwtAuthenticationTokenFilter - authenticated user:admin
2025-11-18 22:29:48.956 [http-nio-8081-exec-3] INFO  com.qczy.filter.JwtAuthenticationTokenFilter - checking username:admin
2025-11-18 22:29:48.958 [http-nio-8081-exec-3] INFO  com.qczy.filter.JwtAuthenticationTokenFilter - authenticated user:admin
2025-11-18 22:29:50.964 [http-nio-8081-exec-6] INFO  com.qczy.filter.JwtAuthenticationTokenFilter - checking username:admin
2025-11-18 22:29:50.966 [http-nio-8081-exec-6] INFO  com.qczy.filter.JwtAuthenticationTokenFilter - authenticated user:admin
2025-11-18 22:29:50.969 [http-nio-8081-exec-8] INFO  com.qczy.filter.JwtAuthenticationTokenFilter - checking username:admin
2025-11-18 22:29:50.972 [http-nio-8081-exec-8] INFO  com.qczy.filter.JwtAuthenticationTokenFilter - authenticated user:admin
2025-11-18 22:29:53.954 [http-nio-8081-exec-10] INFO  com.qczy.filter.JwtAuthenticationTokenFilter - checking username:admin
2025-11-18 22:29:53.955 [http-nio-8081-exec-10] INFO  com.qczy.filter.JwtAuthenticationTokenFilter - authenticated user:admin
2025-11-18 22:29:53.959 [http-nio-8081-exec-2] INFO  com.qczy.filter.JwtAuthenticationTokenFilter - checking username:admin
2025-11-18 22:29:53.961 [http-nio-8081-exec-2] INFO  com.qczy.filter.JwtAuthenticationTokenFilter - authenticated user:admin
2025-11-18 22:29:56.963 [http-nio-8081-exec-7] INFO  com.qczy.filter.JwtAuthenticationTokenFilter - checking username:admin
2025-11-18 22:29:56.965 [http-nio-8081-exec-7] INFO  com.qczy.filter.JwtAuthenticationTokenFilter - authenticated user:admin
2025-11-18 22:29:56.969 [http-nio-8081-exec-9] INFO  com.qczy.filter.JwtAuthenticationTokenFilter - checking username:admin
2025-11-18 22:29:56.970 [http-nio-8081-exec-9] INFO  com.qczy.filter.JwtAuthenticationTokenFilter - authenticated user:admin
2025-11-18 22:29:58.957 [http-nio-8081-exec-4] INFO  com.qczy.filter.JwtAuthenticationTokenFilter - checking username:admin
2025-11-18 22:29:58.958 [http-nio-8081-exec-4] INFO  com.qczy.filter.JwtAuthenticationTokenFilter - authenticated user:admin
2025-11-18 22:29:58.963 [http-nio-8081-exec-1] INFO  com.qczy.filter.JwtAuthenticationTokenFilter - checking username:admin
2025-11-18 22:29:58.965 [http-nio-8081-exec-1] INFO  com.qczy.filter.JwtAuthenticationTokenFilter - authenticated user:admin
2025-11-18 22:30:02.962 [http-nio-8081-exec-5] INFO  com.qczy.filter.JwtAuthenticationTokenFilter - checking username:admin
2025-11-18 22:30:02.963 [http-nio-8081-exec-5] INFO  com.qczy.filter.JwtAuthenticationTokenFilter - authenticated user:admin
2025-11-18 22:30:02.968 [http-nio-8081-exec-3] INFO  com.qczy.filter.JwtAuthenticationTokenFilter - checking username:admin
2025-11-18 22:30:02.969 [http-nio-8081-exec-3] INFO  com.qczy.filter.JwtAuthenticationTokenFilter - authenticated user:admin
2025-11-18 22:30:03.965 [http-nio-8081-exec-6] INFO  com.qczy.filter.JwtAuthenticationTokenFilter - checking username:admin
2025-11-18 22:30:03.967 [http-nio-8081-exec-6] INFO  com.qczy.filter.JwtAuthenticationTokenFilter - authenticated user:admin
2025-11-18 22:30:03.971 [http-nio-8081-exec-8] INFO  com.qczy.filter.JwtAuthenticationTokenFilter - checking username:admin
2025-11-18 22:30:03.973 [http-nio-8081-exec-8] INFO  com.qczy.filter.JwtAuthenticationTokenFilter - authenticated user:admin
2025-11-18 22:30:08.955 [http-nio-8081-exec-10] INFO  com.qczy.filter.JwtAuthenticationTokenFilter - checking username:admin
2025-11-18 22:30:08.956 [http-nio-8081-exec-2] INFO  com.qczy.filter.JwtAuthenticationTokenFilter - checking username:admin
2025-11-18 22:30:08.957 [http-nio-8081-exec-10] INFO  com.qczy.filter.JwtAuthenticationTokenFilter - authenticated user:admin
2025-11-18 22:30:08.957 [http-nio-8081-exec-2] INFO  com.qczy.filter.JwtAuthenticationTokenFilter - authenticated user:admin
2025-11-18 22:30:08.962 [http-nio-8081-exec-7] INFO  com.qczy.filter.JwtAuthenticationTokenFilter - checking username:admin
2025-11-18 22:30:08.962 [http-nio-8081-exec-9] INFO  com.qczy.filter.JwtAuthenticationTokenFilter - checking username:admin
2025-11-18 22:30:08.963 [http-nio-8081-exec-7] INFO  com.qczy.filter.JwtAuthenticationTokenFilter - authenticated user:admin
2025-11-18 22:30:08.963 [http-nio-8081-exec-9] INFO  com.qczy.filter.JwtAuthenticationTokenFilter - authenticated user:admin
2025-11-18 22:30:13.960 [http-nio-8081-exec-4] INFO  com.qczy.filter.JwtAuthenticationTokenFilter - checking username:admin
2025-11-18 22:30:13.961 [http-nio-8081-exec-4] INFO  com.qczy.filter.JwtAuthenticationTokenFilter - authenticated user:admin
2025-11-18 22:30:13.966 [http-nio-8081-exec-1] INFO  com.qczy.filter.JwtAuthenticationTokenFilter - checking username:admin
2025-11-18 22:30:13.967 [http-nio-8081-exec-1] INFO  com.qczy.filter.JwtAuthenticationTokenFilter - authenticated user:admin
2025-11-18 22:30:14.965 [http-nio-8081-exec-5] INFO  com.qczy.filter.JwtAuthenticationTokenFilter - checking username:admin
2025-11-18 22:30:14.966 [http-nio-8081-exec-5] INFO  com.qczy.filter.JwtAuthenticationTokenFilter - authenticated user:admin
2025-11-18 22:30:14.970 [http-nio-8081-exec-3] INFO  com.qczy.filter.JwtAuthenticationTokenFilter - checking username:admin
2025-11-18 22:30:14.972 [http-nio-8081-exec-3] INFO  com.qczy.filter.JwtAuthenticationTokenFilter - authenticated user:admin
2025-11-18 22:30:18.957 [http-nio-8081-exec-6] INFO  com.qczy.filter.JwtAuthenticationTokenFilter - checking username:admin
2025-11-18 22:30:18.960 [http-nio-8081-exec-6] INFO  com.qczy.filter.JwtAuthenticationTokenFilter - authenticated user:admin
2025-11-18 22:30:18.964 [http-nio-8081-exec-8] INFO  com.qczy.filter.JwtAuthenticationTokenFilter - checking username:admin
2025-11-18 22:30:18.965 [http-nio-8081-exec-8] INFO  com.qczy.filter.JwtAuthenticationTokenFilter - authenticated user:admin
2025-11-18 22:30:20.955 [http-nio-8081-exec-10] INFO  com.qczy.filter.JwtAuthenticationTokenFilter - checking username:admin
2025-11-18 22:30:20.956 [http-nio-8081-exec-10] INFO  com.qczy.filter.JwtAuthenticationTokenFilter - authenticated user:admin
2025-11-18 22:30:20.961 [http-nio-8081-exec-2] INFO  com.qczy.filter.JwtAuthenticationTokenFilter - checking username:admin
2025-11-18 22:30:20.962 [http-nio-8081-exec-2] INFO  com.qczy.filter.JwtAuthenticationTokenFilter - authenticated user:admin
2025-11-18 22:30:23.962 [http-nio-8081-exec-7] INFO  com.qczy.filter.JwtAuthenticationTokenFilter - checking username:admin
2025-11-18 22:30:23.964 [http-nio-8081-exec-7] INFO  com.qczy.filter.JwtAuthenticationTokenFilter - authenticated user:admin
2025-11-18 22:30:23.968 [http-nio-8081-exec-9] INFO  com.qczy.filter.JwtAuthenticationTokenFilter - checking username:admin
2025-11-18 22:30:23.970 [http-nio-8081-exec-9] INFO  com.qczy.filter.JwtAuthenticationTokenFilter - authenticated user:admin
2025-11-18 22:30:26.957 [http-nio-8081-exec-4] INFO  com.qczy.filter.JwtAuthenticationTokenFilter - checking username:admin
2025-11-18 22:30:26.959 [http-nio-8081-exec-4] INFO  com.qczy.filter.JwtAuthenticationTokenFilter - authenticated user:admin
2025-11-18 22:30:26.962 [http-nio-8081-exec-1] INFO  com.qczy.filter.JwtAuthenticationTokenFilter - checking username:admin
2025-11-18 22:30:26.964 [http-nio-8081-exec-1] INFO  com.qczy.filter.JwtAuthenticationTokenFilter - authenticated user:admin
2025-11-18 22:30:28.957 [http-nio-8081-exec-5] INFO  com.qczy.filter.JwtAuthenticationTokenFilter - checking username:admin
2025-11-18 22:30:28.959 [http-nio-8081-exec-5] INFO  com.qczy.filter.JwtAuthenticationTokenFilter - authenticated user:admin
2025-11-18 22:30:28.963 [http-nio-8081-exec-3] INFO  com.qczy.filter.JwtAuthenticationTokenFilter - checking username:admin
2025-11-18 22:30:28.965 [http-nio-8081-exec-3] INFO  com.qczy.filter.JwtAuthenticationTokenFilter - authenticated user:admin
2025-11-18 22:30:32.957 [http-nio-8081-exec-6] INFO  com.qczy.filter.JwtAuthenticationTokenFilter - checking username:admin
2025-11-18 22:30:32.958 [http-nio-8081-exec-6] INFO  com.qczy.filter.JwtAuthenticationTokenFilter - authenticated user:admin
2025-11-18 22:30:32.962 [http-nio-8081-exec-8] INFO  com.qczy.filter.JwtAuthenticationTokenFilter - checking username:admin
2025-11-18 22:30:32.964 [http-nio-8081-exec-8] INFO  com.qczy.filter.JwtAuthenticationTokenFilter - authenticated user:admin
2025-11-18 22:30:33.961 [http-nio-8081-exec-10] INFO  com.qczy.filter.JwtAuthenticationTokenFilter - checking username:admin
2025-11-18 22:30:33.963 [http-nio-8081-exec-10] INFO  com.qczy.filter.JwtAuthenticationTokenFilter - authenticated user:admin
2025-11-18 22:30:33.967 [http-nio-8081-exec-2] INFO  com.qczy.filter.JwtAuthenticationTokenFilter - checking username:admin
2025-11-18 22:30:33.969 [http-nio-8081-exec-2] INFO  com.qczy.filter.JwtAuthenticationTokenFilter - authenticated user:admin
2025-11-18 22:31:19.956 [http-nio-8081-exec-4] INFO  com.qczy.filter.JwtAuthenticationTokenFilter - checking username:admin
2025-11-18 22:31:19.956 [http-nio-8081-exec-1] INFO  com.qczy.filter.JwtAuthenticationTokenFilter - checking username:admin
2025-11-18 22:31:19.958 [http-nio-8081-exec-1] INFO  com.qczy.filter.JwtAuthenticationTokenFilter - authenticated user:admin
2025-11-18 22:31:19.958 [http-nio-8081-exec-4] INFO  com.qczy.filter.JwtAuthenticationTokenFilter - authenticated user:admin
2025-11-18 22:31:19.964 [http-nio-8081-exec-5] INFO  com.qczy.filter.JwtAuthenticationTokenFilter - checking username:admin
2025-11-18 22:31:19.964 [http-nio-8081-exec-3] INFO  com.qczy.filter.JwtAuthenticationTokenFilter - checking username:admin
2025-11-18 22:31:19.966 [http-nio-8081-exec-3] INFO  com.qczy.filter.JwtAuthenticationTokenFilter - authenticated user:admin
2025-11-18 22:31:19.966 [http-nio-8081-exec-5] INFO  com.qczy.filter.JwtAuthenticationTokenFilter - authenticated user:admin
2025-11-18 22:31:53.800 [http-nio-8081-exec-6] INFO  com.qczy.filter.JwtAuthenticationTokenFilter - checking username:admin
2025-11-18 22:31:53.801 [http-nio-8081-exec-8] INFO  com.qczy.filter.JwtAuthenticationTokenFilter - checking username:admin
2025-11-18 22:31:53.802 [http-nio-8081-exec-8] INFO  com.qczy.filter.JwtAuthenticationTokenFilter - authenticated user:admin
2025-11-18 22:31:53.802 [http-nio-8081-exec-6] INFO  com.qczy.filter.JwtAuthenticationTokenFilter - authenticated user:admin
2025-11-18 22:31:53.808 [http-nio-8081-exec-10] INFO  com.qczy.filter.JwtAuthenticationTokenFilter - checking username:admin
2025-11-18 22:31:53.808 [http-nio-8081-exec-2] INFO  com.qczy.filter.JwtAuthenticationTokenFilter - checking username:admin
2025-11-18 22:31:53.810 [http-nio-8081-exec-2] INFO  com.qczy.filter.JwtAuthenticationTokenFilter - authenticated user:admin
2025-11-18 22:31:53.810 [http-nio-8081-exec-10] INFO  com.qczy.filter.JwtAuthenticationTokenFilter - authenticated user:admin
2025-11-18 22:31:56.083 [http-nio-8081-exec-7] INFO  com.qczy.filter.JwtAuthenticationTokenFilter - checking username:admin
2025-11-18 22:31:56.086 [http-nio-8081-exec-7] INFO  com.qczy.filter.JwtAuthenticationTokenFilter - authenticated user:admin
2025-11-18 22:31:56.090 [http-nio-8081-exec-9] INFO  com.qczy.filter.JwtAuthenticationTokenFilter - checking username:admin
2025-11-18 22:31:56.091 [http-nio-8081-exec-9] INFO  com.qczy.filter.JwtAuthenticationTokenFilter - authenticated user:admin
2025-11-18 22:31:58.082 [http-nio-8081-exec-4] INFO  com.qczy.filter.JwtAuthenticationTokenFilter - checking username:admin
2025-11-18 22:31:58.082 [http-nio-8081-exec-4] INFO  com.qczy.filter.JwtAuthenticationTokenFilter - authenticated user:admin
2025-11-18 22:31:58.089 [http-nio-8081-exec-1] INFO  com.qczy.filter.JwtAuthenticationTokenFilter - checking username:admin
2025-11-18 22:31:58.090 [http-nio-8081-exec-1] INFO  com.qczy.filter.JwtAuthenticationTokenFilter - authenticated user:admin
2025-11-18 22:32:02.961 [http-nio-8081-exec-5] INFO  com.qczy.filter.JwtAuthenticationTokenFilter - checking username:admin
2025-11-18 22:32:02.961 [http-nio-8081-exec-5] INFO  com.qczy.filter.JwtAuthenticationTokenFilter - authenticated user:admin
2025-11-18 22:32:02.961 [http-nio-8081-exec-3] INFO  com.qczy.filter.JwtAuthenticationTokenFilter - checking username:admin
2025-11-18 22:32:02.961 [http-nio-8081-exec-3] INFO  com.qczy.filter.JwtAuthenticationTokenFilter - authenticated user:admin
2025-11-18 22:32:03.960 [http-nio-8081-exec-8] INFO  com.qczy.filter.JwtAuthenticationTokenFilter - checking username:admin
2025-11-18 22:32:03.960 [http-nio-8081-exec-8] INFO  com.qczy.filter.JwtAuthenticationTokenFilter - authenticated user:admin
2025-11-18 22:32:03.960 [http-nio-8081-exec-6] INFO  com.qczy.filter.JwtAuthenticationTokenFilter - checking username:admin
2025-11-18 22:32:03.971 [http-nio-8081-exec-6] INFO  com.qczy.filter.JwtAuthenticationTokenFilter - authenticated user:admin
2025-11-18 22:32:08.966 [http-nio-8081-exec-10] INFO  com.qczy.filter.JwtAuthenticationTokenFilter - checking username:admin
2025-11-18 22:32:08.968 [http-nio-8081-exec-2] INFO  com.qczy.filter.JwtAuthenticationTokenFilter - checking username:admin
2025-11-18 22:32:08.968 [http-nio-8081-exec-10] INFO  com.qczy.filter.JwtAuthenticationTokenFilter - authenticated user:admin
2025-11-18 22:32:08.968 [http-nio-8081-exec-2] INFO  com.qczy.filter.JwtAuthenticationTokenFilter - authenticated user:admin
2025-11-18 22:32:08.968 [http-nio-8081-exec-7] INFO  com.qczy.filter.JwtAuthenticationTokenFilter - checking username:admin
2025-11-18 22:32:08.974 [http-nio-8081-exec-9] INFO  com.qczy.filter.JwtAuthenticationTokenFilter - checking username:admin
2025-11-18 22:32:08.974 [http-nio-8081-exec-7] INFO  com.qczy.filter.JwtAuthenticationTokenFilter - authenticated user:admin
2025-11-18 22:32:08.974 [http-nio-8081-exec-9] INFO  com.qczy.filter.JwtAuthenticationTokenFilter - authenticated user:admin
2025-11-18 22:32:13.950 [http-nio-8081-exec-4] INFO  com.qczy.filter.JwtAuthenticationTokenFilter - checking username:admin
2025-11-18 22:32:13.956 [http-nio-8081-exec-4] INFO  com.qczy.filter.JwtAuthenticationTokenFilter - authenticated user:admin
2025-11-18 22:32:13.957 [http-nio-8081-exec-1] INFO  com.qczy.filter.JwtAuthenticationTokenFilter - checking username:admin
2025-11-18 22:32:13.961 [http-nio-8081-exec-1] INFO  com.qczy.filter.JwtAuthenticationTokenFilter - authenticated user:admin
2025-11-18 22:32:14.950 [http-nio-8081-exec-5] INFO  com.qczy.filter.JwtAuthenticationTokenFilter - checking username:admin
2025-11-18 22:32:14.950 [http-nio-8081-exec-5] INFO  com.qczy.filter.JwtAuthenticationTokenFilter - authenticated user:admin
2025-11-18 22:32:14.960 [http-nio-8081-exec-3] INFO  com.qczy.filter.JwtAuthenticationTokenFilter - checking username:admin
2025-11-18 22:32:14.960 [http-nio-8081-exec-3] INFO  com.qczy.filter.JwtAuthenticationTokenFilter - authenticated user:admin
2025-11-18 22:32:18.838 [http-nio-8081-exec-8] INFO  com.qczy.filter.JwtAuthenticationTokenFilter - checking username:admin
2025-11-18 22:32:18.840 [http-nio-8081-exec-8] INFO  com.qczy.filter.JwtAuthenticationTokenFilter - authenticated user:admin
2025-11-18 22:32:18.848 [http-nio-8081-exec-6] INFO  com.qczy.filter.JwtAuthenticationTokenFilter - checking username:admin
2025-11-18 22:32:18.852 [http-nio-8081-exec-6] INFO  com.qczy.filter.JwtAuthenticationTokenFilter - authenticated user:admin
2025-11-18 22:32:20.092 [http-nio-8081-exec-10] INFO  com.qczy.filter.JwtAuthenticationTokenFilter - checking username:admin
2025-11-18 22:32:20.095 [http-nio-8081-exec-10] INFO  com.qczy.filter.JwtAuthenticationTokenFilter - authenticated user:admin
2025-11-18 22:32:20.098 [http-nio-8081-exec-2] INFO  com.qczy.filter.JwtAuthenticationTokenFilter - checking username:admin
2025-11-18 22:32:20.101 [http-nio-8081-exec-2] INFO  com.qczy.filter.JwtAuthenticationTokenFilter - authenticated user:admin
2025-11-18 22:32:23.960 [http-nio-8081-exec-7] INFO  com.qczy.filter.JwtAuthenticationTokenFilter - checking username:admin
2025-11-18 22:32:23.962 [http-nio-8081-exec-7] INFO  com.qczy.filter.JwtAuthenticationTokenFilter - authenticated user:admin
2025-11-18 22:32:23.965 [http-nio-8081-exec-9] INFO  com.qczy.filter.JwtAuthenticationTokenFilter - checking username:admin
2025-11-18 22:32:23.968 [http-nio-8081-exec-9] INFO  com.qczy.filter.JwtAuthenticationTokenFilter - authenticated user:admin
2025-11-18 22:32:26.955 [http-nio-8081-exec-4] INFO  com.qczy.filter.JwtAuthenticationTokenFilter - checking username:admin
2025-11-18 22:32:26.958 [http-nio-8081-exec-4] INFO  com.qczy.filter.JwtAuthenticationTokenFilter - authenticated user:admin
2025-11-18 22:32:26.961 [http-nio-8081-exec-1] INFO  com.qczy.filter.JwtAuthenticationTokenFilter - checking username:admin
2025-11-18 22:32:26.963 [http-nio-8081-exec-1] INFO  com.qczy.filter.JwtAuthenticationTokenFilter - authenticated user:admin
2025-11-18 22:32:28.948 [http-nio-8081-exec-5] INFO  com.qczy.filter.JwtAuthenticationTokenFilter - checking username:admin
2025-11-18 22:32:28.948 [http-nio-8081-exec-5] INFO  com.qczy.filter.JwtAuthenticationTokenFilter - authenticated user:admin
2025-11-18 22:32:28.948 [http-nio-8081-exec-3] INFO  com.qczy.filter.JwtAuthenticationTokenFilter - checking username:admin
2025-11-18 22:32:28.960 [http-nio-8081-exec-3] INFO  com.qczy.filter.JwtAuthenticationTokenFilter - authenticated user:admin
2025-11-18 22:32:32.959 [http-nio-8081-exec-8] INFO  com.qczy.filter.JwtAuthenticationTokenFilter - checking username:admin
2025-11-18 22:32:32.959 [http-nio-8081-exec-8] INFO  com.qczy.filter.JwtAuthenticationTokenFilter - authenticated user:admin
2025-11-18 22:32:32.965 [http-nio-8081-exec-6] INFO  com.qczy.filter.JwtAuthenticationTokenFilter - checking username:admin
2025-11-18 22:32:32.967 [http-nio-8081-exec-6] INFO  com.qczy.filter.JwtAuthenticationTokenFilter - authenticated user:admin
2025-11-18 22:32:33.954 [http-nio-8081-exec-10] INFO  com.qczy.filter.JwtAuthenticationTokenFilter - checking username:admin
2025-11-18 22:32:33.956 [http-nio-8081-exec-10] INFO  com.qczy.filter.JwtAuthenticationTokenFilter - authenticated user:admin
2025-11-18 22:32:33.960 [http-nio-8081-exec-2] INFO  com.qczy.filter.JwtAuthenticationTokenFilter - checking username:admin
2025-11-18 22:32:33.961 [http-nio-8081-exec-2] INFO  com.qczy.filter.JwtAuthenticationTokenFilter - authenticated user:admin
2025-11-18 22:32:38.966 [http-nio-8081-exec-7] INFO  com.qczy.filter.JwtAuthenticationTokenFilter - checking username:admin
2025-11-18 22:32:38.966 [http-nio-8081-exec-9] INFO  com.qczy.filter.JwtAuthenticationTokenFilter - checking username:admin
2025-11-18 22:32:38.966 [http-nio-8081-exec-7] INFO  com.qczy.filter.JwtAuthenticationTokenFilter - authenticated user:admin
2025-11-18 22:32:38.969 [http-nio-8081-exec-9] INFO  com.qczy.filter.JwtAuthenticationTokenFilter - authenticated user:admin
2025-11-18 22:32:38.973 [http-nio-8081-exec-4] INFO  com.qczy.filter.JwtAuthenticationTokenFilter - checking username:admin
2025-11-18 22:32:38.973 [http-nio-8081-exec-1] INFO  com.qczy.filter.JwtAuthenticationTokenFilter - checking username:admin
2025-11-18 22:32:38.973 [http-nio-8081-exec-4] INFO  com.qczy.filter.JwtAuthenticationTokenFilter - authenticated user:admin
2025-11-18 22:32:38.973 [http-nio-8081-exec-1] INFO  com.qczy.filter.JwtAuthenticationTokenFilter - authenticated user:admin
2025-11-18 22:32:43.959 [http-nio-8081-exec-5] INFO  com.qczy.filter.JwtAuthenticationTokenFilter - checking username:admin
2025-11-18 22:32:43.959 [http-nio-8081-exec-5] INFO  com.qczy.filter.JwtAuthenticationTokenFilter - authenticated user:admin
2025-11-18 22:32:43.959 [http-nio-8081-exec-3] INFO  com.qczy.filter.JwtAuthenticationTokenFilter - checking username:admin
2025-11-18 22:32:43.968 [http-nio-8081-exec-3] INFO  com.qczy.filter.JwtAuthenticationTokenFilter - authenticated user:admin
2025-11-18 22:32:44.959 [http-nio-8081-exec-8] INFO  com.qczy.filter.JwtAuthenticationTokenFilter - checking username:admin
2025-11-18 22:32:44.960 [http-nio-8081-exec-8] INFO  com.qczy.filter.JwtAuthenticationTokenFilter - authenticated user:admin
2025-11-18 22:32:44.965 [http-nio-8081-exec-6] INFO  com.qczy.filter.JwtAuthenticationTokenFilter - checking username:admin
2025-11-18 22:32:44.966 [http-nio-8081-exec-6] INFO  com.qczy.filter.JwtAuthenticationTokenFilter - authenticated user:admin
2025-11-18 22:32:48.963 [http-nio-8081-exec-10] INFO  com.qczy.filter.JwtAuthenticationTokenFilter - checking username:admin
2025-11-18 22:32:48.965 [http-nio-8081-exec-10] INFO  com.qczy.filter.JwtAuthenticationTokenFilter - authenticated user:admin
2025-11-18 22:32:48.969 [http-nio-8081-exec-2] INFO  com.qczy.filter.JwtAuthenticationTokenFilter - checking username:admin
2025-11-18 22:32:48.970 [http-nio-8081-exec-2] INFO  com.qczy.filter.JwtAuthenticationTokenFilter - authenticated user:admin
2025-11-18 22:32:50.957 [http-nio-8081-exec-7] INFO  com.qczy.filter.JwtAuthenticationTokenFilter - checking username:admin
2025-11-18 22:32:50.958 [http-nio-8081-exec-7] INFO  com.qczy.filter.JwtAuthenticationTokenFilter - authenticated user:admin
2025-11-18 22:32:50.963 [http-nio-8081-exec-9] INFO  com.qczy.filter.JwtAuthenticationTokenFilter - checking username:admin
2025-11-18 22:32:50.964 [http-nio-8081-exec-9] INFO  com.qczy.filter.JwtAuthenticationTokenFilter - authenticated user:admin
2025-11-18 22:32:53.952 [http-nio-8081-exec-4] INFO  com.qczy.filter.JwtAuthenticationTokenFilter - checking username:admin
2025-11-18 22:32:53.954 [http-nio-8081-exec-4] INFO  com.qczy.filter.JwtAuthenticationTokenFilter - authenticated user:admin
2025-11-18 22:32:53.957 [http-nio-8081-exec-1] INFO  com.qczy.filter.JwtAuthenticationTokenFilter - checking username:admin
2025-11-18 22:32:53.959 [http-nio-8081-exec-1] INFO  com.qczy.filter.JwtAuthenticationTokenFilter - authenticated user:admin
2025-11-18 22:32:56.950 [http-nio-8081-exec-5] INFO  com.qczy.filter.JwtAuthenticationTokenFilter - checking username:admin
2025-11-18 22:32:56.952 [http-nio-8081-exec-5] INFO  com.qczy.filter.JwtAuthenticationTokenFilter - authenticated user:admin
2025-11-18 22:32:56.955 [http-nio-8081-exec-3] INFO  com.qczy.filter.JwtAuthenticationTokenFilter - checking username:admin
2025-11-18 22:32:56.957 [http-nio-8081-exec-3] INFO  com.qczy.filter.JwtAuthenticationTokenFilter - authenticated user:admin
2025-11-18 22:32:58.963 [http-nio-8081-exec-8] INFO  com.qczy.filter.JwtAuthenticationTokenFilter - checking username:admin
2025-11-18 22:32:58.966 [http-nio-8081-exec-8] INFO  com.qczy.filter.JwtAuthenticationTokenFilter - authenticated user:admin
2025-11-18 22:32:58.969 [http-nio-8081-exec-6] INFO  com.qczy.filter.JwtAuthenticationTokenFilter - checking username:admin
2025-11-18 22:32:58.969 [http-nio-8081-exec-6] INFO  com.qczy.filter.JwtAuthenticationTokenFilter - authenticated user:admin
2025-11-18 22:33:02.955 [http-nio-8081-exec-10] INFO  com.qczy.filter.JwtAuthenticationTokenFilter - checking username:admin
2025-11-18 22:33:02.958 [http-nio-8081-exec-10] INFO  com.qczy.filter.JwtAuthenticationTokenFilter - authenticated user:admin
2025-11-18 22:33:02.963 [http-nio-8081-exec-2] INFO  com.qczy.filter.JwtAuthenticationTokenFilter - checking username:admin
2025-11-18 22:33:02.963 [http-nio-8081-exec-2] INFO  com.qczy.filter.JwtAuthenticationTokenFilter - authenticated user:admin
2025-11-18 22:33:03.953 [http-nio-8081-exec-7] INFO  com.qczy.filter.JwtAuthenticationTokenFilter - checking username:admin
2025-11-18 22:33:03.958 [http-nio-8081-exec-7] INFO  com.qczy.filter.JwtAuthenticationTokenFilter - authenticated user:admin
2025-11-18 22:33:03.962 [http-nio-8081-exec-9] INFO  com.qczy.filter.JwtAuthenticationTokenFilter - checking username:admin
2025-11-18 22:33:03.963 [http-nio-8081-exec-9] INFO  com.qczy.filter.JwtAuthenticationTokenFilter - authenticated user:admin
2025-11-18 22:33:08.970 [http-nio-8081-exec-4] INFO  com.qczy.filter.JwtAuthenticationTokenFilter - checking username:admin
2025-11-18 22:33:08.970 [http-nio-8081-exec-1] INFO  com.qczy.filter.JwtAuthenticationTokenFilter - checking username:admin
2025-11-18 22:33:08.970 [http-nio-8081-exec-1] INFO  com.qczy.filter.JwtAuthenticationTokenFilter - authenticated user:admin
2025-11-18 22:33:08.970 [http-nio-8081-exec-4] INFO  com.qczy.filter.JwtAuthenticationTokenFilter - authenticated user:admin
2025-11-18 22:33:08.975 [http-nio-8081-exec-5] INFO  com.qczy.filter.JwtAuthenticationTokenFilter - checking username:admin
2025-11-18 22:33:08.977 [http-nio-8081-exec-3] INFO  com.qczy.filter.JwtAuthenticationTokenFilter - checking username:admin
2025-11-18 22:33:08.977 [http-nio-8081-exec-5] INFO  com.qczy.filter.JwtAuthenticationTokenFilter - authenticated user:admin
2025-11-18 22:33:08.977 [http-nio-8081-exec-3] INFO  com.qczy.filter.JwtAuthenticationTokenFilter - authenticated user:admin
2025-11-18 22:33:13.957 [http-nio-8081-exec-8] INFO  com.qczy.filter.JwtAuthenticationTokenFilter - checking username:admin
2025-11-18 22:33:13.959 [http-nio-8081-exec-8] INFO  com.qczy.filter.JwtAuthenticationTokenFilter - authenticated user:admin
2025-11-18 22:33:13.964 [http-nio-8081-exec-6] INFO  com.qczy.filter.JwtAuthenticationTokenFilter - checking username:admin
2025-11-18 22:33:13.965 [http-nio-8081-exec-6] INFO  com.qczy.filter.JwtAuthenticationTokenFilter - authenticated user:admin
2025-11-18 22:33:14.956 [http-nio-8081-exec-10] INFO  com.qczy.filter.JwtAuthenticationTokenFilter - checking username:admin
2025-11-18 22:33:14.958 [http-nio-8081-exec-10] INFO  com.qczy.filter.JwtAuthenticationTokenFilter - authenticated user:admin
2025-11-18 22:33:14.962 [http-nio-8081-exec-2] INFO  com.qczy.filter.JwtAuthenticationTokenFilter - checking username:admin
2025-11-18 22:33:14.963 [http-nio-8081-exec-2] INFO  com.qczy.filter.JwtAuthenticationTokenFilter - authenticated user:admin
2025-11-18 22:33:18.951 [http-nio-8081-exec-7] INFO  com.qczy.filter.JwtAuthenticationTokenFilter - checking username:admin
2025-11-18 22:33:18.956 [http-nio-8081-exec-7] INFO  com.qczy.filter.JwtAuthenticationTokenFilter - authenticated user:admin
2025-11-18 22:33:18.960 [http-nio-8081-exec-9] INFO  com.qczy.filter.JwtAuthenticationTokenFilter - checking username:admin
2025-11-18 22:33:18.962 [http-nio-8081-exec-9] INFO  com.qczy.filter.JwtAuthenticationTokenFilter - authenticated user:admin
2025-11-18 22:33:20.948 [http-nio-8081-exec-4] INFO  com.qczy.filter.JwtAuthenticationTokenFilter - checking username:admin
2025-11-18 22:33:20.948 [http-nio-8081-exec-4] INFO  com.qczy.filter.JwtAuthenticationTokenFilter - authenticated user:admin
2025-11-18 22:33:20.957 [http-nio-8081-exec-1] INFO  com.qczy.filter.JwtAuthenticationTokenFilter - checking username:admin
2025-11-18 22:33:20.959 [http-nio-8081-exec-1] INFO  com.qczy.filter.JwtAuthenticationTokenFilter - authenticated user:admin
2025-11-18 22:33:23.955 [http-nio-8081-exec-5] INFO  com.qczy.filter.JwtAuthenticationTokenFilter - checking username:admin
2025-11-18 22:33:23.957 [http-nio-8081-exec-5] INFO  com.qczy.filter.JwtAuthenticationTokenFilter - authenticated user:admin
2025-11-18 22:33:23.961 [http-nio-8081-exec-3] INFO  com.qczy.filter.JwtAuthenticationTokenFilter - checking username:admin
2025-11-18 22:33:23.963 [http-nio-8081-exec-3] INFO  com.qczy.filter.JwtAuthenticationTokenFilter - authenticated user:admin
2025-11-18 22:33:26.961 [http-nio-8081-exec-8] INFO  com.qczy.filter.JwtAuthenticationTokenFilter - checking username:admin
2025-11-18 22:33:26.961 [http-nio-8081-exec-8] INFO  com.qczy.filter.JwtAuthenticationTokenFilter - authenticated user:admin
2025-11-18 22:33:26.961 [http-nio-8081-exec-6] INFO  com.qczy.filter.JwtAuthenticationTokenFilter - checking username:admin
2025-11-18 22:33:26.961 [http-nio-8081-exec-6] INFO  com.qczy.filter.JwtAuthenticationTokenFilter - authenticated user:admin
2025-11-18 22:33:28.966 [http-nio-8081-exec-10] INFO  com.qczy.filter.JwtAuthenticationTokenFilter - checking username:admin
2025-11-18 22:33:28.967 [http-nio-8081-exec-10] INFO  com.qczy.filter.JwtAuthenticationTokenFilter - authenticated user:admin
2025-11-18 22:33:28.973 [http-nio-8081-exec-2] INFO  com.qczy.filter.JwtAuthenticationTokenFilter - checking username:admin
2025-11-18 22:33:28.974 [http-nio-8081-exec-2] INFO  com.qczy.filter.JwtAuthenticationTokenFilter - authenticated user:admin
2025-11-18 22:34:19.967 [http-nio-8081-exec-4] INFO  com.qczy.filter.JwtAuthenticationTokenFilter - checking username:admin
2025-11-18 22:34:19.969 [http-nio-8081-exec-1] INFO  com.qczy.filter.JwtAuthenticationTokenFilter - checking username:admin
2025-11-18 22:34:19.970 [http-nio-8081-exec-4] INFO  com.qczy.filter.JwtAuthenticationTokenFilter - authenticated user:admin
2025-11-18 22:34:19.970 [http-nio-8081-exec-1] INFO  com.qczy.filter.JwtAuthenticationTokenFilter - authenticated user:admin
2025-11-18 22:34:19.976 [http-nio-8081-exec-5] INFO  com.qczy.filter.JwtAuthenticationTokenFilter - checking username:admin
2025-11-18 22:34:19.976 [http-nio-8081-exec-3] INFO  com.qczy.filter.JwtAuthenticationTokenFilter - checking username:admin
2025-11-18 22:34:19.976 [http-nio-8081-exec-3] INFO  com.qczy.filter.JwtAuthenticationTokenFilter - authenticated user:admin
2025-11-18 22:34:19.976 [http-nio-8081-exec-5] INFO  com.qczy.filter.JwtAuthenticationTokenFilter - authenticated user:admin
2025-11-18 22:35:19.978 [http-nio-8081-exec-8] INFO  com.qczy.filter.JwtAuthenticationTokenFilter - checking username:admin
2025-11-18 22:35:19.980 [http-nio-8081-exec-8] INFO  com.qczy.filter.JwtAuthenticationTokenFilter - authenticated user:admin
2025-11-18 22:35:19.984 [http-nio-8081-exec-6] INFO  com.qczy.filter.JwtAuthenticationTokenFilter - checking username:admin
2025-11-18 22:35:19.985 [http-nio-8081-exec-10] INFO  com.qczy.filter.JwtAuthenticationTokenFilter - checking username:admin
2025-11-18 22:35:19.987 [http-nio-8081-exec-6] INFO  com.qczy.filter.JwtAuthenticationTokenFilter - authenticated user:admin
2025-11-18 22:35:19.988 [http-nio-8081-exec-10] INFO  com.qczy.filter.JwtAuthenticationTokenFilter - authenticated user:admin
2025-11-18 22:35:19.991 [http-nio-8081-exec-2] INFO  com.qczy.filter.JwtAuthenticationTokenFilter - checking username:admin
2025-11-18 22:35:19.991 [http-nio-8081-exec-2] INFO  com.qczy.filter.JwtAuthenticationTokenFilter - authenticated user:admin
2025-11-18 22:36:19.956 [http-nio-8081-exec-7] INFO  com.qczy.filter.JwtAuthenticationTokenFilter - checking username:admin
2025-11-18 22:36:19.958 [http-nio-8081-exec-4] INFO  com.qczy.filter.JwtAuthenticationTokenFilter - checking username:admin
2025-11-18 22:36:19.958 [http-nio-8081-exec-7] INFO  com.qczy.filter.JwtAuthenticationTokenFilter - authenticated user:admin
2025-11-18 22:36:19.958 [http-nio-8081-exec-4] INFO  com.qczy.filter.JwtAuthenticationTokenFilter - authenticated user:admin
2025-11-18 22:36:19.964 [http-nio-8081-exec-1] INFO  com.qczy.filter.JwtAuthenticationTokenFilter - checking username:admin
2025-11-18 22:36:19.964 [http-nio-8081-exec-3] INFO  com.qczy.filter.JwtAuthenticationTokenFilter - checking username:admin
2025-11-18 22:36:19.964 [http-nio-8081-exec-1] INFO  com.qczy.filter.JwtAuthenticationTokenFilter - authenticated user:admin
2025-11-18 22:36:19.964 [http-nio-8081-exec-3] INFO  com.qczy.filter.JwtAuthenticationTokenFilter - authenticated user:admin
2025-11-18 22:37:19.958 [http-nio-8081-exec-8] INFO  com.qczy.filter.JwtAuthenticationTokenFilter - checking username:admin
2025-11-18 22:37:19.958 [http-nio-8081-exec-5] INFO  com.qczy.filter.JwtAuthenticationTokenFilter - checking username:admin
2025-11-18 22:37:19.959 [http-nio-8081-exec-8] INFO  com.qczy.filter.JwtAuthenticationTokenFilter - authenticated user:admin
2025-11-18 22:37:19.959 [http-nio-8081-exec-5] INFO  com.qczy.filter.JwtAuthenticationTokenFilter - authenticated user:admin
2025-11-18 22:37:19.965 [http-nio-8081-exec-6] INFO  com.qczy.filter.JwtAuthenticationTokenFilter - checking username:admin
2025-11-18 22:37:19.965 [http-nio-8081-exec-10] INFO  com.qczy.filter.JwtAuthenticationTokenFilter - checking username:admin
2025-11-18 22:37:19.966 [http-nio-8081-exec-10] INFO  com.qczy.filter.JwtAuthenticationTokenFilter - authenticated user:admin
2025-11-18 22:37:19.966 [http-nio-8081-exec-6] INFO  com.qczy.filter.JwtAuthenticationTokenFilter - authenticated user:admin
2025-11-18 22:38:19.968 [http-nio-8081-exec-2] INFO  com.qczy.filter.JwtAuthenticationTokenFilter - checking username:admin
2025-11-18 22:38:19.970 [http-nio-8081-exec-9] INFO  com.qczy.filter.JwtAuthenticationTokenFilter - checking username:admin
2025-11-18 22:38:19.970 [http-nio-8081-exec-2] INFO  com.qczy.filter.JwtAuthenticationTokenFilter - authenticated user:admin
2025-11-18 22:38:19.973 [http-nio-8081-exec-9] INFO  com.qczy.filter.JwtAuthenticationTokenFilter - authenticated user:admin
2025-11-18 22:38:19.976 [http-nio-8081-exec-4] INFO  com.qczy.filter.JwtAuthenticationTokenFilter - checking username:admin
2025-11-18 22:38:19.976 [http-nio-8081-exec-7] INFO  com.qczy.filter.JwtAuthenticationTokenFilter - checking username:admin
2025-11-18 22:38:19.979 [http-nio-8081-exec-4] INFO  com.qczy.filter.JwtAuthenticationTokenFilter - authenticated user:admin
2025-11-18 22:38:19.980 [http-nio-8081-exec-7] INFO  com.qczy.filter.JwtAuthenticationTokenFilter - authenticated user:admin
2025-11-18 22:39:19.956 [http-nio-8081-exec-1] INFO  com.qczy.filter.JwtAuthenticationTokenFilter - checking username:admin
2025-11-18 22:39:19.956 [http-nio-8081-exec-5] INFO  com.qczy.filter.JwtAuthenticationTokenFilter - checking username:admin
2025-11-18 22:39:19.958 [http-nio-8081-exec-5] INFO  com.qczy.filter.JwtAuthenticationTokenFilter - authenticated user:admin
2025-11-18 22:39:19.958 [http-nio-8081-exec-1] INFO  com.qczy.filter.JwtAuthenticationTokenFilter - authenticated user:admin
2025-11-18 22:39:19.965 [http-nio-8081-exec-8] INFO  com.qczy.filter.JwtAuthenticationTokenFilter - checking username:admin
2025-11-18 22:39:19.965 [http-nio-8081-exec-6] INFO  com.qczy.filter.JwtAuthenticationTokenFilter - checking username:admin
2025-11-18 22:39:19.966 [http-nio-8081-exec-6] INFO  com.qczy.filter.JwtAuthenticationTokenFilter - authenticated user:admin
2025-11-18 22:39:19.966 [http-nio-8081-exec-8] INFO  com.qczy.filter.JwtAuthenticationTokenFilter - authenticated user:admin
2025-11-18 22:40:19.993 [http-nio-8081-exec-10] INFO  com.qczy.filter.JwtAuthenticationTokenFilter - checking username:admin
2025-11-18 22:40:19.996 [http-nio-8081-exec-10] INFO  com.qczy.filter.JwtAuthenticationTokenFilter - authenticated user:admin
2025-11-18 22:40:19.999 [http-nio-8081-exec-2] INFO  com.qczy.filter.JwtAuthenticationTokenFilter - checking username:admin
2025-11-18 22:40:20.001 [http-nio-8081-exec-2] INFO  com.qczy.filter.JwtAuthenticationTokenFilter - authenticated user:admin
2025-11-18 22:40:20.002 [http-nio-8081-exec-9] INFO  com.qczy.filter.JwtAuthenticationTokenFilter - checking username:admin
2025-11-18 22:40:20.005 [http-nio-8081-exec-9] INFO  com.qczy.filter.JwtAuthenticationTokenFilter - authenticated user:admin
2025-11-18 22:40:20.009 [http-nio-8081-exec-4] INFO  com.qczy.filter.JwtAuthenticationTokenFilter - checking username:admin
2025-11-18 22:40:20.012 [http-nio-8081-exec-4] INFO  com.qczy.filter.JwtAuthenticationTokenFilter - authenticated user:admin
2025-11-18 22:41:16.673 [http-nio-8081-exec-3] INFO  com.qczy.filter.JwtAuthenticationTokenFilter - checking username:admin
2025-11-18 22:41:16.673 [http-nio-8081-exec-1] INFO  com.qczy.filter.JwtAuthenticationTokenFilter - checking username:admin
2025-11-18 22:41:16.674 [http-nio-8081-exec-1] INFO  com.qczy.filter.JwtAuthenticationTokenFilter - authenticated user:admin
2025-11-18 22:41:16.674 [http-nio-8081-exec-3] INFO  com.qczy.filter.JwtAuthenticationTokenFilter - authenticated user:admin
2025-11-18 22:41:16.680 [http-nio-8081-exec-5] INFO  com.qczy.filter.JwtAuthenticationTokenFilter - checking username:admin
2025-11-18 22:41:16.681 [http-nio-8081-exec-6] INFO  com.qczy.filter.JwtAuthenticationTokenFilter - checking username:admin
2025-11-18 22:41:16.681 [http-nio-8081-exec-5] INFO  com.qczy.filter.JwtAuthenticationTokenFilter - authenticated user:admin
2025-11-18 22:41:16.684 [http-nio-8081-exec-6] INFO  com.qczy.filter.JwtAuthenticationTokenFilter - authenticated user:admin
2025-11-18 22:41:18.084 [http-nio-8081-exec-8] INFO  com.qczy.filter.JwtAuthenticationTokenFilter - checking username:admin
2025-11-18 22:41:18.088 [http-nio-8081-exec-8] INFO  com.qczy.filter.JwtAuthenticationTokenFilter - authenticated user:admin
2025-11-18 22:41:18.094 [http-nio-8081-exec-10] INFO  com.qczy.filter.JwtAuthenticationTokenFilter - checking username:admin
2025-11-18 22:41:18.094 [http-nio-8081-exec-10] INFO  com.qczy.filter.JwtAuthenticationTokenFilter - authenticated user:admin
2025-11-18 22:41:20.959 [http-nio-8081-exec-2] INFO  com.qczy.filter.JwtAuthenticationTokenFilter - checking username:admin
2025-11-18 22:41:20.963 [http-nio-8081-exec-2] INFO  com.qczy.filter.JwtAuthenticationTokenFilter - authenticated user:admin
2025-11-18 22:41:20.968 [http-nio-8081-exec-9] INFO  com.qczy.filter.JwtAuthenticationTokenFilter - checking username:admin
2025-11-18 22:41:20.970 [http-nio-8081-exec-9] INFO  com.qczy.filter.JwtAuthenticationTokenFilter - authenticated user:admin
2025-11-18 22:41:23.958 [http-nio-8081-exec-4] INFO  com.qczy.filter.JwtAuthenticationTokenFilter - checking username:admin
2025-11-18 22:41:23.958 [http-nio-8081-exec-4] INFO  com.qczy.filter.JwtAuthenticationTokenFilter - authenticated user:admin
2025-11-18 22:41:23.964 [http-nio-8081-exec-7] INFO  com.qczy.filter.JwtAuthenticationTokenFilter - checking username:admin
2025-11-18 22:41:23.965 [http-nio-8081-exec-7] INFO  com.qczy.filter.JwtAuthenticationTokenFilter - authenticated user:admin
2025-11-18 22:41:26.955 [http-nio-8081-exec-3] INFO  com.qczy.filter.JwtAuthenticationTokenFilter - checking username:admin
2025-11-18 22:41:26.955 [http-nio-8081-exec-3] INFO  com.qczy.filter.JwtAuthenticationTokenFilter - authenticated user:admin
2025-11-18 22:41:26.965 [http-nio-8081-exec-1] INFO  com.qczy.filter.JwtAuthenticationTokenFilter - checking username:admin
2025-11-18 22:41:26.969 [http-nio-8081-exec-1] INFO  com.qczy.filter.JwtAuthenticationTokenFilter - authenticated user:admin
2025-11-18 22:41:28.954 [http-nio-8081-exec-5] INFO  com.qczy.filter.JwtAuthenticationTokenFilter - checking username:admin
2025-11-18 22:41:28.956 [http-nio-8081-exec-5] INFO  com.qczy.filter.JwtAuthenticationTokenFilter - authenticated user:admin
2025-11-18 22:41:28.960 [http-nio-8081-exec-6] INFO  com.qczy.filter.JwtAuthenticationTokenFilter - checking username:admin
2025-11-18 22:41:28.961 [http-nio-8081-exec-6] INFO  com.qczy.filter.JwtAuthenticationTokenFilter - authenticated user:admin
2025-11-18 22:41:32.957 [http-nio-8081-exec-8] INFO  com.qczy.filter.JwtAuthenticationTokenFilter - checking username:admin
2025-11-18 22:41:32.957 [http-nio-8081-exec-8] INFO  com.qczy.filter.JwtAuthenticationTokenFilter - authenticated user:admin
2025-11-18 22:41:32.968 [http-nio-8081-exec-10] INFO  com.qczy.filter.JwtAuthenticationTokenFilter - checking username:admin
2025-11-18 22:41:32.968 [http-nio-8081-exec-10] INFO  com.qczy.filter.JwtAuthenticationTokenFilter - authenticated user:admin
2025-11-18 22:41:33.957 [http-nio-8081-exec-2] INFO  com.qczy.filter.JwtAuthenticationTokenFilter - checking username:admin
2025-11-18 22:41:33.958 [http-nio-8081-exec-2] INFO  com.qczy.filter.JwtAuthenticationTokenFilter - authenticated user:admin
2025-11-18 22:41:33.963 [http-nio-8081-exec-9] INFO  com.qczy.filter.JwtAuthenticationTokenFilter - checking username:admin
2025-11-18 22:41:33.964 [http-nio-8081-exec-9] INFO  com.qczy.filter.JwtAuthenticationTokenFilter - authenticated user:admin
2025-11-18 22:41:38.957 [http-nio-8081-exec-4] INFO  com.qczy.filter.JwtAuthenticationTokenFilter - checking username:admin
2025-11-18 22:41:38.957 [http-nio-8081-exec-7] INFO  com.qczy.filter.JwtAuthenticationTokenFilter - checking username:admin
2025-11-18 22:41:38.965 [http-nio-8081-exec-4] INFO  com.qczy.filter.JwtAuthenticationTokenFilter - authenticated user:admin
2025-11-18 22:41:38.965 [http-nio-8081-exec-7] INFO  com.qczy.filter.JwtAuthenticationTokenFilter - authenticated user:admin
2025-11-18 22:41:38.969 [http-nio-8081-exec-3] INFO  com.qczy.filter.JwtAuthenticationTokenFilter - checking username:admin
2025-11-18 22:41:38.969 [http-nio-8081-exec-1] INFO  com.qczy.filter.JwtAuthenticationTokenFilter - checking username:admin
2025-11-18 22:41:38.971 [http-nio-8081-exec-3] INFO  com.qczy.filter.JwtAuthenticationTokenFilter - authenticated user:admin
2025-11-18 22:41:38.971 [http-nio-8081-exec-1] INFO  com.qczy.filter.JwtAuthenticationTokenFilter - authenticated user:admin
2025-11-18 22:41:43.960 [http-nio-8081-exec-5] INFO  com.qczy.filter.JwtAuthenticationTokenFilter - checking username:admin
2025-11-18 22:41:43.960 [http-nio-8081-exec-5] INFO  com.qczy.filter.JwtAuthenticationTokenFilter - authenticated user:admin
2025-11-18 22:41:43.967 [http-nio-8081-exec-6] INFO  com.qczy.filter.JwtAuthenticationTokenFilter - checking username:admin
2025-11-18 22:41:43.969 [http-nio-8081-exec-6] INFO  com.qczy.filter.JwtAuthenticationTokenFilter - authenticated user:admin
2025-11-18 22:41:44.961 [http-nio-8081-exec-8] INFO  com.qczy.filter.JwtAuthenticationTokenFilter - checking username:admin
2025-11-18 22:41:44.964 [http-nio-8081-exec-8] INFO  com.qczy.filter.JwtAuthenticationTokenFilter - authenticated user:admin
2025-11-18 22:41:44.969 [http-nio-8081-exec-10] INFO  com.qczy.filter.JwtAuthenticationTokenFilter - checking username:admin
2025-11-18 22:41:44.969 [http-nio-8081-exec-10] INFO  com.qczy.filter.JwtAuthenticationTokenFilter - authenticated user:admin
2025-11-18 22:41:48.962 [http-nio-8081-exec-2] INFO  com.qczy.filter.JwtAuthenticationTokenFilter - checking username:admin
2025-11-18 22:41:48.963 [http-nio-8081-exec-2] INFO  com.qczy.filter.JwtAuthenticationTokenFilter - authenticated user:admin
2025-11-18 22:41:48.967 [http-nio-8081-exec-9] INFO  com.qczy.filter.JwtAuthenticationTokenFilter - checking username:admin
2025-11-18 22:41:48.969 [http-nio-8081-exec-9] INFO  com.qczy.filter.JwtAuthenticationTokenFilter - authenticated user:admin
2025-11-18 22:41:50.949 [http-nio-8081-exec-7] INFO  com.qczy.filter.JwtAuthenticationTokenFilter - checking username:admin
2025-11-18 22:41:50.949 [http-nio-8081-exec-7] INFO  com.qczy.filter.JwtAuthenticationTokenFilter - authenticated user:admin
2025-11-18 22:41:50.961 [http-nio-8081-exec-4] INFO  com.qczy.filter.JwtAuthenticationTokenFilter - checking username:admin
2025-11-18 22:41:50.961 [http-nio-8081-exec-4] INFO  com.qczy.filter.JwtAuthenticationTokenFilter - authenticated user:admin
2025-11-18 22:41:53.954 [http-nio-8081-exec-1] INFO  com.qczy.filter.JwtAuthenticationTokenFilter - checking username:admin
2025-11-18 22:41:53.957 [http-nio-8081-exec-1] INFO  com.qczy.filter.JwtAuthenticationTokenFilter - authenticated user:admin
2025-11-18 22:41:53.962 [http-nio-8081-exec-3] INFO  com.qczy.filter.JwtAuthenticationTokenFilter - checking username:admin
2025-11-18 22:41:53.964 [http-nio-8081-exec-3] INFO  com.qczy.filter.JwtAuthenticationTokenFilter - authenticated user:admin
2025-11-18 22:41:56.952 [http-nio-8081-exec-5] INFO  com.qczy.filter.JwtAuthenticationTokenFilter - checking username:admin
2025-11-18 22:41:56.957 [http-nio-8081-exec-5] INFO  com.qczy.filter.JwtAuthenticationTokenFilter - authenticated user:admin
2025-11-18 22:41:56.962 [http-nio-8081-exec-6] INFO  com.qczy.filter.JwtAuthenticationTokenFilter - checking username:admin
2025-11-18 22:41:56.962 [http-nio-8081-exec-6] INFO  com.qczy.filter.JwtAuthenticationTokenFilter - authenticated user:admin
2025-11-18 22:41:58.954 [http-nio-8081-exec-8] INFO  com.qczy.filter.JwtAuthenticationTokenFilter - checking username:admin
2025-11-18 22:41:58.957 [http-nio-8081-exec-8] INFO  com.qczy.filter.JwtAuthenticationTokenFilter - authenticated user:admin
2025-11-18 22:41:58.961 [http-nio-8081-exec-10] INFO  com.qczy.filter.JwtAuthenticationTokenFilter - checking username:admin
2025-11-18 22:41:58.961 [http-nio-8081-exec-10] INFO  com.qczy.filter.JwtAuthenticationTokenFilter - authenticated user:admin
2025-11-18 22:42:02.952 [http-nio-8081-exec-2] INFO  com.qczy.filter.JwtAuthenticationTokenFilter - checking username:admin
2025-11-18 22:42:02.953 [http-nio-8081-exec-2] INFO  com.qczy.filter.JwtAuthenticationTokenFilter - authenticated user:admin
2025-11-18 22:42:02.958 [http-nio-8081-exec-9] INFO  com.qczy.filter.JwtAuthenticationTokenFilter - checking username:admin
2025-11-18 22:42:02.959 [http-nio-8081-exec-9] INFO  com.qczy.filter.JwtAuthenticationTokenFilter - authenticated user:admin
2025-11-18 22:42:03.960 [http-nio-8081-exec-7] INFO  com.qczy.filter.JwtAuthenticationTokenFilter - checking username:admin
2025-11-18 22:42:03.960 [http-nio-8081-exec-7] INFO  com.qczy.filter.JwtAuthenticationTokenFilter - authenticated user:admin
2025-11-18 22:42:03.966 [http-nio-8081-exec-4] INFO  com.qczy.filter.JwtAuthenticationTokenFilter - checking username:admin
2025-11-18 22:42:03.967 [http-nio-8081-exec-4] INFO  com.qczy.filter.JwtAuthenticationTokenFilter - authenticated user:admin
2025-11-18 22:42:08.963 [http-nio-8081-exec-1] INFO  com.qczy.filter.JwtAuthenticationTokenFilter - checking username:admin
2025-11-18 22:42:08.963 [http-nio-8081-exec-3] INFO  com.qczy.filter.JwtAuthenticationTokenFilter - checking username:admin
2025-11-18 22:42:08.965 [http-nio-8081-exec-3] INFO  com.qczy.filter.JwtAuthenticationTokenFilter - authenticated user:admin
2025-11-18 22:42:08.965 [http-nio-8081-exec-1] INFO  com.qczy.filter.JwtAuthenticationTokenFilter - authenticated user:admin
2025-11-18 22:42:08.970 [http-nio-8081-exec-5] INFO  com.qczy.filter.JwtAuthenticationTokenFilter - checking username:admin
2025-11-18 22:42:08.970 [http-nio-8081-exec-6] INFO  com.qczy.filter.JwtAuthenticationTokenFilter - checking username:admin
2025-11-18 22:42:08.972 [http-nio-8081-exec-5] INFO  com.qczy.filter.JwtAuthenticationTokenFilter - authenticated user:admin
2025-11-18 22:42:08.972 [http-nio-8081-exec-6] INFO  com.qczy.filter.JwtAuthenticationTokenFilter - authenticated user:admin
2025-11-18 22:42:13.953 [http-nio-8081-exec-8] INFO  com.qczy.filter.JwtAuthenticationTokenFilter - checking username:admin
2025-11-18 22:42:13.955 [http-nio-8081-exec-8] INFO  com.qczy.filter.JwtAuthenticationTokenFilter - authenticated user:admin
2025-11-18 22:42:13.959 [http-nio-8081-exec-10] INFO  com.qczy.filter.JwtAuthenticationTokenFilter - checking username:admin
2025-11-18 22:42:13.961 [http-nio-8081-exec-10] INFO  com.qczy.filter.JwtAuthenticationTokenFilter - authenticated user:admin
2025-11-18 22:42:14.949 [http-nio-8081-exec-2] INFO  com.qczy.filter.JwtAuthenticationTokenFilter - checking username:admin
2025-11-18 22:42:14.949 [http-nio-8081-exec-2] INFO  com.qczy.filter.JwtAuthenticationTokenFilter - authenticated user:admin
2025-11-18 22:42:14.958 [http-nio-8081-exec-9] INFO  com.qczy.filter.JwtAuthenticationTokenFilter - checking username:admin
2025-11-18 22:42:14.959 [http-nio-8081-exec-9] INFO  com.qczy.filter.JwtAuthenticationTokenFilter - authenticated user:admin
2025-11-18 22:42:19.953 [http-nio-8081-exec-7] INFO  com.qczy.filter.JwtAuthenticationTokenFilter - checking username:admin
2025-11-18 22:42:19.955 [http-nio-8081-exec-7] INFO  com.qczy.filter.JwtAuthenticationTokenFilter - authenticated user:admin
2025-11-18 22:42:19.959 [http-nio-8081-exec-4] INFO  com.qczy.filter.JwtAuthenticationTokenFilter - checking username:admin
2025-11-18 22:42:19.961 [http-nio-8081-exec-4] INFO  com.qczy.filter.JwtAuthenticationTokenFilter - authenticated user:admin
2025-11-18 22:43:19.961 [http-nio-8081-exec-6] INFO  com.qczy.filter.JwtAuthenticationTokenFilter - checking username:admin
2025-11-18 22:43:19.961 [http-nio-8081-exec-5] INFO  com.qczy.filter.JwtAuthenticationTokenFilter - checking username:admin
2025-11-18 22:43:19.961 [http-nio-8081-exec-5] INFO  com.qczy.filter.JwtAuthenticationTokenFilter - authenticated user:admin
2025-11-18 22:43:19.961 [http-nio-8081-exec-6] INFO  com.qczy.filter.JwtAuthenticationTokenFilter - authenticated user:admin
2025-11-18 22:43:19.970 [http-nio-8081-exec-10] INFO  com.qczy.filter.JwtAuthenticationTokenFilter - checking username:admin
2025-11-18 22:43:19.970 [http-nio-8081-exec-8] INFO  com.qczy.filter.JwtAuthenticationTokenFilter - checking username:admin
2025-11-18 22:43:19.971 [http-nio-8081-exec-10] INFO  com.qczy.filter.JwtAuthenticationTokenFilter - authenticated user:admin
2025-11-18 22:43:19.971 [http-nio-8081-exec-8] INFO  com.qczy.filter.JwtAuthenticationTokenFilter - authenticated user:admin
2025-11-18 22:44:19.962 [http-nio-8081-exec-2] INFO  com.qczy.filter.JwtAuthenticationTokenFilter - checking username:admin
2025-11-18 22:44:19.964 [http-nio-8081-exec-2] INFO  com.qczy.filter.JwtAuthenticationTokenFilter - authenticated user:admin
2025-11-18 22:44:19.965 [http-nio-8081-exec-9] INFO  com.qczy.filter.JwtAuthenticationTokenFilter - checking username:admin
2025-11-18 22:44:19.967 [http-nio-8081-exec-9] INFO  com.qczy.filter.JwtAuthenticationTokenFilter - authenticated user:admin
2025-11-18 22:44:19.971 [http-nio-8081-exec-7] INFO  com.qczy.filter.JwtAuthenticationTokenFilter - checking username:admin
2025-11-18 22:44:19.973 [http-nio-8081-exec-4] INFO  com.qczy.filter.JwtAuthenticationTokenFilter - checking username:admin
2025-11-18 22:44:19.973 [http-nio-8081-exec-7] INFO  com.qczy.filter.JwtAuthenticationTokenFilter - authenticated user:admin
2025-11-18 22:44:19.975 [http-nio-8081-exec-4] INFO  com.qczy.filter.JwtAuthenticationTokenFilter - authenticated user:admin
2025-11-18 22:45:19.961 [http-nio-8081-exec-1] INFO  com.qczy.filter.JwtAuthenticationTokenFilter - checking username:admin
2025-11-18 22:45:19.965 [http-nio-8081-exec-1] INFO  com.qczy.filter.JwtAuthenticationTokenFilter - authenticated user:admin
2025-11-18 22:45:19.973 [http-nio-8081-exec-5] INFO  com.qczy.filter.JwtAuthenticationTokenFilter - checking username:admin
2025-11-18 22:45:19.973 [http-nio-8081-exec-3] INFO  com.qczy.filter.JwtAuthenticationTokenFilter - checking username:admin
2025-11-18 22:45:19.975 [http-nio-8081-exec-3] INFO  com.qczy.filter.JwtAuthenticationTokenFilter - authenticated user:admin
2025-11-18 22:45:19.975 [http-nio-8081-exec-5] INFO  com.qczy.filter.JwtAuthenticationTokenFilter - authenticated user:admin
2025-11-18 22:45:19.979 [http-nio-8081-exec-6] INFO  com.qczy.filter.JwtAuthenticationTokenFilter - checking username:admin
2025-11-18 22:45:19.981 [http-nio-8081-exec-6] INFO  com.qczy.filter.JwtAuthenticationTokenFilter - authenticated user:admin
2025-11-18 22:46:19.958 [http-nio-8081-exec-10] INFO  com.qczy.filter.JwtAuthenticationTokenFilter - checking username:admin
2025-11-18 22:46:19.958 [http-nio-8081-exec-2] INFO  com.qczy.filter.JwtAuthenticationTokenFilter - checking username:admin
2025-11-18 22:46:19.963 [http-nio-8081-exec-10] INFO  com.qczy.filter.JwtAuthenticationTokenFilter - authenticated user:admin
2025-11-18 22:46:19.964 [http-nio-8081-exec-2] INFO  com.qczy.filter.JwtAuthenticationTokenFilter - authenticated user:admin
2025-11-18 22:46:19.964 [http-nio-8081-exec-9] INFO  com.qczy.filter.JwtAuthenticationTokenFilter - checking username:admin
2025-11-18 22:46:19.970 [http-nio-8081-exec-7] INFO  com.qczy.filter.JwtAuthenticationTokenFilter - checking username:admin
2025-11-18 22:46:19.970 [http-nio-8081-exec-9] INFO  com.qczy.filter.JwtAuthenticationTokenFilter - authenticated user:admin
2025-11-18 22:46:19.972 [http-nio-8081-exec-7] INFO  com.qczy.filter.JwtAuthenticationTokenFilter - authenticated user:admin
2025-11-18 22:47:19.958 [http-nio-8081-exec-4] INFO  com.qczy.filter.JwtAuthenticationTokenFilter - checking username:admin
2025-11-18 22:47:19.959 [http-nio-8081-exec-1] INFO  com.qczy.filter.JwtAuthenticationTokenFilter - checking username:admin
2025-11-18 22:47:19.959 [http-nio-8081-exec-4] INFO  com.qczy.filter.JwtAuthenticationTokenFilter - authenticated user:admin
2025-11-18 22:47:19.961 [http-nio-8081-exec-1] INFO  com.qczy.filter.JwtAuthenticationTokenFilter - authenticated user:admin
2025-11-18 22:47:19.965 [http-nio-8081-exec-3] INFO  com.qczy.filter.JwtAuthenticationTokenFilter - checking username:admin
2025-11-18 22:47:19.966 [http-nio-8081-exec-3] INFO  com.qczy.filter.JwtAuthenticationTokenFilter - authenticated user:admin
2025-11-18 22:47:19.966 [http-nio-8081-exec-5] INFO  com.qczy.filter.JwtAuthenticationTokenFilter - checking username:admin
2025-11-18 22:47:19.968 [http-nio-8081-exec-5] INFO  com.qczy.filter.JwtAuthenticationTokenFilter - authenticated user:admin
2025-11-18 22:48:19.961 [http-nio-8081-exec-8] INFO  com.qczy.filter.JwtAuthenticationTokenFilter - checking username:admin
2025-11-18 22:48:19.962 [http-nio-8081-exec-10] INFO  com.qczy.filter.JwtAuthenticationTokenFilter - checking username:admin
2025-11-18 22:48:19.963 [http-nio-8081-exec-8] INFO  com.qczy.filter.JwtAuthenticationTokenFilter - authenticated user:admin
2025-11-18 22:48:19.964 [http-nio-8081-exec-10] INFO  com.qczy.filter.JwtAuthenticationTokenFilter - authenticated user:admin
2025-11-18 22:48:19.968 [http-nio-8081-exec-2] INFO  com.qczy.filter.JwtAuthenticationTokenFilter - checking username:admin
2025-11-18 22:48:19.969 [http-nio-8081-exec-9] INFO  com.qczy.filter.JwtAuthenticationTokenFilter - checking username:admin
2025-11-18 22:48:19.969 [http-nio-8081-exec-2] INFO  com.qczy.filter.JwtAuthenticationTokenFilter - authenticated user:admin
2025-11-18 22:48:19.970 [http-nio-8081-exec-9] INFO  com.qczy.filter.JwtAuthenticationTokenFilter - authenticated user:admin
2025-11-18 22:49:19.958 [http-nio-8081-exec-7] INFO  com.qczy.filter.JwtAuthenticationTokenFilter - checking username:admin
2025-11-18 22:49:19.958 [http-nio-8081-exec-4] INFO  com.qczy.filter.JwtAuthenticationTokenFilter - checking username:admin
2025-11-18 22:49:19.959 [http-nio-8081-exec-4] INFO  com.qczy.filter.JwtAuthenticationTokenFilter - authenticated user:admin
2025-11-18 22:49:19.959 [http-nio-8081-exec-7] INFO  com.qczy.filter.JwtAuthenticationTokenFilter - authenticated user:admin
2025-11-18 22:49:19.963 [http-nio-8081-exec-3] INFO  com.qczy.filter.JwtAuthenticationTokenFilter - checking username:admin
2025-11-18 22:49:19.963 [http-nio-8081-exec-1] INFO  com.qczy.filter.JwtAuthenticationTokenFilter - checking username:admin
2025-11-18 22:49:19.965 [http-nio-8081-exec-3] INFO  com.qczy.filter.JwtAuthenticationTokenFilter - authenticated user:admin
2025-11-18 22:49:19.965 [http-nio-8081-exec-1] INFO  com.qczy.filter.JwtAuthenticationTokenFilter - authenticated user:admin
2025-11-18 22:50:19.977 [http-nio-8081-exec-5] INFO  com.qczy.filter.JwtAuthenticationTokenFilter - checking username:admin
2025-11-18 22:50:19.979 [http-nio-8081-exec-5] INFO  com.qczy.filter.JwtAuthenticationTokenFilter - authenticated user:admin
2025-11-18 22:50:19.984 [http-nio-8081-exec-6] INFO  com.qczy.filter.JwtAuthenticationTokenFilter - checking username:admin
2025-11-18 22:50:19.984 [http-nio-8081-exec-10] INFO  com.qczy.filter.JwtAuthenticationTokenFilter - checking username:admin
2025-11-18 22:50:19.985 [http-nio-8081-exec-10] INFO  com.qczy.filter.JwtAuthenticationTokenFilter - authenticated user:admin
2025-11-18 22:50:19.985 [http-nio-8081-exec-6] INFO  com.qczy.filter.JwtAuthenticationTokenFilter - authenticated user:admin
2025-11-18 22:50:19.989 [http-nio-8081-exec-8] INFO  com.qczy.filter.JwtAuthenticationTokenFilter - checking username:admin
2025-11-18 22:50:19.992 [http-nio-8081-exec-8] INFO  com.qczy.filter.JwtAuthenticationTokenFilter - authenticated user:admin
2025-11-18 22:51:19.974 [http-nio-8081-exec-9] INFO  com.qczy.filter.JwtAuthenticationTokenFilter - checking username:admin
2025-11-18 22:51:19.975 [http-nio-8081-exec-4] INFO  com.qczy.filter.JwtAuthenticationTokenFilter - checking username:admin
2025-11-18 22:51:19.975 [http-nio-8081-exec-9] INFO  com.qczy.filter.JwtAuthenticationTokenFilter - authenticated user:admin
2025-11-18 22:51:19.976 [http-nio-8081-exec-4] INFO  com.qczy.filter.JwtAuthenticationTokenFilter - authenticated user:admin
2025-11-18 22:51:19.979 [http-nio-8081-exec-7] INFO  com.qczy.filter.JwtAuthenticationTokenFilter - checking username:admin
2025-11-18 22:51:19.982 [http-nio-8081-exec-1] INFO  com.qczy.filter.JwtAuthenticationTokenFilter - checking username:admin
2025-11-18 22:51:19.982 [http-nio-8081-exec-7] INFO  com.qczy.filter.JwtAuthenticationTokenFilter - authenticated user:admin
2025-11-18 22:51:19.984 [http-nio-8081-exec-1] INFO  com.qczy.filter.JwtAuthenticationTokenFilter - authenticated user:admin
2025-11-18 22:52:19.958 [http-nio-8081-exec-3] INFO  com.qczy.filter.JwtAuthenticationTokenFilter - checking username:admin
2025-11-18 22:52:19.960 [http-nio-8081-exec-3] INFO  com.qczy.filter.JwtAuthenticationTokenFilter - authenticated user:admin
2025-11-18 22:52:19.960 [http-nio-8081-exec-5] INFO  com.qczy.filter.JwtAuthenticationTokenFilter - checking username:admin
2025-11-18 22:52:19.963 [http-nio-8081-exec-5] INFO  com.qczy.filter.JwtAuthenticationTokenFilter - authenticated user:admin
2025-11-18 22:52:19.966 [http-nio-8081-exec-10] INFO  com.qczy.filter.JwtAuthenticationTokenFilter - checking username:admin
2025-11-18 22:52:19.967 [http-nio-8081-exec-10] INFO  com.qczy.filter.JwtAuthenticationTokenFilter - authenticated user:admin
2025-11-18 22:52:19.968 [http-nio-8081-exec-6] INFO  com.qczy.filter.JwtAuthenticationTokenFilter - checking username:admin
2025-11-18 22:52:19.969 [http-nio-8081-exec-6] INFO  com.qczy.filter.JwtAuthenticationTokenFilter - authenticated user:admin
2025-11-18 22:53:19.961 [http-nio-8081-exec-2] INFO  com.qczy.filter.JwtAuthenticationTokenFilter - checking username:admin
2025-11-18 22:53:19.961 [http-nio-8081-exec-8] INFO  com.qczy.filter.JwtAuthenticationTokenFilter - checking username:admin
2025-11-18 22:53:19.961 [http-nio-8081-exec-2] INFO  com.qczy.filter.JwtAuthenticationTokenFilter - authenticated user:admin
2025-11-18 22:53:19.961 [http-nio-8081-exec-8] INFO  com.qczy.filter.JwtAuthenticationTokenFilter - authenticated user:admin
2025-11-18 22:53:19.967 [http-nio-8081-exec-9] INFO  com.qczy.filter.JwtAuthenticationTokenFilter - checking username:admin
2025-11-18 22:53:19.967 [http-nio-8081-exec-4] INFO  com.qczy.filter.JwtAuthenticationTokenFilter - checking username:admin
2025-11-18 22:53:19.970 [http-nio-8081-exec-9] INFO  com.qczy.filter.JwtAuthenticationTokenFilter - authenticated user:admin
2025-11-18 22:53:19.970 [http-nio-8081-exec-4] INFO  com.qczy.filter.JwtAuthenticationTokenFilter - authenticated user:admin
2025-11-18 22:54:19.966 [http-nio-8081-exec-7] INFO  com.qczy.filter.JwtAuthenticationTokenFilter - checking username:admin
2025-11-18 22:54:19.968 [http-nio-8081-exec-1] INFO  com.qczy.filter.JwtAuthenticationTokenFilter - checking username:admin
2025-11-18 22:54:19.969 [http-nio-8081-exec-7] INFO  com.qczy.filter.JwtAuthenticationTokenFilter - authenticated user:admin
2025-11-18 22:54:19.971 [http-nio-8081-exec-1] INFO  com.qczy.filter.JwtAuthenticationTokenFilter - authenticated user:admin
2025-11-18 22:54:19.973 [http-nio-8081-exec-3] INFO  com.qczy.filter.JwtAuthenticationTokenFilter - checking username:admin
2025-11-18 22:54:19.975 [http-nio-8081-exec-3] INFO  com.qczy.filter.JwtAuthenticationTokenFilter - authenticated user:admin
2025-11-18 22:54:19.976 [http-nio-8081-exec-5] INFO  com.qczy.filter.JwtAuthenticationTokenFilter - checking username:admin
2025-11-18 22:54:19.978 [http-nio-8081-exec-5] INFO  com.qczy.filter.JwtAuthenticationTokenFilter - authenticated user:admin
2025-11-18 22:55:19.966 [http-nio-8081-exec-6] INFO  com.qczy.filter.JwtAuthenticationTokenFilter - checking username:admin
2025-11-18 22:55:19.969 [http-nio-8081-exec-6] INFO  com.qczy.filter.JwtAuthenticationTokenFilter - authenticated user:admin
2025-11-18 22:55:19.974 [http-nio-8081-exec-8] INFO  com.qczy.filter.JwtAuthenticationTokenFilter - checking username:admin
2025-11-18 22:55:19.974 [http-nio-8081-exec-2] INFO  com.qczy.filter.JwtAuthenticationTokenFilter - checking username:admin
2025-11-18 22:55:19.975 [http-nio-8081-exec-8] INFO  com.qczy.filter.JwtAuthenticationTokenFilter - authenticated user:admin
2025-11-18 22:55:19.976 [http-nio-8081-exec-2] INFO  com.qczy.filter.JwtAuthenticationTokenFilter - authenticated user:admin
2025-11-18 22:55:19.982 [http-nio-8081-exec-4] INFO  com.qczy.filter.JwtAuthenticationTokenFilter - checking username:admin
2025-11-18 22:55:19.984 [http-nio-8081-exec-4] INFO  com.qczy.filter.JwtAuthenticationTokenFilter - authenticated user:admin
2025-11-18 22:56:19.961 [http-nio-8081-exec-9] INFO  com.qczy.filter.JwtAuthenticationTokenFilter - checking username:admin
2025-11-18 22:56:19.962 [http-nio-8081-exec-7] INFO  com.qczy.filter.JwtAuthenticationTokenFilter - checking username:admin
2025-11-18 22:56:19.962 [http-nio-8081-exec-9] INFO  com.qczy.filter.JwtAuthenticationTokenFilter - authenticated user:admin
2025-11-18 22:56:19.962 [http-nio-8081-exec-7] INFO  com.qczy.filter.JwtAuthenticationTokenFilter - authenticated user:admin
2025-11-18 22:56:19.967 [http-nio-8081-exec-1] INFO  com.qczy.filter.JwtAuthenticationTokenFilter - checking username:admin
2025-11-18 22:56:19.969 [http-nio-8081-exec-1] INFO  com.qczy.filter.JwtAuthenticationTokenFilter - authenticated user:admin
2025-11-18 22:56:19.969 [http-nio-8081-exec-3] INFO  com.qczy.filter.JwtAuthenticationTokenFilter - checking username:admin
2025-11-18 22:56:19.971 [http-nio-8081-exec-3] INFO  com.qczy.filter.JwtAuthenticationTokenFilter - authenticated user:admin
2025-11-18 22:56:57.057 [http-nio-8081-exec-10] INFO  com.qczy.filter.JwtAuthenticationTokenFilter - checking username:admin
2025-11-18 22:56:57.057 [http-nio-8081-exec-5] INFO  com.qczy.filter.JwtAuthenticationTokenFilter - checking username:admin
2025-11-18 22:56:57.062 [http-nio-8081-exec-5] INFO  com.qczy.filter.JwtAuthenticationTokenFilter - authenticated user:admin
2025-11-18 22:56:57.062 [http-nio-8081-exec-10] INFO  com.qczy.filter.JwtAuthenticationTokenFilter - authenticated user:admin
2025-11-18 22:56:57.066 [http-nio-8081-exec-6] INFO  com.qczy.filter.JwtAuthenticationTokenFilter - checking username:admin
2025-11-18 22:56:57.068 [http-nio-8081-exec-2] INFO  com.qczy.filter.JwtAuthenticationTokenFilter - checking username:admin
2025-11-18 22:56:57.069 [http-nio-8081-exec-6] INFO  com.qczy.filter.JwtAuthenticationTokenFilter - authenticated user:admin
2025-11-18 22:56:57.070 [http-nio-8081-exec-2] INFO  com.qczy.filter.JwtAuthenticationTokenFilter - authenticated user:admin
2025-11-18 22:57:18.231 [http-nio-8081-exec-8] INFO  com.qczy.filter.JwtAuthenticationTokenFilter - checking username:admin
2025-11-18 22:57:18.232 [http-nio-8081-exec-8] INFO  com.qczy.filter.JwtAuthenticationTokenFilter - authenticated user:admin
2025-11-18 22:57:18.233 [http-nio-8081-exec-8] INFO  com.qczy.controller.user.UserController - token->Bearer eyJhbGciOiJIUzUxMiJ9.eyJzdWIiOiJhZG1pbiIsImNyZWF0ZWQiOjE3NjM0NzUzMzY5MDAsImV4cCI6MTc2NDA4MDEzNn0.vnH0_5x918d6E0KXIe8Vo7CUEui_bj53Ay-y72kRlc2sCzDrXdz3zdiNwJoxXtTvL7pEDXhOhegy8Fkvh9P_Mw
2025-11-18 22:57:18.555 [http-nio-8081-exec-4] INFO  com.qczy.filter.JwtAuthenticationTokenFilter - checking username:admin
2025-11-18 22:57:18.561 [http-nio-8081-exec-4] INFO  com.qczy.filter.JwtAuthenticationTokenFilter - authenticated user:admin
2025-11-18 22:57:18.561 [http-nio-8081-exec-4] INFO  com.qczy.controller.user.UserController - token->Bearer eyJhbGciOiJIUzUxMiJ9.eyJzdWIiOiJhZG1pbiIsImNyZWF0ZWQiOjE3NjM0NzUzMzY5MDAsImV4cCI6MTc2NDA4MDEzNn0.vnH0_5x918d6E0KXIe8Vo7CUEui_bj53Ay-y72kRlc2sCzDrXdz3zdiNwJoxXtTvL7pEDXhOhegy8Fkvh9P_Mw
2025-11-18 22:57:18.561 [http-nio-8081-exec-4] INFO  com.qczy.controller.user.UserController - username->admin
2025-11-18 22:57:19.247 [http-nio-8081-exec-7] INFO  com.qczy.filter.JwtAuthenticationTokenFilter - checking username:admin
2025-11-18 22:57:19.247 [http-nio-8081-exec-9] INFO  com.qczy.filter.JwtAuthenticationTokenFilter - checking username:admin
2025-11-18 22:57:19.248 [http-nio-8081-exec-7] INFO  com.qczy.filter.JwtAuthenticationTokenFilter - authenticated user:admin
2025-11-18 22:57:19.249 [http-nio-8081-exec-9] INFO  com.qczy.filter.JwtAuthenticationTokenFilter - authenticated user:admin
2025-11-18 22:57:19.253 [http-nio-8081-exec-3] INFO  com.qczy.filter.JwtAuthenticationTokenFilter - checking username:admin
2025-11-18 22:57:19.253 [http-nio-8081-exec-1] INFO  com.qczy.filter.JwtAuthenticationTokenFilter - checking username:admin
2025-11-18 22:57:19.254 [http-nio-8081-exec-1] INFO  com.qczy.filter.JwtAuthenticationTokenFilter - authenticated user:admin
2025-11-18 22:57:19.255 [http-nio-8081-exec-3] INFO  com.qczy.filter.JwtAuthenticationTokenFilter - authenticated user:admin
2025-11-18 22:57:19.259 [http-nio-8081-exec-5] INFO  com.qczy.filter.JwtAuthenticationTokenFilter - checking username:admin
2025-11-18 22:57:19.261 [http-nio-8081-exec-5] INFO  com.qczy.filter.JwtAuthenticationTokenFilter - authenticated user:admin
2025-11-18 22:57:19.265 [http-nio-8081-exec-10] INFO  com.qczy.filter.JwtAuthenticationTokenFilter - checking username:admin
2025-11-18 22:57:19.266 [http-nio-8081-exec-10] INFO  com.qczy.filter.JwtAuthenticationTokenFilter - authenticated user:admin
2025-11-18 22:57:24.964 [http-nio-8081-exec-6] INFO  com.qczy.filter.JwtAuthenticationTokenFilter - checking username:admin
2025-11-18 22:57:24.966 [http-nio-8081-exec-6] INFO  com.qczy.filter.JwtAuthenticationTokenFilter - authenticated user:admin
2025-11-18 22:57:24.974 [http-nio-8081-exec-2] INFO  com.qczy.filter.JwtAuthenticationTokenFilter - checking username:admin
2025-11-18 22:57:24.979 [http-nio-8081-exec-2] INFO  com.qczy.filter.JwtAuthenticationTokenFilter - authenticated user:admin
2025-11-18 22:57:25.961 [http-nio-8081-exec-8] INFO  com.qczy.filter.JwtAuthenticationTokenFilter - checking username:admin
2025-11-18 22:57:25.962 [http-nio-8081-exec-8] INFO  com.qczy.filter.JwtAuthenticationTokenFilter - authenticated user:admin
2025-11-18 22:57:25.967 [http-nio-8081-exec-4] INFO  com.qczy.filter.JwtAuthenticationTokenFilter - checking username:admin
2025-11-18 22:57:25.968 [http-nio-8081-exec-4] INFO  com.qczy.filter.JwtAuthenticationTokenFilter - authenticated user:admin
2025-11-18 22:57:29.948 [http-nio-8081-exec-7] INFO  com.qczy.filter.JwtAuthenticationTokenFilter - checking username:admin
2025-11-18 22:57:29.954 [http-nio-8081-exec-7] INFO  com.qczy.filter.JwtAuthenticationTokenFilter - authenticated user:admin
2025-11-18 22:57:29.958 [http-nio-8081-exec-9] INFO  com.qczy.filter.JwtAuthenticationTokenFilter - checking username:admin
2025-11-18 22:57:29.961 [http-nio-8081-exec-9] INFO  com.qczy.filter.JwtAuthenticationTokenFilter - authenticated user:admin
2025-11-18 22:57:31.950 [http-nio-8081-exec-1] INFO  com.qczy.filter.JwtAuthenticationTokenFilter - checking username:admin
2025-11-18 22:57:31.951 [http-nio-8081-exec-1] INFO  com.qczy.filter.JwtAuthenticationTokenFilter - authenticated user:admin
2025-11-18 22:57:31.956 [http-nio-8081-exec-3] INFO  com.qczy.filter.JwtAuthenticationTokenFilter - checking username:admin
2025-11-18 22:57:31.956 [http-nio-8081-exec-3] INFO  com.qczy.filter.JwtAuthenticationTokenFilter - authenticated user:admin
2025-11-18 22:57:34.697 [http-nio-8081-exec-5] INFO  com.qczy.filter.JwtAuthenticationTokenFilter - checking username:admin
2025-11-18 22:57:34.698 [http-nio-8081-exec-5] INFO  com.qczy.filter.JwtAuthenticationTokenFilter - authenticated user:admin
2025-11-18 22:57:34.703 [http-nio-8081-exec-10] INFO  com.qczy.filter.JwtAuthenticationTokenFilter - checking username:admin
2025-11-18 22:57:34.706 [http-nio-8081-exec-10] INFO  com.qczy.filter.JwtAuthenticationTokenFilter - authenticated user:admin
2025-11-18 22:57:37.241 [http-nio-8081-exec-6] INFO  com.qczy.filter.JwtAuthenticationTokenFilter - checking username:admin
2025-11-18 22:57:37.241 [http-nio-8081-exec-6] INFO  com.qczy.filter.JwtAuthenticationTokenFilter - authenticated user:admin
2025-11-18 22:57:37.241 [http-nio-8081-exec-2] INFO  com.qczy.filter.JwtAuthenticationTokenFilter - checking username:admin
2025-11-18 22:57:37.253 [http-nio-8081-exec-2] INFO  com.qczy.filter.JwtAuthenticationTokenFilter - authenticated user:admin
2025-11-18 22:57:39.255 [http-nio-8081-exec-8] INFO  com.qczy.filter.JwtAuthenticationTokenFilter - checking username:admin
2025-11-18 22:57:39.255 [http-nio-8081-exec-8] INFO  com.qczy.filter.JwtAuthenticationTokenFilter - authenticated user:admin
2025-11-18 22:57:39.255 [http-nio-8081-exec-4] INFO  com.qczy.filter.JwtAuthenticationTokenFilter - checking username:admin
2025-11-18 22:57:39.255 [http-nio-8081-exec-4] INFO  com.qczy.filter.JwtAuthenticationTokenFilter - authenticated user:admin
2025-11-18 22:57:40.357 [http-nio-8081-exec-7] INFO  com.qczy.filter.JwtAuthenticationTokenFilter - checking username:admin
2025-11-18 22:57:40.360 [http-nio-8081-exec-7] INFO  com.qczy.filter.JwtAuthenticationTokenFilter - authenticated user:admin
2025-11-18 22:57:40.360 [http-nio-8081-exec-7] INFO  com.qczy.controller.user.UserController - token->Bearer eyJhbGciOiJIUzUxMiJ9.eyJzdWIiOiJhZG1pbiIsImNyZWF0ZWQiOjE3NjM0NzUzMzY5MDAsImV4cCI6MTc2NDA4MDEzNn0.vnH0_5x918d6E0KXIe8Vo7CUEui_bj53Ay-y72kRlc2sCzDrXdz3zdiNwJoxXtTvL7pEDXhOhegy8Fkvh9P_Mw
2025-11-18 22:57:40.373 [http-nio-8081-exec-9] INFO  com.qczy.filter.JwtAuthenticationTokenFilter - checking username:admin
2025-11-18 22:57:40.377 [http-nio-8081-exec-9] INFO  com.qczy.filter.JwtAuthenticationTokenFilter - authenticated user:admin
2025-11-18 22:57:40.377 [http-nio-8081-exec-9] INFO  com.qczy.controller.user.UserController - token->Bearer eyJhbGciOiJIUzUxMiJ9.eyJzdWIiOiJhZG1pbiIsImNyZWF0ZWQiOjE3NjM0NzUzMzY5MDAsImV4cCI6MTc2NDA4MDEzNn0.vnH0_5x918d6E0KXIe8Vo7CUEui_bj53Ay-y72kRlc2sCzDrXdz3zdiNwJoxXtTvL7pEDXhOhegy8Fkvh9P_Mw
2025-11-18 22:57:40.377 [http-nio-8081-exec-9] INFO  com.qczy.controller.user.UserController - username->admin
2025-11-18 22:57:40.522 [http-nio-8081-exec-1] INFO  com.qczy.filter.JwtAuthenticationTokenFilter - checking username:admin
2025-11-18 22:57:40.522 [http-nio-8081-exec-3] INFO  com.qczy.filter.JwtAuthenticationTokenFilter - checking username:admin
2025-11-18 22:57:40.522 [http-nio-8081-exec-1] INFO  com.qczy.filter.JwtAuthenticationTokenFilter - authenticated user:admin
2025-11-18 22:57:40.522 [http-nio-8081-exec-3] INFO  com.qczy.filter.JwtAuthenticationTokenFilter - authenticated user:admin
2025-11-18 22:57:40.528 [http-nio-8081-exec-5] INFO  com.qczy.filter.JwtAuthenticationTokenFilter - checking username:admin
2025-11-18 22:57:40.528 [http-nio-8081-exec-10] INFO  com.qczy.filter.JwtAuthenticationTokenFilter - checking username:admin
2025-11-18 22:57:40.533 [http-nio-8081-exec-5] INFO  com.qczy.filter.JwtAuthenticationTokenFilter - authenticated user:admin
2025-11-18 22:57:40.533 [http-nio-8081-exec-10] INFO  com.qczy.filter.JwtAuthenticationTokenFilter - authenticated user:admin
2025-11-18 22:57:40.536 [http-nio-8081-exec-6] INFO  com.qczy.filter.JwtAuthenticationTokenFilter - checking username:admin
2025-11-18 22:57:40.539 [http-nio-8081-exec-6] INFO  com.qczy.filter.JwtAuthenticationTokenFilter - authenticated user:admin
2025-11-18 22:57:40.543 [http-nio-8081-exec-2] INFO  com.qczy.filter.JwtAuthenticationTokenFilter - checking username:admin
2025-11-18 22:57:40.547 [http-nio-8081-exec-2] INFO  com.qczy.filter.JwtAuthenticationTokenFilter - authenticated user:admin
2025-11-18 22:57:45.808 [http-nio-8081-exec-8] INFO  com.qczy.filter.JwtAuthenticationTokenFilter - checking username:admin
2025-11-18 22:57:45.808 [http-nio-8081-exec-4] INFO  com.qczy.filter.JwtAuthenticationTokenFilter - checking username:admin
2025-11-18 22:57:45.810 [http-nio-8081-exec-4] INFO  com.qczy.filter.JwtAuthenticationTokenFilter - authenticated user:admin
2025-11-18 22:57:45.810 [http-nio-8081-exec-8] INFO  com.qczy.filter.JwtAuthenticationTokenFilter - authenticated user:admin
2025-11-18 22:57:48.028 [http-nio-8081-exec-9] INFO  com.qczy.filter.JwtAuthenticationTokenFilter - checking username:admin
2025-11-18 22:57:48.028 [http-nio-8081-exec-7] INFO  com.qczy.filter.JwtAuthenticationTokenFilter - checking username:admin
2025-11-18 22:57:48.028 [http-nio-8081-exec-7] INFO  com.qczy.filter.JwtAuthenticationTokenFilter - authenticated user:admin
2025-11-18 22:57:48.028 [http-nio-8081-exec-9] INFO  com.qczy.filter.JwtAuthenticationTokenFilter - authenticated user:admin
2025-11-18 22:57:48.030 [http-nio-8081-exec-1] INFO  com.qczy.filter.JwtAuthenticationTokenFilter - checking username:admin
2025-11-18 22:57:48.033 [http-nio-8081-exec-1] INFO  com.qczy.filter.JwtAuthenticationTokenFilter - authenticated user:admin
2025-11-18 22:57:49.842 [http-nio-8081-exec-3] INFO  com.qczy.filter.JwtAuthenticationTokenFilter - checking username:admin
2025-11-18 22:57:49.842 [http-nio-8081-exec-5] INFO  com.qczy.filter.JwtAuthenticationTokenFilter - checking username:admin
2025-11-18 22:57:49.842 [http-nio-8081-exec-5] INFO  com.qczy.filter.JwtAuthenticationTokenFilter - authenticated user:admin
2025-11-18 22:57:49.842 [http-nio-8081-exec-3] INFO  com.qczy.filter.JwtAuthenticationTokenFilter - authenticated user:admin
2025-11-18 22:57:51.080 [http-nio-8081-exec-10] INFO  com.qczy.filter.JwtAuthenticationTokenFilter - checking username:admin
2025-11-18 22:57:51.082 [http-nio-8081-exec-10] INFO  com.qczy.filter.JwtAuthenticationTokenFilter - authenticated user:admin
2025-11-18 22:57:53.219 [http-nio-8081-exec-6] INFO  com.qczy.filter.JwtAuthenticationTokenFilter - checking username:admin
2025-11-18 22:57:53.220 [http-nio-8081-exec-6] INFO  com.qczy.filter.JwtAuthenticationTokenFilter - authenticated user:admin
2025-11-18 22:58:00.222 [http-nio-8081-exec-2] INFO  com.qczy.filter.JwtAuthenticationTokenFilter - checking username:admin
2025-11-18 22:58:00.223 [http-nio-8081-exec-2] INFO  com.qczy.filter.JwtAuthenticationTokenFilter - authenticated user:admin
2025-11-18 22:58:00.223 [http-nio-8081-exec-2] INFO  com.qczy.controller.user.UserController - token->Bearer eyJhbGciOiJIUzUxMiJ9.eyJzdWIiOiJhZG1pbiIsImNyZWF0ZWQiOjE3NjM0NzUzMzY5MDAsImV4cCI6MTc2NDA4MDEzNn0.vnH0_5x918d6E0KXIe8Vo7CUEui_bj53Ay-y72kRlc2sCzDrXdz3zdiNwJoxXtTvL7pEDXhOhegy8Fkvh9P_Mw
2025-11-18 22:58:00.238 [http-nio-8081-exec-8] INFO  com.qczy.filter.JwtAuthenticationTokenFilter - checking username:admin
2025-11-18 22:58:00.241 [http-nio-8081-exec-8] INFO  com.qczy.filter.JwtAuthenticationTokenFilter - authenticated user:admin
2025-11-18 22:58:00.241 [http-nio-8081-exec-8] INFO  com.qczy.controller.user.UserController - token->Bearer eyJhbGciOiJIUzUxMiJ9.eyJzdWIiOiJhZG1pbiIsImNyZWF0ZWQiOjE3NjM0NzUzMzY5MDAsImV4cCI6MTc2NDA4MDEzNn0.vnH0_5x918d6E0KXIe8Vo7CUEui_bj53Ay-y72kRlc2sCzDrXdz3zdiNwJoxXtTvL7pEDXhOhegy8Fkvh9P_Mw
2025-11-18 22:58:00.243 [http-nio-8081-exec-8] INFO  com.qczy.controller.user.UserController - username->admin
2025-11-18 22:58:00.399 [http-nio-8081-exec-4] INFO  com.qczy.filter.JwtAuthenticationTokenFilter - checking username:admin
2025-11-18 22:58:00.399 [http-nio-8081-exec-9] INFO  com.qczy.filter.JwtAuthenticationTokenFilter - checking username:admin
2025-11-18 22:58:00.399 [http-nio-8081-exec-9] INFO  com.qczy.filter.JwtAuthenticationTokenFilter - authenticated user:admin
2025-11-18 22:58:00.399 [http-nio-8081-exec-4] INFO  com.qczy.filter.JwtAuthenticationTokenFilter - authenticated user:admin
2025-11-18 22:58:00.405 [http-nio-8081-exec-7] INFO  com.qczy.filter.JwtAuthenticationTokenFilter - checking username:admin
2025-11-18 22:58:00.407 [http-nio-8081-exec-1] INFO  com.qczy.filter.JwtAuthenticationTokenFilter - checking username:admin
2025-11-18 22:58:00.407 [http-nio-8081-exec-7] INFO  com.qczy.filter.JwtAuthenticationTokenFilter - authenticated user:admin
2025-11-18 22:58:00.407 [http-nio-8081-exec-1] INFO  com.qczy.filter.JwtAuthenticationTokenFilter - authenticated user:admin
2025-11-18 22:58:00.412 [http-nio-8081-exec-5] INFO  com.qczy.filter.JwtAuthenticationTokenFilter - checking username:admin
2025-11-18 22:58:00.412 [http-nio-8081-exec-5] INFO  com.qczy.filter.JwtAuthenticationTokenFilter - authenticated user:admin
2025-11-18 22:58:00.419 [http-nio-8081-exec-3] INFO  com.qczy.filter.JwtAuthenticationTokenFilter - checking username:admin
2025-11-18 22:58:00.419 [http-nio-8081-exec-3] INFO  com.qczy.filter.JwtAuthenticationTokenFilter - authenticated user:admin
2025-11-18 22:58:05.954 [http-nio-8081-exec-10] INFO  com.qczy.filter.JwtAuthenticationTokenFilter - checking username:admin
2025-11-18 22:58:05.956 [http-nio-8081-exec-10] INFO  com.qczy.filter.JwtAuthenticationTokenFilter - authenticated user:admin
2025-11-18 22:58:05.961 [http-nio-8081-exec-6] INFO  com.qczy.filter.JwtAuthenticationTokenFilter - checking username:admin
2025-11-18 22:58:05.963 [http-nio-8081-exec-6] INFO  com.qczy.filter.JwtAuthenticationTokenFilter - authenticated user:admin
2025-11-18 22:58:06.953 [http-nio-8081-exec-2] INFO  com.qczy.filter.JwtAuthenticationTokenFilter - checking username:admin
2025-11-18 22:58:06.955 [http-nio-8081-exec-2] INFO  com.qczy.filter.JwtAuthenticationTokenFilter - authenticated user:admin
2025-11-18 22:58:06.961 [http-nio-8081-exec-8] INFO  com.qczy.filter.JwtAuthenticationTokenFilter - checking username:admin
2025-11-18 22:58:06.963 [http-nio-8081-exec-8] INFO  com.qczy.filter.JwtAuthenticationTokenFilter - authenticated user:admin
2025-11-18 22:58:10.953 [http-nio-8081-exec-9] INFO  com.qczy.filter.JwtAuthenticationTokenFilter - checking username:admin
2025-11-18 22:58:10.955 [http-nio-8081-exec-9] INFO  com.qczy.filter.JwtAuthenticationTokenFilter - authenticated user:admin
2025-11-18 22:58:10.957 [http-nio-8081-exec-4] INFO  com.qczy.filter.JwtAuthenticationTokenFilter - checking username:admin
2025-11-18 22:58:10.962 [http-nio-8081-exec-4] INFO  com.qczy.filter.JwtAuthenticationTokenFilter - authenticated user:admin
2025-11-18 22:58:12.412 [http-nio-8081-exec-1] INFO  com.qczy.filter.JwtAuthenticationTokenFilter - checking username:admin
2025-11-18 22:58:12.414 [http-nio-8081-exec-1] INFO  com.qczy.filter.JwtAuthenticationTokenFilter - authenticated user:admin
2025-11-18 22:58:12.418 [http-nio-8081-exec-7] INFO  com.qczy.filter.JwtAuthenticationTokenFilter - checking username:admin
2025-11-18 22:58:12.420 [http-nio-8081-exec-7] INFO  com.qczy.filter.JwtAuthenticationTokenFilter - authenticated user:admin
2025-11-18 22:58:15.410 [http-nio-8081-exec-5] INFO  com.qczy.filter.JwtAuthenticationTokenFilter - checking username:admin
2025-11-18 22:58:15.411 [http-nio-8081-exec-5] INFO  com.qczy.filter.JwtAuthenticationTokenFilter - authenticated user:admin
2025-11-18 22:58:15.416 [http-nio-8081-exec-3] INFO  com.qczy.filter.JwtAuthenticationTokenFilter - checking username:admin
2025-11-18 22:58:15.418 [http-nio-8081-exec-3] INFO  com.qczy.filter.JwtAuthenticationTokenFilter - authenticated user:admin
2025-11-18 22:58:28.102 [http-nio-8081-exec-10] INFO  com.qczy.filter.JwtAuthenticationTokenFilter - checking username:admin
2025-11-18 22:58:28.104 [http-nio-8081-exec-10] INFO  com.qczy.filter.JwtAuthenticationTokenFilter - authenticated user:admin
2025-11-18 22:58:28.104 [http-nio-8081-exec-10] INFO  com.qczy.controller.user.UserController - token->Bearer eyJhbGciOiJIUzUxMiJ9.eyJzdWIiOiJhZG1pbiIsImNyZWF0ZWQiOjE3NjM0NzUzMzY5MDAsImV4cCI6MTc2NDA4MDEzNn0.vnH0_5x918d6E0KXIe8Vo7CUEui_bj53Ay-y72kRlc2sCzDrXdz3zdiNwJoxXtTvL7pEDXhOhegy8Fkvh9P_Mw
2025-11-18 22:58:28.125 [http-nio-8081-exec-6] INFO  com.qczy.filter.JwtAuthenticationTokenFilter - checking username:admin
2025-11-18 22:58:28.125 [http-nio-8081-exec-6] INFO  com.qczy.filter.JwtAuthenticationTokenFilter - authenticated user:admin
2025-11-18 22:58:28.125 [http-nio-8081-exec-6] INFO  com.qczy.controller.user.UserController - token->Bearer eyJhbGciOiJIUzUxMiJ9.eyJzdWIiOiJhZG1pbiIsImNyZWF0ZWQiOjE3NjM0NzUzMzY5MDAsImV4cCI6MTc2NDA4MDEzNn0.vnH0_5x918d6E0KXIe8Vo7CUEui_bj53Ay-y72kRlc2sCzDrXdz3zdiNwJoxXtTvL7pEDXhOhegy8Fkvh9P_Mw
2025-11-18 22:58:28.129 [http-nio-8081-exec-6] INFO  com.qczy.controller.user.UserController - username->admin
2025-11-18 22:58:28.602 [http-nio-8081-exec-2] INFO  com.qczy.filter.JwtAuthenticationTokenFilter - checking username:admin
2025-11-18 22:58:28.602 [http-nio-8081-exec-8] INFO  com.qczy.filter.JwtAuthenticationTokenFilter - checking username:admin
2025-11-18 22:58:28.602 [http-nio-8081-exec-8] INFO  com.qczy.filter.JwtAuthenticationTokenFilter - authenticated user:admin
2025-11-18 22:58:28.602 [http-nio-8081-exec-2] INFO  com.qczy.filter.JwtAuthenticationTokenFilter - authenticated user:admin
2025-11-18 22:58:28.608 [http-nio-8081-exec-9] INFO  com.qczy.filter.JwtAuthenticationTokenFilter - checking username:admin
2025-11-18 22:58:28.608 [http-nio-8081-exec-4] INFO  com.qczy.filter.JwtAuthenticationTokenFilter - checking username:admin
2025-11-18 22:58:28.610 [http-nio-8081-exec-9] INFO  com.qczy.filter.JwtAuthenticationTokenFilter - authenticated user:admin
2025-11-18 22:58:28.610 [http-nio-8081-exec-4] INFO  com.qczy.filter.JwtAuthenticationTokenFilter - authenticated user:admin
2025-11-18 22:58:28.614 [http-nio-8081-exec-1] INFO  com.qczy.filter.JwtAuthenticationTokenFilter - checking username:admin
2025-11-18 22:58:28.614 [http-nio-8081-exec-1] INFO  com.qczy.filter.JwtAuthenticationTokenFilter - authenticated user:admin
2025-11-18 22:58:28.619 [http-nio-8081-exec-7] INFO  com.qczy.filter.JwtAuthenticationTokenFilter - checking username:admin
2025-11-18 22:58:28.619 [http-nio-8081-exec-7] INFO  com.qczy.filter.JwtAuthenticationTokenFilter - authenticated user:admin
2025-11-18 22:58:33.967 [http-nio-8081-exec-5] INFO  com.qczy.filter.JwtAuthenticationTokenFilter - checking username:admin
2025-11-18 22:58:33.970 [http-nio-8081-exec-5] INFO  com.qczy.filter.JwtAuthenticationTokenFilter - authenticated user:admin
2025-11-18 22:58:33.975 [http-nio-8081-exec-3] INFO  com.qczy.filter.JwtAuthenticationTokenFilter - checking username:admin
2025-11-18 22:58:33.976 [http-nio-8081-exec-3] INFO  com.qczy.filter.JwtAuthenticationTokenFilter - authenticated user:admin
2025-11-18 22:58:34.959 [http-nio-8081-exec-10] INFO  com.qczy.filter.JwtAuthenticationTokenFilter - checking username:admin
2025-11-18 22:58:34.962 [http-nio-8081-exec-10] INFO  com.qczy.filter.JwtAuthenticationTokenFilter - authenticated user:admin
2025-11-18 22:58:34.966 [http-nio-8081-exec-6] INFO  com.qczy.filter.JwtAuthenticationTokenFilter - checking username:admin
2025-11-18 22:58:34.968 [http-nio-8081-exec-6] INFO  com.qczy.filter.JwtAuthenticationTokenFilter - authenticated user:admin
2025-11-18 22:58:38.968 [http-nio-8081-exec-2] INFO  com.qczy.filter.JwtAuthenticationTokenFilter - checking username:admin
2025-11-18 22:58:38.969 [http-nio-8081-exec-2] INFO  com.qczy.filter.JwtAuthenticationTokenFilter - authenticated user:admin
2025-11-18 22:58:38.974 [http-nio-8081-exec-8] INFO  com.qczy.filter.JwtAuthenticationTokenFilter - checking username:admin
2025-11-18 22:58:38.976 [http-nio-8081-exec-8] INFO  com.qczy.filter.JwtAuthenticationTokenFilter - authenticated user:admin
2025-11-18 22:58:40.965 [http-nio-8081-exec-9] INFO  com.qczy.filter.JwtAuthenticationTokenFilter - checking username:admin
2025-11-18 22:58:40.967 [http-nio-8081-exec-9] INFO  com.qczy.filter.JwtAuthenticationTokenFilter - authenticated user:admin
2025-11-18 22:58:40.972 [http-nio-8081-exec-4] INFO  com.qczy.filter.JwtAuthenticationTokenFilter - checking username:admin
2025-11-18 22:58:40.973 [http-nio-8081-exec-4] INFO  com.qczy.filter.JwtAuthenticationTokenFilter - authenticated user:admin
2025-11-18 22:58:43.966 [http-nio-8081-exec-1] INFO  com.qczy.filter.JwtAuthenticationTokenFilter - checking username:admin
2025-11-18 22:58:43.967 [http-nio-8081-exec-1] INFO  com.qczy.filter.JwtAuthenticationTokenFilter - authenticated user:admin
2025-11-18 22:58:43.973 [http-nio-8081-exec-7] INFO  com.qczy.filter.JwtAuthenticationTokenFilter - checking username:admin
2025-11-18 22:58:43.974 [http-nio-8081-exec-7] INFO  com.qczy.filter.JwtAuthenticationTokenFilter - authenticated user:admin
2025-11-18 22:58:46.963 [http-nio-8081-exec-5] INFO  com.qczy.filter.JwtAuthenticationTokenFilter - checking username:admin
2025-11-18 22:58:46.966 [http-nio-8081-exec-5] INFO  com.qczy.filter.JwtAuthenticationTokenFilter - authenticated user:admin
2025-11-18 22:58:46.970 [http-nio-8081-exec-3] INFO  com.qczy.filter.JwtAuthenticationTokenFilter - checking username:admin
2025-11-18 22:58:46.972 [http-nio-8081-exec-3] INFO  com.qczy.filter.JwtAuthenticationTokenFilter - authenticated user:admin
2025-11-18 22:58:48.963 [http-nio-8081-exec-10] INFO  com.qczy.filter.JwtAuthenticationTokenFilter - checking username:admin
2025-11-18 22:58:48.965 [http-nio-8081-exec-10] INFO  com.qczy.filter.JwtAuthenticationTokenFilter - authenticated user:admin
2025-11-18 22:58:48.971 [http-nio-8081-exec-6] INFO  com.qczy.filter.JwtAuthenticationTokenFilter - checking username:admin
2025-11-18 22:58:48.972 [http-nio-8081-exec-6] INFO  com.qczy.filter.JwtAuthenticationTokenFilter - authenticated user:admin
2025-11-18 22:58:52.958 [http-nio-8081-exec-2] INFO  com.qczy.filter.JwtAuthenticationTokenFilter - checking username:admin
2025-11-18 22:58:52.960 [http-nio-8081-exec-2] INFO  com.qczy.filter.JwtAuthenticationTokenFilter - authenticated user:admin
2025-11-18 22:58:52.966 [http-nio-8081-exec-8] INFO  com.qczy.filter.JwtAuthenticationTokenFilter - checking username:admin
2025-11-18 22:58:52.968 [http-nio-8081-exec-8] INFO  com.qczy.filter.JwtAuthenticationTokenFilter - authenticated user:admin
2025-11-18 22:58:53.958 [http-nio-8081-exec-9] INFO  com.qczy.filter.JwtAuthenticationTokenFilter - checking username:admin
2025-11-18 22:58:53.959 [http-nio-8081-exec-9] INFO  com.qczy.filter.JwtAuthenticationTokenFilter - authenticated user:admin
2025-11-18 22:58:53.963 [http-nio-8081-exec-4] INFO  com.qczy.filter.JwtAuthenticationTokenFilter - checking username:admin
2025-11-18 22:58:53.966 [http-nio-8081-exec-4] INFO  com.qczy.filter.JwtAuthenticationTokenFilter - authenticated user:admin
2025-11-18 22:58:58.962 [http-nio-8081-exec-1] INFO  com.qczy.filter.JwtAuthenticationTokenFilter - checking username:admin
2025-11-18 22:58:58.963 [http-nio-8081-exec-7] INFO  com.qczy.filter.JwtAuthenticationTokenFilter - checking username:admin
2025-11-18 22:58:58.964 [http-nio-8081-exec-1] INFO  com.qczy.filter.JwtAuthenticationTokenFilter - authenticated user:admin
2025-11-18 22:58:58.964 [http-nio-8081-exec-7] INFO  com.qczy.filter.JwtAuthenticationTokenFilter - authenticated user:admin
2025-11-18 22:58:58.967 [http-nio-8081-exec-5] INFO  com.qczy.filter.JwtAuthenticationTokenFilter - checking username:admin
2025-11-18 22:58:58.967 [http-nio-8081-exec-3] INFO  com.qczy.filter.JwtAuthenticationTokenFilter - checking username:admin
2025-11-18 22:58:58.969 [http-nio-8081-exec-3] INFO  com.qczy.filter.JwtAuthenticationTokenFilter - authenticated user:admin
2025-11-18 22:58:58.969 [http-nio-8081-exec-5] INFO  com.qczy.filter.JwtAuthenticationTokenFilter - authenticated user:admin
2025-11-18 22:59:03.959 [http-nio-8081-exec-10] INFO  com.qczy.filter.JwtAuthenticationTokenFilter - checking username:admin
2025-11-18 22:59:03.961 [http-nio-8081-exec-10] INFO  com.qczy.filter.JwtAuthenticationTokenFilter - authenticated user:admin
2025-11-18 22:59:03.966 [http-nio-8081-exec-6] INFO  com.qczy.filter.JwtAuthenticationTokenFilter - checking username:admin
2025-11-18 22:59:03.968 [http-nio-8081-exec-6] INFO  com.qczy.filter.JwtAuthenticationTokenFilter - authenticated user:admin
2025-11-18 22:59:04.958 [http-nio-8081-exec-2] INFO  com.qczy.filter.JwtAuthenticationTokenFilter - checking username:admin
2025-11-18 22:59:04.959 [http-nio-8081-exec-2] INFO  com.qczy.filter.JwtAuthenticationTokenFilter - authenticated user:admin
2025-11-18 22:59:04.964 [http-nio-8081-exec-8] INFO  com.qczy.filter.JwtAuthenticationTokenFilter - checking username:admin
2025-11-18 22:59:04.966 [http-nio-8081-exec-8] INFO  com.qczy.filter.JwtAuthenticationTokenFilter - authenticated user:admin
2025-11-18 22:59:08.957 [http-nio-8081-exec-9] INFO  com.qczy.filter.JwtAuthenticationTokenFilter - checking username:admin
2025-11-18 22:59:08.959 [http-nio-8081-exec-9] INFO  com.qczy.filter.JwtAuthenticationTokenFilter - authenticated user:admin
2025-11-18 22:59:08.964 [http-nio-8081-exec-4] INFO  com.qczy.filter.JwtAuthenticationTokenFilter - checking username:admin
2025-11-18 22:59:08.966 [http-nio-8081-exec-4] INFO  com.qczy.filter.JwtAuthenticationTokenFilter - authenticated user:admin
2025-11-18 22:59:10.595 [http-nio-8081-exec-1] INFO  com.qczy.filter.JwtAuthenticationTokenFilter - checking username:admin
2025-11-18 22:59:10.597 [http-nio-8081-exec-1] INFO  com.qczy.filter.JwtAuthenticationTokenFilter - authenticated user:admin
2025-11-18 22:59:10.602 [http-nio-8081-exec-7] INFO  com.qczy.filter.JwtAuthenticationTokenFilter - checking username:admin
2025-11-18 22:59:10.604 [http-nio-8081-exec-7] INFO  com.qczy.filter.JwtAuthenticationTokenFilter - authenticated user:admin
2025-11-18 22:59:13.954 [http-nio-8081-exec-5] INFO  com.qczy.filter.JwtAuthenticationTokenFilter - checking username:admin
2025-11-18 22:59:13.956 [http-nio-8081-exec-5] INFO  com.qczy.filter.JwtAuthenticationTokenFilter - authenticated user:admin
2025-11-18 22:59:13.960 [http-nio-8081-exec-3] INFO  com.qczy.filter.JwtAuthenticationTokenFilter - checking username:admin
2025-11-18 22:59:13.962 [http-nio-8081-exec-3] INFO  com.qczy.filter.JwtAuthenticationTokenFilter - authenticated user:admin
2025-11-18 22:59:16.963 [http-nio-8081-exec-10] INFO  com.qczy.filter.JwtAuthenticationTokenFilter - checking username:admin
2025-11-18 22:59:16.966 [http-nio-8081-exec-10] INFO  com.qczy.filter.JwtAuthenticationTokenFilter - authenticated user:admin
2025-11-18 22:59:16.970 [http-nio-8081-exec-6] INFO  com.qczy.filter.JwtAuthenticationTokenFilter - checking username:admin
2025-11-18 22:59:16.972 [http-nio-8081-exec-6] INFO  com.qczy.filter.JwtAuthenticationTokenFilter - authenticated user:admin
2025-11-18 22:59:18.954 [http-nio-8081-exec-2] INFO  com.qczy.filter.JwtAuthenticationTokenFilter - checking username:admin
2025-11-18 22:59:18.961 [http-nio-8081-exec-2] INFO  com.qczy.filter.JwtAuthenticationTokenFilter - authenticated user:admin
2025-11-18 22:59:18.966 [http-nio-8081-exec-8] INFO  com.qczy.filter.JwtAuthenticationTokenFilter - checking username:admin
2025-11-18 22:59:18.969 [http-nio-8081-exec-8] INFO  com.qczy.filter.JwtAuthenticationTokenFilter - authenticated user:admin
2025-11-18 22:59:22.949 [http-nio-8081-exec-9] INFO  com.qczy.filter.JwtAuthenticationTokenFilter - checking username:admin
2025-11-18 22:59:22.953 [http-nio-8081-exec-9] INFO  com.qczy.filter.JwtAuthenticationTokenFilter - authenticated user:admin
2025-11-18 22:59:22.957 [http-nio-8081-exec-4] INFO  com.qczy.filter.JwtAuthenticationTokenFilter - checking username:admin
2025-11-18 22:59:22.959 [http-nio-8081-exec-4] INFO  com.qczy.filter.JwtAuthenticationTokenFilter - authenticated user:admin
2025-11-18 22:59:23.960 [http-nio-8081-exec-1] INFO  com.qczy.filter.JwtAuthenticationTokenFilter - checking username:admin
2025-11-18 22:59:23.965 [http-nio-8081-exec-1] INFO  com.qczy.filter.JwtAuthenticationTokenFilter - authenticated user:admin
2025-11-18 22:59:23.971 [http-nio-8081-exec-7] INFO  com.qczy.filter.JwtAuthenticationTokenFilter - checking username:admin
2025-11-18 22:59:23.971 [http-nio-8081-exec-7] INFO  com.qczy.filter.JwtAuthenticationTokenFilter - authenticated user:admin
2025-11-18 22:59:28.953 [http-nio-8081-exec-5] INFO  com.qczy.filter.JwtAuthenticationTokenFilter - checking username:admin
2025-11-18 22:59:28.953 [http-nio-8081-exec-3] INFO  com.qczy.filter.JwtAuthenticationTokenFilter - checking username:admin
2025-11-18 22:59:28.953 [http-nio-8081-exec-5] INFO  com.qczy.filter.JwtAuthenticationTokenFilter - authenticated user:admin
2025-11-18 22:59:28.953 [http-nio-8081-exec-3] INFO  com.qczy.filter.JwtAuthenticationTokenFilter - authenticated user:admin
2025-11-18 22:59:28.960 [http-nio-8081-exec-10] INFO  com.qczy.filter.JwtAuthenticationTokenFilter - checking username:admin
2025-11-18 22:59:28.961 [http-nio-8081-exec-6] INFO  com.qczy.filter.JwtAuthenticationTokenFilter - checking username:admin
2025-11-18 22:59:28.962 [http-nio-8081-exec-6] INFO  com.qczy.filter.JwtAuthenticationTokenFilter - authenticated user:admin
2025-11-18 22:59:28.962 [http-nio-8081-exec-10] INFO  com.qczy.filter.JwtAuthenticationTokenFilter - authenticated user:admin
2025-11-18 22:59:33.962 [http-nio-8081-exec-2] INFO  com.qczy.filter.JwtAuthenticationTokenFilter - checking username:admin
2025-11-18 22:59:33.964 [http-nio-8081-exec-2] INFO  com.qczy.filter.JwtAuthenticationTokenFilter - authenticated user:admin
2025-11-18 22:59:33.967 [http-nio-8081-exec-8] INFO  com.qczy.filter.JwtAuthenticationTokenFilter - checking username:admin
2025-11-18 22:59:33.970 [http-nio-8081-exec-8] INFO  com.qczy.filter.JwtAuthenticationTokenFilter - authenticated user:admin
2025-11-18 22:59:34.952 [http-nio-8081-exec-9] INFO  com.qczy.filter.JwtAuthenticationTokenFilter - checking username:admin
2025-11-18 22:59:34.959 [http-nio-8081-exec-9] INFO  com.qczy.filter.JwtAuthenticationTokenFilter - authenticated user:admin
2025-11-18 22:59:34.964 [http-nio-8081-exec-4] INFO  com.qczy.filter.JwtAuthenticationTokenFilter - checking username:admin
2025-11-18 22:59:34.966 [http-nio-8081-exec-4] INFO  com.qczy.filter.JwtAuthenticationTokenFilter - authenticated user:admin
2025-11-18 22:59:38.953 [http-nio-8081-exec-1] INFO  com.qczy.filter.JwtAuthenticationTokenFilter - checking username:admin
2025-11-18 22:59:38.958 [http-nio-8081-exec-1] INFO  com.qczy.filter.JwtAuthenticationTokenFilter - authenticated user:admin
2025-11-18 22:59:38.963 [http-nio-8081-exec-7] INFO  com.qczy.filter.JwtAuthenticationTokenFilter - checking username:admin
2025-11-18 22:59:38.964 [http-nio-8081-exec-7] INFO  com.qczy.filter.JwtAuthenticationTokenFilter - authenticated user:admin
2025-11-18 22:59:40.955 [http-nio-8081-exec-5] INFO  com.qczy.filter.JwtAuthenticationTokenFilter - checking username:admin
2025-11-18 22:59:40.959 [http-nio-8081-exec-5] INFO  com.qczy.filter.JwtAuthenticationTokenFilter - authenticated user:admin
2025-11-18 22:59:40.964 [http-nio-8081-exec-3] INFO  com.qczy.filter.JwtAuthenticationTokenFilter - checking username:admin
2025-11-18 22:59:40.965 [http-nio-8081-exec-3] INFO  com.qczy.filter.JwtAuthenticationTokenFilter - authenticated user:admin
2025-11-18 22:59:43.954 [http-nio-8081-exec-10] INFO  com.qczy.filter.JwtAuthenticationTokenFilter - checking username:admin
2025-11-18 22:59:43.957 [http-nio-8081-exec-10] INFO  com.qczy.filter.JwtAuthenticationTokenFilter - authenticated user:admin
2025-11-18 22:59:43.962 [http-nio-8081-exec-6] INFO  com.qczy.filter.JwtAuthenticationTokenFilter - checking username:admin
2025-11-18 22:59:43.964 [http-nio-8081-exec-6] INFO  com.qczy.filter.JwtAuthenticationTokenFilter - authenticated user:admin
2025-11-18 22:59:46.952 [http-nio-8081-exec-2] INFO  com.qczy.filter.JwtAuthenticationTokenFilter - checking username:admin
2025-11-18 22:59:46.957 [http-nio-8081-exec-2] INFO  com.qczy.filter.JwtAuthenticationTokenFilter - authenticated user:admin
2025-11-18 22:59:46.963 [http-nio-8081-exec-8] INFO  com.qczy.filter.JwtAuthenticationTokenFilter - checking username:admin
2025-11-18 22:59:46.966 [http-nio-8081-exec-8] INFO  com.qczy.filter.JwtAuthenticationTokenFilter - authenticated user:admin
2025-11-18 22:59:48.951 [http-nio-8081-exec-9] INFO  com.qczy.filter.JwtAuthenticationTokenFilter - checking username:admin
2025-11-18 22:59:48.956 [http-nio-8081-exec-9] INFO  com.qczy.filter.JwtAuthenticationTokenFilter - authenticated user:admin
2025-11-18 22:59:48.961 [http-nio-8081-exec-4] INFO  com.qczy.filter.JwtAuthenticationTokenFilter - checking username:admin
2025-11-18 22:59:48.962 [http-nio-8081-exec-4] INFO  com.qczy.filter.JwtAuthenticationTokenFilter - authenticated user:admin
2025-11-18 22:59:52.953 [http-nio-8081-exec-1] INFO  com.qczy.filter.JwtAuthenticationTokenFilter - checking username:admin
2025-11-18 22:59:52.954 [http-nio-8081-exec-1] INFO  com.qczy.filter.JwtAuthenticationTokenFilter - authenticated user:admin
2025-11-18 22:59:52.958 [http-nio-8081-exec-7] INFO  com.qczy.filter.JwtAuthenticationTokenFilter - checking username:admin
2025-11-18 22:59:52.959 [http-nio-8081-exec-7] INFO  com.qczy.filter.JwtAuthenticationTokenFilter - authenticated user:admin
2025-11-18 22:59:53.951 [http-nio-8081-exec-5] INFO  com.qczy.filter.JwtAuthenticationTokenFilter - checking username:admin
2025-11-18 22:59:53.956 [http-nio-8081-exec-5] INFO  com.qczy.filter.JwtAuthenticationTokenFilter - authenticated user:admin
2025-11-18 22:59:53.960 [http-nio-8081-exec-3] INFO  com.qczy.filter.JwtAuthenticationTokenFilter - checking username:admin
2025-11-18 22:59:53.963 [http-nio-8081-exec-3] INFO  com.qczy.filter.JwtAuthenticationTokenFilter - authenticated user:admin
2025-11-18 22:59:58.955 [http-nio-8081-exec-10] INFO  com.qczy.filter.JwtAuthenticationTokenFilter - checking username:admin
2025-11-18 22:59:58.955 [http-nio-8081-exec-6] INFO  com.qczy.filter.JwtAuthenticationTokenFilter - checking username:admin
2025-11-18 22:59:58.955 [http-nio-8081-exec-6] INFO  com.qczy.filter.JwtAuthenticationTokenFilter - authenticated user:admin
2025-11-18 22:59:58.955 [http-nio-8081-exec-10] INFO  com.qczy.filter.JwtAuthenticationTokenFilter - authenticated user:admin
2025-11-18 22:59:58.962 [http-nio-8081-exec-2] INFO  com.qczy.filter.JwtAuthenticationTokenFilter - checking username:admin
2025-11-18 22:59:58.963 [http-nio-8081-exec-8] INFO  com.qczy.filter.JwtAuthenticationTokenFilter - checking username:admin
2025-11-18 22:59:58.964 [http-nio-8081-exec-2] INFO  com.qczy.filter.JwtAuthenticationTokenFilter - authenticated user:admin
2025-11-18 22:59:58.964 [http-nio-8081-exec-8] INFO  com.qczy.filter.JwtAuthenticationTokenFilter - authenticated user:admin
2025-11-18 23:00:03.595 [http-nio-8081-exec-9] INFO  com.qczy.filter.JwtAuthenticationTokenFilter - checking username:admin
2025-11-18 23:00:03.597 [http-nio-8081-exec-9] INFO  com.qczy.filter.JwtAuthenticationTokenFilter - authenticated user:admin
2025-11-18 23:00:03.601 [http-nio-8081-exec-4] INFO  com.qczy.filter.JwtAuthenticationTokenFilter - checking username:admin
2025-11-18 23:00:03.603 [http-nio-8081-exec-4] INFO  com.qczy.filter.JwtAuthenticationTokenFilter - authenticated user:admin
2025-11-18 23:00:04.602 [http-nio-8081-exec-1] INFO  com.qczy.filter.JwtAuthenticationTokenFilter - checking username:admin
2025-11-18 23:00:04.604 [http-nio-8081-exec-1] INFO  com.qczy.filter.JwtAuthenticationTokenFilter - authenticated user:admin
2025-11-18 23:00:04.610 [http-nio-8081-exec-7] INFO  com.qczy.filter.JwtAuthenticationTokenFilter - checking username:admin
2025-11-18 23:00:04.611 [http-nio-8081-exec-7] INFO  com.qczy.filter.JwtAuthenticationTokenFilter - authenticated user:admin
2025-11-18 23:00:08.605 [http-nio-8081-exec-5] INFO  com.qczy.filter.JwtAuthenticationTokenFilter - checking username:admin
2025-11-18 23:00:08.608 [http-nio-8081-exec-5] INFO  com.qczy.filter.JwtAuthenticationTokenFilter - authenticated user:admin
2025-11-18 23:00:08.613 [http-nio-8081-exec-3] INFO  com.qczy.filter.JwtAuthenticationTokenFilter - checking username:admin
2025-11-18 23:00:08.614 [http-nio-8081-exec-3] INFO  com.qczy.filter.JwtAuthenticationTokenFilter - authenticated user:admin
2025-11-18 23:00:10.605 [http-nio-8081-exec-10] INFO  com.qczy.filter.JwtAuthenticationTokenFilter - checking username:admin
2025-11-18 23:00:10.606 [http-nio-8081-exec-10] INFO  com.qczy.filter.JwtAuthenticationTokenFilter - authenticated user:admin
2025-11-18 23:00:10.612 [http-nio-8081-exec-6] INFO  com.qczy.filter.JwtAuthenticationTokenFilter - checking username:admin
2025-11-18 23:00:10.613 [http-nio-8081-exec-6] INFO  com.qczy.filter.JwtAuthenticationTokenFilter - authenticated user:admin
2025-11-18 23:00:13.596 [http-nio-8081-exec-2] INFO  com.qczy.filter.JwtAuthenticationTokenFilter - checking username:admin
2025-11-18 23:00:13.596 [http-nio-8081-exec-2] INFO  com.qczy.filter.JwtAuthenticationTokenFilter - authenticated user:admin
2025-11-18 23:00:13.604 [http-nio-8081-exec-8] INFO  com.qczy.filter.JwtAuthenticationTokenFilter - checking username:admin
2025-11-18 23:00:13.604 [http-nio-8081-exec-8] INFO  com.qczy.filter.JwtAuthenticationTokenFilter - authenticated user:admin
2025-11-18 23:00:16.608 [http-nio-8081-exec-9] INFO  com.qczy.filter.JwtAuthenticationTokenFilter - checking username:admin
2025-11-18 23:00:16.648 [http-nio-8081-exec-9] INFO  com.qczy.filter.JwtAuthenticationTokenFilter - authenticated user:admin
2025-11-18 23:00:16.651 [http-nio-8081-exec-4] INFO  com.qczy.filter.JwtAuthenticationTokenFilter - checking username:admin
2025-11-18 23:00:16.657 [http-nio-8081-exec-4] INFO  com.qczy.filter.JwtAuthenticationTokenFilter - authenticated user:admin
2025-11-18 23:00:18.616 [http-nio-8081-exec-1] INFO  com.qczy.filter.JwtAuthenticationTokenFilter - checking username:admin
2025-11-18 23:00:18.619 [http-nio-8081-exec-1] INFO  com.qczy.filter.JwtAuthenticationTokenFilter - authenticated user:admin
2025-11-18 23:00:18.624 [http-nio-8081-exec-7] INFO  com.qczy.filter.JwtAuthenticationTokenFilter - checking username:admin
2025-11-18 23:00:18.625 [http-nio-8081-exec-7] INFO  com.qczy.filter.JwtAuthenticationTokenFilter - authenticated user:admin
2025-11-18 23:00:19.682 [http-nio-8081-exec-5] INFO  com.qczy.filter.JwtAuthenticationTokenFilter - checking username:admin
2025-11-18 23:00:19.683 [http-nio-8081-exec-5] INFO  com.qczy.filter.JwtAuthenticationTokenFilter - authenticated user:admin
2025-11-18 23:00:19.684 [http-nio-8081-exec-5] INFO  com.qczy.controller.user.UserController - token->Bearer eyJhbGciOiJIUzUxMiJ9.eyJzdWIiOiJhZG1pbiIsImNyZWF0ZWQiOjE3NjM0NzUzMzY5MDAsImV4cCI6MTc2NDA4MDEzNn0.vnH0_5x918d6E0KXIe8Vo7CUEui_bj53Ay-y72kRlc2sCzDrXdz3zdiNwJoxXtTvL7pEDXhOhegy8Fkvh9P_Mw
2025-11-18 23:00:19.700 [http-nio-8081-exec-3] INFO  com.qczy.filter.JwtAuthenticationTokenFilter - checking username:admin
2025-11-18 23:00:19.702 [http-nio-8081-exec-3] INFO  com.qczy.filter.JwtAuthenticationTokenFilter - authenticated user:admin
2025-11-18 23:00:19.702 [http-nio-8081-exec-3] INFO  com.qczy.controller.user.UserController - token->Bearer eyJhbGciOiJIUzUxMiJ9.eyJzdWIiOiJhZG1pbiIsImNyZWF0ZWQiOjE3NjM0NzUzMzY5MDAsImV4cCI6MTc2NDA4MDEzNn0.vnH0_5x918d6E0KXIe8Vo7CUEui_bj53Ay-y72kRlc2sCzDrXdz3zdiNwJoxXtTvL7pEDXhOhegy8Fkvh9P_Mw
2025-11-18 23:00:19.703 [http-nio-8081-exec-3] INFO  com.qczy.controller.user.UserController - username->admin
2025-11-18 23:00:24.025 [http-nio-8081-exec-9] INFO  com.qczy.filter.JwtAuthenticationTokenFilter - checking username:admin
2025-11-18 23:00:24.025 [http-nio-8081-exec-4] INFO  com.qczy.filter.JwtAuthenticationTokenFilter - checking username:admin
2025-11-18 23:00:24.027 [http-nio-8081-exec-4] INFO  com.qczy.filter.JwtAuthenticationTokenFilter - authenticated user:admin
2025-11-18 23:00:24.027 [http-nio-8081-exec-9] INFO  com.qczy.filter.JwtAuthenticationTokenFilter - authenticated user:admin
2025-11-18 23:00:24.032 [http-nio-8081-exec-1] INFO  com.qczy.filter.JwtAuthenticationTokenFilter - checking username:admin
2025-11-18 23:00:24.032 [http-nio-8081-exec-7] INFO  com.qczy.filter.JwtAuthenticationTokenFilter - checking username:admin
2025-11-18 23:00:24.034 [http-nio-8081-exec-7] INFO  com.qczy.filter.JwtAuthenticationTokenFilter - authenticated user:admin
2025-11-18 23:00:24.034 [http-nio-8081-exec-1] INFO  com.qczy.filter.JwtAuthenticationTokenFilter - authenticated user:admin
2025-11-18 23:00:24.039 [http-nio-8081-exec-5] INFO  com.qczy.filter.JwtAuthenticationTokenFilter - checking username:admin
2025-11-18 23:00:24.042 [http-nio-8081-exec-5] INFO  com.qczy.filter.JwtAuthenticationTokenFilter - authenticated user:admin
2025-11-18 23:00:24.046 [http-nio-8081-exec-3] INFO  com.qczy.filter.JwtAuthenticationTokenFilter - checking username:admin
2025-11-18 23:00:24.049 [http-nio-8081-exec-3] INFO  com.qczy.filter.JwtAuthenticationTokenFilter - authenticated user:admin
2025-11-18 23:00:29.032 [http-nio-8081-exec-10] INFO  com.qczy.filter.JwtAuthenticationTokenFilter - checking username:admin
2025-11-18 23:00:29.032 [http-nio-8081-exec-10] INFO  com.qczy.filter.JwtAuthenticationTokenFilter - authenticated user:admin
2025-11-18 23:00:29.032 [http-nio-8081-exec-6] INFO  com.qczy.filter.JwtAuthenticationTokenFilter - checking username:admin
2025-11-18 23:00:29.032 [http-nio-8081-exec-6] INFO  com.qczy.filter.JwtAuthenticationTokenFilter - authenticated user:admin
2025-11-18 23:00:30.029 [http-nio-8081-exec-2] INFO  com.qczy.filter.JwtAuthenticationTokenFilter - checking username:admin
2025-11-18 23:00:30.034 [http-nio-8081-exec-2] INFO  com.qczy.filter.JwtAuthenticationTokenFilter - authenticated user:admin
2025-11-18 23:00:30.034 [http-nio-8081-exec-8] INFO  com.qczy.filter.JwtAuthenticationTokenFilter - checking username:admin
2025-11-18 23:00:30.041 [http-nio-8081-exec-8] INFO  com.qczy.filter.JwtAuthenticationTokenFilter - authenticated user:admin
2025-11-18 23:00:34.115 [http-nio-8081-exec-5] INFO  com.qczy.filter.JwtAuthenticationTokenFilter - checking username:admin
2025-11-18 23:00:34.115 [http-nio-8081-exec-3] INFO  com.qczy.filter.JwtAuthenticationTokenFilter - checking username:admin
2025-11-18 23:00:34.115 [http-nio-8081-exec-5] INFO  com.qczy.filter.JwtAuthenticationTokenFilter - authenticated user:admin
2025-11-18 23:00:34.115 [http-nio-8081-exec-3] INFO  com.qczy.filter.JwtAuthenticationTokenFilter - authenticated user:admin
2025-11-18 23:00:34.122 [http-nio-8081-exec-6] INFO  com.qczy.filter.JwtAuthenticationTokenFilter - checking username:admin
2025-11-18 23:00:34.122 [http-nio-8081-exec-10] INFO  com.qczy.filter.JwtAuthenticationTokenFilter - checking username:admin
2025-11-18 23:00:34.122 [http-nio-8081-exec-6] INFO  com.qczy.filter.JwtAuthenticationTokenFilter - authenticated user:admin
2025-11-18 23:00:34.122 [http-nio-8081-exec-10] INFO  com.qczy.filter.JwtAuthenticationTokenFilter - authenticated user:admin
2025-11-18 23:00:34.127 [http-nio-8081-exec-2] INFO  com.qczy.filter.JwtAuthenticationTokenFilter - checking username:admin
2025-11-18 23:00:34.130 [http-nio-8081-exec-2] INFO  com.qczy.filter.JwtAuthenticationTokenFilter - authenticated user:admin
2025-11-18 23:00:34.133 [http-nio-8081-exec-8] INFO  com.qczy.filter.JwtAuthenticationTokenFilter - checking username:admin
2025-11-18 23:00:34.136 [http-nio-8081-exec-8] INFO  com.qczy.filter.JwtAuthenticationTokenFilter - authenticated user:admin
2025-11-18 23:00:39.952 [http-nio-8081-exec-9] INFO  com.qczy.filter.JwtAuthenticationTokenFilter - checking username:admin
2025-11-18 23:00:39.956 [http-nio-8081-exec-9] INFO  com.qczy.filter.JwtAuthenticationTokenFilter - authenticated user:admin
2025-11-18 23:00:39.958 [http-nio-8081-exec-4] INFO  com.qczy.filter.JwtAuthenticationTokenFilter - checking username:admin
2025-11-18 23:00:39.963 [http-nio-8081-exec-4] INFO  com.qczy.filter.JwtAuthenticationTokenFilter - authenticated user:admin
2025-11-18 23:00:40.952 [http-nio-8081-exec-7] INFO  com.qczy.filter.JwtAuthenticationTokenFilter - checking username:admin
2025-11-18 23:00:40.957 [http-nio-8081-exec-7] INFO  com.qczy.filter.JwtAuthenticationTokenFilter - authenticated user:admin
2025-11-18 23:00:40.962 [http-nio-8081-exec-1] INFO  com.qczy.filter.JwtAuthenticationTokenFilter - checking username:admin
2025-11-18 23:00:40.963 [http-nio-8081-exec-1] INFO  com.qczy.filter.JwtAuthenticationTokenFilter - authenticated user:admin
2025-11-18 23:00:44.951 [http-nio-8081-exec-5] INFO  com.qczy.filter.JwtAuthenticationTokenFilter - checking username:admin
2025-11-18 23:00:44.951 [http-nio-8081-exec-5] INFO  com.qczy.filter.JwtAuthenticationTokenFilter - authenticated user:admin
2025-11-18 23:00:44.960 [http-nio-8081-exec-3] INFO  com.qczy.filter.JwtAuthenticationTokenFilter - checking username:admin
2025-11-18 23:00:44.962 [http-nio-8081-exec-3] INFO  com.qczy.filter.JwtAuthenticationTokenFilter - authenticated user:admin
2025-11-18 23:00:46.950 [http-nio-8081-exec-6] INFO  com.qczy.filter.JwtAuthenticationTokenFilter - checking username:admin
2025-11-18 23:00:46.955 [http-nio-8081-exec-6] INFO  com.qczy.filter.JwtAuthenticationTokenFilter - authenticated user:admin
2025-11-18 23:00:46.958 [http-nio-8081-exec-10] INFO  com.qczy.filter.JwtAuthenticationTokenFilter - checking username:admin
2025-11-18 23:00:46.962 [http-nio-8081-exec-10] INFO  com.qczy.filter.JwtAuthenticationTokenFilter - authenticated user:admin
2025-11-18 23:00:49.955 [http-nio-8081-exec-2] INFO  com.qczy.filter.JwtAuthenticationTokenFilter - checking username:admin
2025-11-18 23:00:49.957 [http-nio-8081-exec-2] INFO  com.qczy.filter.JwtAuthenticationTokenFilter - authenticated user:admin
2025-11-18 23:00:49.962 [http-nio-8081-exec-8] INFO  com.qczy.filter.JwtAuthenticationTokenFilter - checking username:admin
2025-11-18 23:00:49.962 [http-nio-8081-exec-8] INFO  com.qczy.filter.JwtAuthenticationTokenFilter - authenticated user:admin
2025-11-18 23:00:52.951 [http-nio-8081-exec-9] INFO  com.qczy.filter.JwtAuthenticationTokenFilter - checking username:admin
2025-11-18 23:00:52.955 [http-nio-8081-exec-9] INFO  com.qczy.filter.JwtAuthenticationTokenFilter - authenticated user:admin
2025-11-18 23:00:52.957 [http-nio-8081-exec-4] INFO  com.qczy.filter.JwtAuthenticationTokenFilter - checking username:admin
2025-11-18 23:00:52.961 [http-nio-8081-exec-4] INFO  com.qczy.filter.JwtAuthenticationTokenFilter - authenticated user:admin
2025-11-18 23:00:54.951 [http-nio-8081-exec-7] INFO  com.qczy.filter.JwtAuthenticationTokenFilter - checking username:admin
2025-11-18 23:00:54.952 [http-nio-8081-exec-7] INFO  com.qczy.filter.JwtAuthenticationTokenFilter - authenticated user:admin
2025-11-18 23:00:54.955 [http-nio-8081-exec-1] INFO  com.qczy.filter.JwtAuthenticationTokenFilter - checking username:admin
2025-11-18 23:00:54.961 [http-nio-8081-exec-1] INFO  com.qczy.filter.JwtAuthenticationTokenFilter - authenticated user:admin
2025-11-18 23:00:58.957 [http-nio-8081-exec-5] INFO  com.qczy.filter.JwtAuthenticationTokenFilter - checking username:admin
2025-11-18 23:00:58.961 [http-nio-8081-exec-5] INFO  com.qczy.filter.JwtAuthenticationTokenFilter - authenticated user:admin
2025-11-18 23:00:58.962 [http-nio-8081-exec-3] INFO  com.qczy.filter.JwtAuthenticationTokenFilter - checking username:admin
2025-11-18 23:00:58.967 [http-nio-8081-exec-3] INFO  com.qczy.filter.JwtAuthenticationTokenFilter - authenticated user:admin
2025-11-18 23:00:59.952 [http-nio-8081-exec-6] INFO  com.qczy.filter.JwtAuthenticationTokenFilter - checking username:admin
2025-11-18 23:00:59.952 [http-nio-8081-exec-6] INFO  com.qczy.filter.JwtAuthenticationTokenFilter - authenticated user:admin
2025-11-18 23:00:59.956 [http-nio-8081-exec-10] INFO  com.qczy.filter.JwtAuthenticationTokenFilter - checking username:admin
2025-11-18 23:00:59.960 [http-nio-8081-exec-10] INFO  com.qczy.filter.JwtAuthenticationTokenFilter - authenticated user:admin
2025-11-18 23:01:04.951 [http-nio-8081-exec-2] INFO  com.qczy.filter.JwtAuthenticationTokenFilter - checking username:admin
2025-11-18 23:01:04.951 [http-nio-8081-exec-8] INFO  com.qczy.filter.JwtAuthenticationTokenFilter - checking username:admin
2025-11-18 23:01:04.954 [http-nio-8081-exec-8] INFO  com.qczy.filter.JwtAuthenticationTokenFilter - authenticated user:admin
2025-11-18 23:01:04.954 [http-nio-8081-exec-2] INFO  com.qczy.filter.JwtAuthenticationTokenFilter - authenticated user:admin
2025-11-18 23:01:04.958 [http-nio-8081-exec-9] INFO  com.qczy.filter.JwtAuthenticationTokenFilter - checking username:admin
2025-11-18 23:01:04.958 [http-nio-8081-exec-4] INFO  com.qczy.filter.JwtAuthenticationTokenFilter - checking username:admin
2025-11-18 23:01:04.961 [http-nio-8081-exec-4] INFO  com.qczy.filter.JwtAuthenticationTokenFilter - authenticated user:admin
2025-11-18 23:01:04.961 [http-nio-8081-exec-9] INFO  com.qczy.filter.JwtAuthenticationTokenFilter - authenticated user:admin
2025-11-18 23:01:09.947 [http-nio-8081-exec-7] INFO  com.qczy.filter.JwtAuthenticationTokenFilter - checking username:admin
2025-11-18 23:01:09.953 [http-nio-8081-exec-7] INFO  com.qczy.filter.JwtAuthenticationTokenFilter - authenticated user:admin
2025-11-18 23:01:09.954 [http-nio-8081-exec-1] INFO  com.qczy.filter.JwtAuthenticationTokenFilter - checking username:admin
2025-11-18 23:01:09.959 [http-nio-8081-exec-1] INFO  com.qczy.filter.JwtAuthenticationTokenFilter - authenticated user:admin
2025-11-18 23:01:10.948 [http-nio-8081-exec-5] INFO  com.qczy.filter.JwtAuthenticationTokenFilter - checking username:admin
2025-11-18 23:01:10.953 [http-nio-8081-exec-5] INFO  com.qczy.filter.JwtAuthenticationTokenFilter - authenticated user:admin
2025-11-18 23:01:10.959 [http-nio-8081-exec-3] INFO  com.qczy.filter.JwtAuthenticationTokenFilter - checking username:admin
2025-11-18 23:01:10.959 [http-nio-8081-exec-3] INFO  com.qczy.filter.JwtAuthenticationTokenFilter - authenticated user:admin
2025-11-18 23:01:14.951 [http-nio-8081-exec-6] INFO  com.qczy.filter.JwtAuthenticationTokenFilter - checking username:admin
2025-11-18 23:01:14.954 [http-nio-8081-exec-6] INFO  com.qczy.filter.JwtAuthenticationTokenFilter - authenticated user:admin
2025-11-18 23:01:14.959 [http-nio-8081-exec-10] INFO  com.qczy.filter.JwtAuthenticationTokenFilter - checking username:admin
2025-11-18 23:01:14.959 [http-nio-8081-exec-10] INFO  com.qczy.filter.JwtAuthenticationTokenFilter - authenticated user:admin
2025-11-18 23:01:16.953 [http-nio-8081-exec-2] INFO  com.qczy.filter.JwtAuthenticationTokenFilter - checking username:admin
2025-11-18 23:01:16.954 [http-nio-8081-exec-2] INFO  com.qczy.filter.JwtAuthenticationTokenFilter - authenticated user:admin
2025-11-18 23:01:16.958 [http-nio-8081-exec-8] INFO  com.qczy.filter.JwtAuthenticationTokenFilter - checking username:admin
2025-11-18 23:01:16.960 [http-nio-8081-exec-8] INFO  com.qczy.filter.JwtAuthenticationTokenFilter - authenticated user:admin
2025-11-18 23:01:19.958 [http-nio-8081-exec-9] INFO  com.qczy.filter.JwtAuthenticationTokenFilter - checking username:admin
2025-11-18 23:01:19.960 [http-nio-8081-exec-9] INFO  com.qczy.filter.JwtAuthenticationTokenFilter - authenticated user:admin
2025-11-18 23:01:19.967 [http-nio-8081-exec-4] INFO  com.qczy.filter.JwtAuthenticationTokenFilter - checking username:admin
2025-11-18 23:01:19.968 [http-nio-8081-exec-4] INFO  com.qczy.filter.JwtAuthenticationTokenFilter - authenticated user:admin
2025-11-18 23:01:22.952 [http-nio-8081-exec-7] INFO  com.qczy.filter.JwtAuthenticationTokenFilter - checking username:admin
2025-11-18 23:01:22.952 [http-nio-8081-exec-7] INFO  com.qczy.filter.JwtAuthenticationTokenFilter - authenticated user:admin
2025-11-18 23:01:22.959 [http-nio-8081-exec-1] INFO  com.qczy.filter.JwtAuthenticationTokenFilter - checking username:admin
2025-11-18 23:01:22.959 [http-nio-8081-exec-1] INFO  com.qczy.filter.JwtAuthenticationTokenFilter - authenticated user:admin
2025-11-18 23:01:24.960 [http-nio-8081-exec-5] INFO  com.qczy.filter.JwtAuthenticationTokenFilter - checking username:admin
2025-11-18 23:01:24.964 [http-nio-8081-exec-5] INFO  com.qczy.filter.JwtAuthenticationTokenFilter - authenticated user:admin
2025-11-18 23:01:24.964 [http-nio-8081-exec-3] INFO  com.qczy.filter.JwtAuthenticationTokenFilter - checking username:admin
2025-11-18 23:01:24.970 [http-nio-8081-exec-3] INFO  com.qczy.filter.JwtAuthenticationTokenFilter - authenticated user:admin
2025-11-18 23:01:28.955 [http-nio-8081-exec-6] INFO  com.qczy.filter.JwtAuthenticationTokenFilter - checking username:admin
2025-11-18 23:01:28.957 [http-nio-8081-exec-6] INFO  com.qczy.filter.JwtAuthenticationTokenFilter - authenticated user:admin
2025-11-18 23:01:28.957 [http-nio-8081-exec-10] INFO  com.qczy.filter.JwtAuthenticationTokenFilter - checking username:admin
2025-11-18 23:01:28.963 [http-nio-8081-exec-10] INFO  com.qczy.filter.JwtAuthenticationTokenFilter - authenticated user:admin
2025-11-18 23:01:29.954 [http-nio-8081-exec-2] INFO  com.qczy.filter.JwtAuthenticationTokenFilter - checking username:admin
2025-11-18 23:01:29.954 [http-nio-8081-exec-2] INFO  com.qczy.filter.JwtAuthenticationTokenFilter - authenticated user:admin
2025-11-18 23:01:29.957 [http-nio-8081-exec-8] INFO  com.qczy.filter.JwtAuthenticationTokenFilter - checking username:admin
2025-11-18 23:01:29.963 [http-nio-8081-exec-8] INFO  com.qczy.filter.JwtAuthenticationTokenFilter - authenticated user:admin
2025-11-18 23:01:34.950 [http-nio-8081-exec-9] INFO  com.qczy.filter.JwtAuthenticationTokenFilter - checking username:admin
2025-11-18 23:01:34.950 [http-nio-8081-exec-4] INFO  com.qczy.filter.JwtAuthenticationTokenFilter - checking username:admin
2025-11-18 23:01:34.957 [http-nio-8081-exec-9] INFO  com.qczy.filter.JwtAuthenticationTokenFilter - authenticated user:admin
2025-11-18 23:01:34.957 [http-nio-8081-exec-4] INFO  com.qczy.filter.JwtAuthenticationTokenFilter - authenticated user:admin
2025-11-18 23:01:34.961 [http-nio-8081-exec-7] INFO  com.qczy.filter.JwtAuthenticationTokenFilter - checking username:admin
2025-11-18 23:01:34.963 [http-nio-8081-exec-1] INFO  com.qczy.filter.JwtAuthenticationTokenFilter - checking username:admin
2025-11-18 23:01:34.963 [http-nio-8081-exec-7] INFO  com.qczy.filter.JwtAuthenticationTokenFilter - authenticated user:admin
2025-11-18 23:01:34.963 [http-nio-8081-exec-1] INFO  com.qczy.filter.JwtAuthenticationTokenFilter - authenticated user:admin
2025-11-18 23:02:00.391 [http-nio-8081-exec-5] INFO  com.qczy.filter.JwtAuthenticationTokenFilter - checking username:admin
2025-11-18 23:02:00.391 [http-nio-8081-exec-3] INFO  com.qczy.filter.JwtAuthenticationTokenFilter - checking username:admin
2025-11-18 23:02:00.392 [http-nio-8081-exec-3] INFO  com.qczy.filter.JwtAuthenticationTokenFilter - authenticated user:admin
2025-11-18 23:02:00.392 [http-nio-8081-exec-5] INFO  com.qczy.filter.JwtAuthenticationTokenFilter - authenticated user:admin
2025-11-18 23:02:00.397 [http-nio-8081-exec-6] INFO  com.qczy.filter.JwtAuthenticationTokenFilter - checking username:admin
2025-11-18 23:02:00.398 [http-nio-8081-exec-10] INFO  com.qczy.filter.JwtAuthenticationTokenFilter - checking username:admin
2025-11-18 23:02:00.399 [http-nio-8081-exec-10] INFO  com.qczy.filter.JwtAuthenticationTokenFilter - authenticated user:admin
2025-11-18 23:02:00.399 [http-nio-8081-exec-6] INFO  com.qczy.filter.JwtAuthenticationTokenFilter - authenticated user:admin
2025-11-18 23:02:04.121 [http-nio-8081-exec-8] INFO  com.qczy.filter.JwtAuthenticationTokenFilter - checking username:admin
2025-11-18 23:02:04.121 [http-nio-8081-exec-2] INFO  com.qczy.filter.JwtAuthenticationTokenFilter - checking username:admin
2025-11-18 23:02:04.124 [http-nio-8081-exec-2] INFO  com.qczy.filter.JwtAuthenticationTokenFilter - authenticated user:admin
2025-11-18 23:02:04.124 [http-nio-8081-exec-8] INFO  com.qczy.filter.JwtAuthenticationTokenFilter - authenticated user:admin
2025-11-18 23:02:04.128 [http-nio-8081-exec-9] INFO  com.qczy.filter.JwtAuthenticationTokenFilter - checking username:admin
2025-11-18 23:02:04.128 [http-nio-8081-exec-4] INFO  com.qczy.filter.JwtAuthenticationTokenFilter - checking username:admin
2025-11-18 23:02:04.129 [http-nio-8081-exec-9] INFO  com.qczy.filter.JwtAuthenticationTokenFilter - authenticated user:admin
2025-11-18 23:02:04.129 [http-nio-8081-exec-4] INFO  com.qczy.filter.JwtAuthenticationTokenFilter - authenticated user:admin
2025-11-18 23:02:09.953 [http-nio-8081-exec-7] INFO  com.qczy.filter.JwtAuthenticationTokenFilter - checking username:admin
2025-11-18 23:02:09.958 [http-nio-8081-exec-7] INFO  com.qczy.filter.JwtAuthenticationTokenFilter - authenticated user:admin
2025-11-18 23:02:09.960 [http-nio-8081-exec-1] INFO  com.qczy.filter.JwtAuthenticationTokenFilter - checking username:admin
2025-11-18 23:02:09.965 [http-nio-8081-exec-1] INFO  com.qczy.filter.JwtAuthenticationTokenFilter - authenticated user:admin
2025-11-18 23:02:10.955 [http-nio-8081-exec-5] INFO  com.qczy.filter.JwtAuthenticationTokenFilter - checking username:admin
2025-11-18 23:02:10.958 [http-nio-8081-exec-5] INFO  com.qczy.filter.JwtAuthenticationTokenFilter - authenticated user:admin
2025-11-18 23:02:10.960 [http-nio-8081-exec-3] INFO  com.qczy.filter.JwtAuthenticationTokenFilter - checking username:admin
2025-11-18 23:02:10.965 [http-nio-8081-exec-3] INFO  com.qczy.filter.JwtAuthenticationTokenFilter - authenticated user:admin
2025-11-18 23:02:14.954 [http-nio-8081-exec-6] INFO  com.qczy.filter.JwtAuthenticationTokenFilter - checking username:admin
2025-11-18 23:02:14.958 [http-nio-8081-exec-6] INFO  com.qczy.filter.JwtAuthenticationTokenFilter - authenticated user:admin
2025-11-18 23:02:14.960 [http-nio-8081-exec-10] INFO  com.qczy.filter.JwtAuthenticationTokenFilter - checking username:admin
2025-11-18 23:02:14.965 [http-nio-8081-exec-10] INFO  com.qczy.filter.JwtAuthenticationTokenFilter - authenticated user:admin
2025-11-18 23:02:16.953 [http-nio-8081-exec-2] INFO  com.qczy.filter.JwtAuthenticationTokenFilter - checking username:admin
2025-11-18 23:02:16.957 [http-nio-8081-exec-2] INFO  com.qczy.filter.JwtAuthenticationTokenFilter - authenticated user:admin
2025-11-18 23:02:16.959 [http-nio-8081-exec-8] INFO  com.qczy.filter.JwtAuthenticationTokenFilter - checking username:admin
2025-11-18 23:02:16.964 [http-nio-8081-exec-8] INFO  com.qczy.filter.JwtAuthenticationTokenFilter - authenticated user:admin
2025-11-18 23:02:19.960 [http-nio-8081-exec-9] INFO  com.qczy.filter.JwtAuthenticationTokenFilter - checking username:admin
2025-11-18 23:02:19.962 [http-nio-8081-exec-9] INFO  com.qczy.filter.JwtAuthenticationTokenFilter - authenticated user:admin
2025-11-18 23:02:19.968 [http-nio-8081-exec-4] INFO  com.qczy.filter.JwtAuthenticationTokenFilter - checking username:admin
2025-11-18 23:02:19.971 [http-nio-8081-exec-4] INFO  com.qczy.filter.JwtAuthenticationTokenFilter - authenticated user:admin
2025-11-18 23:02:22.963 [http-nio-8081-exec-7] INFO  com.qczy.filter.JwtAuthenticationTokenFilter - checking username:admin
2025-11-18 23:02:22.964 [http-nio-8081-exec-7] INFO  com.qczy.filter.JwtAuthenticationTokenFilter - authenticated user:admin
2025-11-18 23:02:22.969 [http-nio-8081-exec-1] INFO  com.qczy.filter.JwtAuthenticationTokenFilter - checking username:admin
2025-11-18 23:02:23.015 [http-nio-8081-exec-1] INFO  com.qczy.filter.JwtAuthenticationTokenFilter - authenticated user:admin
2025-11-18 23:02:24.951 [http-nio-8081-exec-5] INFO  com.qczy.filter.JwtAuthenticationTokenFilter - checking username:admin
2025-11-18 23:02:24.957 [http-nio-8081-exec-5] INFO  com.qczy.filter.JwtAuthenticationTokenFilter - authenticated user:admin
2025-11-18 23:02:24.962 [http-nio-8081-exec-3] INFO  com.qczy.filter.JwtAuthenticationTokenFilter - checking username:admin
2025-11-18 23:02:24.963 [http-nio-8081-exec-3] INFO  com.qczy.filter.JwtAuthenticationTokenFilter - authenticated user:admin
2025-11-18 23:02:28.951 [http-nio-8081-exec-6] INFO  com.qczy.filter.JwtAuthenticationTokenFilter - checking username:admin
2025-11-18 23:02:28.954 [http-nio-8081-exec-6] INFO  com.qczy.filter.JwtAuthenticationTokenFilter - authenticated user:admin
2025-11-18 23:02:28.959 [http-nio-8081-exec-10] INFO  com.qczy.filter.JwtAuthenticationTokenFilter - checking username:admin
2025-11-18 23:02:28.960 [http-nio-8081-exec-10] INFO  com.qczy.filter.JwtAuthenticationTokenFilter - authenticated user:admin
2025-11-18 23:02:29.953 [http-nio-8081-exec-2] INFO  com.qczy.filter.JwtAuthenticationTokenFilter - checking username:admin
2025-11-18 23:02:29.953 [http-nio-8081-exec-2] INFO  com.qczy.filter.JwtAuthenticationTokenFilter - authenticated user:admin
2025-11-18 23:02:29.958 [http-nio-8081-exec-8] INFO  com.qczy.filter.JwtAuthenticationTokenFilter - checking username:admin
2025-11-18 23:02:29.963 [http-nio-8081-exec-8] INFO  com.qczy.filter.JwtAuthenticationTokenFilter - authenticated user:admin
2025-11-18 23:02:34.962 [http-nio-8081-exec-9] INFO  com.qczy.filter.JwtAuthenticationTokenFilter - checking username:admin
2025-11-18 23:02:34.962 [http-nio-8081-exec-4] INFO  com.qczy.filter.JwtAuthenticationTokenFilter - checking username:admin
2025-11-18 23:02:34.962 [http-nio-8081-exec-4] INFO  com.qczy.filter.JwtAuthenticationTokenFilter - authenticated user:admin
2025-11-18 23:02:34.962 [http-nio-8081-exec-9] INFO  com.qczy.filter.JwtAuthenticationTokenFilter - authenticated user:admin
2025-11-18 23:02:34.966 [http-nio-8081-exec-7] INFO  com.qczy.filter.JwtAuthenticationTokenFilter - checking username:admin
2025-11-18 23:02:34.971 [http-nio-8081-exec-1] INFO  com.qczy.filter.JwtAuthenticationTokenFilter - checking username:admin
2025-11-18 23:02:34.972 [http-nio-8081-exec-7] INFO  com.qczy.filter.JwtAuthenticationTokenFilter - authenticated user:admin
2025-11-18 23:02:34.972 [http-nio-8081-exec-1] INFO  com.qczy.filter.JwtAuthenticationTokenFilter - authenticated user:admin
2025-11-18 23:02:39.965 [http-nio-8081-exec-5] INFO  com.qczy.filter.JwtAuthenticationTokenFilter - checking username:admin
2025-11-18 23:02:39.965 [http-nio-8081-exec-5] INFO  com.qczy.filter.JwtAuthenticationTokenFilter - authenticated user:admin
2025-11-18 23:02:39.968 [http-nio-8081-exec-3] INFO  com.qczy.filter.JwtAuthenticationTokenFilter - checking username:admin
2025-11-18 23:02:39.968 [http-nio-8081-exec-3] INFO  com.qczy.filter.JwtAuthenticationTokenFilter - authenticated user:admin
2025-11-18 23:02:40.946 [http-nio-8081-exec-6] INFO  com.qczy.filter.JwtAuthenticationTokenFilter - checking username:admin
2025-11-18 23:02:40.951 [http-nio-8081-exec-6] INFO  com.qczy.filter.JwtAuthenticationTokenFilter - authenticated user:admin
2025-11-18 23:02:40.951 [http-nio-8081-exec-10] INFO  com.qczy.filter.JwtAuthenticationTokenFilter - checking username:admin
2025-11-18 23:02:40.958 [http-nio-8081-exec-10] INFO  com.qczy.filter.JwtAuthenticationTokenFilter - authenticated user:admin
2025-11-18 23:02:44.967 [http-nio-8081-exec-2] INFO  com.qczy.filter.JwtAuthenticationTokenFilter - checking username:admin
2025-11-18 23:02:44.969 [http-nio-8081-exec-2] INFO  com.qczy.filter.JwtAuthenticationTokenFilter - authenticated user:admin
2025-11-18 23:02:44.971 [http-nio-8081-exec-8] INFO  com.qczy.filter.JwtAuthenticationTokenFilter - checking username:admin
2025-11-18 23:02:44.975 [http-nio-8081-exec-8] INFO  com.qczy.filter.JwtAuthenticationTokenFilter - authenticated user:admin
2025-11-18 23:02:46.956 [http-nio-8081-exec-4] INFO  com.qczy.filter.JwtAuthenticationTokenFilter - checking username:admin
2025-11-18 23:02:46.956 [http-nio-8081-exec-4] INFO  com.qczy.filter.JwtAuthenticationTokenFilter - authenticated user:admin
2025-11-18 23:02:46.956 [http-nio-8081-exec-9] INFO  com.qczy.filter.JwtAuthenticationTokenFilter - checking username:admin
2025-11-18 23:02:46.956 [http-nio-8081-exec-9] INFO  com.qczy.filter.JwtAuthenticationTokenFilter - authenticated user:admin
2025-11-18 23:02:49.968 [http-nio-8081-exec-1] INFO  com.qczy.filter.JwtAuthenticationTokenFilter - checking username:admin
2025-11-18 23:02:49.968 [http-nio-8081-exec-1] INFO  com.qczy.filter.JwtAuthenticationTokenFilter - authenticated user:admin
2025-11-18 23:02:49.968 [http-nio-8081-exec-7] INFO  com.qczy.filter.JwtAuthenticationTokenFilter - checking username:admin
2025-11-18 23:02:49.968 [http-nio-8081-exec-7] INFO  com.qczy.filter.JwtAuthenticationTokenFilter - authenticated user:admin
2025-11-18 23:02:52.953 [http-nio-8081-exec-5] INFO  com.qczy.filter.JwtAuthenticationTokenFilter - checking username:admin
2025-11-18 23:02:52.953 [http-nio-8081-exec-5] INFO  com.qczy.filter.JwtAuthenticationTokenFilter - authenticated user:admin
2025-11-18 23:02:52.953 [http-nio-8081-exec-3] INFO  com.qczy.filter.JwtAuthenticationTokenFilter - checking username:admin
2025-11-18 23:02:52.963 [http-nio-8081-exec-3] INFO  com.qczy.filter.JwtAuthenticationTokenFilter - authenticated user:admin
2025-11-18 23:02:54.954 [http-nio-8081-exec-6] INFO  com.qczy.filter.JwtAuthenticationTokenFilter - checking username:admin
2025-11-18 23:02:54.955 [http-nio-8081-exec-6] INFO  com.qczy.filter.JwtAuthenticationTokenFilter - authenticated user:admin
2025-11-18 23:02:54.960 [http-nio-8081-exec-10] INFO  com.qczy.filter.JwtAuthenticationTokenFilter - checking username:admin
2025-11-18 23:02:54.963 [http-nio-8081-exec-10] INFO  com.qczy.filter.JwtAuthenticationTokenFilter - authenticated user:admin
2025-11-18 23:02:58.957 [http-nio-8081-exec-2] INFO  com.qczy.filter.JwtAuthenticationTokenFilter - checking username:admin
2025-11-18 23:02:58.957 [http-nio-8081-exec-2] INFO  com.qczy.filter.JwtAuthenticationTokenFilter - authenticated user:admin
2025-11-18 23:02:58.957 [http-nio-8081-exec-8] INFO  com.qczy.filter.JwtAuthenticationTokenFilter - checking username:admin
2025-11-18 23:02:58.957 [http-nio-8081-exec-8] INFO  com.qczy.filter.JwtAuthenticationTokenFilter - authenticated user:admin
2025-11-18 23:02:59.956 [http-nio-8081-exec-4] INFO  com.qczy.filter.JwtAuthenticationTokenFilter - checking username:admin
2025-11-18 23:02:59.959 [http-nio-8081-exec-4] INFO  com.qczy.filter.JwtAuthenticationTokenFilter - authenticated user:admin
2025-11-18 23:02:59.959 [http-nio-8081-exec-9] INFO  com.qczy.filter.JwtAuthenticationTokenFilter - checking username:admin
2025-11-18 23:02:59.959 [http-nio-8081-exec-9] INFO  com.qczy.filter.JwtAuthenticationTokenFilter - authenticated user:admin
2025-11-18 23:03:19.958 [http-nio-8081-exec-7] INFO  com.qczy.filter.JwtAuthenticationTokenFilter - checking username:admin
2025-11-18 23:03:19.958 [http-nio-8081-exec-1] INFO  com.qczy.filter.JwtAuthenticationTokenFilter - checking username:admin
2025-11-18 23:03:19.961 [http-nio-8081-exec-1] INFO  com.qczy.filter.JwtAuthenticationTokenFilter - authenticated user:admin
2025-11-18 23:03:19.961 [http-nio-8081-exec-7] INFO  com.qczy.filter.JwtAuthenticationTokenFilter - authenticated user:admin
2025-11-18 23:03:19.965 [http-nio-8081-exec-5] INFO  com.qczy.filter.JwtAuthenticationTokenFilter - checking username:admin
2025-11-18 23:03:19.966 [http-nio-8081-exec-3] INFO  com.qczy.filter.JwtAuthenticationTokenFilter - checking username:admin
2025-11-18 23:03:19.968 [http-nio-8081-exec-5] INFO  com.qczy.filter.JwtAuthenticationTokenFilter - authenticated user:admin
2025-11-18 23:03:19.968 [http-nio-8081-exec-3] INFO  com.qczy.filter.JwtAuthenticationTokenFilter - authenticated user:admin
2025-11-18 23:04:19.956 [http-nio-8081-exec-6] INFO  com.qczy.filter.JwtAuthenticationTokenFilter - checking username:admin
2025-11-18 23:04:19.958 [http-nio-8081-exec-10] INFO  com.qczy.filter.JwtAuthenticationTokenFilter - checking username:admin
2025-11-18 23:04:19.959 [http-nio-8081-exec-6] INFO  com.qczy.filter.JwtAuthenticationTokenFilter - authenticated user:admin
2025-11-18 23:04:19.959 [http-nio-8081-exec-10] INFO  com.qczy.filter.JwtAuthenticationTokenFilter - authenticated user:admin
2025-11-18 23:04:19.964 [http-nio-8081-exec-2] INFO  com.qczy.filter.JwtAuthenticationTokenFilter - checking username:admin
2025-11-18 23:04:19.966 [http-nio-8081-exec-8] INFO  com.qczy.filter.JwtAuthenticationTokenFilter - checking username:admin
2025-11-18 23:04:19.966 [http-nio-8081-exec-2] INFO  com.qczy.filter.JwtAuthenticationTokenFilter - authenticated user:admin
2025-11-18 23:04:19.966 [http-nio-8081-exec-8] INFO  com.qczy.filter.JwtAuthenticationTokenFilter - authenticated user:admin
2025-11-18 23:05:19.965 [http-nio-8081-exec-4] INFO  com.qczy.filter.JwtAuthenticationTokenFilter - checking username:admin
2025-11-18 23:05:19.968 [http-nio-8081-exec-4] INFO  com.qczy.filter.JwtAuthenticationTokenFilter - authenticated user:admin
2025-11-18 23:05:19.975 [http-nio-8081-exec-9] INFO  com.qczy.filter.JwtAuthenticationTokenFilter - checking username:admin
2025-11-18 23:05:19.975 [http-nio-8081-exec-1] INFO  com.qczy.filter.JwtAuthenticationTokenFilter - checking username:admin
2025-11-18 23:05:19.976 [http-nio-8081-exec-9] INFO  com.qczy.filter.JwtAuthenticationTokenFilter - authenticated user:admin
2025-11-18 23:05:19.976 [http-nio-8081-exec-1] INFO  com.qczy.filter.JwtAuthenticationTokenFilter - authenticated user:admin
2025-11-18 23:05:19.982 [http-nio-8081-exec-7] INFO  com.qczy.filter.JwtAuthenticationTokenFilter - checking username:admin
2025-11-18 23:05:19.984 [http-nio-8081-exec-7] INFO  com.qczy.filter.JwtAuthenticationTokenFilter - authenticated user:admin
2025-11-18 23:06:19.957 [http-nio-8081-exec-3] INFO  com.qczy.filter.JwtAuthenticationTokenFilter - checking username:admin
2025-11-18 23:06:19.958 [http-nio-8081-exec-6] INFO  com.qczy.filter.JwtAuthenticationTokenFilter - checking username:admin
2025-11-18 23:06:19.959 [http-nio-8081-exec-3] INFO  com.qczy.filter.JwtAuthenticationTokenFilter - authenticated user:admin
2025-11-18 23:06:19.960 [http-nio-8081-exec-6] INFO  com.qczy.filter.JwtAuthenticationTokenFilter - authenticated user:admin
2025-11-18 23:06:19.964 [http-nio-8081-exec-10] INFO  com.qczy.filter.JwtAuthenticationTokenFilter - checking username:admin
2025-11-18 23:06:19.964 [http-nio-8081-exec-2] INFO  com.qczy.filter.JwtAuthenticationTokenFilter - checking username:admin
2025-11-18 23:06:19.967 [http-nio-8081-exec-10] INFO  com.qczy.filter.JwtAuthenticationTokenFilter - authenticated user:admin
2025-11-18 23:06:19.967 [http-nio-8081-exec-2] INFO  com.qczy.filter.JwtAuthenticationTokenFilter - authenticated user:admin
2025-11-18 23:07:19.953 [http-nio-8081-exec-8] INFO  com.qczy.filter.JwtAuthenticationTokenFilter - checking username:admin
2025-11-18 23:07:19.953 [http-nio-8081-exec-4] INFO  com.qczy.filter.JwtAuthenticationTokenFilter - checking username:admin
2025-11-18 23:07:19.953 [http-nio-8081-exec-4] INFO  com.qczy.filter.JwtAuthenticationTokenFilter - authenticated user:admin
2025-11-18 23:07:19.953 [http-nio-8081-exec-8] INFO  com.qczy.filter.JwtAuthenticationTokenFilter - authenticated user:admin
2025-11-18 23:07:19.965 [http-nio-8081-exec-9] INFO  com.qczy.filter.JwtAuthenticationTokenFilter - checking username:admin
2025-11-18 23:07:19.965 [http-nio-8081-exec-1] INFO  com.qczy.filter.JwtAuthenticationTokenFilter - checking username:admin
2025-11-18 23:07:19.969 [http-nio-8081-exec-1] INFO  com.qczy.filter.JwtAuthenticationTokenFilter - authenticated user:admin
2025-11-18 23:07:19.969 [http-nio-8081-exec-9] INFO  com.qczy.filter.JwtAuthenticationTokenFilter - authenticated user:admin
2025-11-18 23:08:19.962 [http-nio-8081-exec-7] INFO  com.qczy.filter.JwtAuthenticationTokenFilter - checking username:admin
2025-11-18 23:08:19.966 [http-nio-8081-exec-7] INFO  com.qczy.filter.JwtAuthenticationTokenFilter - authenticated user:admin
2025-11-18 23:08:19.967 [http-nio-8081-exec-5] INFO  com.qczy.filter.JwtAuthenticationTokenFilter - checking username:admin
2025-11-18 23:08:19.968 [http-nio-8081-exec-5] INFO  com.qczy.filter.JwtAuthenticationTokenFilter - authenticated user:admin
2025-11-18 23:08:19.971 [http-nio-8081-exec-3] INFO  com.qczy.filter.JwtAuthenticationTokenFilter - checking username:admin
2025-11-18 23:08:19.973 [http-nio-8081-exec-6] INFO  com.qczy.filter.JwtAuthenticationTokenFilter - checking username:admin
2025-11-18 23:08:19.973 [http-nio-8081-exec-3] INFO  com.qczy.filter.JwtAuthenticationTokenFilter - authenticated user:admin
2025-11-18 23:08:19.973 [http-nio-8081-exec-6] INFO  com.qczy.filter.JwtAuthenticationTokenFilter - authenticated user:admin
2025-11-18 23:09:19.959 [http-nio-8081-exec-10] INFO  com.qczy.filter.JwtAuthenticationTokenFilter - checking username:admin
2025-11-18 23:09:19.959 [http-nio-8081-exec-2] INFO  com.qczy.filter.JwtAuthenticationTokenFilter - checking username:admin
2025-11-18 23:09:19.959 [http-nio-8081-exec-2] INFO  com.qczy.filter.JwtAuthenticationTokenFilter - authenticated user:admin
2025-11-18 23:09:19.959 [http-nio-8081-exec-10] INFO  com.qczy.filter.JwtAuthenticationTokenFilter - authenticated user:admin
2025-11-18 23:09:19.966 [http-nio-8081-exec-8] INFO  com.qczy.filter.JwtAuthenticationTokenFilter - checking username:admin
2025-11-18 23:09:19.968 [http-nio-8081-exec-4] INFO  com.qczy.filter.JwtAuthenticationTokenFilter - checking username:admin
2025-11-18 23:09:19.972 [http-nio-8081-exec-8] INFO  com.qczy.filter.JwtAuthenticationTokenFilter - authenticated user:admin
2025-11-18 23:09:19.974 [http-nio-8081-exec-4] INFO  com.qczy.filter.JwtAuthenticationTokenFilter - authenticated user:admin
2025-11-18 23:10:19.966 [http-nio-8081-exec-1] INFO  com.qczy.filter.JwtAuthenticationTokenFilter - checking username:admin
2025-11-18 23:10:19.967 [http-nio-8081-exec-1] INFO  com.qczy.filter.JwtAuthenticationTokenFilter - authenticated user:admin
2025-11-18 23:10:19.972 [http-nio-8081-exec-9] INFO  com.qczy.filter.JwtAuthenticationTokenFilter - checking username:admin
2025-11-18 23:10:19.972 [http-nio-8081-exec-7] INFO  com.qczy.filter.JwtAuthenticationTokenFilter - checking username:admin
2025-11-18 23:10:19.973 [http-nio-8081-exec-9] INFO  com.qczy.filter.JwtAuthenticationTokenFilter - authenticated user:admin
2025-11-18 23:10:19.973 [http-nio-8081-exec-7] INFO  com.qczy.filter.JwtAuthenticationTokenFilter - authenticated user:admin
2025-11-18 23:10:19.980 [http-nio-8081-exec-5] INFO  com.qczy.filter.JwtAuthenticationTokenFilter - checking username:admin
2025-11-18 23:10:19.981 [http-nio-8081-exec-5] INFO  com.qczy.filter.JwtAuthenticationTokenFilter - authenticated user:admin
2025-11-18 23:11:19.966 [http-nio-8081-exec-6] INFO  com.qczy.filter.JwtAuthenticationTokenFilter - checking username:admin
2025-11-18 23:11:19.966 [http-nio-8081-exec-2] INFO  com.qczy.filter.JwtAuthenticationTokenFilter - checking username:admin
2025-11-18 23:11:19.968 [http-nio-8081-exec-2] INFO  com.qczy.filter.JwtAuthenticationTokenFilter - authenticated user:admin
2025-11-18 23:11:19.968 [http-nio-8081-exec-6] INFO  com.qczy.filter.JwtAuthenticationTokenFilter - authenticated user:admin
2025-11-18 23:11:19.972 [http-nio-8081-exec-10] INFO  com.qczy.filter.JwtAuthenticationTokenFilter - checking username:admin
2025-11-18 23:11:19.973 [http-nio-8081-exec-4] INFO  com.qczy.filter.JwtAuthenticationTokenFilter - checking username:admin
2025-11-18 23:11:19.974 [http-nio-8081-exec-10] INFO  com.qczy.filter.JwtAuthenticationTokenFilter - authenticated user:admin
2025-11-18 23:11:19.975 [http-nio-8081-exec-4] INFO  com.qczy.filter.JwtAuthenticationTokenFilter - authenticated user:admin
2025-11-18 23:11:53.371 [SpringContextShutdownHook] INFO  o.s.scheduling.concurrent.ThreadPoolTaskScheduler - Shutting down ExecutorService 'taskScheduler'
2025-11-18 23:11:53.372 [SpringContextShutdownHook] INFO  o.s.scheduling.concurrent.ThreadPoolTaskExecutor - Shutting down ExecutorService 'asyncExecutor'
2025-11-18 23:11:53.376 [SpringContextShutdownHook] INFO  com.zaxxer.hikari.HikariDataSource - HikariPool-1 - Shutdown initiated...
2025-11-18 23:11:53.380 [SpringContextShutdownHook] INFO  com.zaxxer.hikari.HikariDataSource - HikariPool-1 - Shutdown completed.
2025-11-18 23:11:57.178 [main] INFO  com.qczy.MyApplication - Starting MyApplication on LAPTOP-R3CBIEK9 with PID 25504 (F:\DOWN\work-claude-federated-learning-framework-01QTn3RtqqhFiMnk4tMdbXm9\back\datamark-admin\target\classes started by lenovo in F:\DOWN\work-claude-federated-learning-framework-01QTn3RtqqhFiMnk4tMdbXm9\back\datamark-admin)
2025-11-18 23:11:57.178 [main] INFO  com.qczy.MyApplication - The following profiles are active: test
2025-11-18 23:11:58.172 [main] INFO  o.s.c.s.PostProcessorRegistrationDelegate$BeanPostProcessorChecker - Bean 'asyncConfig' of type [com.qczy.config.AsyncConfig$$EnhancerBySpringCGLIB$$10329207] is not eligible for getting processed by all BeanPostProcessors (for example: not eligible for auto-proxying)
2025-11-18 23:11:58.230 [main] INFO  o.s.c.s.PostProcessorRegistrationDelegate$BeanPostProcessorChecker - Bean 'org.springframework.transaction.annotation.ProxyTransactionManagementConfiguration' of type [org.springframework.transaction.annotation.ProxyTransactionManagementConfiguration] is not eligible for getting processed by all BeanPostProcessors (for example: not eligible for auto-proxying)
2025-11-18 23:11:58.309 [main] INFO  o.s.c.s.PostProcessorRegistrationDelegate$BeanPostProcessorChecker - Bean 'org.springframework.security.config.annotation.configuration.ObjectPostProcessorConfiguration' of type [org.springframework.security.config.annotation.configuration.ObjectPostProcessorConfiguration] is not eligible for getting processed by all BeanPostProcessors (for example: not eligible for auto-proxying)
2025-11-18 23:11:58.311 [main] INFO  o.s.c.s.PostProcessorRegistrationDelegate$BeanPostProcessorChecker - Bean 'objectPostProcessor' of type [org.springframework.security.config.annotation.configuration.AutowireBeanFactoryObjectPostProcessor] is not eligible for getting processed by all BeanPostProcessors (for example: not eligible for auto-proxying)
2025-11-18 23:11:58.313 [main] INFO  o.s.c.s.PostProcessorRegistrationDelegate$BeanPostProcessorChecker - Bean 'org.springframework.security.access.expression.method.DefaultMethodSecurityExpressionHandler@750ff7d3' of type [org.springframework.security.access.expression.method.DefaultMethodSecurityExpressionHandler] is not eligible for getting processed by all BeanPostProcessors (for example: not eligible for auto-proxying)
2025-11-18 23:11:58.314 [main] INFO  o.s.c.s.PostProcessorRegistrationDelegate$BeanPostProcessorChecker - Bean 'org.springframework.security.config.annotation.method.configuration.GlobalMethodSecurityConfiguration' of type [org.springframework.security.config.annotation.method.configuration.GlobalMethodSecurityConfiguration] is not eligible for getting processed by all BeanPostProcessors (for example: not eligible for auto-proxying)
2025-11-18 23:11:58.318 [main] INFO  o.s.c.s.PostProcessorRegistrationDelegate$BeanPostProcessorChecker - Bean 'methodSecurityMetadataSource' of type [org.springframework.security.access.method.DelegatingMethodSecurityMetadataSource] is not eligible for getting processed by all BeanPostProcessors (for example: not eligible for auto-proxying)
2025-11-18 23:11:58.535 [main] INFO  o.s.boot.web.embedded.tomcat.TomcatWebServer - Tomcat initialized with port(s): 8081 (http)
2025-11-18 23:11:58.540 [main] INFO  org.apache.coyote.http11.Http11NioProtocol - Initializing ProtocolHandler ["http-nio-8081"]
2025-11-18 23:11:58.540 [main] INFO  org.apache.catalina.core.StandardService - Starting service [Tomcat]
2025-11-18 23:11:58.541 [main] INFO  org.apache.catalina.core.StandardEngine - Starting Servlet engine: [Apache Tomcat/9.0.27]
2025-11-18 23:11:58.685 [main] INFO  o.a.c.core.ContainerBase.[Tomcat].[localhost].[/] - Initializing Spring embedded WebApplicationContext
2025-11-18 23:11:58.685 [main] INFO  org.springframework.web.context.ContextLoader - Root WebApplicationContext: initialization completed in 1479 ms
2025-11-18 23:12:01.744 [main] INFO  com.zaxxer.hikari.HikariDataSource - HikariPool-1 - Starting...
2025-11-18 23:12:01.833 [main] INFO  com.zaxxer.hikari.HikariDataSource - HikariPool-1 - Start completed.
2025-11-18 23:12:01.861 [main] INFO  c.q.federated.service.FederatedCoordinatorService - Loaded 0 nodes from database
2025-11-18 23:12:01.863 [main] INFO  c.q.federated.service.FederatedCoordinatorService - Loaded 0 jobs from database
2025-11-18 23:12:02.101 [main] INFO  o.s.scheduling.concurrent.ThreadPoolTaskExecutor - Initializing ExecutorService
2025-11-18 23:12:02.103 [main] INFO  o.s.scheduling.concurrent.ThreadPoolTaskExecutor - Initializing ExecutorService 'asyncExecutor'
2025-11-18 23:12:02.133 [main] INFO  o.s.scheduling.concurrent.ThreadPoolTaskScheduler - Initializing ExecutorService
2025-11-18 23:12:02.134 [main] INFO  o.s.scheduling.concurrent.ThreadPoolTaskScheduler - Initializing ExecutorService 'taskScheduler'
2025-11-18 23:12:02.249 [main] INFO  s.d.s.w.PropertySourcedRequestMappingHandlerMapping - Mapped URL path [/v2/api-docs] onto method [springfox.documentation.swagger2.web.Swagger2Controller#getDocumentation(String, HttpServletRequest)]
2025-11-18 23:12:02.320 [main] INFO  o.s.security.web.DefaultSecurityFilterChain - Creating filter chain: any request, [org.springframework.security.web.context.request.async.WebAsyncManagerIntegrationFilter@15c16f19, org.springframework.security.web.context.SecurityContextPersistenceFilter@7bc2ae16, org.springframework.security.web.header.HeaderWriterFilter@5d767218, org.springframework.web.filter.CorsFilter@1a17dd6f, org.springframework.security.web.authentication.logout.LogoutFilter@2353354a, com.qczy.filter.JwtAuthenticationTokenFilter@493da830, org.springframework.security.web.savedrequest.RequestCacheAwareFilter@5f61e002, org.springframework.security.web.servletapi.SecurityContextHolderAwareRequestFilter@50778bde, org.springframework.security.web.authentication.AnonymousAuthenticationFilter@be6d228, org.springframework.security.web.session.SessionManagementFilter@25de8898, org.springframework.security.web.access.ExceptionTranslationFilter@7757025d, org.springframework.security.web.access.intercept.FilterSecurityInterceptor@6f07d414]
2025-11-18 23:12:02.526 [main] INFO  s.d.s.web.plugins.DocumentationPluginsBootstrapper - Context refreshed
2025-11-18 23:12:02.537 [main] INFO  s.d.s.web.plugins.DocumentationPluginsBootstrapper - Found 1 custom documentation plugin(s)
2025-11-18 23:12:02.537 [main] INFO  s.d.s.web.plugins.DocumentationPluginsBootstrapper - Skipping initializing disabled plugin bean swagger v2.0
2025-11-18 23:12:02.545 [main] INFO  org.apache.coyote.http11.Http11NioProtocol - Starting ProtocolHandler ["http-nio-8081"]
2025-11-18 23:12:02.670 [main] INFO  o.s.boot.web.embedded.tomcat.TomcatWebServer - Tomcat started on port(s): 8081 (http) with context path ''
2025-11-18 23:12:02.672 [main] INFO  com.qczy.MyApplication - Started MyApplication in 5.815 seconds (JVM running for 7.299)
2025-11-18 23:12:20.010 [http-nio-8081-exec-2] INFO  o.a.c.core.ContainerBase.[Tomcat].[localhost].[/] - Initializing Spring DispatcherServlet 'dispatcherServlet'
2025-11-18 23:12:20.012 [http-nio-8081-exec-2] INFO  org.springframework.web.servlet.DispatcherServlet - Initializing Servlet 'dispatcherServlet'
2025-11-18 23:12:20.018 [http-nio-8081-exec-2] INFO  org.springframework.web.servlet.DispatcherServlet - Completed initialization in 6 ms
2025-11-18 23:12:20.115 [http-nio-8081-exec-2] INFO  com.qczy.filter.JwtAuthenticationTokenFilter - checking username:admin
2025-11-18 23:12:20.115 [http-nio-8081-exec-1] INFO  com.qczy.filter.JwtAuthenticationTokenFilter - checking username:admin
2025-11-18 23:12:20.155 [http-nio-8081-exec-2] INFO  com.qczy.filter.JwtAuthenticationTokenFilter - authenticated user:admin
2025-11-18 23:12:20.155 [http-nio-8081-exec-1] INFO  com.qczy.filter.JwtAuthenticationTokenFilter - authenticated user:admin
2025-11-18 23:12:20.218 [http-nio-8081-exec-3] INFO  com.qczy.filter.JwtAuthenticationTokenFilter - checking username:admin
2025-11-18 23:12:20.223 [http-nio-8081-exec-4] INFO  com.qczy.filter.JwtAuthenticationTokenFilter - checking username:admin
2025-11-18 23:12:20.223 [http-nio-8081-exec-3] INFO  com.qczy.filter.JwtAuthenticationTokenFilter - authenticated user:admin
2025-11-18 23:12:20.227 [http-nio-8081-exec-4] INFO  com.qczy.filter.JwtAuthenticationTokenFilter - authenticated user:admin
2025-11-18 23:12:33.975 [http-nio-8081-exec-5] INFO  com.qczy.filter.JwtAuthenticationTokenFilter - checking username:admin
2025-11-18 23:12:33.975 [http-nio-8081-exec-6] INFO  com.qczy.filter.JwtAuthenticationTokenFilter - checking username:admin
2025-11-18 23:12:33.982 [http-nio-8081-exec-5] INFO  com.qczy.filter.JwtAuthenticationTokenFilter - authenticated user:admin
2025-11-18 23:12:33.982 [http-nio-8081-exec-6] INFO  com.qczy.filter.JwtAuthenticationTokenFilter - authenticated user:admin
2025-11-18 23:12:33.992 [http-nio-8081-exec-7] INFO  com.qczy.filter.JwtAuthenticationTokenFilter - checking username:admin
2025-11-18 23:12:33.993 [http-nio-8081-exec-8] INFO  com.qczy.filter.JwtAuthenticationTokenFilter - checking username:admin
2025-11-18 23:12:33.996 [http-nio-8081-exec-7] INFO  com.qczy.filter.JwtAuthenticationTokenFilter - authenticated user:admin
2025-11-18 23:12:33.997 [http-nio-8081-exec-8] INFO  com.qczy.filter.JwtAuthenticationTokenFilter - authenticated user:admin
2025-11-18 23:12:39.375 [http-nio-8081-exec-4] INFO  com.qczy.filter.JwtAuthenticationTokenFilter - checking username:admin
2025-11-18 23:12:39.375 [http-nio-8081-exec-3] INFO  com.qczy.filter.JwtAuthenticationTokenFilter - checking username:admin
2025-11-18 23:12:39.379 [http-nio-8081-exec-4] INFO  com.qczy.filter.JwtAuthenticationTokenFilter - authenticated user:admin
2025-11-18 23:12:39.379 [http-nio-8081-exec-3] INFO  com.qczy.filter.JwtAuthenticationTokenFilter - authenticated user:admin
2025-11-18 23:12:39.390 [http-nio-8081-exec-6] INFO  com.qczy.filter.JwtAuthenticationTokenFilter - checking username:admin
2025-11-18 23:12:39.390 [http-nio-8081-exec-5] INFO  com.qczy.filter.JwtAuthenticationTokenFilter - checking username:admin
2025-11-18 23:12:39.395 [http-nio-8081-exec-5] INFO  com.qczy.filter.JwtAuthenticationTokenFilter - authenticated user:admin
2025-11-18 23:12:39.395 [http-nio-8081-exec-6] INFO  com.qczy.filter.JwtAuthenticationTokenFilter - authenticated user:admin
2025-11-18 23:12:39.402 [http-nio-8081-exec-7] INFO  com.qczy.filter.JwtAuthenticationTokenFilter - checking username:admin
2025-11-18 23:12:39.409 [http-nio-8081-exec-7] INFO  com.qczy.filter.JwtAuthenticationTokenFilter - authenticated user:admin
2025-11-18 23:12:39.420 [http-nio-8081-exec-8] INFO  com.qczy.filter.JwtAuthenticationTokenFilter - checking username:admin
2025-11-18 23:12:39.423 [http-nio-8081-exec-8] INFO  com.qczy.filter.JwtAuthenticationTokenFilter - authenticated user:admin
2025-11-18 23:13:10.039 [http-nio-8081-exec-9] INFO  com.qczy.filter.JwtAuthenticationTokenFilter - checking username:admin
2025-11-18 23:13:10.044 [http-nio-8081-exec-9] INFO  com.qczy.filter.JwtAuthenticationTokenFilter - authenticated user:admin
2025-11-18 23:13:10.048 [http-nio-8081-exec-9] INFO  com.qczy.controller.user.UserController - token->Bearer eyJhbGciOiJIUzUxMiJ9.eyJzdWIiOiJhZG1pbiIsImNyZWF0ZWQiOjE3NjM0NzUzMzY5MDAsImV4cCI6MTc2NDA4MDEzNn0.vnH0_5x918d6E0KXIe8Vo7CUEui_bj53Ay-y72kRlc2sCzDrXdz3zdiNwJoxXtTvL7pEDXhOhegy8Fkvh9P_Mw
2025-11-18 23:13:10.374 [http-nio-8081-exec-10] INFO  com.qczy.filter.JwtAuthenticationTokenFilter - checking username:admin
2025-11-18 23:13:10.378 [http-nio-8081-exec-10] INFO  com.qczy.filter.JwtAuthenticationTokenFilter - authenticated user:admin
2025-11-18 23:13:10.380 [http-nio-8081-exec-10] INFO  com.qczy.controller.user.UserController - token->Bearer eyJhbGciOiJIUzUxMiJ9.eyJzdWIiOiJhZG1pbiIsImNyZWF0ZWQiOjE3NjM0NzUzMzY5MDAsImV4cCI6MTc2NDA4MDEzNn0.vnH0_5x918d6E0KXIe8Vo7CUEui_bj53Ay-y72kRlc2sCzDrXdz3zdiNwJoxXtTvL7pEDXhOhegy8Fkvh9P_Mw
2025-11-18 23:13:10.380 [http-nio-8081-exec-10] INFO  com.qczy.controller.user.UserController - username->admin
2025-11-18 23:13:11.103 [http-nio-8081-exec-1] INFO  com.qczy.filter.JwtAuthenticationTokenFilter - checking username:admin
2025-11-18 23:13:11.103 [http-nio-8081-exec-2] INFO  com.qczy.filter.JwtAuthenticationTokenFilter - checking username:admin
2025-11-18 23:13:11.105 [http-nio-8081-exec-2] INFO  com.qczy.filter.JwtAuthenticationTokenFilter - authenticated user:admin
2025-11-18 23:13:11.105 [http-nio-8081-exec-1] INFO  com.qczy.filter.JwtAuthenticationTokenFilter - authenticated user:admin
2025-11-18 23:13:11.113 [http-nio-8081-exec-3] INFO  com.qczy.filter.JwtAuthenticationTokenFilter - checking username:admin
2025-11-18 23:13:11.113 [http-nio-8081-exec-4] INFO  com.qczy.filter.JwtAuthenticationTokenFilter - checking username:admin
2025-11-18 23:13:11.116 [http-nio-8081-exec-3] INFO  com.qczy.filter.JwtAuthenticationTokenFilter - authenticated user:admin
2025-11-18 23:13:11.116 [http-nio-8081-exec-4] INFO  com.qczy.filter.JwtAuthenticationTokenFilter - authenticated user:admin
2025-11-18 23:13:11.124 [http-nio-8081-exec-6] INFO  com.qczy.filter.JwtAuthenticationTokenFilter - checking username:admin
2025-11-18 23:13:11.127 [http-nio-8081-exec-6] INFO  com.qczy.filter.JwtAuthenticationTokenFilter - authenticated user:admin
2025-11-18 23:13:11.137 [http-nio-8081-exec-5] INFO  com.qczy.filter.JwtAuthenticationTokenFilter - checking username:admin
2025-11-18 23:13:11.140 [http-nio-8081-exec-5] INFO  com.qczy.filter.JwtAuthenticationTokenFilter - authenticated user:admin
2025-11-18 23:13:16.096 [http-nio-8081-exec-7] INFO  com.qczy.filter.JwtAuthenticationTokenFilter - checking username:admin
2025-11-18 23:13:16.096 [http-nio-8081-exec-7] INFO  com.qczy.filter.JwtAuthenticationTokenFilter - authenticated user:admin
2025-11-18 23:13:16.096 [http-nio-8081-exec-8] INFO  com.qczy.filter.JwtAuthenticationTokenFilter - checking username:admin
2025-11-18 23:13:16.108 [http-nio-8081-exec-8] INFO  com.qczy.filter.JwtAuthenticationTokenFilter - authenticated user:admin
2025-11-18 23:13:17.100 [http-nio-8081-exec-9] INFO  com.qczy.filter.JwtAuthenticationTokenFilter - checking username:admin
2025-11-18 23:13:17.102 [http-nio-8081-exec-9] INFO  com.qczy.filter.JwtAuthenticationTokenFilter - authenticated user:admin
2025-11-18 23:13:17.108 [http-nio-8081-exec-10] INFO  com.qczy.filter.JwtAuthenticationTokenFilter - checking username:admin
2025-11-18 23:13:17.113 [http-nio-8081-exec-10] INFO  com.qczy.filter.JwtAuthenticationTokenFilter - authenticated user:admin
2025-11-18 23:13:21.099 [http-nio-8081-exec-2] INFO  com.qczy.filter.JwtAuthenticationTokenFilter - checking username:admin
2025-11-18 23:13:21.103 [http-nio-8081-exec-2] INFO  com.qczy.filter.JwtAuthenticationTokenFilter - authenticated user:admin
2025-11-18 23:13:21.107 [http-nio-8081-exec-1] INFO  com.qczy.filter.JwtAuthenticationTokenFilter - checking username:admin
2025-11-18 23:13:21.110 [http-nio-8081-exec-1] INFO  com.qczy.filter.JwtAuthenticationTokenFilter - authenticated user:admin
2025-11-18 23:13:23.954 [http-nio-8081-exec-3] INFO  com.qczy.filter.JwtAuthenticationTokenFilter - checking username:admin
2025-11-18 23:13:23.957 [http-nio-8081-exec-3] INFO  com.qczy.filter.JwtAuthenticationTokenFilter - authenticated user:admin
2025-11-18 23:13:23.964 [http-nio-8081-exec-4] INFO  com.qczy.filter.JwtAuthenticationTokenFilter - checking username:admin
2025-11-18 23:13:23.966 [http-nio-8081-exec-4] INFO  com.qczy.filter.JwtAuthenticationTokenFilter - authenticated user:admin
2025-11-18 23:13:26.963 [http-nio-8081-exec-6] INFO  com.qczy.filter.JwtAuthenticationTokenFilter - checking username:admin
2025-11-18 23:13:26.966 [http-nio-8081-exec-6] INFO  com.qczy.filter.JwtAuthenticationTokenFilter - authenticated user:admin
2025-11-18 23:13:26.973 [http-nio-8081-exec-5] INFO  com.qczy.filter.JwtAuthenticationTokenFilter - checking username:admin
2025-11-18 23:13:26.975 [http-nio-8081-exec-5] INFO  com.qczy.filter.JwtAuthenticationTokenFilter - authenticated user:admin
2025-11-18 23:13:29.953 [http-nio-8081-exec-7] INFO  com.qczy.filter.JwtAuthenticationTokenFilter - checking username:admin
2025-11-18 23:13:29.956 [http-nio-8081-exec-7] INFO  com.qczy.filter.JwtAuthenticationTokenFilter - authenticated user:admin
2025-11-18 23:13:29.967 [http-nio-8081-exec-8] INFO  com.qczy.filter.JwtAuthenticationTokenFilter - checking username:admin
2025-11-18 23:13:29.969 [http-nio-8081-exec-8] INFO  com.qczy.filter.JwtAuthenticationTokenFilter - authenticated user:admin
2025-11-18 23:13:31.965 [http-nio-8081-exec-9] INFO  com.qczy.filter.JwtAuthenticationTokenFilter - checking username:admin
2025-11-18 23:13:31.967 [http-nio-8081-exec-9] INFO  com.qczy.filter.JwtAuthenticationTokenFilter - authenticated user:admin
2025-11-18 23:13:31.975 [http-nio-8081-exec-10] INFO  com.qczy.filter.JwtAuthenticationTokenFilter - checking username:admin
2025-11-18 23:13:31.978 [http-nio-8081-exec-10] INFO  com.qczy.filter.JwtAuthenticationTokenFilter - authenticated user:admin
2025-11-18 23:13:35.950 [http-nio-8081-exec-2] INFO  com.qczy.filter.JwtAuthenticationTokenFilter - checking username:admin
2025-11-18 23:13:35.956 [http-nio-8081-exec-2] INFO  com.qczy.filter.JwtAuthenticationTokenFilter - authenticated user:admin
2025-11-18 23:13:35.962 [http-nio-8081-exec-1] INFO  com.qczy.filter.JwtAuthenticationTokenFilter - checking username:admin
2025-11-18 23:13:35.965 [http-nio-8081-exec-1] INFO  com.qczy.filter.JwtAuthenticationTokenFilter - authenticated user:admin
2025-11-18 23:13:36.959 [http-nio-8081-exec-3] INFO  com.qczy.filter.JwtAuthenticationTokenFilter - checking username:admin
2025-11-18 23:13:36.961 [http-nio-8081-exec-3] INFO  com.qczy.filter.JwtAuthenticationTokenFilter - authenticated user:admin
2025-11-18 23:13:36.967 [http-nio-8081-exec-4] INFO  com.qczy.filter.JwtAuthenticationTokenFilter - checking username:admin
2025-11-18 23:13:36.972 [http-nio-8081-exec-4] INFO  com.qczy.filter.JwtAuthenticationTokenFilter - authenticated user:admin
2025-11-18 23:13:41.954 [http-nio-8081-exec-5] INFO  com.qczy.filter.JwtAuthenticationTokenFilter - checking username:admin
2025-11-18 23:13:41.954 [http-nio-8081-exec-6] INFO  com.qczy.filter.JwtAuthenticationTokenFilter - checking username:admin
2025-11-18 23:13:41.954 [http-nio-8081-exec-6] INFO  com.qczy.filter.JwtAuthenticationTokenFilter - authenticated user:admin
2025-11-18 23:13:41.954 [http-nio-8081-exec-5] INFO  com.qczy.filter.JwtAuthenticationTokenFilter - authenticated user:admin
2025-11-18 23:13:41.963 [http-nio-8081-exec-7] INFO  com.qczy.filter.JwtAuthenticationTokenFilter - checking username:admin
2025-11-18 23:13:41.963 [http-nio-8081-exec-8] INFO  com.qczy.filter.JwtAuthenticationTokenFilter - checking username:admin
2025-11-18 23:13:41.966 [http-nio-8081-exec-7] INFO  com.qczy.filter.JwtAuthenticationTokenFilter - authenticated user:admin
2025-11-18 23:13:41.966 [http-nio-8081-exec-8] INFO  com.qczy.filter.JwtAuthenticationTokenFilter - authenticated user:admin
2025-11-18 23:13:46.957 [http-nio-8081-exec-9] INFO  com.qczy.filter.JwtAuthenticationTokenFilter - checking username:admin
2025-11-18 23:13:46.959 [http-nio-8081-exec-9] INFO  com.qczy.filter.JwtAuthenticationTokenFilter - authenticated user:admin
2025-11-18 23:13:46.965 [http-nio-8081-exec-10] INFO  com.qczy.filter.JwtAuthenticationTokenFilter - checking username:admin
2025-11-18 23:13:46.967 [http-nio-8081-exec-10] INFO  com.qczy.filter.JwtAuthenticationTokenFilter - authenticated user:admin
2025-11-18 23:13:47.761 [http-nio-8081-exec-2] INFO  com.qczy.filter.JwtAuthenticationTokenFilter - checking username:admin
2025-11-18 23:13:47.762 [http-nio-8081-exec-2] INFO  com.qczy.filter.JwtAuthenticationTokenFilter - authenticated user:admin
2025-11-18 23:13:47.771 [http-nio-8081-exec-1] INFO  com.qczy.filter.JwtAuthenticationTokenFilter - checking username:admin
2025-11-18 23:13:47.774 [http-nio-8081-exec-1] INFO  com.qczy.filter.JwtAuthenticationTokenFilter - authenticated user:admin
2025-11-18 23:13:51.110 [http-nio-8081-exec-3] INFO  com.qczy.filter.JwtAuthenticationTokenFilter - checking username:admin
2025-11-18 23:13:51.113 [http-nio-8081-exec-3] INFO  com.qczy.filter.JwtAuthenticationTokenFilter - authenticated user:admin
2025-11-18 23:13:51.123 [http-nio-8081-exec-4] INFO  com.qczy.filter.JwtAuthenticationTokenFilter - checking username:admin
2025-11-18 23:13:51.125 [http-nio-8081-exec-4] INFO  com.qczy.filter.JwtAuthenticationTokenFilter - authenticated user:admin
2025-11-18 23:13:53.299 [http-nio-8081-exec-5] INFO  com.qczy.filter.JwtAuthenticationTokenFilter - checking username:admin
2025-11-18 23:13:53.301 [http-nio-8081-exec-5] INFO  com.qczy.filter.JwtAuthenticationTokenFilter - authenticated user:admin
2025-11-18 23:13:53.301 [http-nio-8081-exec-5] INFO  com.qczy.controller.user.UserController - token->Bearer eyJhbGciOiJIUzUxMiJ9.eyJzdWIiOiJhZG1pbiIsImNyZWF0ZWQiOjE3NjM0NzUzMzY5MDAsImV4cCI6MTc2NDA4MDEzNn0.vnH0_5x918d6E0KXIe8Vo7CUEui_bj53Ay-y72kRlc2sCzDrXdz3zdiNwJoxXtTvL7pEDXhOhegy8Fkvh9P_Mw
2025-11-18 23:13:53.318 [http-nio-8081-exec-6] INFO  com.qczy.filter.JwtAuthenticationTokenFilter - checking username:admin
2025-11-18 23:13:53.321 [http-nio-8081-exec-6] INFO  com.qczy.filter.JwtAuthenticationTokenFilter - authenticated user:admin
2025-11-18 23:13:53.321 [http-nio-8081-exec-6] INFO  com.qczy.controller.user.UserController - token->Bearer eyJhbGciOiJIUzUxMiJ9.eyJzdWIiOiJhZG1pbiIsImNyZWF0ZWQiOjE3NjM0NzUzMzY5MDAsImV4cCI6MTc2NDA4MDEzNn0.vnH0_5x918d6E0KXIe8Vo7CUEui_bj53Ay-y72kRlc2sCzDrXdz3zdiNwJoxXtTvL7pEDXhOhegy8Fkvh9P_Mw
2025-11-18 23:13:53.322 [http-nio-8081-exec-6] INFO  com.qczy.controller.user.UserController - username->admin
2025-11-18 23:14:00.804 [http-nio-8081-exec-8] INFO  com.qczy.filter.JwtAuthenticationTokenFilter - checking username:admin
2025-11-18 23:14:00.806 [http-nio-8081-exec-8] INFO  com.qczy.filter.JwtAuthenticationTokenFilter - authenticated user:admin
2025-11-18 23:14:00.807 [http-nio-8081-exec-8] INFO  com.qczy.controller.user.UserController - token->Bearer eyJhbGciOiJIUzUxMiJ9.eyJzdWIiOiJhZG1pbiIsImNyZWF0ZWQiOjE3NjM0NzUzMzY5MDAsImV4cCI6MTc2NDA4MDEzNn0.vnH0_5x918d6E0KXIe8Vo7CUEui_bj53Ay-y72kRlc2sCzDrXdz3zdiNwJoxXtTvL7pEDXhOhegy8Fkvh9P_Mw
2025-11-18 23:14:00.831 [http-nio-8081-exec-7] INFO  com.qczy.filter.JwtAuthenticationTokenFilter - checking username:admin
2025-11-18 23:14:00.835 [http-nio-8081-exec-7] INFO  com.qczy.filter.JwtAuthenticationTokenFilter - authenticated user:admin
2025-11-18 23:14:00.835 [http-nio-8081-exec-7] INFO  com.qczy.controller.user.UserController - token->Bearer eyJhbGciOiJIUzUxMiJ9.eyJzdWIiOiJhZG1pbiIsImNyZWF0ZWQiOjE3NjM0NzUzMzY5MDAsImV4cCI6MTc2NDA4MDEzNn0.vnH0_5x918d6E0KXIe8Vo7CUEui_bj53Ay-y72kRlc2sCzDrXdz3zdiNwJoxXtTvL7pEDXhOhegy8Fkvh9P_Mw
2025-11-18 23:14:00.837 [http-nio-8081-exec-7] INFO  com.qczy.controller.user.UserController - username->admin
2025-11-18 23:15:12.254 [http-nio-8081-exec-3] INFO  com.qczy.filter.JwtAuthenticationTokenFilter - checking username:admin
2025-11-18 23:15:12.256 [http-nio-8081-exec-3] INFO  com.qczy.filter.JwtAuthenticationTokenFilter - authenticated user:admin
2025-11-18 23:15:12.257 [http-nio-8081-exec-3] INFO  com.qczy.controller.user.UserController - token->Bearer eyJhbGciOiJIUzUxMiJ9.eyJzdWIiOiJhZG1pbiIsImNyZWF0ZWQiOjE3NjM0NzUzMzY5MDAsImV4cCI6MTc2NDA4MDEzNn0.vnH0_5x918d6E0KXIe8Vo7CUEui_bj53Ay-y72kRlc2sCzDrXdz3zdiNwJoxXtTvL7pEDXhOhegy8Fkvh9P_Mw
2025-11-18 23:15:12.281 [http-nio-8081-exec-4] INFO  com.qczy.filter.JwtAuthenticationTokenFilter - checking username:admin
2025-11-18 23:15:12.284 [http-nio-8081-exec-4] INFO  com.qczy.filter.JwtAuthenticationTokenFilter - authenticated user:admin
2025-11-18 23:15:12.284 [http-nio-8081-exec-4] INFO  com.qczy.controller.user.UserController - token->Bearer eyJhbGciOiJIUzUxMiJ9.eyJzdWIiOiJhZG1pbiIsImNyZWF0ZWQiOjE3NjM0NzUzMzY5MDAsImV4cCI6MTc2NDA4MDEzNn0.vnH0_5x918d6E0KXIe8Vo7CUEui_bj53Ay-y72kRlc2sCzDrXdz3zdiNwJoxXtTvL7pEDXhOhegy8Fkvh9P_Mw
2025-11-18 23:15:12.284 [http-nio-8081-exec-4] INFO  com.qczy.controller.user.UserController - username->admin
2025-11-18 23:15:15.105 [http-nio-8081-exec-5] INFO  com.qczy.filter.JwtAuthenticationTokenFilter - checking username:admin
2025-11-18 23:15:15.107 [http-nio-8081-exec-5] INFO  com.qczy.filter.JwtAuthenticationTokenFilter - authenticated user:admin
2025-11-18 23:15:15.108 [http-nio-8081-exec-5] INFO  com.qczy.controller.user.UserController - token->Bearer eyJhbGciOiJIUzUxMiJ9.eyJzdWIiOiJhZG1pbiIsImNyZWF0ZWQiOjE3NjM0NzUzMzY5MDAsImV4cCI6MTc2NDA4MDEzNn0.vnH0_5x918d6E0KXIe8Vo7CUEui_bj53Ay-y72kRlc2sCzDrXdz3zdiNwJoxXtTvL7pEDXhOhegy8Fkvh9P_Mw
2025-11-18 23:15:15.123 [http-nio-8081-exec-6] INFO  com.qczy.filter.JwtAuthenticationTokenFilter - checking username:admin
2025-11-18 23:15:15.125 [http-nio-8081-exec-6] INFO  com.qczy.filter.JwtAuthenticationTokenFilter - authenticated user:admin
2025-11-18 23:15:15.125 [http-nio-8081-exec-6] INFO  com.qczy.controller.user.UserController - token->Bearer eyJhbGciOiJIUzUxMiJ9.eyJzdWIiOiJhZG1pbiIsImNyZWF0ZWQiOjE3NjM0NzUzMzY5MDAsImV4cCI6MTc2NDA4MDEzNn0.vnH0_5x918d6E0KXIe8Vo7CUEui_bj53Ay-y72kRlc2sCzDrXdz3zdiNwJoxXtTvL7pEDXhOhegy8Fkvh9P_Mw
2025-11-18 23:15:15.128 [http-nio-8081-exec-6] INFO  com.qczy.controller.user.UserController - username->admin
