2026-01-15 13:27:14.644 [main] INFO  com.qczy.MyApplication - Starting MyApplication on DESKTOP-MVT8OQB with PID 17868 (D:\PROJECT\ELEC_1126\back\datamark-admin\target\classes started by Administrator in D:\PROJECT\ELEC_1126\back\datamark-admin)
2026-01-15 13:27:14.647 [main] INFO  com.qczy.MyApplication - The following profiles are active: test
2026-01-15 13:27:24.426 [main] INFO  o.s.c.s.PostProcessorRegistrationDelegate$BeanPostProcessorChecker - Bean 'asyncConfig' of type [com.qczy.config.AsyncConfig$$EnhancerBySpringCGLIB$$aa3a7590] is not eligible for getting processed by all BeanPostProcessors (for example: not eligible for auto-proxying)
2026-01-15 13:27:24.643 [main] INFO  o.s.c.s.PostProcessorRegistrationDelegate$BeanPostProcessorChecker - Bean 'org.springframework.transaction.annotation.ProxyTransactionManagementConfiguration' of type [org.springframework.transaction.annotation.ProxyTransactionManagementConfiguration] is not eligible for getting processed by all BeanPostProcessors (for example: not eligible for auto-proxying)
2026-01-15 13:27:25.110 [main] INFO  o.s.c.s.PostProcessorRegistrationDelegate$BeanPostProcessorChecker - Bean 'org.springframework.security.config.annotation.configuration.ObjectPostProcessorConfiguration' of type [org.springframework.security.config.annotation.configuration.ObjectPostProcessorConfiguration] is not eligible for getting processed by all BeanPostProcessors (for example: not eligible for auto-proxying)
2026-01-15 13:27:25.119 [main] INFO  o.s.c.s.PostProcessorRegistrationDelegate$BeanPostProcessorChecker - Bean 'objectPostProcessor' of type [org.springframework.security.config.annotation.configuration.AutowireBeanFactoryObjectPostProcessor] is not eligible for getting processed by all BeanPostProcessors (for example: not eligible for auto-proxying)
2026-01-15 13:27:25.125 [main] INFO  o.s.c.s.PostProcessorRegistrationDelegate$BeanPostProcessorChecker - Bean 'org.springframework.security.access.expression.method.DefaultMethodSecurityExpressionHandler@2a869a16' of type [org.springframework.security.access.expression.method.DefaultMethodSecurityExpressionHandler] is not eligible for getting processed by all BeanPostProcessors (for example: not eligible for auto-proxying)
2026-01-15 13:27:25.132 [main] INFO  o.s.c.s.PostProcessorRegistrationDelegate$BeanPostProcessorChecker - Bean 'org.springframework.security.config.annotation.method.configuration.GlobalMethodSecurityConfiguration' of type [org.springframework.security.config.annotation.method.configuration.GlobalMethodSecurityConfiguration] is not eligible for getting processed by all BeanPostProcessors (for example: not eligible for auto-proxying)
2026-01-15 13:27:25.192 [main] INFO  o.s.c.s.PostProcessorRegistrationDelegate$BeanPostProcessorChecker - Bean 'methodSecurityMetadataSource' of type [org.springframework.security.access.method.DelegatingMethodSecurityMetadataSource] is not eligible for getting processed by all BeanPostProcessors (for example: not eligible for auto-proxying)
2026-01-15 13:27:26.394 [main] INFO  o.s.boot.web.embedded.tomcat.TomcatWebServer - Tomcat initialized with port(s): 8081 (http)
2026-01-15 13:27:26.396 [main] INFO  org.apache.coyote.http11.Http11NioProtocol - Initializing ProtocolHandler ["http-nio-8081"]
2026-01-15 13:27:26.413 [main] INFO  org.apache.catalina.core.StandardService - Starting service [Tomcat]
2026-01-15 13:27:26.414 [main] INFO  org.apache.catalina.core.StandardEngine - Starting Servlet engine: [Apache Tomcat/9.0.27]
2026-01-15 13:27:26.534 [main] INFO  o.a.c.core.ContainerBase.[Tomcat].[localhost].[/] - Initializing Spring embedded WebApplicationContext
2026-01-15 13:27:26.534 [main] INFO  org.springframework.web.context.ContextLoader - Root WebApplicationContext: initialization completed in 11748 ms
2026-01-15 13:27:33.007 [main] INFO  com.zaxxer.hikari.HikariDataSource - HikariPool-1 - Starting...
2026-01-15 13:27:33.301 [main] INFO  com.zaxxer.hikari.HikariDataSource - HikariPool-1 - Start completed.
2026-01-15 13:27:33.599 [main] INFO  c.q.federated.service.FederatedCoordinatorService - Loaded 2 nodes from database
2026-01-15 13:27:33.748 [main] INFO  c.q.federated.service.FederatedCoordinatorService - Loaded 10 jobs from database
2026-01-15 13:27:34.504 [main] INFO  o.s.scheduling.concurrent.ThreadPoolTaskExecutor - Initializing ExecutorService
2026-01-15 13:27:34.506 [main] INFO  o.s.scheduling.concurrent.ThreadPoolTaskExecutor - Initializing ExecutorService 'asyncExecutor'
2026-01-15 13:27:34.581 [main] INFO  o.s.scheduling.concurrent.ThreadPoolTaskScheduler - Initializing ExecutorService
2026-01-15 13:27:34.584 [main] INFO  o.s.scheduling.concurrent.ThreadPoolTaskScheduler - Initializing ExecutorService 'taskScheduler'
2026-01-15 13:27:34.949 [main] INFO  s.d.s.w.PropertySourcedRequestMappingHandlerMapping - Mapped URL path [/v2/api-docs] onto method [springfox.documentation.swagger2.web.Swagger2Controller#getDocumentation(String, HttpServletRequest)]
2026-01-15 13:27:35.103 [main] INFO  o.s.security.web.DefaultSecurityFilterChain - Creating filter chain: any request, [org.springframework.security.web.context.request.async.WebAsyncManagerIntegrationFilter@280d5a82, org.springframework.security.web.context.SecurityContextPersistenceFilter@3de56885, org.springframework.security.web.header.HeaderWriterFilter@5613247e, org.springframework.web.filter.CorsFilter@1a34a51e, org.springframework.security.web.authentication.logout.LogoutFilter@6076c66, com.qczy.filter.JwtAuthenticationTokenFilter@4041739c, org.springframework.security.web.savedrequest.RequestCacheAwareFilter@4db728df, org.springframework.security.web.servletapi.SecurityContextHolderAwareRequestFilter@c94bd18, org.springframework.security.web.authentication.AnonymousAuthenticationFilter@333a44f2, org.springframework.security.web.session.SessionManagementFilter@685e6a68, org.springframework.security.web.access.ExceptionTranslationFilter@12f8682a, org.springframework.security.web.access.intercept.FilterSecurityInterceptor@63326a3a]
2026-01-15 13:27:35.485 [main] INFO  s.d.s.web.plugins.DocumentationPluginsBootstrapper - Context refreshed
2026-01-15 13:27:35.537 [main] INFO  s.d.s.web.plugins.DocumentationPluginsBootstrapper - Found 1 custom documentation plugin(s)
2026-01-15 13:27:35.539 [main] INFO  s.d.s.web.plugins.DocumentationPluginsBootstrapper - Skipping initializing disabled plugin bean swagger v2.0
2026-01-15 13:27:35.559 [main] INFO  org.apache.coyote.http11.Http11NioProtocol - Starting ProtocolHandler ["http-nio-8081"]
2026-01-15 13:27:35.597 [taskScheduler-1] INFO  c.q.federated.service.FederatedCoordinatorService - Marked 2 nodes as inactive
2026-01-15 13:27:35.629 [main] INFO  o.s.boot.web.embedded.tomcat.TomcatWebServer - Tomcat started on port(s): 8081 (http) with context path ''
2026-01-15 13:27:35.637 [main] INFO  com.qczy.MyApplication - Started MyApplication in 22.347 seconds (JVM running for 22.898)
2026-01-15 13:27:40.615 [taskScheduler-1] INFO  c.q.federated.service.FederatedCoordinatorService - Marked 2 nodes as inactive
2026-01-15 13:27:45.634 [taskScheduler-2] INFO  c.q.federated.service.FederatedCoordinatorService - Marked 2 nodes as inactive
2026-01-15 13:27:50.651 [taskScheduler-3] INFO  c.q.federated.service.FederatedCoordinatorService - Marked 2 nodes as inactive
2026-01-15 13:27:55.671 [taskScheduler-5] INFO  c.q.federated.service.FederatedCoordinatorService - Marked 2 nodes as inactive
2026-01-15 13:28:00.690 [taskScheduler-2] INFO  c.q.federated.service.FederatedCoordinatorService - Marked 2 nodes as inactive
2026-01-15 13:28:05.707 [taskScheduler-1] INFO  c.q.federated.service.FederatedCoordinatorService - Marked 2 nodes as inactive
2026-01-15 13:28:10.720 [taskScheduler-1] INFO  c.q.federated.service.FederatedCoordinatorService - Marked 2 nodes as inactive
2026-01-15 13:28:15.740 [taskScheduler-1] INFO  c.q.federated.service.FederatedCoordinatorService - Marked 2 nodes as inactive
2026-01-15 13:28:20.750 [taskScheduler-1] INFO  c.q.federated.service.FederatedCoordinatorService - Marked 2 nodes as inactive
2026-01-15 13:28:25.764 [taskScheduler-1] INFO  c.q.federated.service.FederatedCoordinatorService - Marked 2 nodes as inactive
2026-01-15 13:28:30.775 [taskScheduler-1] INFO  c.q.federated.service.FederatedCoordinatorService - Marked 2 nodes as inactive
2026-01-15 13:28:35.783 [taskScheduler-1] INFO  c.q.federated.service.FederatedCoordinatorService - Marked 2 nodes as inactive
2026-01-15 13:28:40.797 [taskScheduler-1] INFO  c.q.federated.service.FederatedCoordinatorService - Marked 2 nodes as inactive
2026-01-15 13:28:45.814 [taskScheduler-1] INFO  c.q.federated.service.FederatedCoordinatorService - Marked 2 nodes as inactive
2026-01-15 13:28:50.822 [taskScheduler-1] INFO  c.q.federated.service.FederatedCoordinatorService - Marked 2 nodes as inactive
2026-01-15 13:28:55.844 [taskScheduler-1] INFO  c.q.federated.service.FederatedCoordinatorService - Marked 2 nodes as inactive
2026-01-15 13:29:00.863 [taskScheduler-1] INFO  c.q.federated.service.FederatedCoordinatorService - Marked 2 nodes as inactive
2026-01-15 13:29:05.877 [taskScheduler-1] INFO  c.q.federated.service.FederatedCoordinatorService - Marked 2 nodes as inactive
2026-01-15 13:29:09.501 [http-nio-8081-exec-1] INFO  o.a.c.core.ContainerBase.[Tomcat].[localhost].[/] - Initializing Spring DispatcherServlet 'dispatcherServlet'
2026-01-15 13:29:09.502 [http-nio-8081-exec-1] INFO  org.springframework.web.servlet.DispatcherServlet - Initializing Servlet 'dispatcherServlet'
2026-01-15 13:29:09.515 [http-nio-8081-exec-1] INFO  org.springframework.web.servlet.DispatcherServlet - Completed initialization in 13 ms
2026-01-15 13:29:10.062 [http-nio-8081-exec-3] INFO  com.qczy.filter.JwtAuthenticationTokenFilter - checking username:admin
2026-01-15 13:29:10.077 [http-nio-8081-exec-3] INFO  com.qczy.filter.JwtAuthenticationTokenFilter - authenticated user:admin
2026-01-15 13:29:10.079 [http-nio-8081-exec-3] INFO  com.qczy.controller.user.UserController - token->Bearer eyJhbGciOiJIUzUxMiJ9.eyJzdWIiOiJhZG1pbiIsImNyZWF0ZWQiOjE3Njg0NTQ5NDk4NDEsImV4cCI6MTc2OTA1OTc0OX0.vx4auqsOlTy7E-E1Ye8IiYiNM-02DjEHPZjGUhpMBwWzmGiCo7SvHCGKVFGvcQ2ncdiikGOQr3XdCwBeddcq-A
2026-01-15 13:29:10.104 [http-nio-8081-exec-5] INFO  com.qczy.filter.JwtAuthenticationTokenFilter - checking username:admin
2026-01-15 13:29:10.113 [http-nio-8081-exec-5] INFO  com.qczy.filter.JwtAuthenticationTokenFilter - authenticated user:admin
2026-01-15 13:29:10.115 [http-nio-8081-exec-5] INFO  com.qczy.controller.user.UserController - token->Bearer eyJhbGciOiJIUzUxMiJ9.eyJzdWIiOiJhZG1pbiIsImNyZWF0ZWQiOjE3Njg0NTQ5NDk4NDEsImV4cCI6MTc2OTA1OTc0OX0.vx4auqsOlTy7E-E1Ye8IiYiNM-02DjEHPZjGUhpMBwWzmGiCo7SvHCGKVFGvcQ2ncdiikGOQr3XdCwBeddcq-A
2026-01-15 13:29:10.118 [http-nio-8081-exec-5] INFO  com.qczy.controller.user.UserController - username->admin
2026-01-15 13:29:10.889 [taskScheduler-1] INFO  c.q.federated.service.FederatedCoordinatorService - Marked 2 nodes as inactive
2026-01-15 13:29:11.367 [http-nio-8081-exec-6] INFO  com.qczy.filter.JwtAuthenticationTokenFilter - checking username:admin
2026-01-15 13:29:11.372 [http-nio-8081-exec-9] INFO  com.qczy.filter.JwtAuthenticationTokenFilter - checking username:admin
2026-01-15 13:29:11.381 [http-nio-8081-exec-6] INFO  com.qczy.filter.JwtAuthenticationTokenFilter - authenticated user:admin
2026-01-15 13:29:11.382 [http-nio-8081-exec-9] INFO  com.qczy.filter.JwtAuthenticationTokenFilter - authenticated user:admin
2026-01-15 13:29:11.446 [http-nio-8081-exec-3] INFO  com.qczy.filter.JwtAuthenticationTokenFilter - checking username:admin
2026-01-15 13:29:11.450 [http-nio-8081-exec-3] INFO  com.qczy.filter.JwtAuthenticationTokenFilter - authenticated user:admin
2026-01-15 13:29:11.471 [http-nio-8081-exec-4] INFO  com.qczy.filter.JwtAuthenticationTokenFilter - checking username:admin
2026-01-15 13:29:11.483 [http-nio-8081-exec-4] INFO  com.qczy.filter.JwtAuthenticationTokenFilter - authenticated user:admin
2026-01-15 13:29:11.508 [http-nio-8081-exec-5] INFO  com.qczy.filter.JwtAuthenticationTokenFilter - checking username:admin
2026-01-15 13:29:11.520 [http-nio-8081-exec-5] INFO  com.qczy.filter.JwtAuthenticationTokenFilter - authenticated user:admin
2026-01-15 13:29:11.536 [http-nio-8081-exec-1] INFO  com.qczy.filter.JwtAuthenticationTokenFilter - checking username:admin
2026-01-15 13:29:11.542 [http-nio-8081-exec-1] INFO  com.qczy.filter.JwtAuthenticationTokenFilter - authenticated user:admin
2026-01-15 13:29:15.898 [taskScheduler-1] INFO  c.q.federated.service.FederatedCoordinatorService - Marked 2 nodes as inactive
2026-01-15 13:29:16.364 [http-nio-8081-exec-2] INFO  com.qczy.filter.JwtAuthenticationTokenFilter - checking username:admin
2026-01-15 13:29:16.367 [http-nio-8081-exec-2] INFO  com.qczy.filter.JwtAuthenticationTokenFilter - authenticated user:admin
2026-01-15 13:29:16.386 [http-nio-8081-exec-7] INFO  com.qczy.filter.JwtAuthenticationTokenFilter - checking username:admin
2026-01-15 13:29:16.391 [http-nio-8081-exec-7] INFO  com.qczy.filter.JwtAuthenticationTokenFilter - authenticated user:admin
2026-01-15 13:29:17.356 [http-nio-8081-exec-8] INFO  com.qczy.filter.JwtAuthenticationTokenFilter - checking username:admin
2026-01-15 13:29:17.360 [http-nio-8081-exec-8] INFO  com.qczy.filter.JwtAuthenticationTokenFilter - authenticated user:admin
2026-01-15 13:29:17.368 [http-nio-8081-exec-10] INFO  com.qczy.filter.JwtAuthenticationTokenFilter - checking username:admin
2026-01-15 13:29:17.372 [http-nio-8081-exec-10] INFO  com.qczy.filter.JwtAuthenticationTokenFilter - authenticated user:admin
2026-01-15 13:29:20.905 [taskScheduler-1] INFO  c.q.federated.service.FederatedCoordinatorService - Marked 2 nodes as inactive
2026-01-15 13:29:21.363 [http-nio-8081-exec-9] INFO  com.qczy.filter.JwtAuthenticationTokenFilter - checking username:admin
2026-01-15 13:29:21.367 [http-nio-8081-exec-9] INFO  com.qczy.filter.JwtAuthenticationTokenFilter - authenticated user:admin
2026-01-15 13:29:21.386 [http-nio-8081-exec-3] INFO  com.qczy.filter.JwtAuthenticationTokenFilter - checking username:admin
2026-01-15 13:29:21.391 [http-nio-8081-exec-3] INFO  com.qczy.filter.JwtAuthenticationTokenFilter - authenticated user:admin
2026-01-15 13:29:23.364 [http-nio-8081-exec-4] INFO  com.qczy.filter.JwtAuthenticationTokenFilter - checking username:admin
2026-01-15 13:29:23.367 [http-nio-8081-exec-4] INFO  com.qczy.filter.JwtAuthenticationTokenFilter - authenticated user:admin
2026-01-15 13:29:23.377 [http-nio-8081-exec-6] INFO  com.qczy.filter.JwtAuthenticationTokenFilter - checking username:admin
2026-01-15 13:29:23.381 [http-nio-8081-exec-6] INFO  com.qczy.filter.JwtAuthenticationTokenFilter - authenticated user:admin
2026-01-15 13:29:25.927 [taskScheduler-1] INFO  c.q.federated.service.FederatedCoordinatorService - Marked 2 nodes as inactive
2026-01-15 13:29:26.351 [http-nio-8081-exec-5] INFO  com.qczy.filter.JwtAuthenticationTokenFilter - checking username:admin
2026-01-15 13:29:26.356 [http-nio-8081-exec-5] INFO  com.qczy.filter.JwtAuthenticationTokenFilter - authenticated user:admin
2026-01-15 13:29:26.373 [http-nio-8081-exec-1] INFO  com.qczy.filter.JwtAuthenticationTokenFilter - checking username:admin
2026-01-15 13:29:26.373 [http-nio-8081-exec-1] INFO  com.qczy.filter.JwtAuthenticationTokenFilter - authenticated user:admin
2026-01-15 13:29:29.353 [http-nio-8081-exec-2] INFO  com.qczy.filter.JwtAuthenticationTokenFilter - checking username:admin
2026-01-15 13:29:29.357 [http-nio-8081-exec-2] INFO  com.qczy.filter.JwtAuthenticationTokenFilter - authenticated user:admin
2026-01-15 13:29:29.368 [http-nio-8081-exec-7] INFO  com.qczy.filter.JwtAuthenticationTokenFilter - checking username:admin
2026-01-15 13:29:29.373 [http-nio-8081-exec-7] INFO  com.qczy.filter.JwtAuthenticationTokenFilter - authenticated user:admin
2026-01-15 13:29:30.946 [taskScheduler-1] INFO  c.q.federated.service.FederatedCoordinatorService - Marked 2 nodes as inactive
2026-01-15 13:29:31.360 [http-nio-8081-exec-8] INFO  com.qczy.filter.JwtAuthenticationTokenFilter - checking username:admin
2026-01-15 13:29:31.363 [http-nio-8081-exec-8] INFO  com.qczy.filter.JwtAuthenticationTokenFilter - authenticated user:admin
2026-01-15 13:29:31.382 [http-nio-8081-exec-10] INFO  com.qczy.filter.JwtAuthenticationTokenFilter - checking username:admin
2026-01-15 13:29:31.386 [http-nio-8081-exec-10] INFO  com.qczy.filter.JwtAuthenticationTokenFilter - authenticated user:admin
2026-01-15 13:29:35.355 [http-nio-8081-exec-9] INFO  com.qczy.filter.JwtAuthenticationTokenFilter - checking username:admin
2026-01-15 13:29:35.358 [http-nio-8081-exec-9] INFO  com.qczy.filter.JwtAuthenticationTokenFilter - authenticated user:admin
2026-01-15 13:29:35.366 [http-nio-8081-exec-3] INFO  com.qczy.filter.JwtAuthenticationTokenFilter - checking username:admin
2026-01-15 13:29:35.371 [http-nio-8081-exec-3] INFO  com.qczy.filter.JwtAuthenticationTokenFilter - authenticated user:admin
2026-01-15 13:29:35.965 [taskScheduler-1] INFO  c.q.federated.service.FederatedCoordinatorService - Marked 2 nodes as inactive
2026-01-15 13:29:36.352 [http-nio-8081-exec-4] INFO  com.qczy.filter.JwtAuthenticationTokenFilter - checking username:admin
2026-01-15 13:29:36.352 [http-nio-8081-exec-4] INFO  com.qczy.filter.JwtAuthenticationTokenFilter - authenticated user:admin
2026-01-15 13:29:36.377 [http-nio-8081-exec-6] INFO  com.qczy.filter.JwtAuthenticationTokenFilter - checking username:admin
2026-01-15 13:29:36.381 [http-nio-8081-exec-6] INFO  com.qczy.filter.JwtAuthenticationTokenFilter - authenticated user:admin
2026-01-15 13:29:40.971 [taskScheduler-1] INFO  c.q.federated.service.FederatedCoordinatorService - Marked 2 nodes as inactive
2026-01-15 13:29:41.351 [http-nio-8081-exec-1] INFO  com.qczy.filter.JwtAuthenticationTokenFilter - checking username:admin
2026-01-15 13:29:41.351 [http-nio-8081-exec-5] INFO  com.qczy.filter.JwtAuthenticationTokenFilter - checking username:admin
2026-01-15 13:29:41.351 [http-nio-8081-exec-1] INFO  com.qczy.filter.JwtAuthenticationTokenFilter - authenticated user:admin
2026-01-15 13:29:41.351 [http-nio-8081-exec-5] INFO  com.qczy.filter.JwtAuthenticationTokenFilter - authenticated user:admin
2026-01-15 13:29:41.370 [http-nio-8081-exec-2] INFO  com.qczy.filter.JwtAuthenticationTokenFilter - checking username:admin
2026-01-15 13:29:41.374 [http-nio-8081-exec-2] INFO  com.qczy.filter.JwtAuthenticationTokenFilter - authenticated user:admin
2026-01-15 13:29:41.387 [http-nio-8081-exec-7] INFO  com.qczy.filter.JwtAuthenticationTokenFilter - checking username:admin
2026-01-15 13:29:41.391 [http-nio-8081-exec-7] INFO  com.qczy.filter.JwtAuthenticationTokenFilter - authenticated user:admin
2026-01-15 13:29:45.988 [taskScheduler-1] INFO  c.q.federated.service.FederatedCoordinatorService - Marked 2 nodes as inactive
2026-01-15 13:29:46.361 [http-nio-8081-exec-8] INFO  com.qczy.filter.JwtAuthenticationTokenFilter - checking username:admin
2026-01-15 13:29:46.364 [http-nio-8081-exec-8] INFO  com.qczy.filter.JwtAuthenticationTokenFilter - authenticated user:admin
2026-01-15 13:29:46.382 [http-nio-8081-exec-10] INFO  com.qczy.filter.JwtAuthenticationTokenFilter - checking username:admin
2026-01-15 13:29:46.385 [http-nio-8081-exec-10] INFO  com.qczy.filter.JwtAuthenticationTokenFilter - authenticated user:admin
2026-01-15 13:29:47.349 [http-nio-8081-exec-9] INFO  com.qczy.filter.JwtAuthenticationTokenFilter - checking username:admin
2026-01-15 13:29:47.349 [http-nio-8081-exec-9] INFO  com.qczy.filter.JwtAuthenticationTokenFilter - authenticated user:admin
2026-01-15 13:29:47.363 [http-nio-8081-exec-3] INFO  com.qczy.filter.JwtAuthenticationTokenFilter - checking username:admin
2026-01-15 13:29:47.368 [http-nio-8081-exec-3] INFO  com.qczy.filter.JwtAuthenticationTokenFilter - authenticated user:admin
2026-01-15 13:29:50.998 [taskScheduler-1] INFO  c.q.federated.service.FederatedCoordinatorService - Marked 2 nodes as inactive
2026-01-15 13:29:51.363 [http-nio-8081-exec-4] INFO  com.qczy.filter.JwtAuthenticationTokenFilter - checking username:admin
2026-01-15 13:29:51.363 [http-nio-8081-exec-4] INFO  com.qczy.filter.JwtAuthenticationTokenFilter - authenticated user:admin
2026-01-15 13:29:51.386 [http-nio-8081-exec-6] INFO  com.qczy.filter.JwtAuthenticationTokenFilter - checking username:admin
2026-01-15 13:29:51.388 [http-nio-8081-exec-6] INFO  com.qczy.filter.JwtAuthenticationTokenFilter - authenticated user:admin
2026-01-15 13:29:53.357 [http-nio-8081-exec-1] INFO  com.qczy.filter.JwtAuthenticationTokenFilter - checking username:admin
2026-01-15 13:29:53.360 [http-nio-8081-exec-1] INFO  com.qczy.filter.JwtAuthenticationTokenFilter - authenticated user:admin
2026-01-15 13:29:53.369 [http-nio-8081-exec-5] INFO  com.qczy.filter.JwtAuthenticationTokenFilter - checking username:admin
2026-01-15 13:29:53.373 [http-nio-8081-exec-5] INFO  com.qczy.filter.JwtAuthenticationTokenFilter - authenticated user:admin
2026-01-15 13:29:56.022 [taskScheduler-1] INFO  c.q.federated.service.FederatedCoordinatorService - Marked 2 nodes as inactive
2026-01-15 13:29:56.354 [http-nio-8081-exec-2] INFO  com.qczy.filter.JwtAuthenticationTokenFilter - checking username:admin
2026-01-15 13:29:56.354 [http-nio-8081-exec-2] INFO  com.qczy.filter.JwtAuthenticationTokenFilter - authenticated user:admin
2026-01-15 13:29:56.376 [http-nio-8081-exec-7] INFO  com.qczy.filter.JwtAuthenticationTokenFilter - checking username:admin
2026-01-15 13:29:56.379 [http-nio-8081-exec-7] INFO  com.qczy.filter.JwtAuthenticationTokenFilter - authenticated user:admin
2026-01-15 13:30:01.036 [taskScheduler-1] INFO  c.q.federated.service.FederatedCoordinatorService - Marked 2 nodes as inactive
2026-01-15 13:30:06.050 [taskScheduler-1] INFO  c.q.federated.service.FederatedCoordinatorService - Marked 2 nodes as inactive
2026-01-15 13:30:11.057 [taskScheduler-1] INFO  c.q.federated.service.FederatedCoordinatorService - Marked 2 nodes as inactive
2026-01-15 13:30:16.067 [taskScheduler-1] INFO  c.q.federated.service.FederatedCoordinatorService - Marked 2 nodes as inactive
2026-01-15 13:30:21.072 [taskScheduler-1] INFO  c.q.federated.service.FederatedCoordinatorService - Marked 2 nodes as inactive
2026-01-15 13:30:26.083 [taskScheduler-1] INFO  c.q.federated.service.FederatedCoordinatorService - Marked 2 nodes as inactive
2026-01-15 13:30:31.104 [taskScheduler-1] INFO  c.q.federated.service.FederatedCoordinatorService - Marked 2 nodes as inactive
2026-01-15 13:30:36.116 [taskScheduler-1] INFO  c.q.federated.service.FederatedCoordinatorService - Marked 2 nodes as inactive
2026-01-15 13:30:41.124 [taskScheduler-1] INFO  c.q.federated.service.FederatedCoordinatorService - Marked 2 nodes as inactive
2026-01-15 13:30:46.140 [taskScheduler-1] INFO  c.q.federated.service.FederatedCoordinatorService - Marked 2 nodes as inactive
2026-01-15 13:30:51.160 [taskScheduler-1] INFO  c.q.federated.service.FederatedCoordinatorService - Marked 2 nodes as inactive
2026-01-15 13:30:56.176 [taskScheduler-1] INFO  c.q.federated.service.FederatedCoordinatorService - Marked 2 nodes as inactive
2026-01-15 13:31:01.183 [taskScheduler-1] INFO  c.q.federated.service.FederatedCoordinatorService - Marked 2 nodes as inactive
2026-01-15 13:31:06.204 [taskScheduler-1] INFO  c.q.federated.service.FederatedCoordinatorService - Marked 2 nodes as inactive
2026-01-15 13:31:11.212 [taskScheduler-1] INFO  c.q.federated.service.FederatedCoordinatorService - Marked 2 nodes as inactive
2026-01-15 13:31:16.225 [taskScheduler-1] INFO  c.q.federated.service.FederatedCoordinatorService - Marked 2 nodes as inactive
2026-01-15 13:31:21.243 [taskScheduler-1] INFO  c.q.federated.service.FederatedCoordinatorService - Marked 2 nodes as inactive
2026-01-15 13:31:26.254 [taskScheduler-1] INFO  c.q.federated.service.FederatedCoordinatorService - Marked 2 nodes as inactive
2026-01-15 13:31:31.269 [taskScheduler-1] INFO  c.q.federated.service.FederatedCoordinatorService - Marked 2 nodes as inactive
2026-01-15 13:31:36.288 [taskScheduler-1] INFO  c.q.federated.service.FederatedCoordinatorService - Marked 2 nodes as inactive
2026-01-15 13:31:41.307 [taskScheduler-1] INFO  c.q.federated.service.FederatedCoordinatorService - Marked 2 nodes as inactive
2026-01-15 13:31:46.314 [taskScheduler-1] INFO  c.q.federated.service.FederatedCoordinatorService - Marked 2 nodes as inactive
2026-01-15 13:31:51.331 [taskScheduler-1] INFO  c.q.federated.service.FederatedCoordinatorService - Marked 2 nodes as inactive
2026-01-15 13:31:56.343 [taskScheduler-1] INFO  c.q.federated.service.FederatedCoordinatorService - Marked 2 nodes as inactive
2026-01-15 13:32:01.355 [taskScheduler-1] INFO  c.q.federated.service.FederatedCoordinatorService - Marked 2 nodes as inactive
2026-01-15 13:32:06.366 [taskScheduler-1] INFO  c.q.federated.service.FederatedCoordinatorService - Marked 2 nodes as inactive
2026-01-15 13:32:11.369 [taskScheduler-1] INFO  c.q.federated.service.FederatedCoordinatorService - Marked 2 nodes as inactive
2026-01-15 13:32:16.393 [taskScheduler-1] INFO  c.q.federated.service.FederatedCoordinatorService - Marked 2 nodes as inactive
2026-01-15 13:32:21.406 [taskScheduler-1] INFO  c.q.federated.service.FederatedCoordinatorService - Marked 2 nodes as inactive
2026-01-15 13:32:26.430 [taskScheduler-1] INFO  c.q.federated.service.FederatedCoordinatorService - Marked 2 nodes as inactive
2026-01-15 13:32:31.449 [taskScheduler-1] INFO  c.q.federated.service.FederatedCoordinatorService - Marked 2 nodes as inactive
2026-01-15 13:32:36.466 [taskScheduler-1] INFO  c.q.federated.service.FederatedCoordinatorService - Marked 2 nodes as inactive
2026-01-15 13:32:41.475 [taskScheduler-1] INFO  c.q.federated.service.FederatedCoordinatorService - Marked 2 nodes as inactive
2026-01-15 13:32:46.483 [taskScheduler-1] INFO  c.q.federated.service.FederatedCoordinatorService - Marked 2 nodes as inactive
2026-01-15 13:32:51.506 [taskScheduler-1] INFO  c.q.federated.service.FederatedCoordinatorService - Marked 2 nodes as inactive
2026-01-15 13:32:56.512 [taskScheduler-1] INFO  c.q.federated.service.FederatedCoordinatorService - Marked 2 nodes as inactive
2026-01-15 13:33:01.535 [taskScheduler-1] INFO  c.q.federated.service.FederatedCoordinatorService - Marked 2 nodes as inactive
2026-01-15 13:33:06.548 [taskScheduler-1] INFO  c.q.federated.service.FederatedCoordinatorService - Marked 2 nodes as inactive
2026-01-15 13:33:11.568 [taskScheduler-1] INFO  c.q.federated.service.FederatedCoordinatorService - Marked 2 nodes as inactive
2026-01-15 13:33:16.580 [taskScheduler-1] INFO  c.q.federated.service.FederatedCoordinatorService - Marked 2 nodes as inactive
2026-01-15 13:33:21.594 [taskScheduler-1] INFO  c.q.federated.service.FederatedCoordinatorService - Marked 2 nodes as inactive
2026-01-15 13:33:26.605 [taskScheduler-1] INFO  c.q.federated.service.FederatedCoordinatorService - Marked 2 nodes as inactive
2026-01-15 13:33:31.618 [taskScheduler-1] INFO  c.q.federated.service.FederatedCoordinatorService - Marked 2 nodes as inactive
2026-01-15 13:33:36.625 [taskScheduler-1] INFO  c.q.federated.service.FederatedCoordinatorService - Marked 2 nodes as inactive
2026-01-15 13:33:41.640 [taskScheduler-1] INFO  c.q.federated.service.FederatedCoordinatorService - Marked 2 nodes as inactive
2026-01-15 13:33:46.659 [taskScheduler-1] INFO  c.q.federated.service.FederatedCoordinatorService - Marked 2 nodes as inactive
2026-01-15 13:33:51.669 [taskScheduler-1] INFO  c.q.federated.service.FederatedCoordinatorService - Marked 2 nodes as inactive
2026-01-15 13:33:56.688 [taskScheduler-1] INFO  c.q.federated.service.FederatedCoordinatorService - Marked 2 nodes as inactive
2026-01-15 13:34:01.708 [taskScheduler-1] INFO  c.q.federated.service.FederatedCoordinatorService - Marked 2 nodes as inactive
2026-01-15 13:34:06.721 [taskScheduler-1] INFO  c.q.federated.service.FederatedCoordinatorService - Marked 2 nodes as inactive
2026-01-15 13:34:11.742 [taskScheduler-1] INFO  c.q.federated.service.FederatedCoordinatorService - Marked 2 nodes as inactive
2026-01-15 13:34:16.758 [taskScheduler-1] INFO  c.q.federated.service.FederatedCoordinatorService - Marked 2 nodes as inactive
2026-01-15 13:34:21.762 [taskScheduler-1] INFO  c.q.federated.service.FederatedCoordinatorService - Marked 2 nodes as inactive
2026-01-15 13:34:26.778 [taskScheduler-1] INFO  c.q.federated.service.FederatedCoordinatorService - Marked 2 nodes as inactive
2026-01-15 13:34:31.795 [taskScheduler-1] INFO  c.q.federated.service.FederatedCoordinatorService - Marked 2 nodes as inactive
2026-01-15 13:34:36.804 [taskScheduler-1] INFO  c.q.federated.service.FederatedCoordinatorService - Marked 2 nodes as inactive
2026-01-15 13:34:41.819 [taskScheduler-1] INFO  c.q.federated.service.FederatedCoordinatorService - Marked 2 nodes as inactive
2026-01-15 13:34:46.838 [taskScheduler-1] INFO  c.q.federated.service.FederatedCoordinatorService - Marked 2 nodes as inactive
2026-01-15 13:34:51.854 [taskScheduler-1] INFO  c.q.federated.service.FederatedCoordinatorService - Marked 2 nodes as inactive
2026-01-15 13:34:56.857 [taskScheduler-1] INFO  c.q.federated.service.FederatedCoordinatorService - Marked 2 nodes as inactive
2026-01-15 13:35:01.879 [taskScheduler-1] INFO  c.q.federated.service.FederatedCoordinatorService - Marked 2 nodes as inactive
2026-01-15 13:35:06.894 [taskScheduler-1] INFO  c.q.federated.service.FederatedCoordinatorService - Marked 2 nodes as inactive
2026-01-15 13:35:11.912 [taskScheduler-1] INFO  c.q.federated.service.FederatedCoordinatorService - Marked 2 nodes as inactive
2026-01-15 13:35:16.921 [taskScheduler-1] INFO  c.q.federated.service.FederatedCoordinatorService - Marked 2 nodes as inactive
2026-01-15 13:35:21.939 [taskScheduler-1] INFO  c.q.federated.service.FederatedCoordinatorService - Marked 2 nodes as inactive
2026-01-15 13:35:26.952 [taskScheduler-1] INFO  c.q.federated.service.FederatedCoordinatorService - Marked 2 nodes as inactive
2026-01-15 13:35:31.962 [taskScheduler-1] INFO  c.q.federated.service.FederatedCoordinatorService - Marked 2 nodes as inactive
2026-01-15 13:35:36.973 [taskScheduler-1] INFO  c.q.federated.service.FederatedCoordinatorService - Marked 2 nodes as inactive
2026-01-15 13:35:41.990 [taskScheduler-1] INFO  c.q.federated.service.FederatedCoordinatorService - Marked 2 nodes as inactive
2026-01-15 13:35:47.000 [taskScheduler-1] INFO  c.q.federated.service.FederatedCoordinatorService - Marked 2 nodes as inactive
2026-01-15 13:35:52.021 [taskScheduler-1] INFO  c.q.federated.service.FederatedCoordinatorService - Marked 2 nodes as inactive
2026-01-15 13:35:57.041 [taskScheduler-1] INFO  c.q.federated.service.FederatedCoordinatorService - Marked 2 nodes as inactive
2026-01-15 13:36:02.058 [taskScheduler-1] INFO  c.q.federated.service.FederatedCoordinatorService - Marked 2 nodes as inactive
2026-01-15 13:36:07.080 [taskScheduler-1] INFO  c.q.federated.service.FederatedCoordinatorService - Marked 2 nodes as inactive
2026-01-15 13:36:12.097 [taskScheduler-1] INFO  c.q.federated.service.FederatedCoordinatorService - Marked 2 nodes as inactive
2026-01-15 13:36:17.113 [taskScheduler-1] INFO  c.q.federated.service.FederatedCoordinatorService - Marked 2 nodes as inactive
2026-01-15 13:36:22.130 [taskScheduler-1] INFO  c.q.federated.service.FederatedCoordinatorService - Marked 2 nodes as inactive
2026-01-15 13:36:27.147 [taskScheduler-1] INFO  c.q.federated.service.FederatedCoordinatorService - Marked 2 nodes as inactive
2026-01-15 13:36:32.164 [taskScheduler-1] INFO  c.q.federated.service.FederatedCoordinatorService - Marked 2 nodes as inactive
2026-01-15 13:36:37.179 [taskScheduler-1] INFO  c.q.federated.service.FederatedCoordinatorService - Marked 2 nodes as inactive
2026-01-15 13:36:42.198 [taskScheduler-1] INFO  c.q.federated.service.FederatedCoordinatorService - Marked 2 nodes as inactive
2026-01-15 13:36:47.214 [taskScheduler-1] INFO  c.q.federated.service.FederatedCoordinatorService - Marked 2 nodes as inactive
2026-01-15 13:36:52.233 [taskScheduler-1] INFO  c.q.federated.service.FederatedCoordinatorService - Marked 2 nodes as inactive
2026-01-15 13:36:57.246 [taskScheduler-1] INFO  c.q.federated.service.FederatedCoordinatorService - Marked 2 nodes as inactive
2026-01-15 13:37:02.268 [taskScheduler-1] INFO  c.q.federated.service.FederatedCoordinatorService - Marked 2 nodes as inactive
2026-01-15 13:37:07.288 [taskScheduler-1] INFO  c.q.federated.service.FederatedCoordinatorService - Marked 2 nodes as inactive
2026-01-15 13:37:12.305 [taskScheduler-1] INFO  c.q.federated.service.FederatedCoordinatorService - Marked 2 nodes as inactive
2026-01-15 13:37:17.315 [taskScheduler-1] INFO  c.q.federated.service.FederatedCoordinatorService - Marked 2 nodes as inactive
2026-01-15 13:37:22.328 [taskScheduler-1] INFO  c.q.federated.service.FederatedCoordinatorService - Marked 2 nodes as inactive
2026-01-15 13:37:27.333 [taskScheduler-1] INFO  c.q.federated.service.FederatedCoordinatorService - Marked 2 nodes as inactive
2026-01-15 13:37:32.340 [taskScheduler-1] INFO  c.q.federated.service.FederatedCoordinatorService - Marked 2 nodes as inactive
2026-01-15 13:37:37.356 [taskScheduler-1] INFO  c.q.federated.service.FederatedCoordinatorService - Marked 2 nodes as inactive
2026-01-15 13:37:42.366 [taskScheduler-1] INFO  c.q.federated.service.FederatedCoordinatorService - Marked 2 nodes as inactive
2026-01-15 13:37:47.372 [taskScheduler-1] INFO  c.q.federated.service.FederatedCoordinatorService - Marked 2 nodes as inactive
2026-01-15 13:37:52.388 [taskScheduler-1] INFO  c.q.federated.service.FederatedCoordinatorService - Marked 2 nodes as inactive
2026-01-15 13:37:57.404 [taskScheduler-1] INFO  c.q.federated.service.FederatedCoordinatorService - Marked 2 nodes as inactive
2026-01-15 13:38:02.422 [taskScheduler-1] INFO  c.q.federated.service.FederatedCoordinatorService - Marked 2 nodes as inactive
2026-01-15 13:38:07.437 [taskScheduler-1] INFO  c.q.federated.service.FederatedCoordinatorService - Marked 2 nodes as inactive
2026-01-15 13:38:12.454 [taskScheduler-1] INFO  c.q.federated.service.FederatedCoordinatorService - Marked 2 nodes as inactive
2026-01-15 13:38:17.472 [taskScheduler-1] INFO  c.q.federated.service.FederatedCoordinatorService - Marked 2 nodes as inactive
2026-01-15 13:38:22.481 [taskScheduler-1] INFO  c.q.federated.service.FederatedCoordinatorService - Marked 2 nodes as inactive
2026-01-15 13:38:27.485 [taskScheduler-1] INFO  c.q.federated.service.FederatedCoordinatorService - Marked 2 nodes as inactive
2026-01-15 13:38:32.498 [taskScheduler-1] INFO  c.q.federated.service.FederatedCoordinatorService - Marked 2 nodes as inactive
2026-01-15 13:38:37.508 [taskScheduler-1] INFO  c.q.federated.service.FederatedCoordinatorService - Marked 2 nodes as inactive
2026-01-15 13:38:42.522 [taskScheduler-1] INFO  c.q.federated.service.FederatedCoordinatorService - Marked 2 nodes as inactive
2026-01-15 13:38:47.543 [taskScheduler-1] INFO  c.q.federated.service.FederatedCoordinatorService - Marked 2 nodes as inactive
2026-01-15 13:38:52.563 [taskScheduler-1] INFO  c.q.federated.service.FederatedCoordinatorService - Marked 2 nodes as inactive
2026-01-15 13:38:57.570 [taskScheduler-1] INFO  c.q.federated.service.FederatedCoordinatorService - Marked 2 nodes as inactive
2026-01-15 13:39:02.581 [taskScheduler-1] INFO  c.q.federated.service.FederatedCoordinatorService - Marked 2 nodes as inactive
2026-01-15 13:39:07.593 [taskScheduler-1] INFO  c.q.federated.service.FederatedCoordinatorService - Marked 2 nodes as inactive
2026-01-15 13:39:12.599 [taskScheduler-1] INFO  c.q.federated.service.FederatedCoordinatorService - Marked 2 nodes as inactive
2026-01-15 13:39:17.614 [taskScheduler-1] INFO  c.q.federated.service.FederatedCoordinatorService - Marked 2 nodes as inactive
2026-01-15 13:39:22.625 [taskScheduler-1] INFO  c.q.federated.service.FederatedCoordinatorService - Marked 2 nodes as inactive
2026-01-15 13:39:27.643 [taskScheduler-1] INFO  c.q.federated.service.FederatedCoordinatorService - Marked 2 nodes as inactive
2026-01-15 13:39:32.658 [taskScheduler-1] INFO  c.q.federated.service.FederatedCoordinatorService - Marked 2 nodes as inactive
2026-01-15 13:39:37.677 [taskScheduler-1] INFO  c.q.federated.service.FederatedCoordinatorService - Marked 2 nodes as inactive
2026-01-15 13:39:42.694 [taskScheduler-1] INFO  c.q.federated.service.FederatedCoordinatorService - Marked 2 nodes as inactive
2026-01-15 13:39:47.702 [taskScheduler-1] INFO  c.q.federated.service.FederatedCoordinatorService - Marked 2 nodes as inactive
2026-01-15 13:39:52.717 [taskScheduler-1] INFO  c.q.federated.service.FederatedCoordinatorService - Marked 2 nodes as inactive
2026-01-15 13:39:57.730 [taskScheduler-1] INFO  c.q.federated.service.FederatedCoordinatorService - Marked 2 nodes as inactive
2026-01-15 13:40:02.748 [taskScheduler-1] INFO  c.q.federated.service.FederatedCoordinatorService - Marked 2 nodes as inactive
2026-01-15 13:40:07.759 [taskScheduler-1] INFO  c.q.federated.service.FederatedCoordinatorService - Marked 2 nodes as inactive
2026-01-15 13:40:12.772 [taskScheduler-1] INFO  c.q.federated.service.FederatedCoordinatorService - Marked 2 nodes as inactive
2026-01-15 13:40:17.778 [taskScheduler-1] INFO  c.q.federated.service.FederatedCoordinatorService - Marked 2 nodes as inactive
2026-01-15 13:40:22.788 [taskScheduler-1] INFO  c.q.federated.service.FederatedCoordinatorService - Marked 2 nodes as inactive
2026-01-15 13:40:27.808 [taskScheduler-1] INFO  c.q.federated.service.FederatedCoordinatorService - Marked 2 nodes as inactive
2026-01-15 13:40:32.822 [taskScheduler-1] INFO  c.q.federated.service.FederatedCoordinatorService - Marked 2 nodes as inactive
2026-01-15 13:40:37.839 [taskScheduler-1] INFO  c.q.federated.service.FederatedCoordinatorService - Marked 2 nodes as inactive
2026-01-15 13:40:42.851 [taskScheduler-1] INFO  c.q.federated.service.FederatedCoordinatorService - Marked 2 nodes as inactive
2026-01-15 13:40:47.869 [taskScheduler-1] INFO  c.q.federated.service.FederatedCoordinatorService - Marked 2 nodes as inactive
2026-01-15 13:40:52.893 [taskScheduler-1] INFO  c.q.federated.service.FederatedCoordinatorService - Marked 2 nodes as inactive
2026-01-15 13:40:57.901 [taskScheduler-1] INFO  c.q.federated.service.FederatedCoordinatorService - Marked 2 nodes as inactive
2026-01-15 13:41:02.917 [taskScheduler-1] INFO  c.q.federated.service.FederatedCoordinatorService - Marked 2 nodes as inactive
2026-01-15 13:41:07.934 [taskScheduler-1] INFO  c.q.federated.service.FederatedCoordinatorService - Marked 2 nodes as inactive
2026-01-15 13:41:12.954 [taskScheduler-1] INFO  c.q.federated.service.FederatedCoordinatorService - Marked 2 nodes as inactive
2026-01-15 13:41:17.963 [taskScheduler-1] INFO  c.q.federated.service.FederatedCoordinatorService - Marked 2 nodes as inactive
2026-01-15 13:41:22.975 [taskScheduler-1] INFO  c.q.federated.service.FederatedCoordinatorService - Marked 2 nodes as inactive
2026-01-15 13:41:27.981 [taskScheduler-1] INFO  c.q.federated.service.FederatedCoordinatorService - Marked 2 nodes as inactive
2026-01-15 13:41:33.020 [taskScheduler-1] INFO  c.q.federated.service.FederatedCoordinatorService - Marked 2 nodes as inactive
2026-01-15 13:41:38.033 [taskScheduler-1] INFO  c.q.federated.service.FederatedCoordinatorService - Marked 2 nodes as inactive
2026-01-15 13:41:43.043 [taskScheduler-1] INFO  c.q.federated.service.FederatedCoordinatorService - Marked 2 nodes as inactive
2026-01-15 13:41:48.060 [taskScheduler-1] INFO  c.q.federated.service.FederatedCoordinatorService - Marked 2 nodes as inactive
2026-01-15 13:41:53.071 [taskScheduler-1] INFO  c.q.federated.service.FederatedCoordinatorService - Marked 2 nodes as inactive
2026-01-15 13:41:58.085 [taskScheduler-1] INFO  c.q.federated.service.FederatedCoordinatorService - Marked 2 nodes as inactive
2026-01-15 13:42:03.099 [taskScheduler-1] INFO  c.q.federated.service.FederatedCoordinatorService - Marked 2 nodes as inactive
2026-01-15 13:42:08.105 [taskScheduler-1] INFO  c.q.federated.service.FederatedCoordinatorService - Marked 2 nodes as inactive
2026-01-15 13:42:13.114 [taskScheduler-1] INFO  c.q.federated.service.FederatedCoordinatorService - Marked 2 nodes as inactive
2026-01-15 13:42:18.124 [taskScheduler-1] INFO  c.q.federated.service.FederatedCoordinatorService - Marked 2 nodes as inactive
2026-01-15 13:42:23.140 [taskScheduler-1] INFO  c.q.federated.service.FederatedCoordinatorService - Marked 2 nodes as inactive
2026-01-15 13:42:28.157 [taskScheduler-1] INFO  c.q.federated.service.FederatedCoordinatorService - Marked 2 nodes as inactive
2026-01-15 13:42:33.167 [taskScheduler-1] INFO  c.q.federated.service.FederatedCoordinatorService - Marked 2 nodes as inactive
2026-01-15 13:42:38.174 [taskScheduler-1] INFO  c.q.federated.service.FederatedCoordinatorService - Marked 2 nodes as inactive
2026-01-15 13:42:43.181 [taskScheduler-1] INFO  c.q.federated.service.FederatedCoordinatorService - Marked 2 nodes as inactive
2026-01-15 13:42:48.193 [taskScheduler-1] INFO  c.q.federated.service.FederatedCoordinatorService - Marked 2 nodes as inactive
2026-01-15 13:42:53.202 [taskScheduler-1] INFO  c.q.federated.service.FederatedCoordinatorService - Marked 2 nodes as inactive
2026-01-15 13:42:58.208 [taskScheduler-1] INFO  c.q.federated.service.FederatedCoordinatorService - Marked 2 nodes as inactive
2026-01-15 13:43:03.226 [taskScheduler-1] INFO  c.q.federated.service.FederatedCoordinatorService - Marked 2 nodes as inactive
2026-01-15 13:43:08.240 [taskScheduler-1] INFO  c.q.federated.service.FederatedCoordinatorService - Marked 2 nodes as inactive
2026-01-15 13:43:13.259 [taskScheduler-1] INFO  c.q.federated.service.FederatedCoordinatorService - Marked 2 nodes as inactive
2026-01-15 13:43:18.276 [taskScheduler-1] INFO  c.q.federated.service.FederatedCoordinatorService - Marked 2 nodes as inactive
2026-01-15 13:43:23.289 [taskScheduler-1] INFO  c.q.federated.service.FederatedCoordinatorService - Marked 2 nodes as inactive
2026-01-15 13:43:28.302 [taskScheduler-1] INFO  c.q.federated.service.FederatedCoordinatorService - Marked 2 nodes as inactive
2026-01-15 13:43:33.313 [taskScheduler-1] INFO  c.q.federated.service.FederatedCoordinatorService - Marked 2 nodes as inactive
2026-01-15 13:43:38.333 [taskScheduler-1] INFO  c.q.federated.service.FederatedCoordinatorService - Marked 2 nodes as inactive
2026-01-15 13:43:43.346 [taskScheduler-1] INFO  c.q.federated.service.FederatedCoordinatorService - Marked 2 nodes as inactive
2026-01-15 13:43:48.361 [taskScheduler-1] INFO  c.q.federated.service.FederatedCoordinatorService - Marked 2 nodes as inactive
2026-01-15 13:43:53.378 [taskScheduler-1] INFO  c.q.federated.service.FederatedCoordinatorService - Marked 2 nodes as inactive
2026-01-15 13:43:58.386 [taskScheduler-1] INFO  c.q.federated.service.FederatedCoordinatorService - Marked 2 nodes as inactive
2026-01-15 13:44:03.398 [taskScheduler-1] INFO  c.q.federated.service.FederatedCoordinatorService - Marked 2 nodes as inactive
2026-01-15 13:44:08.416 [taskScheduler-1] INFO  c.q.federated.service.FederatedCoordinatorService - Marked 2 nodes as inactive
2026-01-15 13:44:13.433 [taskScheduler-1] INFO  c.q.federated.service.FederatedCoordinatorService - Marked 2 nodes as inactive
2026-01-15 13:44:18.445 [taskScheduler-1] INFO  c.q.federated.service.FederatedCoordinatorService - Marked 2 nodes as inactive
2026-01-15 13:44:23.453 [taskScheduler-1] INFO  c.q.federated.service.FederatedCoordinatorService - Marked 2 nodes as inactive
2026-01-15 13:44:28.465 [taskScheduler-1] INFO  c.q.federated.service.FederatedCoordinatorService - Marked 2 nodes as inactive
2026-01-15 13:44:33.484 [taskScheduler-1] INFO  c.q.federated.service.FederatedCoordinatorService - Marked 2 nodes as inactive
2026-01-15 13:44:38.504 [taskScheduler-1] INFO  c.q.federated.service.FederatedCoordinatorService - Marked 2 nodes as inactive
2026-01-15 13:44:43.511 [taskScheduler-1] INFO  c.q.federated.service.FederatedCoordinatorService - Marked 2 nodes as inactive
2026-01-15 13:44:48.520 [taskScheduler-1] INFO  c.q.federated.service.FederatedCoordinatorService - Marked 2 nodes as inactive
2026-01-15 13:44:53.539 [taskScheduler-1] INFO  c.q.federated.service.FederatedCoordinatorService - Marked 2 nodes as inactive
2026-01-15 13:44:58.562 [taskScheduler-1] INFO  c.q.federated.service.FederatedCoordinatorService - Marked 2 nodes as inactive
2026-01-15 13:45:03.582 [taskScheduler-1] INFO  c.q.federated.service.FederatedCoordinatorService - Marked 2 nodes as inactive
2026-01-15 13:45:08.600 [taskScheduler-1] INFO  c.q.federated.service.FederatedCoordinatorService - Marked 2 nodes as inactive
2026-01-15 13:45:13.617 [taskScheduler-1] INFO  c.q.federated.service.FederatedCoordinatorService - Marked 2 nodes as inactive
2026-01-15 13:45:18.622 [taskScheduler-1] INFO  c.q.federated.service.FederatedCoordinatorService - Marked 2 nodes as inactive
2026-01-15 13:45:23.633 [taskScheduler-1] INFO  c.q.federated.service.FederatedCoordinatorService - Marked 2 nodes as inactive
2026-01-15 13:45:28.644 [taskScheduler-1] INFO  c.q.federated.service.FederatedCoordinatorService - Marked 2 nodes as inactive
2026-01-15 13:45:33.659 [taskScheduler-1] INFO  c.q.federated.service.FederatedCoordinatorService - Marked 2 nodes as inactive
2026-01-15 13:45:38.664 [taskScheduler-1] INFO  c.q.federated.service.FederatedCoordinatorService - Marked 2 nodes as inactive
2026-01-15 13:45:43.677 [taskScheduler-1] INFO  c.q.federated.service.FederatedCoordinatorService - Marked 2 nodes as inactive
2026-01-15 13:45:48.686 [taskScheduler-1] INFO  c.q.federated.service.FederatedCoordinatorService - Marked 2 nodes as inactive
2026-01-15 13:45:53.692 [taskScheduler-1] INFO  c.q.federated.service.FederatedCoordinatorService - Marked 2 nodes as inactive
2026-01-15 13:45:58.704 [taskScheduler-1] INFO  c.q.federated.service.FederatedCoordinatorService - Marked 2 nodes as inactive
2026-01-15 13:46:03.720 [taskScheduler-1] INFO  c.q.federated.service.FederatedCoordinatorService - Marked 2 nodes as inactive
2026-01-15 13:46:08.734 [taskScheduler-3] INFO  c.q.federated.service.FederatedCoordinatorService - Marked 2 nodes as inactive
2026-01-15 13:46:13.744 [taskScheduler-3] INFO  c.q.federated.service.FederatedCoordinatorService - Marked 2 nodes as inactive
2026-01-15 13:46:18.766 [taskScheduler-3] INFO  c.q.federated.service.FederatedCoordinatorService - Marked 2 nodes as inactive
2026-01-15 13:46:23.782 [taskScheduler-3] INFO  c.q.federated.service.FederatedCoordinatorService - Marked 2 nodes as inactive
2026-01-15 13:46:28.790 [taskScheduler-3] INFO  c.q.federated.service.FederatedCoordinatorService - Marked 2 nodes as inactive
2026-01-15 13:46:33.809 [taskScheduler-3] INFO  c.q.federated.service.FederatedCoordinatorService - Marked 2 nodes as inactive
2026-01-15 13:46:38.831 [taskScheduler-3] INFO  c.q.federated.service.FederatedCoordinatorService - Marked 2 nodes as inactive
2026-01-15 13:46:43.846 [taskScheduler-3] INFO  c.q.federated.service.FederatedCoordinatorService - Marked 2 nodes as inactive
2026-01-15 13:46:48.856 [taskScheduler-3] INFO  c.q.federated.service.FederatedCoordinatorService - Marked 2 nodes as inactive
2026-01-15 13:46:53.867 [taskScheduler-3] INFO  c.q.federated.service.FederatedCoordinatorService - Marked 2 nodes as inactive
2026-01-15 13:46:58.872 [taskScheduler-3] INFO  c.q.federated.service.FederatedCoordinatorService - Marked 2 nodes as inactive
2026-01-15 13:47:03.884 [taskScheduler-3] INFO  c.q.federated.service.FederatedCoordinatorService - Marked 2 nodes as inactive
2026-01-15 13:47:08.910 [taskScheduler-3] INFO  c.q.federated.service.FederatedCoordinatorService - Marked 2 nodes as inactive
2026-01-15 13:47:13.926 [taskScheduler-3] INFO  c.q.federated.service.FederatedCoordinatorService - Marked 2 nodes as inactive
2026-01-15 13:47:18.935 [taskScheduler-3] INFO  c.q.federated.service.FederatedCoordinatorService - Marked 2 nodes as inactive
2026-01-15 13:47:23.944 [taskScheduler-3] INFO  c.q.federated.service.FederatedCoordinatorService - Marked 2 nodes as inactive
2026-01-15 13:47:28.962 [taskScheduler-3] INFO  c.q.federated.service.FederatedCoordinatorService - Marked 2 nodes as inactive
2026-01-15 13:47:33.982 [taskScheduler-3] INFO  c.q.federated.service.FederatedCoordinatorService - Marked 2 nodes as inactive
2026-01-15 13:47:38.990 [taskScheduler-3] INFO  c.q.federated.service.FederatedCoordinatorService - Marked 2 nodes as inactive
2026-01-15 13:47:44.010 [taskScheduler-3] INFO  c.q.federated.service.FederatedCoordinatorService - Marked 2 nodes as inactive
2026-01-15 13:47:49.017 [taskScheduler-3] INFO  c.q.federated.service.FederatedCoordinatorService - Marked 2 nodes as inactive
2026-01-15 13:47:54.021 [taskScheduler-3] INFO  c.q.federated.service.FederatedCoordinatorService - Marked 2 nodes as inactive
2026-01-15 13:47:59.034 [taskScheduler-3] INFO  c.q.federated.service.FederatedCoordinatorService - Marked 2 nodes as inactive
2026-01-15 13:48:04.042 [taskScheduler-3] INFO  c.q.federated.service.FederatedCoordinatorService - Marked 2 nodes as inactive
2026-01-15 13:48:09.051 [taskScheduler-3] INFO  c.q.federated.service.FederatedCoordinatorService - Marked 2 nodes as inactive
2026-01-15 13:48:14.067 [taskScheduler-3] INFO  c.q.federated.service.FederatedCoordinatorService - Marked 2 nodes as inactive
2026-01-15 13:48:19.075 [taskScheduler-3] INFO  c.q.federated.service.FederatedCoordinatorService - Marked 2 nodes as inactive
2026-01-15 13:48:24.083 [taskScheduler-3] INFO  c.q.federated.service.FederatedCoordinatorService - Marked 2 nodes as inactive
2026-01-15 13:48:29.097 [taskScheduler-3] INFO  c.q.federated.service.FederatedCoordinatorService - Marked 2 nodes as inactive
2026-01-15 13:48:34.115 [taskScheduler-3] INFO  c.q.federated.service.FederatedCoordinatorService - Marked 2 nodes as inactive
2026-01-15 13:48:39.130 [taskScheduler-3] INFO  c.q.federated.service.FederatedCoordinatorService - Marked 2 nodes as inactive
2026-01-15 13:48:44.141 [taskScheduler-3] INFO  c.q.federated.service.FederatedCoordinatorService - Marked 2 nodes as inactive
2026-01-15 13:48:49.151 [taskScheduler-3] INFO  c.q.federated.service.FederatedCoordinatorService - Marked 2 nodes as inactive
2026-01-15 13:48:54.159 [taskScheduler-3] INFO  c.q.federated.service.FederatedCoordinatorService - Marked 2 nodes as inactive
2026-01-15 13:48:59.168 [taskScheduler-3] INFO  c.q.federated.service.FederatedCoordinatorService - Marked 2 nodes as inactive
2026-01-15 13:49:04.180 [taskScheduler-3] INFO  c.q.federated.service.FederatedCoordinatorService - Marked 2 nodes as inactive
2026-01-15 13:49:09.197 [taskScheduler-3] INFO  c.q.federated.service.FederatedCoordinatorService - Marked 2 nodes as inactive
2026-01-15 13:49:14.201 [taskScheduler-3] INFO  c.q.federated.service.FederatedCoordinatorService - Marked 2 nodes as inactive
2026-01-15 13:49:19.217 [taskScheduler-3] INFO  c.q.federated.service.FederatedCoordinatorService - Marked 2 nodes as inactive
2026-01-15 13:49:24.223 [taskScheduler-3] INFO  c.q.federated.service.FederatedCoordinatorService - Marked 2 nodes as inactive
2026-01-15 13:49:29.228 [taskScheduler-3] INFO  c.q.federated.service.FederatedCoordinatorService - Marked 2 nodes as inactive
2026-01-15 13:49:34.237 [taskScheduler-3] INFO  c.q.federated.service.FederatedCoordinatorService - Marked 2 nodes as inactive
2026-01-15 13:49:39.252 [taskScheduler-3] INFO  c.q.federated.service.FederatedCoordinatorService - Marked 2 nodes as inactive
2026-01-15 13:49:44.267 [taskScheduler-3] INFO  c.q.federated.service.FederatedCoordinatorService - Marked 2 nodes as inactive
2026-01-15 13:49:49.276 [taskScheduler-3] INFO  c.q.federated.service.FederatedCoordinatorService - Marked 2 nodes as inactive
2026-01-15 13:49:54.285 [taskScheduler-3] INFO  c.q.federated.service.FederatedCoordinatorService - Marked 2 nodes as inactive
2026-01-15 13:49:59.302 [taskScheduler-3] INFO  c.q.federated.service.FederatedCoordinatorService - Marked 2 nodes as inactive
2026-01-15 13:50:04.322 [taskScheduler-3] INFO  c.q.federated.service.FederatedCoordinatorService - Marked 2 nodes as inactive
2026-01-15 13:50:09.333 [taskScheduler-3] INFO  c.q.federated.service.FederatedCoordinatorService - Marked 2 nodes as inactive
2026-01-15 13:50:14.355 [taskScheduler-3] INFO  c.q.federated.service.FederatedCoordinatorService - Marked 2 nodes as inactive
2026-01-15 13:50:19.361 [taskScheduler-3] INFO  c.q.federated.service.FederatedCoordinatorService - Marked 2 nodes as inactive
2026-01-15 13:50:24.377 [taskScheduler-3] INFO  c.q.federated.service.FederatedCoordinatorService - Marked 2 nodes as inactive
2026-01-15 13:50:29.392 [taskScheduler-3] INFO  c.q.federated.service.FederatedCoordinatorService - Marked 2 nodes as inactive
2026-01-15 13:50:34.414 [taskScheduler-3] INFO  c.q.federated.service.FederatedCoordinatorService - Marked 2 nodes as inactive
2026-01-15 13:50:39.426 [taskScheduler-3] INFO  c.q.federated.service.FederatedCoordinatorService - Marked 2 nodes as inactive
2026-01-15 13:50:44.441 [taskScheduler-3] INFO  c.q.federated.service.FederatedCoordinatorService - Marked 2 nodes as inactive
2026-01-15 13:50:49.451 [taskScheduler-3] INFO  c.q.federated.service.FederatedCoordinatorService - Marked 2 nodes as inactive
2026-01-15 13:50:54.466 [taskScheduler-3] INFO  c.q.federated.service.FederatedCoordinatorService - Marked 2 nodes as inactive
2026-01-15 13:50:59.483 [taskScheduler-3] INFO  c.q.federated.service.FederatedCoordinatorService - Marked 2 nodes as inactive
2026-01-15 13:51:04.500 [taskScheduler-3] INFO  c.q.federated.service.FederatedCoordinatorService - Marked 2 nodes as inactive
2026-01-15 13:51:09.516 [taskScheduler-3] INFO  c.q.federated.service.FederatedCoordinatorService - Marked 2 nodes as inactive
2026-01-15 13:51:14.534 [taskScheduler-3] INFO  c.q.federated.service.FederatedCoordinatorService - Marked 2 nodes as inactive
2026-01-15 13:51:19.539 [taskScheduler-3] INFO  c.q.federated.service.FederatedCoordinatorService - Marked 2 nodes as inactive
2026-01-15 13:51:24.562 [taskScheduler-3] INFO  c.q.federated.service.FederatedCoordinatorService - Marked 2 nodes as inactive
2026-01-15 13:51:29.572 [taskScheduler-3] INFO  c.q.federated.service.FederatedCoordinatorService - Marked 2 nodes as inactive
2026-01-15 13:51:34.583 [taskScheduler-3] INFO  c.q.federated.service.FederatedCoordinatorService - Marked 2 nodes as inactive
2026-01-15 13:51:39.598 [taskScheduler-3] INFO  c.q.federated.service.FederatedCoordinatorService - Marked 2 nodes as inactive
2026-01-15 13:51:44.611 [taskScheduler-3] INFO  c.q.federated.service.FederatedCoordinatorService - Marked 2 nodes as inactive
2026-01-15 13:51:49.628 [taskScheduler-3] INFO  c.q.federated.service.FederatedCoordinatorService - Marked 2 nodes as inactive
2026-01-15 13:51:54.644 [taskScheduler-3] INFO  c.q.federated.service.FederatedCoordinatorService - Marked 2 nodes as inactive
2026-01-15 13:51:59.657 [taskScheduler-3] INFO  c.q.federated.service.FederatedCoordinatorService - Marked 2 nodes as inactive
2026-01-15 13:52:04.674 [taskScheduler-3] INFO  c.q.federated.service.FederatedCoordinatorService - Marked 2 nodes as inactive
2026-01-15 13:52:09.689 [taskScheduler-3] INFO  c.q.federated.service.FederatedCoordinatorService - Marked 2 nodes as inactive
2026-01-15 13:52:14.706 [taskScheduler-3] INFO  c.q.federated.service.FederatedCoordinatorService - Marked 2 nodes as inactive
2026-01-15 13:52:19.724 [taskScheduler-3] INFO  c.q.federated.service.FederatedCoordinatorService - Marked 2 nodes as inactive
2026-01-15 13:52:24.741 [taskScheduler-3] INFO  c.q.federated.service.FederatedCoordinatorService - Marked 2 nodes as inactive
2026-01-15 13:52:29.757 [taskScheduler-3] INFO  c.q.federated.service.FederatedCoordinatorService - Marked 2 nodes as inactive
2026-01-15 13:52:34.771 [taskScheduler-3] INFO  c.q.federated.service.FederatedCoordinatorService - Marked 2 nodes as inactive
2026-01-15 13:52:39.777 [taskScheduler-3] INFO  c.q.federated.service.FederatedCoordinatorService - Marked 2 nodes as inactive
2026-01-15 13:52:44.790 [taskScheduler-3] INFO  c.q.federated.service.FederatedCoordinatorService - Marked 2 nodes as inactive
2026-01-15 13:52:49.806 [taskScheduler-3] INFO  c.q.federated.service.FederatedCoordinatorService - Marked 2 nodes as inactive
2026-01-15 13:52:54.824 [taskScheduler-3] INFO  c.q.federated.service.FederatedCoordinatorService - Marked 2 nodes as inactive
2026-01-15 13:52:59.839 [taskScheduler-3] INFO  c.q.federated.service.FederatedCoordinatorService - Marked 2 nodes as inactive
2026-01-15 13:53:04.856 [taskScheduler-3] INFO  c.q.federated.service.FederatedCoordinatorService - Marked 2 nodes as inactive
2026-01-15 13:53:09.882 [taskScheduler-3] INFO  c.q.federated.service.FederatedCoordinatorService - Marked 2 nodes as inactive
2026-01-15 13:53:14.904 [taskScheduler-3] INFO  c.q.federated.service.FederatedCoordinatorService - Marked 2 nodes as inactive
2026-01-15 13:53:19.922 [taskScheduler-3] INFO  c.q.federated.service.FederatedCoordinatorService - Marked 2 nodes as inactive
2026-01-15 13:53:24.939 [taskScheduler-3] INFO  c.q.federated.service.FederatedCoordinatorService - Marked 2 nodes as inactive
2026-01-15 13:53:29.956 [taskScheduler-3] INFO  c.q.federated.service.FederatedCoordinatorService - Marked 2 nodes as inactive
2026-01-15 13:53:34.968 [taskScheduler-3] INFO  c.q.federated.service.FederatedCoordinatorService - Marked 2 nodes as inactive
2026-01-15 13:53:39.988 [taskScheduler-3] INFO  c.q.federated.service.FederatedCoordinatorService - Marked 2 nodes as inactive
2026-01-15 13:53:45.005 [taskScheduler-3] INFO  c.q.federated.service.FederatedCoordinatorService - Marked 2 nodes as inactive
2026-01-15 13:53:50.030 [taskScheduler-3] INFO  c.q.federated.service.FederatedCoordinatorService - Marked 2 nodes as inactive
2026-01-15 13:53:55.039 [taskScheduler-3] INFO  c.q.federated.service.FederatedCoordinatorService - Marked 2 nodes as inactive
2026-01-15 13:54:00.048 [taskScheduler-3] INFO  c.q.federated.service.FederatedCoordinatorService - Marked 2 nodes as inactive
2026-01-15 13:54:05.053 [taskScheduler-3] INFO  c.q.federated.service.FederatedCoordinatorService - Marked 2 nodes as inactive
2026-01-15 13:54:10.070 [taskScheduler-3] INFO  c.q.federated.service.FederatedCoordinatorService - Marked 2 nodes as inactive
2026-01-15 13:54:15.082 [taskScheduler-3] INFO  c.q.federated.service.FederatedCoordinatorService - Marked 2 nodes as inactive
2026-01-15 13:54:20.087 [taskScheduler-3] INFO  c.q.federated.service.FederatedCoordinatorService - Marked 2 nodes as inactive
2026-01-15 13:54:25.103 [taskScheduler-3] INFO  c.q.federated.service.FederatedCoordinatorService - Marked 2 nodes as inactive
2026-01-15 13:54:30.119 [taskScheduler-3] INFO  c.q.federated.service.FederatedCoordinatorService - Marked 2 nodes as inactive
2026-01-15 13:54:35.126 [taskScheduler-3] INFO  c.q.federated.service.FederatedCoordinatorService - Marked 2 nodes as inactive
2026-01-15 13:54:40.137 [taskScheduler-3] INFO  c.q.federated.service.FederatedCoordinatorService - Marked 2 nodes as inactive
2026-01-15 13:54:45.154 [taskScheduler-3] INFO  c.q.federated.service.FederatedCoordinatorService - Marked 2 nodes as inactive
2026-01-15 13:54:50.169 [taskScheduler-3] INFO  c.q.federated.service.FederatedCoordinatorService - Marked 2 nodes as inactive
2026-01-15 13:54:55.185 [taskScheduler-3] INFO  c.q.federated.service.FederatedCoordinatorService - Marked 2 nodes as inactive
2026-01-15 13:55:00.200 [taskScheduler-3] INFO  c.q.federated.service.FederatedCoordinatorService - Marked 2 nodes as inactive
2026-01-15 13:55:05.217 [taskScheduler-3] INFO  c.q.federated.service.FederatedCoordinatorService - Marked 2 nodes as inactive
2026-01-15 13:55:10.235 [taskScheduler-3] INFO  c.q.federated.service.FederatedCoordinatorService - Marked 2 nodes as inactive
2026-01-15 13:55:15.248 [taskScheduler-3] INFO  c.q.federated.service.FederatedCoordinatorService - Marked 2 nodes as inactive
2026-01-15 13:55:20.254 [taskScheduler-3] INFO  c.q.federated.service.FederatedCoordinatorService - Marked 2 nodes as inactive
2026-01-15 13:55:25.266 [taskScheduler-3] INFO  c.q.federated.service.FederatedCoordinatorService - Marked 2 nodes as inactive
2026-01-15 13:55:30.287 [taskScheduler-3] INFO  c.q.federated.service.FederatedCoordinatorService - Marked 2 nodes as inactive
2026-01-15 13:55:35.301 [taskScheduler-3] INFO  c.q.federated.service.FederatedCoordinatorService - Marked 2 nodes as inactive
2026-01-15 13:55:40.320 [taskScheduler-3] INFO  c.q.federated.service.FederatedCoordinatorService - Marked 2 nodes as inactive
2026-01-15 13:55:45.325 [taskScheduler-3] INFO  c.q.federated.service.FederatedCoordinatorService - Marked 2 nodes as inactive
2026-01-15 13:55:50.335 [taskScheduler-3] INFO  c.q.federated.service.FederatedCoordinatorService - Marked 2 nodes as inactive
2026-01-15 13:55:55.350 [taskScheduler-3] INFO  c.q.federated.service.FederatedCoordinatorService - Marked 2 nodes as inactive
2026-01-15 13:56:00.368 [taskScheduler-3] INFO  c.q.federated.service.FederatedCoordinatorService - Marked 2 nodes as inactive
2026-01-15 13:56:05.383 [taskScheduler-3] INFO  c.q.federated.service.FederatedCoordinatorService - Marked 2 nodes as inactive
2026-01-15 13:56:10.401 [taskScheduler-3] INFO  c.q.federated.service.FederatedCoordinatorService - Marked 2 nodes as inactive
2026-01-15 13:56:15.418 [taskScheduler-3] INFO  c.q.federated.service.FederatedCoordinatorService - Marked 2 nodes as inactive
2026-01-15 13:56:20.433 [taskScheduler-3] INFO  c.q.federated.service.FederatedCoordinatorService - Marked 2 nodes as inactive
2026-01-15 13:56:25.449 [taskScheduler-3] INFO  c.q.federated.service.FederatedCoordinatorService - Marked 2 nodes as inactive
2026-01-15 13:56:30.466 [taskScheduler-3] INFO  c.q.federated.service.FederatedCoordinatorService - Marked 2 nodes as inactive
2026-01-15 13:56:35.483 [taskScheduler-3] INFO  c.q.federated.service.FederatedCoordinatorService - Marked 2 nodes as inactive
2026-01-15 13:56:40.499 [taskScheduler-3] INFO  c.q.federated.service.FederatedCoordinatorService - Marked 2 nodes as inactive
2026-01-15 13:56:45.516 [taskScheduler-3] INFO  c.q.federated.service.FederatedCoordinatorService - Marked 2 nodes as inactive
2026-01-15 13:56:50.529 [taskScheduler-3] INFO  c.q.federated.service.FederatedCoordinatorService - Marked 2 nodes as inactive
2026-01-15 13:56:55.536 [taskScheduler-3] INFO  c.q.federated.service.FederatedCoordinatorService - Marked 2 nodes as inactive
2026-01-15 13:57:00.546 [taskScheduler-3] INFO  c.q.federated.service.FederatedCoordinatorService - Marked 2 nodes as inactive
2026-01-15 13:57:05.565 [taskScheduler-3] INFO  c.q.federated.service.FederatedCoordinatorService - Marked 2 nodes as inactive
2026-01-15 13:57:10.583 [taskScheduler-3] INFO  c.q.federated.service.FederatedCoordinatorService - Marked 2 nodes as inactive
2026-01-15 13:57:15.598 [taskScheduler-3] INFO  c.q.federated.service.FederatedCoordinatorService - Marked 2 nodes as inactive
2026-01-15 13:57:20.616 [taskScheduler-3] INFO  c.q.federated.service.FederatedCoordinatorService - Marked 2 nodes as inactive
2026-01-15 13:57:25.633 [taskScheduler-3] INFO  c.q.federated.service.FederatedCoordinatorService - Marked 2 nodes as inactive
2026-01-15 13:57:30.649 [taskScheduler-3] INFO  c.q.federated.service.FederatedCoordinatorService - Marked 2 nodes as inactive
2026-01-15 13:57:35.673 [taskScheduler-3] INFO  c.q.federated.service.FederatedCoordinatorService - Marked 2 nodes as inactive
2026-01-15 13:57:40.679 [taskScheduler-3] INFO  c.q.federated.service.FederatedCoordinatorService - Marked 2 nodes as inactive
2026-01-15 13:57:45.698 [taskScheduler-3] INFO  c.q.federated.service.FederatedCoordinatorService - Marked 2 nodes as inactive
2026-01-15 13:57:50.714 [taskScheduler-3] INFO  c.q.federated.service.FederatedCoordinatorService - Marked 2 nodes as inactive
2026-01-15 13:57:55.731 [taskScheduler-3] INFO  c.q.federated.service.FederatedCoordinatorService - Marked 2 nodes as inactive
2026-01-15 13:58:00.750 [taskScheduler-3] INFO  c.q.federated.service.FederatedCoordinatorService - Marked 2 nodes as inactive
2026-01-15 13:58:05.764 [taskScheduler-3] INFO  c.q.federated.service.FederatedCoordinatorService - Marked 2 nodes as inactive
2026-01-15 13:58:10.782 [taskScheduler-3] INFO  c.q.federated.service.FederatedCoordinatorService - Marked 2 nodes as inactive
2026-01-15 13:58:15.797 [taskScheduler-3] INFO  c.q.federated.service.FederatedCoordinatorService - Marked 2 nodes as inactive
2026-01-15 13:58:20.804 [taskScheduler-3] INFO  c.q.federated.service.FederatedCoordinatorService - Marked 2 nodes as inactive
2026-01-15 13:58:25.821 [taskScheduler-3] INFO  c.q.federated.service.FederatedCoordinatorService - Marked 2 nodes as inactive
2026-01-15 13:58:30.839 [taskScheduler-3] INFO  c.q.federated.service.FederatedCoordinatorService - Marked 2 nodes as inactive
2026-01-15 13:58:35.850 [taskScheduler-3] INFO  c.q.federated.service.FederatedCoordinatorService - Marked 2 nodes as inactive
2026-01-15 13:58:40.867 [taskScheduler-3] INFO  c.q.federated.service.FederatedCoordinatorService - Marked 2 nodes as inactive
2026-01-15 13:58:45.884 [taskScheduler-3] INFO  c.q.federated.service.FederatedCoordinatorService - Marked 2 nodes as inactive
2026-01-15 13:58:50.895 [taskScheduler-3] INFO  c.q.federated.service.FederatedCoordinatorService - Marked 2 nodes as inactive
2026-01-15 13:58:55.915 [taskScheduler-3] INFO  c.q.federated.service.FederatedCoordinatorService - Marked 2 nodes as inactive
2026-01-15 13:59:00.921 [taskScheduler-3] INFO  c.q.federated.service.FederatedCoordinatorService - Marked 2 nodes as inactive
2026-01-15 13:59:05.940 [taskScheduler-3] INFO  c.q.federated.service.FederatedCoordinatorService - Marked 2 nodes as inactive
2026-01-15 13:59:10.945 [taskScheduler-3] INFO  c.q.federated.service.FederatedCoordinatorService - Marked 2 nodes as inactive
2026-01-15 13:59:15.963 [taskScheduler-3] INFO  c.q.federated.service.FederatedCoordinatorService - Marked 2 nodes as inactive
2026-01-15 13:59:20.979 [taskScheduler-3] INFO  c.q.federated.service.FederatedCoordinatorService - Marked 2 nodes as inactive
2026-01-15 13:59:25.995 [taskScheduler-3] INFO  c.q.federated.service.FederatedCoordinatorService - Marked 2 nodes as inactive
2026-01-15 13:59:31.014 [taskScheduler-3] INFO  c.q.federated.service.FederatedCoordinatorService - Marked 2 nodes as inactive
2026-01-15 13:59:36.028 [taskScheduler-3] INFO  c.q.federated.service.FederatedCoordinatorService - Marked 2 nodes as inactive
2026-01-15 13:59:41.045 [taskScheduler-3] INFO  c.q.federated.service.FederatedCoordinatorService - Marked 2 nodes as inactive
2026-01-15 13:59:46.063 [taskScheduler-3] INFO  c.q.federated.service.FederatedCoordinatorService - Marked 2 nodes as inactive
2026-01-15 13:59:51.078 [taskScheduler-3] INFO  c.q.federated.service.FederatedCoordinatorService - Marked 2 nodes as inactive
2026-01-15 13:59:56.096 [taskScheduler-3] INFO  c.q.federated.service.FederatedCoordinatorService - Marked 2 nodes as inactive
2026-01-15 14:00:01.110 [taskScheduler-3] INFO  c.q.federated.service.FederatedCoordinatorService - Marked 2 nodes as inactive
2026-01-15 14:00:06.130 [taskScheduler-3] INFO  c.q.federated.service.FederatedCoordinatorService - Marked 2 nodes as inactive
2026-01-15 14:00:11.144 [taskScheduler-3] INFO  c.q.federated.service.FederatedCoordinatorService - Marked 2 nodes as inactive
2026-01-15 14:00:16.163 [taskScheduler-3] INFO  c.q.federated.service.FederatedCoordinatorService - Marked 2 nodes as inactive
2026-01-15 14:00:21.178 [taskScheduler-3] INFO  c.q.federated.service.FederatedCoordinatorService - Marked 2 nodes as inactive
2026-01-15 14:00:26.194 [taskScheduler-3] INFO  c.q.federated.service.FederatedCoordinatorService - Marked 2 nodes as inactive
2026-01-15 14:00:31.211 [taskScheduler-3] INFO  c.q.federated.service.FederatedCoordinatorService - Marked 2 nodes as inactive
2026-01-15 14:00:36.227 [taskScheduler-3] INFO  c.q.federated.service.FederatedCoordinatorService - Marked 2 nodes as inactive
2026-01-15 14:00:41.243 [taskScheduler-3] INFO  c.q.federated.service.FederatedCoordinatorService - Marked 2 nodes as inactive
2026-01-15 14:00:46.260 [taskScheduler-3] INFO  c.q.federated.service.FederatedCoordinatorService - Marked 2 nodes as inactive
2026-01-15 14:00:51.278 [taskScheduler-3] INFO  c.q.federated.service.FederatedCoordinatorService - Marked 2 nodes as inactive
2026-01-15 14:00:56.293 [taskScheduler-3] INFO  c.q.federated.service.FederatedCoordinatorService - Marked 2 nodes as inactive
2026-01-15 14:01:01.309 [taskScheduler-3] INFO  c.q.federated.service.FederatedCoordinatorService - Marked 2 nodes as inactive
2026-01-15 14:01:06.327 [taskScheduler-3] INFO  c.q.federated.service.FederatedCoordinatorService - Marked 2 nodes as inactive
2026-01-15 14:01:11.342 [taskScheduler-3] INFO  c.q.federated.service.FederatedCoordinatorService - Marked 2 nodes as inactive
2026-01-15 14:01:16.360 [taskScheduler-3] INFO  c.q.federated.service.FederatedCoordinatorService - Marked 2 nodes as inactive
2026-01-15 14:01:21.377 [taskScheduler-3] INFO  c.q.federated.service.FederatedCoordinatorService - Marked 2 nodes as inactive
2026-01-15 14:01:26.393 [taskScheduler-3] INFO  c.q.federated.service.FederatedCoordinatorService - Marked 2 nodes as inactive
2026-01-15 14:01:31.410 [taskScheduler-3] INFO  c.q.federated.service.FederatedCoordinatorService - Marked 2 nodes as inactive
2026-01-15 14:01:36.425 [taskScheduler-3] INFO  c.q.federated.service.FederatedCoordinatorService - Marked 2 nodes as inactive
2026-01-15 14:01:41.443 [taskScheduler-3] INFO  c.q.federated.service.FederatedCoordinatorService - Marked 2 nodes as inactive
2026-01-15 14:01:46.459 [taskScheduler-3] INFO  c.q.federated.service.FederatedCoordinatorService - Marked 2 nodes as inactive
2026-01-15 14:01:51.474 [taskScheduler-3] INFO  c.q.federated.service.FederatedCoordinatorService - Marked 2 nodes as inactive
2026-01-15 14:01:56.492 [taskScheduler-3] INFO  c.q.federated.service.FederatedCoordinatorService - Marked 2 nodes as inactive
2026-01-15 14:02:01.509 [taskScheduler-3] INFO  c.q.federated.service.FederatedCoordinatorService - Marked 2 nodes as inactive
2026-01-15 14:02:06.526 [taskScheduler-3] INFO  c.q.federated.service.FederatedCoordinatorService - Marked 2 nodes as inactive
2026-01-15 14:02:11.544 [taskScheduler-3] INFO  c.q.federated.service.FederatedCoordinatorService - Marked 2 nodes as inactive
2026-01-15 14:02:16.556 [taskScheduler-3] INFO  c.q.federated.service.FederatedCoordinatorService - Marked 2 nodes as inactive
2026-01-15 14:02:21.576 [taskScheduler-3] INFO  c.q.federated.service.FederatedCoordinatorService - Marked 2 nodes as inactive
2026-01-15 14:02:26.591 [taskScheduler-3] INFO  c.q.federated.service.FederatedCoordinatorService - Marked 2 nodes as inactive
2026-01-15 14:02:31.609 [taskScheduler-3] INFO  c.q.federated.service.FederatedCoordinatorService - Marked 2 nodes as inactive
2026-01-15 14:02:36.623 [taskScheduler-3] INFO  c.q.federated.service.FederatedCoordinatorService - Marked 2 nodes as inactive
2026-01-15 14:02:41.641 [taskScheduler-3] INFO  c.q.federated.service.FederatedCoordinatorService - Marked 2 nodes as inactive
2026-01-15 14:02:46.658 [taskScheduler-3] INFO  c.q.federated.service.FederatedCoordinatorService - Marked 2 nodes as inactive
2026-01-15 14:02:51.673 [taskScheduler-3] INFO  c.q.federated.service.FederatedCoordinatorService - Marked 2 nodes as inactive
2026-01-15 14:02:56.690 [taskScheduler-3] INFO  c.q.federated.service.FederatedCoordinatorService - Marked 2 nodes as inactive
2026-01-15 14:03:01.709 [taskScheduler-3] INFO  c.q.federated.service.FederatedCoordinatorService - Marked 2 nodes as inactive
2026-01-15 14:03:06.724 [taskScheduler-3] INFO  c.q.federated.service.FederatedCoordinatorService - Marked 2 nodes as inactive
2026-01-15 14:03:11.741 [taskScheduler-3] INFO  c.q.federated.service.FederatedCoordinatorService - Marked 2 nodes as inactive
2026-01-15 14:03:16.758 [taskScheduler-3] INFO  c.q.federated.service.FederatedCoordinatorService - Marked 2 nodes as inactive
2026-01-15 14:03:21.774 [taskScheduler-3] INFO  c.q.federated.service.FederatedCoordinatorService - Marked 2 nodes as inactive
2026-01-15 14:03:26.789 [taskScheduler-3] INFO  c.q.federated.service.FederatedCoordinatorService - Marked 2 nodes as inactive
2026-01-15 14:03:31.807 [taskScheduler-3] INFO  c.q.federated.service.FederatedCoordinatorService - Marked 2 nodes as inactive
2026-01-15 14:03:36.824 [taskScheduler-3] INFO  c.q.federated.service.FederatedCoordinatorService - Marked 2 nodes as inactive
2026-01-15 14:03:41.841 [taskScheduler-3] INFO  c.q.federated.service.FederatedCoordinatorService - Marked 2 nodes as inactive
2026-01-15 14:03:46.855 [taskScheduler-3] INFO  c.q.federated.service.FederatedCoordinatorService - Marked 2 nodes as inactive
2026-01-15 14:03:51.874 [taskScheduler-3] INFO  c.q.federated.service.FederatedCoordinatorService - Marked 2 nodes as inactive
2026-01-15 14:03:56.888 [taskScheduler-3] INFO  c.q.federated.service.FederatedCoordinatorService - Marked 2 nodes as inactive
2026-01-15 14:04:01.906 [taskScheduler-3] INFO  c.q.federated.service.FederatedCoordinatorService - Marked 2 nodes as inactive
2026-01-15 14:04:06.923 [taskScheduler-3] INFO  c.q.federated.service.FederatedCoordinatorService - Marked 2 nodes as inactive
2026-01-15 14:04:11.938 [taskScheduler-3] INFO  c.q.federated.service.FederatedCoordinatorService - Marked 2 nodes as inactive
2026-01-15 14:04:16.954 [taskScheduler-3] INFO  c.q.federated.service.FederatedCoordinatorService - Marked 2 nodes as inactive
2026-01-15 14:04:21.971 [taskScheduler-3] INFO  c.q.federated.service.FederatedCoordinatorService - Marked 2 nodes as inactive
2026-01-15 14:04:26.987 [taskScheduler-3] INFO  c.q.federated.service.FederatedCoordinatorService - Marked 2 nodes as inactive
2026-01-15 14:04:32.004 [taskScheduler-3] INFO  c.q.federated.service.FederatedCoordinatorService - Marked 2 nodes as inactive
2026-01-15 14:04:37.022 [taskScheduler-3] INFO  c.q.federated.service.FederatedCoordinatorService - Marked 2 nodes as inactive
2026-01-15 14:04:42.039 [taskScheduler-3] INFO  c.q.federated.service.FederatedCoordinatorService - Marked 2 nodes as inactive
2026-01-15 14:04:47.053 [taskScheduler-3] INFO  c.q.federated.service.FederatedCoordinatorService - Marked 2 nodes as inactive
2026-01-15 14:04:52.070 [taskScheduler-3] INFO  c.q.federated.service.FederatedCoordinatorService - Marked 2 nodes as inactive
2026-01-15 14:04:57.087 [taskScheduler-3] INFO  c.q.federated.service.FederatedCoordinatorService - Marked 2 nodes as inactive
2026-01-15 14:05:02.104 [taskScheduler-3] INFO  c.q.federated.service.FederatedCoordinatorService - Marked 2 nodes as inactive
2026-01-15 14:05:07.121 [taskScheduler-3] INFO  c.q.federated.service.FederatedCoordinatorService - Marked 2 nodes as inactive
2026-01-15 14:05:12.138 [taskScheduler-3] INFO  c.q.federated.service.FederatedCoordinatorService - Marked 2 nodes as inactive
2026-01-15 14:05:17.155 [taskScheduler-3] INFO  c.q.federated.service.FederatedCoordinatorService - Marked 2 nodes as inactive
2026-01-15 14:05:22.169 [taskScheduler-3] INFO  c.q.federated.service.FederatedCoordinatorService - Marked 2 nodes as inactive
2026-01-15 14:05:27.187 [taskScheduler-3] INFO  c.q.federated.service.FederatedCoordinatorService - Marked 2 nodes as inactive
2026-01-15 14:05:32.202 [taskScheduler-3] INFO  c.q.federated.service.FederatedCoordinatorService - Marked 2 nodes as inactive
2026-01-15 14:05:37.219 [taskScheduler-3] INFO  c.q.federated.service.FederatedCoordinatorService - Marked 2 nodes as inactive
2026-01-15 14:05:42.237 [taskScheduler-3] INFO  c.q.federated.service.FederatedCoordinatorService - Marked 2 nodes as inactive
2026-01-15 14:05:47.254 [taskScheduler-3] INFO  c.q.federated.service.FederatedCoordinatorService - Marked 2 nodes as inactive
2026-01-15 14:05:52.269 [taskScheduler-3] INFO  c.q.federated.service.FederatedCoordinatorService - Marked 2 nodes as inactive
2026-01-15 14:05:57.286 [taskScheduler-3] INFO  c.q.federated.service.FederatedCoordinatorService - Marked 2 nodes as inactive
2026-01-15 14:06:02.303 [taskScheduler-3] INFO  c.q.federated.service.FederatedCoordinatorService - Marked 2 nodes as inactive
2026-01-15 14:06:07.319 [taskScheduler-3] INFO  c.q.federated.service.FederatedCoordinatorService - Marked 2 nodes as inactive
2026-01-15 14:06:12.375 [taskScheduler-3] INFO  c.q.federated.service.FederatedCoordinatorService - Marked 2 nodes as inactive
2026-01-15 14:06:17.384 [taskScheduler-3] INFO  c.q.federated.service.FederatedCoordinatorService - Marked 2 nodes as inactive
2026-01-15 14:06:22.401 [taskScheduler-3] INFO  c.q.federated.service.FederatedCoordinatorService - Marked 2 nodes as inactive
2026-01-15 14:06:27.418 [taskScheduler-3] INFO  c.q.federated.service.FederatedCoordinatorService - Marked 2 nodes as inactive
2026-01-15 14:06:32.435 [taskScheduler-3] INFO  c.q.federated.service.FederatedCoordinatorService - Marked 2 nodes as inactive
2026-01-15 14:06:37.451 [taskScheduler-3] INFO  c.q.federated.service.FederatedCoordinatorService - Marked 2 nodes as inactive
2026-01-15 14:06:42.467 [taskScheduler-3] INFO  c.q.federated.service.FederatedCoordinatorService - Marked 2 nodes as inactive
2026-01-15 14:06:47.485 [taskScheduler-3] INFO  c.q.federated.service.FederatedCoordinatorService - Marked 2 nodes as inactive
2026-01-15 14:06:52.514 [taskScheduler-3] INFO  c.q.federated.service.FederatedCoordinatorService - Marked 2 nodes as inactive
2026-01-15 14:06:57.535 [taskScheduler-3] INFO  c.q.federated.service.FederatedCoordinatorService - Marked 2 nodes as inactive
2026-01-15 14:07:02.552 [taskScheduler-3] INFO  c.q.federated.service.FederatedCoordinatorService - Marked 2 nodes as inactive
2026-01-15 14:07:07.566 [taskScheduler-3] INFO  c.q.federated.service.FederatedCoordinatorService - Marked 2 nodes as inactive
2026-01-15 14:07:12.583 [taskScheduler-3] INFO  c.q.federated.service.FederatedCoordinatorService - Marked 2 nodes as inactive
2026-01-15 14:07:17.599 [taskScheduler-3] INFO  c.q.federated.service.FederatedCoordinatorService - Marked 2 nodes as inactive
2026-01-15 14:07:22.617 [taskScheduler-3] INFO  c.q.federated.service.FederatedCoordinatorService - Marked 2 nodes as inactive
2026-01-15 14:07:27.622 [taskScheduler-3] INFO  c.q.federated.service.FederatedCoordinatorService - Marked 2 nodes as inactive
2026-01-15 14:07:32.635 [taskScheduler-3] INFO  c.q.federated.service.FederatedCoordinatorService - Marked 2 nodes as inactive
2026-01-15 14:07:37.649 [taskScheduler-3] INFO  c.q.federated.service.FederatedCoordinatorService - Marked 2 nodes as inactive
2026-01-15 14:07:42.667 [taskScheduler-3] INFO  c.q.federated.service.FederatedCoordinatorService - Marked 2 nodes as inactive
2026-01-15 14:07:47.686 [taskScheduler-3] INFO  c.q.federated.service.FederatedCoordinatorService - Marked 2 nodes as inactive
2026-01-15 14:07:52.696 [taskScheduler-3] INFO  c.q.federated.service.FederatedCoordinatorService - Marked 2 nodes as inactive
2026-01-15 14:07:57.717 [taskScheduler-3] INFO  c.q.federated.service.FederatedCoordinatorService - Marked 2 nodes as inactive
2026-01-15 14:08:02.733 [taskScheduler-3] INFO  c.q.federated.service.FederatedCoordinatorService - Marked 2 nodes as inactive
2026-01-15 14:08:07.748 [taskScheduler-3] INFO  c.q.federated.service.FederatedCoordinatorService - Marked 2 nodes as inactive
2026-01-15 14:08:12.764 [taskScheduler-3] INFO  c.q.federated.service.FederatedCoordinatorService - Marked 2 nodes as inactive
2026-01-15 14:08:17.783 [taskScheduler-3] INFO  c.q.federated.service.FederatedCoordinatorService - Marked 2 nodes as inactive
2026-01-15 14:08:22.799 [taskScheduler-3] INFO  c.q.federated.service.FederatedCoordinatorService - Marked 2 nodes as inactive
2026-01-15 14:08:27.810 [taskScheduler-3] INFO  c.q.federated.service.FederatedCoordinatorService - Marked 2 nodes as inactive
2026-01-15 14:08:32.816 [taskScheduler-3] INFO  c.q.federated.service.FederatedCoordinatorService - Marked 2 nodes as inactive
2026-01-15 14:08:37.836 [taskScheduler-3] INFO  c.q.federated.service.FederatedCoordinatorService - Marked 2 nodes as inactive
2026-01-15 14:08:42.847 [taskScheduler-3] INFO  c.q.federated.service.FederatedCoordinatorService - Marked 2 nodes as inactive
2026-01-15 14:08:47.862 [taskScheduler-3] INFO  c.q.federated.service.FederatedCoordinatorService - Marked 2 nodes as inactive
2026-01-15 14:08:52.882 [taskScheduler-3] INFO  c.q.federated.service.FederatedCoordinatorService - Marked 2 nodes as inactive
2026-01-15 14:08:57.897 [taskScheduler-3] INFO  c.q.federated.service.FederatedCoordinatorService - Marked 2 nodes as inactive
2026-01-15 14:09:02.914 [taskScheduler-3] INFO  c.q.federated.service.FederatedCoordinatorService - Marked 2 nodes as inactive
2026-01-15 14:09:07.931 [taskScheduler-3] INFO  c.q.federated.service.FederatedCoordinatorService - Marked 2 nodes as inactive
2026-01-15 14:09:12.948 [taskScheduler-3] INFO  c.q.federated.service.FederatedCoordinatorService - Marked 2 nodes as inactive
2026-01-15 14:09:17.963 [taskScheduler-3] INFO  c.q.federated.service.FederatedCoordinatorService - Marked 2 nodes as inactive
2026-01-15 14:09:22.980 [taskScheduler-3] INFO  c.q.federated.service.FederatedCoordinatorService - Marked 2 nodes as inactive
2026-01-15 14:09:27.997 [taskScheduler-3] INFO  c.q.federated.service.FederatedCoordinatorService - Marked 2 nodes as inactive
2026-01-15 14:09:33.013 [taskScheduler-3] INFO  c.q.federated.service.FederatedCoordinatorService - Marked 2 nodes as inactive
2026-01-15 14:09:38.019 [taskScheduler-3] INFO  c.q.federated.service.FederatedCoordinatorService - Marked 2 nodes as inactive
2026-01-15 14:09:43.029 [taskScheduler-3] INFO  c.q.federated.service.FederatedCoordinatorService - Marked 2 nodes as inactive
2026-01-15 14:09:48.047 [taskScheduler-3] INFO  c.q.federated.service.FederatedCoordinatorService - Marked 2 nodes as inactive
2026-01-15 14:09:53.062 [taskScheduler-3] INFO  c.q.federated.service.FederatedCoordinatorService - Marked 2 nodes as inactive
2026-01-15 14:09:58.082 [taskScheduler-3] INFO  c.q.federated.service.FederatedCoordinatorService - Marked 2 nodes as inactive
2026-01-15 14:10:03.086 [taskScheduler-3] INFO  c.q.federated.service.FederatedCoordinatorService - Marked 2 nodes as inactive
2026-01-15 14:10:08.095 [taskScheduler-3] INFO  c.q.federated.service.FederatedCoordinatorService - Marked 2 nodes as inactive
2026-01-15 14:10:13.113 [taskScheduler-3] INFO  c.q.federated.service.FederatedCoordinatorService - Marked 2 nodes as inactive
2026-01-15 14:10:18.127 [taskScheduler-3] INFO  c.q.federated.service.FederatedCoordinatorService - Marked 2 nodes as inactive
2026-01-15 14:10:23.144 [taskScheduler-3] INFO  c.q.federated.service.FederatedCoordinatorService - Marked 2 nodes as inactive
2026-01-15 14:10:28.160 [taskScheduler-3] INFO  c.q.federated.service.FederatedCoordinatorService - Marked 2 nodes as inactive
2026-01-15 14:10:33.177 [taskScheduler-3] INFO  c.q.federated.service.FederatedCoordinatorService - Marked 2 nodes as inactive
2026-01-15 14:10:38.193 [taskScheduler-3] INFO  c.q.federated.service.FederatedCoordinatorService - Marked 2 nodes as inactive
2026-01-15 14:10:43.212 [taskScheduler-3] INFO  c.q.federated.service.FederatedCoordinatorService - Marked 2 nodes as inactive
2026-01-15 14:10:48.227 [taskScheduler-3] INFO  c.q.federated.service.FederatedCoordinatorService - Marked 2 nodes as inactive
2026-01-15 14:10:53.246 [taskScheduler-3] INFO  c.q.federated.service.FederatedCoordinatorService - Marked 2 nodes as inactive
2026-01-15 14:10:58.261 [taskScheduler-3] INFO  c.q.federated.service.FederatedCoordinatorService - Marked 2 nodes as inactive
2026-01-15 14:11:03.277 [taskScheduler-3] INFO  c.q.federated.service.FederatedCoordinatorService - Marked 2 nodes as inactive
2026-01-15 14:11:08.294 [taskScheduler-3] INFO  c.q.federated.service.FederatedCoordinatorService - Marked 2 nodes as inactive
2026-01-15 14:11:13.310 [taskScheduler-3] INFO  c.q.federated.service.FederatedCoordinatorService - Marked 2 nodes as inactive
2026-01-15 14:11:18.329 [taskScheduler-3] INFO  c.q.federated.service.FederatedCoordinatorService - Marked 2 nodes as inactive
2026-01-15 14:11:23.346 [taskScheduler-3] INFO  c.q.federated.service.FederatedCoordinatorService - Marked 2 nodes as inactive
2026-01-15 14:11:28.361 [taskScheduler-3] INFO  c.q.federated.service.FederatedCoordinatorService - Marked 2 nodes as inactive
2026-01-15 14:11:33.374 [taskScheduler-3] INFO  c.q.federated.service.FederatedCoordinatorService - Marked 2 nodes as inactive
2026-01-15 14:11:38.389 [taskScheduler-3] INFO  c.q.federated.service.FederatedCoordinatorService - Marked 2 nodes as inactive
2026-01-15 14:11:43.408 [taskScheduler-3] INFO  c.q.federated.service.FederatedCoordinatorService - Marked 2 nodes as inactive
2026-01-15 14:11:48.426 [taskScheduler-3] INFO  c.q.federated.service.FederatedCoordinatorService - Marked 2 nodes as inactive
2026-01-15 14:11:53.443 [taskScheduler-3] INFO  c.q.federated.service.FederatedCoordinatorService - Marked 2 nodes as inactive
2026-01-15 14:11:58.459 [taskScheduler-3] INFO  c.q.federated.service.FederatedCoordinatorService - Marked 2 nodes as inactive
2026-01-15 14:12:03.475 [taskScheduler-3] INFO  c.q.federated.service.FederatedCoordinatorService - Marked 2 nodes as inactive
2026-01-15 14:12:08.492 [taskScheduler-3] INFO  c.q.federated.service.FederatedCoordinatorService - Marked 2 nodes as inactive
2026-01-15 14:12:13.511 [taskScheduler-3] INFO  c.q.federated.service.FederatedCoordinatorService - Marked 2 nodes as inactive
2026-01-15 14:12:18.525 [taskScheduler-3] INFO  c.q.federated.service.FederatedCoordinatorService - Marked 2 nodes as inactive
2026-01-15 14:12:23.540 [taskScheduler-3] INFO  c.q.federated.service.FederatedCoordinatorService - Marked 2 nodes as inactive
2026-01-15 14:12:28.557 [taskScheduler-3] INFO  c.q.federated.service.FederatedCoordinatorService - Marked 2 nodes as inactive
2026-01-15 14:12:33.576 [taskScheduler-3] INFO  c.q.federated.service.FederatedCoordinatorService - Marked 2 nodes as inactive
2026-01-15 14:12:38.592 [taskScheduler-3] INFO  c.q.federated.service.FederatedCoordinatorService - Marked 2 nodes as inactive
2026-01-15 14:12:43.609 [taskScheduler-3] INFO  c.q.federated.service.FederatedCoordinatorService - Marked 2 nodes as inactive
2026-01-15 14:12:48.627 [taskScheduler-3] INFO  c.q.federated.service.FederatedCoordinatorService - Marked 2 nodes as inactive
2026-01-15 14:12:53.634 [taskScheduler-3] INFO  c.q.federated.service.FederatedCoordinatorService - Marked 2 nodes as inactive
2026-01-15 14:12:58.645 [taskScheduler-3] INFO  c.q.federated.service.FederatedCoordinatorService - Marked 2 nodes as inactive
2026-01-15 14:13:03.661 [taskScheduler-3] INFO  c.q.federated.service.FederatedCoordinatorService - Marked 2 nodes as inactive
2026-01-15 14:13:08.674 [taskScheduler-3] INFO  c.q.federated.service.FederatedCoordinatorService - Marked 2 nodes as inactive
2026-01-15 14:13:13.683 [taskScheduler-3] INFO  c.q.federated.service.FederatedCoordinatorService - Marked 2 nodes as inactive
2026-01-15 14:13:18.690 [taskScheduler-3] INFO  c.q.federated.service.FederatedCoordinatorService - Marked 2 nodes as inactive
2026-01-15 14:13:23.698 [taskScheduler-3] INFO  c.q.federated.service.FederatedCoordinatorService - Marked 2 nodes as inactive
2026-01-15 14:13:28.708 [taskScheduler-3] INFO  c.q.federated.service.FederatedCoordinatorService - Marked 2 nodes as inactive
2026-01-15 14:13:33.717 [taskScheduler-3] INFO  c.q.federated.service.FederatedCoordinatorService - Marked 2 nodes as inactive
2026-01-15 14:13:38.728 [taskScheduler-3] INFO  c.q.federated.service.FederatedCoordinatorService - Marked 2 nodes as inactive
2026-01-15 14:13:43.737 [taskScheduler-3] INFO  c.q.federated.service.FederatedCoordinatorService - Marked 2 nodes as inactive
2026-01-15 14:13:48.756 [taskScheduler-8] INFO  c.q.federated.service.FederatedCoordinatorService - Marked 2 nodes as inactive
2026-01-15 14:13:53.773 [taskScheduler-8] INFO  c.q.federated.service.FederatedCoordinatorService - Marked 2 nodes as inactive
2026-01-15 14:13:58.792 [taskScheduler-8] INFO  c.q.federated.service.FederatedCoordinatorService - Marked 2 nodes as inactive
2026-01-15 14:14:03.807 [taskScheduler-8] INFO  c.q.federated.service.FederatedCoordinatorService - Marked 2 nodes as inactive
2026-01-15 14:14:08.826 [taskScheduler-8] INFO  c.q.federated.service.FederatedCoordinatorService - Marked 2 nodes as inactive
2026-01-15 14:14:13.839 [taskScheduler-8] INFO  c.q.federated.service.FederatedCoordinatorService - Marked 2 nodes as inactive
2026-01-15 14:14:18.847 [taskScheduler-8] INFO  c.q.federated.service.FederatedCoordinatorService - Marked 2 nodes as inactive
2026-01-15 14:14:23.857 [taskScheduler-8] INFO  c.q.federated.service.FederatedCoordinatorService - Marked 2 nodes as inactive
2026-01-15 14:14:28.872 [taskScheduler-8] INFO  c.q.federated.service.FederatedCoordinatorService - Marked 2 nodes as inactive
2026-01-15 14:14:33.890 [taskScheduler-8] INFO  c.q.federated.service.FederatedCoordinatorService - Marked 2 nodes as inactive
2026-01-15 14:14:38.905 [taskScheduler-8] INFO  c.q.federated.service.FederatedCoordinatorService - Marked 2 nodes as inactive
2026-01-15 14:14:43.922 [taskScheduler-8] INFO  c.q.federated.service.FederatedCoordinatorService - Marked 2 nodes as inactive
2026-01-15 14:14:48.939 [taskScheduler-8] INFO  c.q.federated.service.FederatedCoordinatorService - Marked 2 nodes as inactive
2026-01-15 14:14:53.956 [taskScheduler-8] INFO  c.q.federated.service.FederatedCoordinatorService - Marked 2 nodes as inactive
2026-01-15 14:14:58.968 [taskScheduler-8] INFO  c.q.federated.service.FederatedCoordinatorService - Marked 2 nodes as inactive
2026-01-15 14:15:03.971 [taskScheduler-8] INFO  c.q.federated.service.FederatedCoordinatorService - Marked 2 nodes as inactive
2026-01-15 14:15:08.989 [taskScheduler-8] INFO  c.q.federated.service.FederatedCoordinatorService - Marked 2 nodes as inactive
2026-01-15 14:15:14.008 [taskScheduler-8] INFO  c.q.federated.service.FederatedCoordinatorService - Marked 2 nodes as inactive
2026-01-15 14:15:19.022 [taskScheduler-8] INFO  c.q.federated.service.FederatedCoordinatorService - Marked 2 nodes as inactive
2026-01-15 14:15:24.034 [taskScheduler-8] INFO  c.q.federated.service.FederatedCoordinatorService - Marked 2 nodes as inactive
2026-01-15 14:15:29.058 [taskScheduler-8] INFO  c.q.federated.service.FederatedCoordinatorService - Marked 2 nodes as inactive
2026-01-15 14:15:34.075 [taskScheduler-8] INFO  c.q.federated.service.FederatedCoordinatorService - Marked 2 nodes as inactive
2026-01-15 14:15:37.293 [http-nio-8081-exec-1] INFO  com.qczy.filter.JwtAuthenticationTokenFilter - checking username:admin
2026-01-15 14:15:37.301 [http-nio-8081-exec-1] INFO  com.qczy.filter.JwtAuthenticationTokenFilter - authenticated user:admin
2026-01-15 14:15:37.307 [http-nio-8081-exec-1] INFO  com.qczy.controller.user.UserController - token->Bearer eyJhbGciOiJIUzUxMiJ9.eyJzdWIiOiJhZG1pbiIsImNyZWF0ZWQiOjE3Njg0NTQ5NDk4NDEsImV4cCI6MTc2OTA1OTc0OX0.vx4auqsOlTy7E-E1Ye8IiYiNM-02DjEHPZjGUhpMBwWzmGiCo7SvHCGKVFGvcQ2ncdiikGOQr3XdCwBeddcq-A
2026-01-15 14:15:37.328 [http-nio-8081-exec-5] INFO  com.qczy.filter.JwtAuthenticationTokenFilter - checking username:admin
2026-01-15 14:15:37.328 [http-nio-8081-exec-5] INFO  com.qczy.filter.JwtAuthenticationTokenFilter - authenticated user:admin
2026-01-15 14:15:37.328 [http-nio-8081-exec-5] INFO  com.qczy.controller.user.UserController - token->Bearer eyJhbGciOiJIUzUxMiJ9.eyJzdWIiOiJhZG1pbiIsImNyZWF0ZWQiOjE3Njg0NTQ5NDk4NDEsImV4cCI6MTc2OTA1OTc0OX0.vx4auqsOlTy7E-E1Ye8IiYiNM-02DjEHPZjGUhpMBwWzmGiCo7SvHCGKVFGvcQ2ncdiikGOQr3XdCwBeddcq-A
2026-01-15 14:15:37.344 [http-nio-8081-exec-5] INFO  com.qczy.controller.user.UserController - username->admin
2026-01-15 14:15:39.095 [taskScheduler-8] INFO  c.q.federated.service.FederatedCoordinatorService - Marked 2 nodes as inactive
2026-01-15 14:15:44.103 [taskScheduler-8] INFO  c.q.federated.service.FederatedCoordinatorService - Marked 2 nodes as inactive
2026-01-15 14:15:49.110 [taskScheduler-8] INFO  c.q.federated.service.FederatedCoordinatorService - Marked 2 nodes as inactive
2026-01-15 14:15:54.117 [taskScheduler-8] INFO  c.q.federated.service.FederatedCoordinatorService - Marked 2 nodes as inactive
2026-01-15 14:15:59.122 [taskScheduler-8] INFO  c.q.federated.service.FederatedCoordinatorService - Marked 2 nodes as inactive
2026-01-15 14:16:04.138 [taskScheduler-8] INFO  c.q.federated.service.FederatedCoordinatorService - Marked 2 nodes as inactive
2026-01-15 14:16:09.154 [taskScheduler-8] INFO  c.q.federated.service.FederatedCoordinatorService - Marked 2 nodes as inactive
2026-01-15 14:16:14.174 [taskScheduler-8] INFO  c.q.federated.service.FederatedCoordinatorService - Marked 2 nodes as inactive
2026-01-15 14:16:19.186 [taskScheduler-8] INFO  c.q.federated.service.FederatedCoordinatorService - Marked 2 nodes as inactive
2026-01-15 14:16:24.203 [taskScheduler-8] INFO  c.q.federated.service.FederatedCoordinatorService - Marked 2 nodes as inactive
2026-01-15 14:16:29.210 [taskScheduler-8] INFO  c.q.federated.service.FederatedCoordinatorService - Marked 2 nodes as inactive
2026-01-15 14:16:34.295 [taskScheduler-8] INFO  c.q.federated.service.FederatedCoordinatorService - Marked 2 nodes as inactive
2026-01-15 14:16:39.320 [taskScheduler-8] INFO  c.q.federated.service.FederatedCoordinatorService - Marked 2 nodes as inactive
2026-01-15 14:16:44.335 [taskScheduler-8] INFO  c.q.federated.service.FederatedCoordinatorService - Marked 2 nodes as inactive
2026-01-15 14:16:49.341 [taskScheduler-8] INFO  c.q.federated.service.FederatedCoordinatorService - Marked 2 nodes as inactive
2026-01-15 14:16:54.350 [taskScheduler-8] INFO  c.q.federated.service.FederatedCoordinatorService - Marked 2 nodes as inactive
2026-01-15 14:16:59.361 [taskScheduler-8] INFO  c.q.federated.service.FederatedCoordinatorService - Marked 2 nodes as inactive
2026-01-15 14:17:04.377 [taskScheduler-8] INFO  c.q.federated.service.FederatedCoordinatorService - Marked 2 nodes as inactive
2026-01-15 14:17:09.388 [taskScheduler-8] INFO  c.q.federated.service.FederatedCoordinatorService - Marked 2 nodes as inactive
2026-01-15 14:17:14.410 [taskScheduler-8] INFO  c.q.federated.service.FederatedCoordinatorService - Marked 2 nodes as inactive
2026-01-15 14:17:19.431 [taskScheduler-8] INFO  c.q.federated.service.FederatedCoordinatorService - Marked 2 nodes as inactive
2026-01-15 14:17:24.436 [taskScheduler-8] INFO  c.q.federated.service.FederatedCoordinatorService - Marked 2 nodes as inactive
2026-01-15 14:17:29.453 [taskScheduler-8] INFO  c.q.federated.service.FederatedCoordinatorService - Marked 2 nodes as inactive
2026-01-15 14:17:34.466 [taskScheduler-8] INFO  c.q.federated.service.FederatedCoordinatorService - Marked 2 nodes as inactive
2026-01-15 14:17:39.473 [taskScheduler-8] INFO  c.q.federated.service.FederatedCoordinatorService - Marked 2 nodes as inactive
2026-01-15 14:17:44.485 [taskScheduler-8] INFO  c.q.federated.service.FederatedCoordinatorService - Marked 2 nodes as inactive
2026-01-15 14:17:49.501 [taskScheduler-8] INFO  c.q.federated.service.FederatedCoordinatorService - Marked 2 nodes as inactive
2026-01-15 14:17:54.521 [taskScheduler-8] INFO  c.q.federated.service.FederatedCoordinatorService - Marked 2 nodes as inactive
2026-01-15 14:17:59.527 [taskScheduler-8] INFO  c.q.federated.service.FederatedCoordinatorService - Marked 2 nodes as inactive
2026-01-15 14:18:04.534 [taskScheduler-8] INFO  c.q.federated.service.FederatedCoordinatorService - Marked 2 nodes as inactive
2026-01-15 14:18:09.552 [taskScheduler-8] INFO  c.q.federated.service.FederatedCoordinatorService - Marked 2 nodes as inactive
2026-01-15 14:18:14.560 [taskScheduler-8] INFO  c.q.federated.service.FederatedCoordinatorService - Marked 2 nodes as inactive
2026-01-15 14:18:19.572 [taskScheduler-8] INFO  c.q.federated.service.FederatedCoordinatorService - Marked 2 nodes as inactive
2026-01-15 14:18:24.583 [taskScheduler-8] INFO  c.q.federated.service.FederatedCoordinatorService - Marked 2 nodes as inactive
2026-01-15 14:18:29.614 [taskScheduler-8] INFO  c.q.federated.service.FederatedCoordinatorService - Marked 2 nodes as inactive
2026-01-15 14:18:34.627 [taskScheduler-8] INFO  c.q.federated.service.FederatedCoordinatorService - Marked 2 nodes as inactive
2026-01-15 14:18:39.638 [taskScheduler-8] INFO  c.q.federated.service.FederatedCoordinatorService - Marked 2 nodes as inactive
2026-01-15 14:18:44.651 [taskScheduler-8] INFO  c.q.federated.service.FederatedCoordinatorService - Marked 2 nodes as inactive
2026-01-15 14:18:49.667 [taskScheduler-8] INFO  c.q.federated.service.FederatedCoordinatorService - Marked 2 nodes as inactive
2026-01-15 14:18:54.684 [taskScheduler-8] INFO  c.q.federated.service.FederatedCoordinatorService - Marked 2 nodes as inactive
2026-01-15 14:18:59.698 [taskScheduler-8] INFO  c.q.federated.service.FederatedCoordinatorService - Marked 2 nodes as inactive
2026-01-15 14:19:04.717 [taskScheduler-8] INFO  c.q.federated.service.FederatedCoordinatorService - Marked 2 nodes as inactive
2026-01-15 14:19:09.732 [taskScheduler-8] INFO  c.q.federated.service.FederatedCoordinatorService - Marked 2 nodes as inactive
2026-01-15 14:19:14.750 [taskScheduler-8] INFO  c.q.federated.service.FederatedCoordinatorService - Marked 2 nodes as inactive
2026-01-15 14:19:19.769 [taskScheduler-8] INFO  c.q.federated.service.FederatedCoordinatorService - Marked 2 nodes as inactive
2026-01-15 14:19:24.780 [taskScheduler-8] INFO  c.q.federated.service.FederatedCoordinatorService - Marked 2 nodes as inactive
2026-01-15 14:19:29.786 [taskScheduler-8] INFO  c.q.federated.service.FederatedCoordinatorService - Marked 2 nodes as inactive
2026-01-15 14:19:34.804 [taskScheduler-8] INFO  c.q.federated.service.FederatedCoordinatorService - Marked 2 nodes as inactive
2026-01-15 14:19:39.809 [taskScheduler-8] INFO  c.q.federated.service.FederatedCoordinatorService - Marked 2 nodes as inactive
2026-01-15 14:19:44.820 [taskScheduler-8] INFO  c.q.federated.service.FederatedCoordinatorService - Marked 2 nodes as inactive
2026-01-15 14:19:49.828 [taskScheduler-8] INFO  c.q.federated.service.FederatedCoordinatorService - Marked 2 nodes as inactive
2026-01-15 14:19:54.843 [taskScheduler-8] INFO  c.q.federated.service.FederatedCoordinatorService - Marked 2 nodes as inactive
2026-01-15 14:19:59.857 [taskScheduler-8] INFO  c.q.federated.service.FederatedCoordinatorService - Marked 2 nodes as inactive
2026-01-15 14:20:04.874 [taskScheduler-8] INFO  c.q.federated.service.FederatedCoordinatorService - Marked 2 nodes as inactive
2026-01-15 14:20:09.886 [taskScheduler-8] INFO  c.q.federated.service.FederatedCoordinatorService - Marked 2 nodes as inactive
2026-01-15 14:20:14.898 [taskScheduler-8] INFO  c.q.federated.service.FederatedCoordinatorService - Marked 2 nodes as inactive
2026-01-15 14:20:19.910 [taskScheduler-8] INFO  c.q.federated.service.FederatedCoordinatorService - Marked 2 nodes as inactive
2026-01-15 14:20:24.915 [taskScheduler-8] INFO  c.q.federated.service.FederatedCoordinatorService - Marked 2 nodes as inactive
2026-01-15 14:20:29.923 [taskScheduler-8] INFO  c.q.federated.service.FederatedCoordinatorService - Marked 2 nodes as inactive
2026-01-15 14:20:34.930 [taskScheduler-8] INFO  c.q.federated.service.FederatedCoordinatorService - Marked 2 nodes as inactive
2026-01-15 14:20:39.947 [taskScheduler-8] INFO  c.q.federated.service.FederatedCoordinatorService - Marked 2 nodes as inactive
2026-01-15 14:20:44.958 [taskScheduler-8] INFO  c.q.federated.service.FederatedCoordinatorService - Marked 2 nodes as inactive
2026-01-15 14:20:49.981 [taskScheduler-8] INFO  c.q.federated.service.FederatedCoordinatorService - Marked 2 nodes as inactive
2026-01-15 14:20:54.994 [taskScheduler-8] INFO  c.q.federated.service.FederatedCoordinatorService - Marked 2 nodes as inactive
2026-01-15 14:21:00.012 [taskScheduler-8] INFO  c.q.federated.service.FederatedCoordinatorService - Marked 2 nodes as inactive
2026-01-15 14:21:05.102 [taskScheduler-8] INFO  c.q.federated.service.FederatedCoordinatorService - Marked 2 nodes as inactive
2026-01-15 14:21:10.133 [taskScheduler-7] INFO  c.q.federated.service.FederatedCoordinatorService - Marked 2 nodes as inactive
2026-01-15 14:21:15.143 [taskScheduler-7] INFO  c.q.federated.service.FederatedCoordinatorService - Marked 2 nodes as inactive
2026-01-15 14:21:20.154 [taskScheduler-7] INFO  c.q.federated.service.FederatedCoordinatorService - Marked 2 nodes as inactive
2026-01-15 14:21:25.161 [taskScheduler-7] INFO  c.q.federated.service.FederatedCoordinatorService - Marked 2 nodes as inactive
2026-01-15 14:21:30.173 [taskScheduler-7] INFO  c.q.federated.service.FederatedCoordinatorService - Marked 2 nodes as inactive
2026-01-15 14:21:35.179 [taskScheduler-7] INFO  c.q.federated.service.FederatedCoordinatorService - Marked 2 nodes as inactive
2026-01-15 14:21:40.193 [taskScheduler-7] INFO  c.q.federated.service.FederatedCoordinatorService - Marked 2 nodes as inactive
2026-01-15 14:21:45.211 [taskScheduler-7] INFO  c.q.federated.service.FederatedCoordinatorService - Marked 2 nodes as inactive
2026-01-15 14:21:50.227 [taskScheduler-7] INFO  c.q.federated.service.FederatedCoordinatorService - Marked 2 nodes as inactive
2026-01-15 14:21:55.237 [taskScheduler-7] INFO  c.q.federated.service.FederatedCoordinatorService - Marked 2 nodes as inactive
2026-01-15 14:22:00.244 [taskScheduler-7] INFO  c.q.federated.service.FederatedCoordinatorService - Marked 2 nodes as inactive
2026-01-15 14:22:05.260 [taskScheduler-7] INFO  c.q.federated.service.FederatedCoordinatorService - Marked 2 nodes as inactive
2026-01-15 14:22:10.294 [taskScheduler-7] INFO  c.q.federated.service.FederatedCoordinatorService - Marked 2 nodes as inactive
2026-01-15 14:22:15.309 [taskScheduler-7] INFO  c.q.federated.service.FederatedCoordinatorService - Marked 2 nodes as inactive
2026-01-15 14:22:20.321 [taskScheduler-7] INFO  c.q.federated.service.FederatedCoordinatorService - Marked 2 nodes as inactive
2026-01-15 14:22:25.331 [taskScheduler-7] INFO  c.q.federated.service.FederatedCoordinatorService - Marked 2 nodes as inactive
2026-01-15 14:22:30.341 [taskScheduler-7] INFO  c.q.federated.service.FederatedCoordinatorService - Marked 2 nodes as inactive
2026-01-15 14:22:35.349 [taskScheduler-7] INFO  c.q.federated.service.FederatedCoordinatorService - Marked 2 nodes as inactive
2026-01-15 14:22:40.363 [taskScheduler-7] INFO  c.q.federated.service.FederatedCoordinatorService - Marked 2 nodes as inactive
2026-01-15 14:22:45.373 [taskScheduler-7] INFO  c.q.federated.service.FederatedCoordinatorService - Marked 2 nodes as inactive
2026-01-15 14:22:50.395 [taskScheduler-3] INFO  c.q.federated.service.FederatedCoordinatorService - Marked 2 nodes as inactive
2026-01-15 14:22:55.408 [taskScheduler-3] INFO  c.q.federated.service.FederatedCoordinatorService - Marked 2 nodes as inactive
2026-01-15 14:23:00.418 [taskScheduler-3] INFO  c.q.federated.service.FederatedCoordinatorService - Marked 2 nodes as inactive
2026-01-15 14:23:05.433 [taskScheduler-3] INFO  c.q.federated.service.FederatedCoordinatorService - Marked 2 nodes as inactive
2026-01-15 14:23:10.444 [taskScheduler-3] INFO  c.q.federated.service.FederatedCoordinatorService - Marked 2 nodes as inactive
2026-01-15 14:23:15.464 [taskScheduler-3] INFO  c.q.federated.service.FederatedCoordinatorService - Marked 2 nodes as inactive
2026-01-15 14:23:20.479 [taskScheduler-3] INFO  c.q.federated.service.FederatedCoordinatorService - Marked 2 nodes as inactive
2026-01-15 14:23:25.496 [taskScheduler-3] INFO  c.q.federated.service.FederatedCoordinatorService - Marked 2 nodes as inactive
2026-01-15 14:23:30.511 [taskScheduler-3] INFO  c.q.federated.service.FederatedCoordinatorService - Marked 2 nodes as inactive
2026-01-15 14:23:35.520 [taskScheduler-3] INFO  c.q.federated.service.FederatedCoordinatorService - Marked 2 nodes as inactive
2026-01-15 14:23:40.532 [taskScheduler-3] INFO  c.q.federated.service.FederatedCoordinatorService - Marked 2 nodes as inactive
2026-01-15 14:23:45.660 [taskScheduler-3] INFO  c.q.federated.service.FederatedCoordinatorService - Marked 2 nodes as inactive
2026-01-15 14:23:50.710 [taskScheduler-3] INFO  c.q.federated.service.FederatedCoordinatorService - Marked 2 nodes as inactive
2026-01-15 14:23:55.736 [taskScheduler-3] INFO  c.q.federated.service.FederatedCoordinatorService - Marked 2 nodes as inactive
2026-01-15 14:24:00.752 [taskScheduler-3] INFO  c.q.federated.service.FederatedCoordinatorService - Marked 2 nodes as inactive
2026-01-15 14:24:05.768 [taskScheduler-3] INFO  c.q.federated.service.FederatedCoordinatorService - Marked 2 nodes as inactive
2026-01-15 14:24:10.778 [taskScheduler-3] INFO  c.q.federated.service.FederatedCoordinatorService - Marked 2 nodes as inactive
2026-01-15 14:24:15.794 [taskScheduler-3] INFO  c.q.federated.service.FederatedCoordinatorService - Marked 2 nodes as inactive
2026-01-15 14:24:20.802 [taskScheduler-3] INFO  c.q.federated.service.FederatedCoordinatorService - Marked 2 nodes as inactive
2026-01-15 14:24:25.811 [taskScheduler-3] INFO  c.q.federated.service.FederatedCoordinatorService - Marked 2 nodes as inactive
2026-01-15 14:24:30.825 [taskScheduler-3] INFO  c.q.federated.service.FederatedCoordinatorService - Marked 2 nodes as inactive
2026-01-15 14:24:35.841 [taskScheduler-3] INFO  c.q.federated.service.FederatedCoordinatorService - Marked 2 nodes as inactive
2026-01-15 14:24:40.859 [taskScheduler-3] INFO  c.q.federated.service.FederatedCoordinatorService - Marked 2 nodes as inactive
2026-01-15 14:24:45.875 [taskScheduler-3] INFO  c.q.federated.service.FederatedCoordinatorService - Marked 2 nodes as inactive
2026-01-15 14:24:50.887 [taskScheduler-3] INFO  c.q.federated.service.FederatedCoordinatorService - Marked 2 nodes as inactive
2026-01-15 14:24:55.893 [taskScheduler-3] INFO  c.q.federated.service.FederatedCoordinatorService - Marked 2 nodes as inactive
2026-01-15 14:25:00.909 [taskScheduler-3] INFO  c.q.federated.service.FederatedCoordinatorService - Marked 2 nodes as inactive
2026-01-15 14:25:05.929 [taskScheduler-3] INFO  c.q.federated.service.FederatedCoordinatorService - Marked 2 nodes as inactive
2026-01-15 14:25:10.946 [taskScheduler-3] INFO  c.q.federated.service.FederatedCoordinatorService - Marked 2 nodes as inactive
2026-01-15 14:25:15.965 [taskScheduler-3] INFO  c.q.federated.service.FederatedCoordinatorService - Marked 2 nodes as inactive
2026-01-15 14:25:20.984 [taskScheduler-3] INFO  c.q.federated.service.FederatedCoordinatorService - Marked 2 nodes as inactive
2026-01-15 14:25:25.990 [taskScheduler-3] INFO  c.q.federated.service.FederatedCoordinatorService - Marked 2 nodes as inactive
2026-01-15 14:25:31.005 [taskScheduler-3] INFO  c.q.federated.service.FederatedCoordinatorService - Marked 2 nodes as inactive
2026-01-15 14:25:36.018 [taskScheduler-3] INFO  c.q.federated.service.FederatedCoordinatorService - Marked 2 nodes as inactive
2026-01-15 14:25:41.025 [taskScheduler-3] INFO  c.q.federated.service.FederatedCoordinatorService - Marked 2 nodes as inactive
2026-01-15 14:25:46.044 [taskScheduler-3] INFO  c.q.federated.service.FederatedCoordinatorService - Marked 2 nodes as inactive
2026-01-15 14:25:51.059 [taskScheduler-3] INFO  c.q.federated.service.FederatedCoordinatorService - Marked 2 nodes as inactive
2026-01-15 14:25:51.405 [http-nio-8081-exec-7] INFO  com.qczy.filter.JwtAuthenticationTokenFilter - checking username:admin
2026-01-15 14:25:51.413 [http-nio-8081-exec-7] INFO  com.qczy.filter.JwtAuthenticationTokenFilter - authenticated user:admin
2026-01-15 14:25:51.417 [http-nio-8081-exec-7] INFO  com.qczy.controller.user.UserController - token->Bearer eyJhbGciOiJIUzUxMiJ9.eyJzdWIiOiJhZG1pbiIsImNyZWF0ZWQiOjE3Njg0NTQ5NDk4NDEsImV4cCI6MTc2OTA1OTc0OX0.vx4auqsOlTy7E-E1Ye8IiYiNM-02DjEHPZjGUhpMBwWzmGiCo7SvHCGKVFGvcQ2ncdiikGOQr3XdCwBeddcq-A
2026-01-15 14:25:51.455 [http-nio-8081-exec-9] INFO  com.qczy.filter.JwtAuthenticationTokenFilter - checking username:admin
2026-01-15 14:25:51.463 [http-nio-8081-exec-9] INFO  com.qczy.filter.JwtAuthenticationTokenFilter - authenticated user:admin
2026-01-15 14:25:51.464 [http-nio-8081-exec-9] INFO  com.qczy.controller.user.UserController - token->Bearer eyJhbGciOiJIUzUxMiJ9.eyJzdWIiOiJhZG1pbiIsImNyZWF0ZWQiOjE3Njg0NTQ5NDk4NDEsImV4cCI6MTc2OTA1OTc0OX0.vx4auqsOlTy7E-E1Ye8IiYiNM-02DjEHPZjGUhpMBwWzmGiCo7SvHCGKVFGvcQ2ncdiikGOQr3XdCwBeddcq-A
2026-01-15 14:25:51.469 [http-nio-8081-exec-9] INFO  com.qczy.controller.user.UserController - username->admin
2026-01-15 14:25:56.067 [taskScheduler-3] INFO  c.q.federated.service.FederatedCoordinatorService - Marked 2 nodes as inactive
2026-01-15 14:26:01.081 [taskScheduler-3] INFO  c.q.federated.service.FederatedCoordinatorService - Marked 2 nodes as inactive
2026-01-15 14:26:06.090 [taskScheduler-3] INFO  c.q.federated.service.FederatedCoordinatorService - Marked 2 nodes as inactive
2026-01-15 14:26:11.108 [taskScheduler-3] INFO  c.q.federated.service.FederatedCoordinatorService - Marked 2 nodes as inactive
2026-01-15 14:26:16.121 [taskScheduler-3] INFO  c.q.federated.service.FederatedCoordinatorService - Marked 2 nodes as inactive
2026-01-15 14:26:21.139 [taskScheduler-3] INFO  c.q.federated.service.FederatedCoordinatorService - Marked 2 nodes as inactive
2026-01-15 14:26:26.158 [taskScheduler-3] INFO  c.q.federated.service.FederatedCoordinatorService - Marked 2 nodes as inactive
2026-01-15 14:26:31.177 [taskScheduler-3] INFO  c.q.federated.service.FederatedCoordinatorService - Marked 2 nodes as inactive
2026-01-15 14:26:36.194 [taskScheduler-3] INFO  c.q.federated.service.FederatedCoordinatorService - Marked 2 nodes as inactive
2026-01-15 14:26:41.202 [taskScheduler-3] INFO  c.q.federated.service.FederatedCoordinatorService - Marked 2 nodes as inactive
2026-01-15 14:26:46.216 [taskScheduler-3] INFO  c.q.federated.service.FederatedCoordinatorService - Marked 2 nodes as inactive
2026-01-15 14:26:51.222 [taskScheduler-3] INFO  c.q.federated.service.FederatedCoordinatorService - Marked 2 nodes as inactive
2026-01-15 14:26:56.238 [taskScheduler-3] INFO  c.q.federated.service.FederatedCoordinatorService - Marked 2 nodes as inactive
2026-01-15 14:27:01.246 [taskScheduler-3] INFO  c.q.federated.service.FederatedCoordinatorService - Marked 2 nodes as inactive
2026-01-15 14:27:06.253 [taskScheduler-3] INFO  c.q.federated.service.FederatedCoordinatorService - Marked 2 nodes as inactive
2026-01-15 14:27:11.265 [taskScheduler-3] INFO  c.q.federated.service.FederatedCoordinatorService - Marked 2 nodes as inactive
2026-01-15 14:27:16.278 [taskScheduler-3] INFO  c.q.federated.service.FederatedCoordinatorService - Marked 2 nodes as inactive
2026-01-15 14:27:18.661 [http-nio-8081-exec-8] INFO  com.qczy.filter.JwtAuthenticationTokenFilter - checking username:admin
2026-01-15 14:27:18.674 [http-nio-8081-exec-8] INFO  com.qczy.filter.JwtAuthenticationTokenFilter - authenticated user:admin
2026-01-15 14:27:18.679 [http-nio-8081-exec-8] INFO  com.qczy.controller.user.UserController - token->Bearer eyJhbGciOiJIUzUxMiJ9.eyJzdWIiOiJhZG1pbiIsImNyZWF0ZWQiOjE3Njg0NTQ5NDk4NDEsImV4cCI6MTc2OTA1OTc0OX0.vx4auqsOlTy7E-E1Ye8IiYiNM-02DjEHPZjGUhpMBwWzmGiCo7SvHCGKVFGvcQ2ncdiikGOQr3XdCwBeddcq-A
2026-01-15 14:27:18.722 [http-nio-8081-exec-3] INFO  com.qczy.filter.JwtAuthenticationTokenFilter - checking username:admin
2026-01-15 14:27:18.728 [http-nio-8081-exec-3] INFO  com.qczy.filter.JwtAuthenticationTokenFilter - authenticated user:admin
2026-01-15 14:27:18.729 [http-nio-8081-exec-3] INFO  com.qczy.controller.user.UserController - token->Bearer eyJhbGciOiJIUzUxMiJ9.eyJzdWIiOiJhZG1pbiIsImNyZWF0ZWQiOjE3Njg0NTQ5NDk4NDEsImV4cCI6MTc2OTA1OTc0OX0.vx4auqsOlTy7E-E1Ye8IiYiNM-02DjEHPZjGUhpMBwWzmGiCo7SvHCGKVFGvcQ2ncdiikGOQr3XdCwBeddcq-A
2026-01-15 14:27:18.735 [http-nio-8081-exec-3] INFO  com.qczy.controller.user.UserController - username->admin
2026-01-15 14:27:21.296 [taskScheduler-3] INFO  c.q.federated.service.FederatedCoordinatorService - Marked 2 nodes as inactive
2026-01-15 14:27:26.306 [taskScheduler-3] INFO  c.q.federated.service.FederatedCoordinatorService - Marked 2 nodes as inactive
2026-01-15 14:27:31.325 [taskScheduler-3] INFO  c.q.federated.service.FederatedCoordinatorService - Marked 2 nodes as inactive
2026-01-15 14:27:36.343 [taskScheduler-3] INFO  c.q.federated.service.FederatedCoordinatorService - Marked 2 nodes as inactive
2026-01-15 14:27:41.351 [taskScheduler-3] INFO  c.q.federated.service.FederatedCoordinatorService - Marked 2 nodes as inactive
2026-01-15 14:27:46.368 [taskScheduler-3] INFO  c.q.federated.service.FederatedCoordinatorService - Marked 2 nodes as inactive
2026-01-15 14:27:51.378 [taskScheduler-3] INFO  c.q.federated.service.FederatedCoordinatorService - Marked 2 nodes as inactive
2026-01-15 14:27:56.383 [taskScheduler-3] INFO  c.q.federated.service.FederatedCoordinatorService - Marked 2 nodes as inactive
2026-01-15 14:28:01.398 [taskScheduler-3] INFO  c.q.federated.service.FederatedCoordinatorService - Marked 2 nodes as inactive
2026-01-15 14:28:06.413 [taskScheduler-3] INFO  c.q.federated.service.FederatedCoordinatorService - Marked 2 nodes as inactive
2026-01-15 14:28:11.419 [taskScheduler-3] INFO  c.q.federated.service.FederatedCoordinatorService - Marked 2 nodes as inactive
2026-01-15 14:28:16.431 [taskScheduler-3] INFO  c.q.federated.service.FederatedCoordinatorService - Marked 2 nodes as inactive
2026-01-15 14:28:21.453 [taskScheduler-3] INFO  c.q.federated.service.FederatedCoordinatorService - Marked 2 nodes as inactive
2026-01-15 14:28:26.467 [taskScheduler-3] INFO  c.q.federated.service.FederatedCoordinatorService - Marked 2 nodes as inactive
2026-01-15 14:28:31.484 [taskScheduler-3] INFO  c.q.federated.service.FederatedCoordinatorService - Marked 2 nodes as inactive
2026-01-15 14:28:36.501 [taskScheduler-3] INFO  c.q.federated.service.FederatedCoordinatorService - Marked 2 nodes as inactive
2026-01-15 14:28:41.512 [taskScheduler-3] INFO  c.q.federated.service.FederatedCoordinatorService - Marked 2 nodes as inactive
2026-01-15 14:28:46.524 [taskScheduler-3] INFO  c.q.federated.service.FederatedCoordinatorService - Marked 2 nodes as inactive
2026-01-15 14:28:51.535 [taskScheduler-3] INFO  c.q.federated.service.FederatedCoordinatorService - Marked 2 nodes as inactive
2026-01-15 14:28:56.543 [taskScheduler-3] INFO  c.q.federated.service.FederatedCoordinatorService - Marked 2 nodes as inactive
2026-01-15 14:29:01.552 [taskScheduler-3] INFO  c.q.federated.service.FederatedCoordinatorService - Marked 2 nodes as inactive
2026-01-15 14:29:06.566 [taskScheduler-3] INFO  c.q.federated.service.FederatedCoordinatorService - Marked 2 nodes as inactive
2026-01-15 14:29:11.583 [taskScheduler-3] INFO  c.q.federated.service.FederatedCoordinatorService - Marked 2 nodes as inactive
2026-01-15 14:29:16.599 [taskScheduler-3] INFO  c.q.federated.service.FederatedCoordinatorService - Marked 2 nodes as inactive
2026-01-15 14:29:21.609 [taskScheduler-3] INFO  c.q.federated.service.FederatedCoordinatorService - Marked 2 nodes as inactive
2026-01-15 14:29:26.617 [taskScheduler-3] INFO  c.q.federated.service.FederatedCoordinatorService - Marked 2 nodes as inactive
2026-01-15 14:29:31.631 [taskScheduler-3] INFO  c.q.federated.service.FederatedCoordinatorService - Marked 2 nodes as inactive
2026-01-15 14:29:36.636 [taskScheduler-3] INFO  c.q.federated.service.FederatedCoordinatorService - Marked 2 nodes as inactive
2026-01-15 14:29:41.647 [taskScheduler-3] INFO  c.q.federated.service.FederatedCoordinatorService - Marked 2 nodes as inactive
2026-01-15 14:29:46.657 [taskScheduler-3] INFO  c.q.federated.service.FederatedCoordinatorService - Marked 2 nodes as inactive
2026-01-15 14:29:51.672 [taskScheduler-3] INFO  c.q.federated.service.FederatedCoordinatorService - Marked 2 nodes as inactive
2026-01-15 14:29:56.684 [taskScheduler-3] INFO  c.q.federated.service.FederatedCoordinatorService - Marked 2 nodes as inactive
2026-01-15 14:30:01.702 [taskScheduler-3] INFO  c.q.federated.service.FederatedCoordinatorService - Marked 2 nodes as inactive
2026-01-15 14:30:06.716 [taskScheduler-3] INFO  c.q.federated.service.FederatedCoordinatorService - Marked 2 nodes as inactive
2026-01-15 14:30:11.729 [taskScheduler-3] INFO  c.q.federated.service.FederatedCoordinatorService - Marked 2 nodes as inactive
2026-01-15 14:30:16.748 [taskScheduler-3] INFO  c.q.federated.service.FederatedCoordinatorService - Marked 2 nodes as inactive
2026-01-15 14:30:21.759 [taskScheduler-3] INFO  c.q.federated.service.FederatedCoordinatorService - Marked 2 nodes as inactive
2026-01-15 14:30:26.771 [taskScheduler-3] INFO  c.q.federated.service.FederatedCoordinatorService - Marked 2 nodes as inactive
2026-01-15 14:30:31.781 [taskScheduler-3] INFO  c.q.federated.service.FederatedCoordinatorService - Marked 2 nodes as inactive
2026-01-15 14:30:36.797 [taskScheduler-3] INFO  c.q.federated.service.FederatedCoordinatorService - Marked 2 nodes as inactive
2026-01-15 14:30:41.814 [taskScheduler-3] INFO  c.q.federated.service.FederatedCoordinatorService - Marked 2 nodes as inactive
2026-01-15 14:30:46.829 [taskScheduler-3] INFO  c.q.federated.service.FederatedCoordinatorService - Marked 2 nodes as inactive
2026-01-15 14:30:51.847 [taskScheduler-3] INFO  c.q.federated.service.FederatedCoordinatorService - Marked 2 nodes as inactive
2026-01-15 14:30:56.865 [taskScheduler-3] INFO  c.q.federated.service.FederatedCoordinatorService - Marked 2 nodes as inactive
2026-01-15 14:31:01.873 [taskScheduler-3] INFO  c.q.federated.service.FederatedCoordinatorService - Marked 2 nodes as inactive
2026-01-15 14:31:06.887 [taskScheduler-3] INFO  c.q.federated.service.FederatedCoordinatorService - Marked 2 nodes as inactive
2026-01-15 14:31:11.895 [taskScheduler-3] INFO  c.q.federated.service.FederatedCoordinatorService - Marked 2 nodes as inactive
2026-01-15 14:31:16.906 [taskScheduler-3] INFO  c.q.federated.service.FederatedCoordinatorService - Marked 2 nodes as inactive
2026-01-15 14:31:21.914 [taskScheduler-3] INFO  c.q.federated.service.FederatedCoordinatorService - Marked 2 nodes as inactive
2026-01-15 14:31:26.926 [taskScheduler-3] INFO  c.q.federated.service.FederatedCoordinatorService - Marked 2 nodes as inactive
2026-01-15 14:31:31.947 [taskScheduler-3] INFO  c.q.federated.service.FederatedCoordinatorService - Marked 2 nodes as inactive
2026-01-15 14:31:36.960 [taskScheduler-3] INFO  c.q.federated.service.FederatedCoordinatorService - Marked 2 nodes as inactive
2026-01-15 14:31:41.979 [taskScheduler-3] INFO  c.q.federated.service.FederatedCoordinatorService - Marked 2 nodes as inactive
2026-01-15 14:31:46.995 [taskScheduler-3] INFO  c.q.federated.service.FederatedCoordinatorService - Marked 2 nodes as inactive
2026-01-15 14:31:52.001 [taskScheduler-3] INFO  c.q.federated.service.FederatedCoordinatorService - Marked 2 nodes as inactive
2026-01-15 14:31:57.012 [taskScheduler-3] INFO  c.q.federated.service.FederatedCoordinatorService - Marked 2 nodes as inactive
2026-01-15 14:32:02.030 [taskScheduler-3] INFO  c.q.federated.service.FederatedCoordinatorService - Marked 2 nodes as inactive
2026-01-15 14:32:07.045 [taskScheduler-3] INFO  c.q.federated.service.FederatedCoordinatorService - Marked 2 nodes as inactive
2026-01-15 14:32:12.066 [taskScheduler-3] INFO  c.q.federated.service.FederatedCoordinatorService - Marked 2 nodes as inactive
2026-01-15 14:32:17.078 [taskScheduler-3] INFO  c.q.federated.service.FederatedCoordinatorService - Marked 2 nodes as inactive
2026-01-15 14:32:22.097 [taskScheduler-3] INFO  c.q.federated.service.FederatedCoordinatorService - Marked 2 nodes as inactive
2026-01-15 14:32:27.111 [taskScheduler-3] INFO  c.q.federated.service.FederatedCoordinatorService - Marked 2 nodes as inactive
2026-01-15 14:32:32.132 [taskScheduler-3] INFO  c.q.federated.service.FederatedCoordinatorService - Marked 2 nodes as inactive
2026-01-15 14:32:37.143 [taskScheduler-3] INFO  c.q.federated.service.FederatedCoordinatorService - Marked 2 nodes as inactive
2026-01-15 14:32:42.158 [taskScheduler-3] INFO  c.q.federated.service.FederatedCoordinatorService - Marked 2 nodes as inactive
2026-01-15 14:32:47.177 [taskScheduler-3] INFO  c.q.federated.service.FederatedCoordinatorService - Marked 2 nodes as inactive
2026-01-15 14:32:52.199 [taskScheduler-3] INFO  c.q.federated.service.FederatedCoordinatorService - Marked 2 nodes as inactive
2026-01-15 14:32:57.275 [taskScheduler-3] INFO  c.q.federated.service.FederatedCoordinatorService - Marked 2 nodes as inactive
2026-01-15 14:33:02.294 [taskScheduler-3] INFO  c.q.federated.service.FederatedCoordinatorService - Marked 2 nodes as inactive
2026-01-15 14:33:07.312 [taskScheduler-3] INFO  c.q.federated.service.FederatedCoordinatorService - Marked 2 nodes as inactive
2026-01-15 14:33:12.323 [taskScheduler-3] INFO  c.q.federated.service.FederatedCoordinatorService - Marked 2 nodes as inactive
2026-01-15 14:33:17.331 [taskScheduler-3] INFO  c.q.federated.service.FederatedCoordinatorService - Marked 2 nodes as inactive
2026-01-15 14:33:22.344 [taskScheduler-3] INFO  c.q.federated.service.FederatedCoordinatorService - Marked 2 nodes as inactive
2026-01-15 14:33:27.360 [taskScheduler-3] INFO  c.q.federated.service.FederatedCoordinatorService - Marked 2 nodes as inactive
2026-01-15 14:33:32.378 [taskScheduler-3] INFO  c.q.federated.service.FederatedCoordinatorService - Marked 2 nodes as inactive
2026-01-15 14:33:37.386 [taskScheduler-3] INFO  c.q.federated.service.FederatedCoordinatorService - Marked 2 nodes as inactive
2026-01-15 14:33:42.395 [taskScheduler-3] INFO  c.q.federated.service.FederatedCoordinatorService - Marked 2 nodes as inactive
2026-01-15 14:33:47.410 [taskScheduler-3] INFO  c.q.federated.service.FederatedCoordinatorService - Marked 2 nodes as inactive
2026-01-15 14:33:52.419 [taskScheduler-3] INFO  c.q.federated.service.FederatedCoordinatorService - Marked 2 nodes as inactive
2026-01-15 14:33:57.428 [taskScheduler-3] INFO  c.q.federated.service.FederatedCoordinatorService - Marked 2 nodes as inactive
2026-01-15 14:34:02.439 [taskScheduler-3] INFO  c.q.federated.service.FederatedCoordinatorService - Marked 2 nodes as inactive
2026-01-15 14:34:07.451 [taskScheduler-3] INFO  c.q.federated.service.FederatedCoordinatorService - Marked 2 nodes as inactive
2026-01-15 14:34:12.459 [taskScheduler-3] INFO  c.q.federated.service.FederatedCoordinatorService - Marked 2 nodes as inactive
2026-01-15 14:34:17.469 [taskScheduler-3] INFO  c.q.federated.service.FederatedCoordinatorService - Marked 2 nodes as inactive
2026-01-15 14:34:22.478 [taskScheduler-3] INFO  c.q.federated.service.FederatedCoordinatorService - Marked 2 nodes as inactive
2026-01-15 14:34:27.492 [taskScheduler-3] INFO  c.q.federated.service.FederatedCoordinatorService - Marked 2 nodes as inactive
2026-01-15 14:34:32.509 [taskScheduler-3] INFO  c.q.federated.service.FederatedCoordinatorService - Marked 2 nodes as inactive
2026-01-15 14:34:37.525 [taskScheduler-3] INFO  c.q.federated.service.FederatedCoordinatorService - Marked 2 nodes as inactive
2026-01-15 14:34:42.535 [taskScheduler-3] INFO  c.q.federated.service.FederatedCoordinatorService - Marked 2 nodes as inactive
2026-01-15 14:34:47.541 [taskScheduler-3] INFO  c.q.federated.service.FederatedCoordinatorService - Marked 2 nodes as inactive
2026-01-15 14:34:52.559 [taskScheduler-3] INFO  c.q.federated.service.FederatedCoordinatorService - Marked 2 nodes as inactive
2026-01-15 14:34:57.575 [taskScheduler-3] INFO  c.q.federated.service.FederatedCoordinatorService - Marked 2 nodes as inactive
2026-01-15 14:35:02.582 [taskScheduler-3] INFO  c.q.federated.service.FederatedCoordinatorService - Marked 2 nodes as inactive
2026-01-15 14:35:07.592 [taskScheduler-3] INFO  c.q.federated.service.FederatedCoordinatorService - Marked 2 nodes as inactive
2026-01-15 14:35:12.606 [taskScheduler-3] INFO  c.q.federated.service.FederatedCoordinatorService - Marked 2 nodes as inactive
2026-01-15 14:35:17.621 [taskScheduler-3] INFO  c.q.federated.service.FederatedCoordinatorService - Marked 2 nodes as inactive
2026-01-15 14:35:22.629 [taskScheduler-3] INFO  c.q.federated.service.FederatedCoordinatorService - Marked 2 nodes as inactive
2026-01-15 14:35:27.641 [taskScheduler-3] INFO  c.q.federated.service.FederatedCoordinatorService - Marked 2 nodes as inactive
2026-01-15 14:35:32.656 [taskScheduler-3] INFO  c.q.federated.service.FederatedCoordinatorService - Marked 2 nodes as inactive
2026-01-15 14:35:37.665 [taskScheduler-3] INFO  c.q.federated.service.FederatedCoordinatorService - Marked 2 nodes as inactive
2026-01-15 14:35:42.684 [taskScheduler-3] INFO  c.q.federated.service.FederatedCoordinatorService - Marked 2 nodes as inactive
2026-01-15 14:35:47.697 [taskScheduler-3] INFO  c.q.federated.service.FederatedCoordinatorService - Marked 2 nodes as inactive
2026-01-15 14:35:52.710 [taskScheduler-3] INFO  c.q.federated.service.FederatedCoordinatorService - Marked 2 nodes as inactive
2026-01-15 14:35:57.726 [taskScheduler-3] INFO  c.q.federated.service.FederatedCoordinatorService - Marked 2 nodes as inactive
2026-01-15 14:36:02.735 [taskScheduler-3] INFO  c.q.federated.service.FederatedCoordinatorService - Marked 2 nodes as inactive
2026-01-15 14:36:07.755 [taskScheduler-3] INFO  c.q.federated.service.FederatedCoordinatorService - Marked 2 nodes as inactive
2026-01-15 14:36:12.772 [taskScheduler-3] INFO  c.q.federated.service.FederatedCoordinatorService - Marked 2 nodes as inactive
2026-01-15 14:36:17.789 [taskScheduler-3] INFO  c.q.federated.service.FederatedCoordinatorService - Marked 2 nodes as inactive
2026-01-15 14:36:22.807 [taskScheduler-3] INFO  c.q.federated.service.FederatedCoordinatorService - Marked 2 nodes as inactive
2026-01-15 14:36:27.825 [taskScheduler-3] INFO  c.q.federated.service.FederatedCoordinatorService - Marked 2 nodes as inactive
2026-01-15 14:36:32.840 [taskScheduler-3] INFO  c.q.federated.service.FederatedCoordinatorService - Marked 2 nodes as inactive
2026-01-15 14:36:37.857 [taskScheduler-3] INFO  c.q.federated.service.FederatedCoordinatorService - Marked 2 nodes as inactive
2026-01-15 14:36:42.873 [taskScheduler-3] INFO  c.q.federated.service.FederatedCoordinatorService - Marked 2 nodes as inactive
2026-01-15 14:36:47.880 [taskScheduler-3] INFO  c.q.federated.service.FederatedCoordinatorService - Marked 2 nodes as inactive
2026-01-15 14:36:52.888 [taskScheduler-3] INFO  c.q.federated.service.FederatedCoordinatorService - Marked 2 nodes as inactive
2026-01-15 14:36:57.907 [taskScheduler-3] INFO  c.q.federated.service.FederatedCoordinatorService - Marked 2 nodes as inactive
2026-01-15 14:37:02.926 [taskScheduler-3] INFO  c.q.federated.service.FederatedCoordinatorService - Marked 2 nodes as inactive
2026-01-15 14:37:07.939 [taskScheduler-3] INFO  c.q.federated.service.FederatedCoordinatorService - Marked 2 nodes as inactive
2026-01-15 14:37:12.951 [taskScheduler-3] INFO  c.q.federated.service.FederatedCoordinatorService - Marked 2 nodes as inactive
2026-01-15 14:37:17.962 [taskScheduler-3] INFO  c.q.federated.service.FederatedCoordinatorService - Marked 2 nodes as inactive
2026-01-15 14:37:22.970 [taskScheduler-3] INFO  c.q.federated.service.FederatedCoordinatorService - Marked 2 nodes as inactive
2026-01-15 14:37:27.979 [taskScheduler-3] INFO  c.q.federated.service.FederatedCoordinatorService - Marked 2 nodes as inactive
2026-01-15 14:37:32.991 [taskScheduler-3] INFO  c.q.federated.service.FederatedCoordinatorService - Marked 2 nodes as inactive
2026-01-15 14:37:38.005 [taskScheduler-3] INFO  c.q.federated.service.FederatedCoordinatorService - Marked 2 nodes as inactive
2026-01-15 14:37:43.020 [taskScheduler-3] INFO  c.q.federated.service.FederatedCoordinatorService - Marked 2 nodes as inactive
2026-01-15 14:37:48.035 [taskScheduler-3] INFO  c.q.federated.service.FederatedCoordinatorService - Marked 2 nodes as inactive
2026-01-15 14:37:53.046 [taskScheduler-3] INFO  c.q.federated.service.FederatedCoordinatorService - Marked 2 nodes as inactive
2026-01-15 14:37:58.052 [taskScheduler-3] INFO  c.q.federated.service.FederatedCoordinatorService - Marked 2 nodes as inactive
2026-01-15 14:38:03.070 [taskScheduler-3] INFO  c.q.federated.service.FederatedCoordinatorService - Marked 2 nodes as inactive
2026-01-15 14:38:08.077 [taskScheduler-3] INFO  c.q.federated.service.FederatedCoordinatorService - Marked 2 nodes as inactive
2026-01-15 14:38:13.085 [taskScheduler-3] INFO  c.q.federated.service.FederatedCoordinatorService - Marked 2 nodes as inactive
2026-01-15 14:38:18.103 [taskScheduler-3] INFO  c.q.federated.service.FederatedCoordinatorService - Marked 2 nodes as inactive
2026-01-15 14:38:23.122 [taskScheduler-3] INFO  c.q.federated.service.FederatedCoordinatorService - Marked 2 nodes as inactive
2026-01-15 14:38:28.132 [taskScheduler-3] INFO  c.q.federated.service.FederatedCoordinatorService - Marked 2 nodes as inactive
2026-01-15 14:38:33.140 [taskScheduler-3] INFO  c.q.federated.service.FederatedCoordinatorService - Marked 2 nodes as inactive
2026-01-15 14:38:38.152 [taskScheduler-3] INFO  c.q.federated.service.FederatedCoordinatorService - Marked 2 nodes as inactive
2026-01-15 14:38:43.171 [taskScheduler-3] INFO  c.q.federated.service.FederatedCoordinatorService - Marked 2 nodes as inactive
2026-01-15 14:38:48.182 [taskScheduler-3] INFO  c.q.federated.service.FederatedCoordinatorService - Marked 2 nodes as inactive
2026-01-15 14:38:53.199 [taskScheduler-3] INFO  c.q.federated.service.FederatedCoordinatorService - Marked 2 nodes as inactive
2026-01-15 14:38:58.215 [taskScheduler-3] INFO  c.q.federated.service.FederatedCoordinatorService - Marked 2 nodes as inactive
2026-01-15 14:39:03.235 [taskScheduler-3] INFO  c.q.federated.service.FederatedCoordinatorService - Marked 2 nodes as inactive
2026-01-15 14:39:08.252 [taskScheduler-3] INFO  c.q.federated.service.FederatedCoordinatorService - Marked 2 nodes as inactive
2026-01-15 14:39:13.271 [taskScheduler-3] INFO  c.q.federated.service.FederatedCoordinatorService - Marked 2 nodes as inactive
2026-01-15 14:39:18.279 [taskScheduler-3] INFO  c.q.federated.service.FederatedCoordinatorService - Marked 2 nodes as inactive
2026-01-15 14:39:23.289 [taskScheduler-3] INFO  c.q.federated.service.FederatedCoordinatorService - Marked 2 nodes as inactive
2026-01-15 14:39:28.297 [taskScheduler-3] INFO  c.q.federated.service.FederatedCoordinatorService - Marked 2 nodes as inactive
2026-01-15 14:39:33.306 [taskScheduler-3] INFO  c.q.federated.service.FederatedCoordinatorService - Marked 2 nodes as inactive
2026-01-15 14:39:38.318 [taskScheduler-3] INFO  c.q.federated.service.FederatedCoordinatorService - Marked 2 nodes as inactive
2026-01-15 14:39:43.330 [taskScheduler-3] INFO  c.q.federated.service.FederatedCoordinatorService - Marked 2 nodes as inactive
2026-01-15 14:39:48.346 [taskScheduler-3] INFO  c.q.federated.service.FederatedCoordinatorService - Marked 2 nodes as inactive
2026-01-15 14:39:53.365 [taskScheduler-3] INFO  c.q.federated.service.FederatedCoordinatorService - Marked 2 nodes as inactive
2026-01-15 14:39:58.374 [taskScheduler-3] INFO  c.q.federated.service.FederatedCoordinatorService - Marked 2 nodes as inactive
2026-01-15 14:40:03.387 [taskScheduler-3] INFO  c.q.federated.service.FederatedCoordinatorService - Marked 2 nodes as inactive
2026-01-15 14:40:08.400 [taskScheduler-3] INFO  c.q.federated.service.FederatedCoordinatorService - Marked 2 nodes as inactive
2026-01-15 14:40:13.416 [taskScheduler-3] INFO  c.q.federated.service.FederatedCoordinatorService - Marked 2 nodes as inactive
2026-01-15 14:40:18.432 [taskScheduler-3] INFO  c.q.federated.service.FederatedCoordinatorService - Marked 2 nodes as inactive
2026-01-15 14:40:23.450 [taskScheduler-3] INFO  c.q.federated.service.FederatedCoordinatorService - Marked 2 nodes as inactive
2026-01-15 14:40:28.468 [taskScheduler-3] INFO  c.q.federated.service.FederatedCoordinatorService - Marked 2 nodes as inactive
2026-01-15 14:40:33.485 [taskScheduler-3] INFO  c.q.federated.service.FederatedCoordinatorService - Marked 2 nodes as inactive
2026-01-15 14:40:38.501 [taskScheduler-3] INFO  c.q.federated.service.FederatedCoordinatorService - Marked 2 nodes as inactive
2026-01-15 14:40:43.517 [taskScheduler-3] INFO  c.q.federated.service.FederatedCoordinatorService - Marked 2 nodes as inactive
2026-01-15 14:40:48.527 [taskScheduler-3] INFO  c.q.federated.service.FederatedCoordinatorService - Marked 2 nodes as inactive
2026-01-15 14:40:53.549 [taskScheduler-3] INFO  c.q.federated.service.FederatedCoordinatorService - Marked 2 nodes as inactive
2026-01-15 14:40:58.561 [taskScheduler-3] INFO  c.q.federated.service.FederatedCoordinatorService - Marked 2 nodes as inactive
2026-01-15 14:41:03.581 [taskScheduler-3] INFO  c.q.federated.service.FederatedCoordinatorService - Marked 2 nodes as inactive
2026-01-15 14:41:06.803 [http-nio-8081-exec-1] INFO  com.qczy.filter.JwtAuthenticationTokenFilter - checking username:admin
2026-01-15 14:41:06.809 [http-nio-8081-exec-1] INFO  com.qczy.filter.JwtAuthenticationTokenFilter - authenticated user:admin
2026-01-15 14:41:06.812 [http-nio-8081-exec-1] INFO  com.qczy.controller.user.UserController - token->Bearer eyJhbGciOiJIUzUxMiJ9.eyJzdWIiOiJhZG1pbiIsImNyZWF0ZWQiOjE3Njg0NTQ5NDk4NDEsImV4cCI6MTc2OTA1OTc0OX0.vx4auqsOlTy7E-E1Ye8IiYiNM-02DjEHPZjGUhpMBwWzmGiCo7SvHCGKVFGvcQ2ncdiikGOQr3XdCwBeddcq-A
2026-01-15 14:41:06.855 [http-nio-8081-exec-2] INFO  com.qczy.filter.JwtAuthenticationTokenFilter - checking username:admin
2026-01-15 14:41:06.860 [http-nio-8081-exec-2] INFO  com.qczy.filter.JwtAuthenticationTokenFilter - authenticated user:admin
2026-01-15 14:41:06.862 [http-nio-8081-exec-2] INFO  com.qczy.controller.user.UserController - token->Bearer eyJhbGciOiJIUzUxMiJ9.eyJzdWIiOiJhZG1pbiIsImNyZWF0ZWQiOjE3Njg0NTQ5NDk4NDEsImV4cCI6MTc2OTA1OTc0OX0.vx4auqsOlTy7E-E1Ye8IiYiNM-02DjEHPZjGUhpMBwWzmGiCo7SvHCGKVFGvcQ2ncdiikGOQr3XdCwBeddcq-A
2026-01-15 14:41:06.867 [http-nio-8081-exec-2] INFO  com.qczy.controller.user.UserController - username->admin
2026-01-15 14:41:08.594 [taskScheduler-3] INFO  c.q.federated.service.FederatedCoordinatorService - Marked 2 nodes as inactive
2026-01-15 14:41:13.607 [taskScheduler-3] INFO  c.q.federated.service.FederatedCoordinatorService - Marked 2 nodes as inactive
2026-01-15 14:41:18.614 [taskScheduler-3] INFO  c.q.federated.service.FederatedCoordinatorService - Marked 2 nodes as inactive
2026-01-15 14:41:23.629 [taskScheduler-3] INFO  c.q.federated.service.FederatedCoordinatorService - Marked 2 nodes as inactive
2026-01-15 14:41:28.642 [taskScheduler-3] INFO  c.q.federated.service.FederatedCoordinatorService - Marked 2 nodes as inactive
2026-01-15 14:41:33.661 [taskScheduler-3] INFO  c.q.federated.service.FederatedCoordinatorService - Marked 2 nodes as inactive
2026-01-15 14:41:38.669 [taskScheduler-3] INFO  c.q.federated.service.FederatedCoordinatorService - Marked 2 nodes as inactive
2026-01-15 14:41:43.681 [taskScheduler-3] INFO  c.q.federated.service.FederatedCoordinatorService - Marked 2 nodes as inactive
2026-01-15 14:41:48.689 [taskScheduler-3] INFO  c.q.federated.service.FederatedCoordinatorService - Marked 2 nodes as inactive
2026-01-15 14:41:53.705 [taskScheduler-3] INFO  c.q.federated.service.FederatedCoordinatorService - Marked 2 nodes as inactive
2026-01-15 14:41:58.714 [taskScheduler-3] INFO  c.q.federated.service.FederatedCoordinatorService - Marked 2 nodes as inactive
2026-01-15 14:42:03.723 [taskScheduler-3] INFO  c.q.federated.service.FederatedCoordinatorService - Marked 2 nodes as inactive
2026-01-15 14:42:08.736 [taskScheduler-3] INFO  c.q.federated.service.FederatedCoordinatorService - Marked 2 nodes as inactive
2026-01-15 14:42:13.746 [taskScheduler-3] INFO  c.q.federated.service.FederatedCoordinatorService - Marked 2 nodes as inactive
2026-01-15 14:42:18.757 [taskScheduler-3] INFO  c.q.federated.service.FederatedCoordinatorService - Marked 2 nodes as inactive
2026-01-15 14:42:23.767 [taskScheduler-3] INFO  c.q.federated.service.FederatedCoordinatorService - Marked 2 nodes as inactive
2026-01-15 14:42:28.785 [taskScheduler-3] INFO  c.q.federated.service.FederatedCoordinatorService - Marked 2 nodes as inactive
2026-01-15 14:42:33.798 [taskScheduler-3] INFO  c.q.federated.service.FederatedCoordinatorService - Marked 2 nodes as inactive
2026-01-15 14:42:38.803 [taskScheduler-3] INFO  c.q.federated.service.FederatedCoordinatorService - Marked 2 nodes as inactive
2026-01-15 14:42:43.820 [taskScheduler-3] INFO  c.q.federated.service.FederatedCoordinatorService - Marked 2 nodes as inactive
2026-01-15 14:42:48.840 [taskScheduler-3] INFO  c.q.federated.service.FederatedCoordinatorService - Marked 2 nodes as inactive
2026-01-15 14:42:53.855 [taskScheduler-3] INFO  c.q.federated.service.FederatedCoordinatorService - Marked 2 nodes as inactive
2026-01-15 14:42:58.870 [taskScheduler-3] INFO  c.q.federated.service.FederatedCoordinatorService - Marked 2 nodes as inactive
2026-01-15 14:43:03.881 [taskScheduler-3] INFO  c.q.federated.service.FederatedCoordinatorService - Marked 2 nodes as inactive
2026-01-15 14:43:08.899 [taskScheduler-3] INFO  c.q.federated.service.FederatedCoordinatorService - Marked 2 nodes as inactive
2026-01-15 14:43:13.945 [taskScheduler-3] INFO  c.q.federated.service.FederatedCoordinatorService - Marked 2 nodes as inactive
2026-01-15 14:43:18.958 [taskScheduler-3] INFO  c.q.federated.service.FederatedCoordinatorService - Marked 2 nodes as inactive
2026-01-15 14:43:23.963 [taskScheduler-3] INFO  c.q.federated.service.FederatedCoordinatorService - Marked 2 nodes as inactive
2026-01-15 14:43:28.973 [taskScheduler-3] INFO  c.q.federated.service.FederatedCoordinatorService - Marked 2 nodes as inactive
2026-01-15 14:43:33.993 [taskScheduler-3] INFO  c.q.federated.service.FederatedCoordinatorService - Marked 2 nodes as inactive
2026-01-15 14:43:39.012 [taskScheduler-3] INFO  c.q.federated.service.FederatedCoordinatorService - Marked 2 nodes as inactive
2026-01-15 14:43:44.028 [taskScheduler-3] INFO  c.q.federated.service.FederatedCoordinatorService - Marked 2 nodes as inactive
2026-01-15 14:43:49.046 [taskScheduler-3] INFO  c.q.federated.service.FederatedCoordinatorService - Marked 2 nodes as inactive
2026-01-15 14:43:54.051 [taskScheduler-3] INFO  c.q.federated.service.FederatedCoordinatorService - Marked 2 nodes as inactive
2026-01-15 14:43:59.062 [taskScheduler-3] INFO  c.q.federated.service.FederatedCoordinatorService - Marked 2 nodes as inactive
2026-01-15 14:44:04.078 [taskScheduler-3] INFO  c.q.federated.service.FederatedCoordinatorService - Marked 2 nodes as inactive
2026-01-15 14:44:09.087 [taskScheduler-3] INFO  c.q.federated.service.FederatedCoordinatorService - Marked 2 nodes as inactive
2026-01-15 14:44:14.093 [taskScheduler-3] INFO  c.q.federated.service.FederatedCoordinatorService - Marked 2 nodes as inactive
2026-01-15 14:44:19.105 [taskScheduler-3] INFO  c.q.federated.service.FederatedCoordinatorService - Marked 2 nodes as inactive
2026-01-15 14:44:24.121 [taskScheduler-3] INFO  c.q.federated.service.FederatedCoordinatorService - Marked 2 nodes as inactive
2026-01-15 14:44:29.130 [taskScheduler-3] INFO  c.q.federated.service.FederatedCoordinatorService - Marked 2 nodes as inactive
2026-01-15 14:44:34.136 [taskScheduler-3] INFO  c.q.federated.service.FederatedCoordinatorService - Marked 2 nodes as inactive
2026-01-15 14:44:39.146 [taskScheduler-3] INFO  c.q.federated.service.FederatedCoordinatorService - Marked 2 nodes as inactive
2026-01-15 14:44:44.159 [taskScheduler-3] INFO  c.q.federated.service.FederatedCoordinatorService - Marked 2 nodes as inactive
2026-01-15 14:44:49.170 [taskScheduler-3] INFO  c.q.federated.service.FederatedCoordinatorService - Marked 2 nodes as inactive
2026-01-15 14:44:54.186 [taskScheduler-3] INFO  c.q.federated.service.FederatedCoordinatorService - Marked 2 nodes as inactive
2026-01-15 14:44:59.201 [taskScheduler-3] INFO  c.q.federated.service.FederatedCoordinatorService - Marked 2 nodes as inactive
2026-01-15 14:45:04.210 [taskScheduler-3] INFO  c.q.federated.service.FederatedCoordinatorService - Marked 2 nodes as inactive
2026-01-15 14:45:09.232 [taskScheduler-3] INFO  c.q.federated.service.FederatedCoordinatorService - Marked 2 nodes as inactive
2026-01-15 14:45:14.245 [taskScheduler-3] INFO  c.q.federated.service.FederatedCoordinatorService - Marked 2 nodes as inactive
2026-01-15 14:45:19.258 [taskScheduler-3] INFO  c.q.federated.service.FederatedCoordinatorService - Marked 2 nodes as inactive
2026-01-15 14:45:24.276 [taskScheduler-3] INFO  c.q.federated.service.FederatedCoordinatorService - Marked 2 nodes as inactive
2026-01-15 14:45:29.291 [taskScheduler-3] INFO  c.q.federated.service.FederatedCoordinatorService - Marked 2 nodes as inactive
2026-01-15 14:45:34.301 [taskScheduler-3] INFO  c.q.federated.service.FederatedCoordinatorService - Marked 2 nodes as inactive
2026-01-15 14:45:39.322 [taskScheduler-3] INFO  c.q.federated.service.FederatedCoordinatorService - Marked 2 nodes as inactive
2026-01-15 14:45:44.332 [taskScheduler-3] INFO  c.q.federated.service.FederatedCoordinatorService - Marked 2 nodes as inactive
2026-01-15 14:45:49.351 [taskScheduler-3] INFO  c.q.federated.service.FederatedCoordinatorService - Marked 2 nodes as inactive
2026-01-15 14:45:54.361 [taskScheduler-3] INFO  c.q.federated.service.FederatedCoordinatorService - Marked 2 nodes as inactive
2026-01-15 14:45:59.368 [taskScheduler-3] INFO  c.q.federated.service.FederatedCoordinatorService - Marked 2 nodes as inactive
2026-01-15 14:46:04.381 [taskScheduler-3] INFO  c.q.federated.service.FederatedCoordinatorService - Marked 2 nodes as inactive
2026-01-15 14:46:09.396 [taskScheduler-3] INFO  c.q.federated.service.FederatedCoordinatorService - Marked 2 nodes as inactive
2026-01-15 14:46:14.409 [taskScheduler-3] INFO  c.q.federated.service.FederatedCoordinatorService - Marked 2 nodes as inactive
2026-01-15 14:46:19.425 [taskScheduler-3] INFO  c.q.federated.service.FederatedCoordinatorService - Marked 2 nodes as inactive
2026-01-15 14:46:24.448 [taskScheduler-3] INFO  c.q.federated.service.FederatedCoordinatorService - Marked 2 nodes as inactive
2026-01-15 14:46:29.458 [taskScheduler-3] INFO  c.q.federated.service.FederatedCoordinatorService - Marked 2 nodes as inactive
2026-01-15 14:46:34.475 [taskScheduler-3] INFO  c.q.federated.service.FederatedCoordinatorService - Marked 2 nodes as inactive
2026-01-15 14:46:39.488 [taskScheduler-3] INFO  c.q.federated.service.FederatedCoordinatorService - Marked 2 nodes as inactive
2026-01-15 14:46:44.502 [taskScheduler-3] INFO  c.q.federated.service.FederatedCoordinatorService - Marked 2 nodes as inactive
2026-01-15 14:46:49.507 [taskScheduler-3] INFO  c.q.federated.service.FederatedCoordinatorService - Marked 2 nodes as inactive
2026-01-15 14:46:54.522 [taskScheduler-3] INFO  c.q.federated.service.FederatedCoordinatorService - Marked 2 nodes as inactive
2026-01-15 14:46:59.542 [taskScheduler-3] INFO  c.q.federated.service.FederatedCoordinatorService - Marked 2 nodes as inactive
2026-01-15 14:47:04.550 [taskScheduler-3] INFO  c.q.federated.service.FederatedCoordinatorService - Marked 2 nodes as inactive
2026-01-15 14:47:09.558 [taskScheduler-3] INFO  c.q.federated.service.FederatedCoordinatorService - Marked 2 nodes as inactive
2026-01-15 14:47:14.567 [taskScheduler-3] INFO  c.q.federated.service.FederatedCoordinatorService - Marked 2 nodes as inactive
2026-01-15 14:47:19.576 [taskScheduler-3] INFO  c.q.federated.service.FederatedCoordinatorService - Marked 2 nodes as inactive
2026-01-15 14:47:24.590 [taskScheduler-3] INFO  c.q.federated.service.FederatedCoordinatorService - Marked 2 nodes as inactive
2026-01-15 14:47:29.596 [taskScheduler-3] INFO  c.q.federated.service.FederatedCoordinatorService - Marked 2 nodes as inactive
2026-01-15 14:47:34.614 [taskScheduler-3] INFO  c.q.federated.service.FederatedCoordinatorService - Marked 2 nodes as inactive
2026-01-15 14:47:39.639 [taskScheduler-3] INFO  c.q.federated.service.FederatedCoordinatorService - Marked 2 nodes as inactive
2026-01-15 14:47:44.659 [taskScheduler-3] INFO  c.q.federated.service.FederatedCoordinatorService - Marked 2 nodes as inactive
2026-01-15 14:47:50.690 [taskScheduler-3] INFO  c.q.federated.service.FederatedCoordinatorService - Marked 2 nodes as inactive
2026-01-15 14:47:55.704 [taskScheduler-3] INFO  c.q.federated.service.FederatedCoordinatorService - Marked 2 nodes as inactive
2026-01-15 14:48:02.408 [taskScheduler-3] INFO  c.q.federated.service.FederatedCoordinatorService - Marked 2 nodes as inactive
2026-01-15 14:48:07.420 [taskScheduler-3] INFO  c.q.federated.service.FederatedCoordinatorService - Marked 2 nodes as inactive
2026-01-15 14:48:12.427 [taskScheduler-3] INFO  c.q.federated.service.FederatedCoordinatorService - Marked 2 nodes as inactive
2026-01-15 14:48:17.443 [taskScheduler-3] INFO  c.q.federated.service.FederatedCoordinatorService - Marked 2 nodes as inactive
2026-01-15 14:48:22.451 [taskScheduler-3] INFO  c.q.federated.service.FederatedCoordinatorService - Marked 2 nodes as inactive
2026-01-15 14:48:27.470 [taskScheduler-3] INFO  c.q.federated.service.FederatedCoordinatorService - Marked 2 nodes as inactive
2026-01-15 14:48:32.488 [taskScheduler-3] INFO  c.q.federated.service.FederatedCoordinatorService - Marked 2 nodes as inactive
2026-01-15 14:48:37.495 [taskScheduler-3] INFO  c.q.federated.service.FederatedCoordinatorService - Marked 2 nodes as inactive
2026-01-15 14:48:42.510 [taskScheduler-3] INFO  c.q.federated.service.FederatedCoordinatorService - Marked 2 nodes as inactive
2026-01-15 14:48:47.518 [taskScheduler-3] INFO  c.q.federated.service.FederatedCoordinatorService - Marked 2 nodes as inactive
2026-01-15 14:48:52.536 [taskScheduler-3] INFO  c.q.federated.service.FederatedCoordinatorService - Marked 2 nodes as inactive
2026-01-15 14:48:57.542 [taskScheduler-3] INFO  c.q.federated.service.FederatedCoordinatorService - Marked 2 nodes as inactive
2026-01-15 14:49:02.557 [taskScheduler-3] INFO  c.q.federated.service.FederatedCoordinatorService - Marked 2 nodes as inactive
2026-01-15 14:49:07.575 [taskScheduler-3] INFO  c.q.federated.service.FederatedCoordinatorService - Marked 2 nodes as inactive
2026-01-15 14:49:12.580 [taskScheduler-3] INFO  c.q.federated.service.FederatedCoordinatorService - Marked 2 nodes as inactive
2026-01-15 14:49:17.591 [taskScheduler-3] INFO  c.q.federated.service.FederatedCoordinatorService - Marked 2 nodes as inactive
2026-01-15 14:49:22.609 [taskScheduler-3] INFO  c.q.federated.service.FederatedCoordinatorService - Marked 2 nodes as inactive
2026-01-15 14:49:27.648 [taskScheduler-3] INFO  c.q.federated.service.FederatedCoordinatorService - Marked 2 nodes as inactive
2026-01-15 14:49:33.126 [taskScheduler-3] INFO  c.q.federated.service.FederatedCoordinatorService - Marked 2 nodes as inactive
2026-01-15 14:49:38.155 [taskScheduler-3] INFO  c.q.federated.service.FederatedCoordinatorService - Marked 2 nodes as inactive
2026-01-15 14:49:43.173 [taskScheduler-3] INFO  c.q.federated.service.FederatedCoordinatorService - Marked 2 nodes as inactive
2026-01-15 14:49:48.184 [taskScheduler-3] INFO  c.q.federated.service.FederatedCoordinatorService - Marked 2 nodes as inactive
2026-01-15 14:49:53.199 [taskScheduler-3] INFO  c.q.federated.service.FederatedCoordinatorService - Marked 2 nodes as inactive
2026-01-15 14:49:58.208 [taskScheduler-3] INFO  c.q.federated.service.FederatedCoordinatorService - Marked 2 nodes as inactive
2026-01-15 14:50:03.223 [taskScheduler-3] INFO  c.q.federated.service.FederatedCoordinatorService - Marked 2 nodes as inactive
2026-01-15 14:50:08.241 [taskScheduler-3] INFO  c.q.federated.service.FederatedCoordinatorService - Marked 2 nodes as inactive
2026-01-15 14:50:13.258 [taskScheduler-3] INFO  c.q.federated.service.FederatedCoordinatorService - Marked 2 nodes as inactive
2026-01-15 14:50:18.279 [taskScheduler-3] INFO  c.q.federated.service.FederatedCoordinatorService - Marked 2 nodes as inactive
2026-01-15 14:50:23.289 [taskScheduler-3] INFO  c.q.federated.service.FederatedCoordinatorService - Marked 2 nodes as inactive
2026-01-15 14:50:28.307 [taskScheduler-3] INFO  c.q.federated.service.FederatedCoordinatorService - Marked 2 nodes as inactive
2026-01-15 14:50:33.323 [taskScheduler-3] INFO  c.q.federated.service.FederatedCoordinatorService - Marked 2 nodes as inactive
2026-01-15 14:50:38.336 [taskScheduler-3] INFO  c.q.federated.service.FederatedCoordinatorService - Marked 2 nodes as inactive
2026-01-15 14:50:43.350 [taskScheduler-3] INFO  c.q.federated.service.FederatedCoordinatorService - Marked 2 nodes as inactive
2026-01-15 14:50:48.367 [taskScheduler-3] INFO  c.q.federated.service.FederatedCoordinatorService - Marked 2 nodes as inactive
2026-01-15 14:50:53.381 [taskScheduler-3] INFO  c.q.federated.service.FederatedCoordinatorService - Marked 2 nodes as inactive
2026-01-15 14:50:58.391 [taskScheduler-3] INFO  c.q.federated.service.FederatedCoordinatorService - Marked 2 nodes as inactive
2026-01-15 14:51:03.398 [taskScheduler-3] INFO  c.q.federated.service.FederatedCoordinatorService - Marked 2 nodes as inactive
2026-01-15 14:51:08.416 [taskScheduler-3] INFO  c.q.federated.service.FederatedCoordinatorService - Marked 2 nodes as inactive
2026-01-15 14:51:13.436 [taskScheduler-3] INFO  c.q.federated.service.FederatedCoordinatorService - Marked 2 nodes as inactive
2026-01-15 14:51:18.452 [taskScheduler-3] INFO  c.q.federated.service.FederatedCoordinatorService - Marked 2 nodes as inactive
2026-01-15 14:51:23.467 [taskScheduler-3] INFO  c.q.federated.service.FederatedCoordinatorService - Marked 2 nodes as inactive
2026-01-15 14:51:28.504 [taskScheduler-3] INFO  c.q.federated.service.FederatedCoordinatorService - Marked 2 nodes as inactive
2026-01-15 14:51:33.523 [taskScheduler-3] INFO  c.q.federated.service.FederatedCoordinatorService - Marked 2 nodes as inactive
2026-01-15 14:51:38.532 [taskScheduler-3] INFO  c.q.federated.service.FederatedCoordinatorService - Marked 2 nodes as inactive
2026-01-15 14:51:43.545 [taskScheduler-3] INFO  c.q.federated.service.FederatedCoordinatorService - Marked 2 nodes as inactive
2026-01-15 14:51:48.555 [taskScheduler-3] INFO  c.q.federated.service.FederatedCoordinatorService - Marked 2 nodes as inactive
2026-01-15 14:51:53.562 [taskScheduler-3] INFO  c.q.federated.service.FederatedCoordinatorService - Marked 2 nodes as inactive
2026-01-15 14:51:58.573 [taskScheduler-3] INFO  c.q.federated.service.FederatedCoordinatorService - Marked 2 nodes as inactive
2026-01-15 14:52:03.589 [taskScheduler-3] INFO  c.q.federated.service.FederatedCoordinatorService - Marked 2 nodes as inactive
2026-01-15 14:52:08.599 [taskScheduler-3] INFO  c.q.federated.service.FederatedCoordinatorService - Marked 2 nodes as inactive
2026-01-15 14:52:13.610 [taskScheduler-3] INFO  c.q.federated.service.FederatedCoordinatorService - Marked 2 nodes as inactive
2026-01-15 14:52:18.628 [taskScheduler-3] INFO  c.q.federated.service.FederatedCoordinatorService - Marked 2 nodes as inactive
2026-01-15 14:52:23.644 [taskScheduler-3] INFO  c.q.federated.service.FederatedCoordinatorService - Marked 2 nodes as inactive
2026-01-15 14:52:28.665 [taskScheduler-3] INFO  c.q.federated.service.FederatedCoordinatorService - Marked 2 nodes as inactive
2026-01-15 14:52:33.680 [taskScheduler-3] INFO  c.q.federated.service.FederatedCoordinatorService - Marked 2 nodes as inactive
2026-01-15 14:52:38.699 [taskScheduler-3] INFO  c.q.federated.service.FederatedCoordinatorService - Marked 2 nodes as inactive
2026-01-15 14:52:43.723 [taskScheduler-3] INFO  c.q.federated.service.FederatedCoordinatorService - Marked 2 nodes as inactive
2026-01-15 14:52:48.731 [taskScheduler-3] INFO  c.q.federated.service.FederatedCoordinatorService - Marked 2 nodes as inactive
2026-01-15 14:52:53.749 [taskScheduler-3] INFO  c.q.federated.service.FederatedCoordinatorService - Marked 2 nodes as inactive
2026-01-15 14:52:58.758 [taskScheduler-3] INFO  c.q.federated.service.FederatedCoordinatorService - Marked 2 nodes as inactive
2026-01-15 14:53:03.764 [taskScheduler-3] INFO  c.q.federated.service.FederatedCoordinatorService - Marked 2 nodes as inactive
2026-01-15 14:53:08.782 [taskScheduler-3] INFO  c.q.federated.service.FederatedCoordinatorService - Marked 2 nodes as inactive
2026-01-15 14:53:13.790 [taskScheduler-3] INFO  c.q.federated.service.FederatedCoordinatorService - Marked 2 nodes as inactive
2026-01-15 14:53:18.809 [taskScheduler-3] INFO  c.q.federated.service.FederatedCoordinatorService - Marked 2 nodes as inactive
2026-01-15 14:53:23.823 [taskScheduler-3] INFO  c.q.federated.service.FederatedCoordinatorService - Marked 2 nodes as inactive
2026-01-15 14:53:28.832 [taskScheduler-3] INFO  c.q.federated.service.FederatedCoordinatorService - Marked 2 nodes as inactive
2026-01-15 14:53:33.847 [taskScheduler-3] INFO  c.q.federated.service.FederatedCoordinatorService - Marked 2 nodes as inactive
2026-01-15 14:53:38.856 [taskScheduler-3] INFO  c.q.federated.service.FederatedCoordinatorService - Marked 2 nodes as inactive
2026-01-15 14:53:43.866 [taskScheduler-3] INFO  c.q.federated.service.FederatedCoordinatorService - Marked 2 nodes as inactive
2026-01-15 14:53:48.878 [taskScheduler-3] INFO  c.q.federated.service.FederatedCoordinatorService - Marked 2 nodes as inactive
2026-01-15 14:53:53.896 [taskScheduler-3] INFO  c.q.federated.service.FederatedCoordinatorService - Marked 2 nodes as inactive
2026-01-15 14:53:58.909 [taskScheduler-3] INFO  c.q.federated.service.FederatedCoordinatorService - Marked 2 nodes as inactive
2026-01-15 14:54:03.919 [taskScheduler-3] INFO  c.q.federated.service.FederatedCoordinatorService - Marked 2 nodes as inactive
2026-01-15 14:54:08.929 [taskScheduler-3] INFO  c.q.federated.service.FederatedCoordinatorService - Marked 2 nodes as inactive
2026-01-15 14:54:13.946 [taskScheduler-3] INFO  c.q.federated.service.FederatedCoordinatorService - Marked 2 nodes as inactive
2026-01-15 14:54:18.953 [taskScheduler-3] INFO  c.q.federated.service.FederatedCoordinatorService - Marked 2 nodes as inactive
2026-01-15 14:54:23.972 [taskScheduler-3] INFO  c.q.federated.service.FederatedCoordinatorService - Marked 2 nodes as inactive
2026-01-15 14:54:29.013 [taskScheduler-3] INFO  c.q.federated.service.FederatedCoordinatorService - Marked 2 nodes as inactive
2026-01-15 14:54:34.031 [taskScheduler-3] INFO  c.q.federated.service.FederatedCoordinatorService - Marked 2 nodes as inactive
2026-01-15 14:54:39.038 [taskScheduler-3] INFO  c.q.federated.service.FederatedCoordinatorService - Marked 2 nodes as inactive
2026-01-15 14:54:44.044 [taskScheduler-3] INFO  c.q.federated.service.FederatedCoordinatorService - Marked 2 nodes as inactive
2026-01-15 14:54:49.056 [taskScheduler-3] INFO  c.q.federated.service.FederatedCoordinatorService - Marked 2 nodes as inactive
2026-01-15 14:54:54.072 [taskScheduler-3] INFO  c.q.federated.service.FederatedCoordinatorService - Marked 2 nodes as inactive
2026-01-15 14:54:59.077 [taskScheduler-3] INFO  c.q.federated.service.FederatedCoordinatorService - Marked 2 nodes as inactive
2026-01-15 14:55:04.090 [taskScheduler-3] INFO  c.q.federated.service.FederatedCoordinatorService - Marked 2 nodes as inactive
2026-01-15 14:55:09.097 [taskScheduler-3] INFO  c.q.federated.service.FederatedCoordinatorService - Marked 2 nodes as inactive
2026-01-15 14:55:14.115 [taskScheduler-3] INFO  c.q.federated.service.FederatedCoordinatorService - Marked 2 nodes as inactive
2026-01-15 14:55:19.126 [taskScheduler-3] INFO  c.q.federated.service.FederatedCoordinatorService - Marked 2 nodes as inactive
2026-01-15 14:55:24.144 [taskScheduler-3] INFO  c.q.federated.service.FederatedCoordinatorService - Marked 2 nodes as inactive
2026-01-15 14:55:29.155 [taskScheduler-3] INFO  c.q.federated.service.FederatedCoordinatorService - Marked 2 nodes as inactive
2026-01-15 14:55:34.176 [taskScheduler-3] INFO  c.q.federated.service.FederatedCoordinatorService - Marked 2 nodes as inactive
2026-01-15 14:55:39.192 [taskScheduler-3] INFO  c.q.federated.service.FederatedCoordinatorService - Marked 2 nodes as inactive
2026-01-15 14:55:44.202 [taskScheduler-3] INFO  c.q.federated.service.FederatedCoordinatorService - Marked 2 nodes as inactive
2026-01-15 14:55:49.209 [taskScheduler-3] INFO  c.q.federated.service.FederatedCoordinatorService - Marked 2 nodes as inactive
2026-01-15 14:55:54.221 [taskScheduler-3] INFO  c.q.federated.service.FederatedCoordinatorService - Marked 2 nodes as inactive
2026-01-15 14:55:59.236 [taskScheduler-3] INFO  c.q.federated.service.FederatedCoordinatorService - Marked 2 nodes as inactive
2026-01-15 14:56:04.255 [taskScheduler-3] INFO  c.q.federated.service.FederatedCoordinatorService - Marked 2 nodes as inactive
2026-01-15 14:56:09.267 [taskScheduler-3] INFO  c.q.federated.service.FederatedCoordinatorService - Marked 2 nodes as inactive
2026-01-15 14:56:14.277 [taskScheduler-3] INFO  c.q.federated.service.FederatedCoordinatorService - Marked 2 nodes as inactive
2026-01-15 14:56:19.292 [taskScheduler-3] INFO  c.q.federated.service.FederatedCoordinatorService - Marked 2 nodes as inactive
2026-01-15 14:56:24.308 [taskScheduler-3] INFO  c.q.federated.service.FederatedCoordinatorService - Marked 2 nodes as inactive
2026-01-15 14:56:29.327 [taskScheduler-3] INFO  c.q.federated.service.FederatedCoordinatorService - Marked 2 nodes as inactive
2026-01-15 14:56:34.348 [taskScheduler-3] INFO  c.q.federated.service.FederatedCoordinatorService - Marked 2 nodes as inactive
2026-01-15 14:56:39.362 [taskScheduler-3] INFO  c.q.federated.service.FederatedCoordinatorService - Marked 2 nodes as inactive
2026-01-15 14:56:44.376 [taskScheduler-3] INFO  c.q.federated.service.FederatedCoordinatorService - Marked 2 nodes as inactive
2026-01-15 14:56:49.393 [taskScheduler-3] INFO  c.q.federated.service.FederatedCoordinatorService - Marked 2 nodes as inactive
2026-01-15 14:56:54.401 [taskScheduler-3] INFO  c.q.federated.service.FederatedCoordinatorService - Marked 2 nodes as inactive
2026-01-15 14:56:59.409 [taskScheduler-3] INFO  c.q.federated.service.FederatedCoordinatorService - Marked 2 nodes as inactive
2026-01-15 14:57:04.425 [taskScheduler-3] INFO  c.q.federated.service.FederatedCoordinatorService - Marked 2 nodes as inactive
2026-01-15 14:57:09.439 [taskScheduler-3] INFO  c.q.federated.service.FederatedCoordinatorService - Marked 2 nodes as inactive
2026-01-15 14:57:14.444 [taskScheduler-3] INFO  c.q.federated.service.FederatedCoordinatorService - Marked 2 nodes as inactive
2026-01-15 14:57:19.457 [taskScheduler-3] INFO  c.q.federated.service.FederatedCoordinatorService - Marked 2 nodes as inactive
2026-01-15 14:57:24.468 [taskScheduler-3] INFO  c.q.federated.service.FederatedCoordinatorService - Marked 2 nodes as inactive
2026-01-15 14:57:29.490 [taskScheduler-3] INFO  c.q.federated.service.FederatedCoordinatorService - Marked 2 nodes as inactive
2026-01-15 14:57:34.500 [taskScheduler-3] INFO  c.q.federated.service.FederatedCoordinatorService - Marked 2 nodes as inactive
2026-01-15 14:57:39.510 [taskScheduler-3] INFO  c.q.federated.service.FederatedCoordinatorService - Marked 2 nodes as inactive
2026-01-15 14:57:44.526 [taskScheduler-3] INFO  c.q.federated.service.FederatedCoordinatorService - Marked 2 nodes as inactive
2026-01-15 14:57:49.542 [taskScheduler-3] INFO  c.q.federated.service.FederatedCoordinatorService - Marked 2 nodes as inactive
2026-01-15 14:57:54.561 [taskScheduler-3] INFO  c.q.federated.service.FederatedCoordinatorService - Marked 2 nodes as inactive
2026-01-15 14:57:59.583 [taskScheduler-3] INFO  c.q.federated.service.FederatedCoordinatorService - Marked 2 nodes as inactive
2026-01-15 14:58:04.596 [taskScheduler-3] INFO  c.q.federated.service.FederatedCoordinatorService - Marked 2 nodes as inactive
2026-01-15 14:58:09.615 [taskScheduler-3] INFO  c.q.federated.service.FederatedCoordinatorService - Marked 2 nodes as inactive
2026-01-15 14:58:14.627 [taskScheduler-3] INFO  c.q.federated.service.FederatedCoordinatorService - Marked 2 nodes as inactive
2026-01-15 14:58:19.636 [taskScheduler-3] INFO  c.q.federated.service.FederatedCoordinatorService - Marked 2 nodes as inactive
2026-01-15 14:58:24.643 [taskScheduler-3] INFO  c.q.federated.service.FederatedCoordinatorService - Marked 2 nodes as inactive
2026-01-15 14:58:29.657 [taskScheduler-3] INFO  c.q.federated.service.FederatedCoordinatorService - Marked 2 nodes as inactive
2026-01-15 14:58:34.667 [taskScheduler-3] INFO  c.q.federated.service.FederatedCoordinatorService - Marked 2 nodes as inactive
2026-01-15 14:58:39.691 [taskScheduler-3] INFO  c.q.federated.service.FederatedCoordinatorService - Marked 2 nodes as inactive
2026-01-15 14:58:44.711 [taskScheduler-3] INFO  c.q.federated.service.FederatedCoordinatorService - Marked 2 nodes as inactive
2026-01-15 14:58:49.720 [taskScheduler-3] INFO  c.q.federated.service.FederatedCoordinatorService - Marked 2 nodes as inactive
2026-01-15 14:58:54.725 [taskScheduler-3] INFO  c.q.federated.service.FederatedCoordinatorService - Marked 2 nodes as inactive
2026-01-15 14:58:59.739 [taskScheduler-3] INFO  c.q.federated.service.FederatedCoordinatorService - Marked 2 nodes as inactive
2026-01-15 14:59:04.754 [taskScheduler-3] INFO  c.q.federated.service.FederatedCoordinatorService - Marked 2 nodes as inactive
2026-01-15 14:59:09.759 [taskScheduler-3] INFO  c.q.federated.service.FederatedCoordinatorService - Marked 2 nodes as inactive
2026-01-15 14:59:14.773 [taskScheduler-3] INFO  c.q.federated.service.FederatedCoordinatorService - Marked 2 nodes as inactive
2026-01-15 14:59:19.792 [taskScheduler-3] INFO  c.q.federated.service.FederatedCoordinatorService - Marked 2 nodes as inactive
2026-01-15 14:59:24.800 [taskScheduler-3] INFO  c.q.federated.service.FederatedCoordinatorService - Marked 2 nodes as inactive
2026-01-15 14:59:29.813 [taskScheduler-3] INFO  c.q.federated.service.FederatedCoordinatorService - Marked 2 nodes as inactive
2026-01-15 14:59:34.820 [taskScheduler-3] INFO  c.q.federated.service.FederatedCoordinatorService - Marked 2 nodes as inactive
2026-01-15 14:59:39.831 [taskScheduler-3] INFO  c.q.federated.service.FederatedCoordinatorService - Marked 2 nodes as inactive
2026-01-15 14:59:44.839 [taskScheduler-3] INFO  c.q.federated.service.FederatedCoordinatorService - Marked 2 nodes as inactive
2026-01-15 14:59:49.843 [taskScheduler-3] INFO  c.q.federated.service.FederatedCoordinatorService - Marked 2 nodes as inactive
2026-01-15 14:59:54.853 [taskScheduler-3] INFO  c.q.federated.service.FederatedCoordinatorService - Marked 2 nodes as inactive
2026-01-15 14:59:59.869 [taskScheduler-3] INFO  c.q.federated.service.FederatedCoordinatorService - Marked 2 nodes as inactive
2026-01-15 15:00:04.883 [taskScheduler-3] INFO  c.q.federated.service.FederatedCoordinatorService - Marked 2 nodes as inactive
2026-01-15 15:00:09.902 [taskScheduler-3] INFO  c.q.federated.service.FederatedCoordinatorService - Marked 2 nodes as inactive
2026-01-15 15:00:14.920 [taskScheduler-3] INFO  c.q.federated.service.FederatedCoordinatorService - Marked 2 nodes as inactive
2026-01-15 15:00:19.931 [taskScheduler-3] INFO  c.q.federated.service.FederatedCoordinatorService - Marked 2 nodes as inactive
2026-01-15 15:00:24.946 [taskScheduler-3] INFO  c.q.federated.service.FederatedCoordinatorService - Marked 2 nodes as inactive
2026-01-15 15:00:29.965 [taskScheduler-3] INFO  c.q.federated.service.FederatedCoordinatorService - Marked 2 nodes as inactive
2026-01-15 15:00:34.981 [taskScheduler-3] INFO  c.q.federated.service.FederatedCoordinatorService - Marked 2 nodes as inactive
2026-01-15 15:00:39.998 [taskScheduler-3] INFO  c.q.federated.service.FederatedCoordinatorService - Marked 2 nodes as inactive
2026-01-15 15:00:45.010 [taskScheduler-3] INFO  c.q.federated.service.FederatedCoordinatorService - Marked 2 nodes as inactive
2026-01-15 15:00:50.021 [taskScheduler-3] INFO  c.q.federated.service.FederatedCoordinatorService - Marked 2 nodes as inactive
2026-01-15 15:00:55.036 [taskScheduler-3] INFO  c.q.federated.service.FederatedCoordinatorService - Marked 2 nodes as inactive
2026-01-15 15:01:00.053 [taskScheduler-3] INFO  c.q.federated.service.FederatedCoordinatorService - Marked 2 nodes as inactive
2026-01-15 15:01:05.078 [taskScheduler-3] INFO  c.q.federated.service.FederatedCoordinatorService - Marked 2 nodes as inactive
2026-01-15 15:01:10.092 [taskScheduler-3] INFO  c.q.federated.service.FederatedCoordinatorService - Marked 2 nodes as inactive
2026-01-15 15:01:15.102 [taskScheduler-3] INFO  c.q.federated.service.FederatedCoordinatorService - Marked 2 nodes as inactive
2026-01-15 15:01:20.118 [taskScheduler-3] INFO  c.q.federated.service.FederatedCoordinatorService - Marked 2 nodes as inactive
2026-01-15 15:01:25.133 [taskScheduler-3] INFO  c.q.federated.service.FederatedCoordinatorService - Marked 2 nodes as inactive
2026-01-15 15:01:30.149 [taskScheduler-3] INFO  c.q.federated.service.FederatedCoordinatorService - Marked 2 nodes as inactive
2026-01-15 15:01:35.166 [taskScheduler-3] INFO  c.q.federated.service.FederatedCoordinatorService - Marked 2 nodes as inactive
2026-01-15 15:01:40.183 [taskScheduler-3] INFO  c.q.federated.service.FederatedCoordinatorService - Marked 2 nodes as inactive
2026-01-15 15:01:45.203 [taskScheduler-3] INFO  c.q.federated.service.FederatedCoordinatorService - Marked 2 nodes as inactive
2026-01-15 15:01:50.220 [taskScheduler-3] INFO  c.q.federated.service.FederatedCoordinatorService - Marked 2 nodes as inactive
2026-01-15 15:01:55.230 [taskScheduler-3] INFO  c.q.federated.service.FederatedCoordinatorService - Marked 2 nodes as inactive
2026-01-15 15:01:56.647 [http-nio-8081-exec-9] INFO  com.qczy.filter.JwtAuthenticationTokenFilter - checking username:admin
2026-01-15 15:01:56.658 [http-nio-8081-exec-9] INFO  com.qczy.filter.JwtAuthenticationTokenFilter - authenticated user:admin
2026-01-15 15:01:56.660 [http-nio-8081-exec-9] INFO  com.qczy.controller.user.UserController - token->Bearer eyJhbGciOiJIUzUxMiJ9.eyJzdWIiOiJhZG1pbiIsImNyZWF0ZWQiOjE3Njg0NTQ5NDk4NDEsImV4cCI6MTc2OTA1OTc0OX0.vx4auqsOlTy7E-E1Ye8IiYiNM-02DjEHPZjGUhpMBwWzmGiCo7SvHCGKVFGvcQ2ncdiikGOQr3XdCwBeddcq-A
2026-01-15 15:01:56.681 [http-nio-8081-exec-10] INFO  com.qczy.filter.JwtAuthenticationTokenFilter - checking username:admin
2026-01-15 15:01:56.687 [http-nio-8081-exec-10] INFO  com.qczy.filter.JwtAuthenticationTokenFilter - authenticated user:admin
2026-01-15 15:01:56.688 [http-nio-8081-exec-10] INFO  com.qczy.controller.user.UserController - token->Bearer eyJhbGciOiJIUzUxMiJ9.eyJzdWIiOiJhZG1pbiIsImNyZWF0ZWQiOjE3Njg0NTQ5NDk4NDEsImV4cCI6MTc2OTA1OTc0OX0.vx4auqsOlTy7E-E1Ye8IiYiNM-02DjEHPZjGUhpMBwWzmGiCo7SvHCGKVFGvcQ2ncdiikGOQr3XdCwBeddcq-A
2026-01-15 15:01:56.693 [http-nio-8081-exec-10] INFO  com.qczy.controller.user.UserController - username->admin
2026-01-15 15:02:00.241 [taskScheduler-3] INFO  c.q.federated.service.FederatedCoordinatorService - Marked 2 nodes as inactive
2026-01-15 15:02:05.251 [taskScheduler-3] INFO  c.q.federated.service.FederatedCoordinatorService - Marked 2 nodes as inactive
2026-01-15 15:02:10.262 [taskScheduler-3] INFO  c.q.federated.service.FederatedCoordinatorService - Marked 2 nodes as inactive
2026-01-15 15:02:15.272 [taskScheduler-3] INFO  c.q.federated.service.FederatedCoordinatorService - Marked 2 nodes as inactive
2026-01-15 15:02:20.285 [taskScheduler-3] INFO  c.q.federated.service.FederatedCoordinatorService - Marked 2 nodes as inactive
2026-01-15 15:02:25.297 [taskScheduler-3] INFO  c.q.federated.service.FederatedCoordinatorService - Marked 2 nodes as inactive
2026-01-15 15:02:30.316 [taskScheduler-3] INFO  c.q.federated.service.FederatedCoordinatorService - Marked 2 nodes as inactive
2026-01-15 15:02:35.327 [taskScheduler-3] INFO  c.q.federated.service.FederatedCoordinatorService - Marked 2 nodes as inactive
2026-01-15 15:02:40.338 [taskScheduler-3] INFO  c.q.federated.service.FederatedCoordinatorService - Marked 2 nodes as inactive
2026-01-15 15:02:45.350 [taskScheduler-3] INFO  c.q.federated.service.FederatedCoordinatorService - Marked 2 nodes as inactive
2026-01-15 15:02:47.973 [http-nio-8081-exec-8] INFO  com.qczy.filter.JwtAuthenticationTokenFilter - checking username:admin
2026-01-15 15:02:47.976 [http-nio-8081-exec-8] INFO  com.qczy.filter.JwtAuthenticationTokenFilter - authenticated user:admin
2026-01-15 15:02:47.976 [http-nio-8081-exec-8] INFO  com.qczy.controller.user.UserController - token->Bearer eyJhbGciOiJIUzUxMiJ9.eyJzdWIiOiJhZG1pbiIsImNyZWF0ZWQiOjE3Njg0NTQ5NDk4NDEsImV4cCI6MTc2OTA1OTc0OX0.vx4auqsOlTy7E-E1Ye8IiYiNM-02DjEHPZjGUhpMBwWzmGiCo7SvHCGKVFGvcQ2ncdiikGOQr3XdCwBeddcq-A
2026-01-15 15:02:47.998 [http-nio-8081-exec-3] INFO  com.qczy.filter.JwtAuthenticationTokenFilter - checking username:admin
2026-01-15 15:02:48.003 [http-nio-8081-exec-3] INFO  com.qczy.filter.JwtAuthenticationTokenFilter - authenticated user:admin
2026-01-15 15:02:48.004 [http-nio-8081-exec-3] INFO  com.qczy.controller.user.UserController - token->Bearer eyJhbGciOiJIUzUxMiJ9.eyJzdWIiOiJhZG1pbiIsImNyZWF0ZWQiOjE3Njg0NTQ5NDk4NDEsImV4cCI6MTc2OTA1OTc0OX0.vx4auqsOlTy7E-E1Ye8IiYiNM-02DjEHPZjGUhpMBwWzmGiCo7SvHCGKVFGvcQ2ncdiikGOQr3XdCwBeddcq-A
2026-01-15 15:02:48.006 [http-nio-8081-exec-3] INFO  com.qczy.controller.user.UserController - username->admin
2026-01-15 15:02:50.367 [taskScheduler-3] INFO  c.q.federated.service.FederatedCoordinatorService - Marked 2 nodes as inactive
2026-01-15 15:02:55.383 [taskScheduler-3] INFO  c.q.federated.service.FederatedCoordinatorService - Marked 2 nodes as inactive
2026-01-15 15:03:00.399 [taskScheduler-3] INFO  c.q.federated.service.FederatedCoordinatorService - Marked 2 nodes as inactive
2026-01-15 15:03:05.414 [taskScheduler-3] INFO  c.q.federated.service.FederatedCoordinatorService - Marked 2 nodes as inactive
2026-01-15 15:03:10.426 [taskScheduler-3] INFO  c.q.federated.service.FederatedCoordinatorService - Marked 2 nodes as inactive
2026-01-15 15:03:14.442 [http-nio-8081-exec-6] INFO  com.qczy.filter.JwtAuthenticationTokenFilter - checking username:admin
2026-01-15 15:03:14.445 [http-nio-8081-exec-6] INFO  com.qczy.filter.JwtAuthenticationTokenFilter - authenticated user:admin
2026-01-15 15:03:14.446 [http-nio-8081-exec-6] INFO  com.qczy.controller.user.UserController - token->Bearer eyJhbGciOiJIUzUxMiJ9.eyJzdWIiOiJhZG1pbiIsImNyZWF0ZWQiOjE3Njg0NTQ5NDk4NDEsImV4cCI6MTc2OTA1OTc0OX0.vx4auqsOlTy7E-E1Ye8IiYiNM-02DjEHPZjGUhpMBwWzmGiCo7SvHCGKVFGvcQ2ncdiikGOQr3XdCwBeddcq-A
2026-01-15 15:03:14.474 [http-nio-8081-exec-4] INFO  com.qczy.filter.JwtAuthenticationTokenFilter - checking username:admin
2026-01-15 15:03:14.476 [http-nio-8081-exec-4] INFO  com.qczy.filter.JwtAuthenticationTokenFilter - authenticated user:admin
2026-01-15 15:03:14.477 [http-nio-8081-exec-4] INFO  com.qczy.controller.user.UserController - token->Bearer eyJhbGciOiJIUzUxMiJ9.eyJzdWIiOiJhZG1pbiIsImNyZWF0ZWQiOjE3Njg0NTQ5NDk4NDEsImV4cCI6MTc2OTA1OTc0OX0.vx4auqsOlTy7E-E1Ye8IiYiNM-02DjEHPZjGUhpMBwWzmGiCo7SvHCGKVFGvcQ2ncdiikGOQr3XdCwBeddcq-A
2026-01-15 15:03:14.479 [http-nio-8081-exec-4] INFO  com.qczy.controller.user.UserController - username->admin
2026-01-15 15:03:15.439 [taskScheduler-3] INFO  c.q.federated.service.FederatedCoordinatorService - Marked 2 nodes as inactive
2026-01-15 15:03:20.451 [taskScheduler-3] INFO  c.q.federated.service.FederatedCoordinatorService - Marked 2 nodes as inactive
2026-01-15 15:03:25.461 [taskScheduler-3] INFO  c.q.federated.service.FederatedCoordinatorService - Marked 2 nodes as inactive
2026-01-15 15:03:30.471 [taskScheduler-3] INFO  c.q.federated.service.FederatedCoordinatorService - Marked 2 nodes as inactive
2026-01-15 15:03:35.490 [taskScheduler-3] INFO  c.q.federated.service.FederatedCoordinatorService - Marked 2 nodes as inactive
2026-01-15 15:03:40.504 [taskScheduler-3] INFO  c.q.federated.service.FederatedCoordinatorService - Marked 2 nodes as inactive
2026-01-15 15:03:45.518 [taskScheduler-3] INFO  c.q.federated.service.FederatedCoordinatorService - Marked 2 nodes as inactive
2026-01-15 15:03:50.534 [taskScheduler-3] INFO  c.q.federated.service.FederatedCoordinatorService - Marked 2 nodes as inactive
2026-01-15 15:03:55.550 [taskScheduler-3] INFO  c.q.federated.service.FederatedCoordinatorService - Marked 2 nodes as inactive
2026-01-15 15:04:00.560 [taskScheduler-3] INFO  c.q.federated.service.FederatedCoordinatorService - Marked 2 nodes as inactive
2026-01-15 15:04:05.579 [taskScheduler-3] INFO  c.q.federated.service.FederatedCoordinatorService - Marked 2 nodes as inactive
2026-01-15 15:04:10.596 [taskScheduler-3] INFO  c.q.federated.service.FederatedCoordinatorService - Marked 2 nodes as inactive
2026-01-15 15:04:15.612 [taskScheduler-3] INFO  c.q.federated.service.FederatedCoordinatorService - Marked 2 nodes as inactive
2026-01-15 15:04:20.632 [taskScheduler-3] INFO  c.q.federated.service.FederatedCoordinatorService - Marked 2 nodes as inactive
2026-01-15 15:04:25.647 [taskScheduler-3] INFO  c.q.federated.service.FederatedCoordinatorService - Marked 2 nodes as inactive
2026-01-15 15:04:30.664 [taskScheduler-3] INFO  c.q.federated.service.FederatedCoordinatorService - Marked 2 nodes as inactive
2026-01-15 15:04:35.681 [taskScheduler-3] INFO  c.q.federated.service.FederatedCoordinatorService - Marked 2 nodes as inactive
2026-01-15 15:04:40.688 [taskScheduler-3] INFO  c.q.federated.service.FederatedCoordinatorService - Marked 2 nodes as inactive
2026-01-15 15:04:45.706 [taskScheduler-3] INFO  c.q.federated.service.FederatedCoordinatorService - Marked 2 nodes as inactive
2026-01-15 15:04:50.712 [taskScheduler-3] INFO  c.q.federated.service.FederatedCoordinatorService - Marked 2 nodes as inactive
2026-01-15 15:04:55.720 [taskScheduler-3] INFO  c.q.federated.service.FederatedCoordinatorService - Marked 2 nodes as inactive
2026-01-15 15:05:00.727 [taskScheduler-3] INFO  c.q.federated.service.FederatedCoordinatorService - Marked 2 nodes as inactive
2026-01-15 15:05:05.738 [taskScheduler-3] INFO  c.q.federated.service.FederatedCoordinatorService - Marked 2 nodes as inactive
2026-01-15 15:05:10.754 [taskScheduler-3] INFO  c.q.federated.service.FederatedCoordinatorService - Marked 2 nodes as inactive
2026-01-15 15:05:15.762 [taskScheduler-3] INFO  c.q.federated.service.FederatedCoordinatorService - Marked 2 nodes as inactive
2026-01-15 15:05:20.769 [taskScheduler-3] INFO  c.q.federated.service.FederatedCoordinatorService - Marked 2 nodes as inactive
2026-01-15 15:05:25.778 [taskScheduler-3] INFO  c.q.federated.service.FederatedCoordinatorService - Marked 2 nodes as inactive
2026-01-15 15:05:30.794 [taskScheduler-3] INFO  c.q.federated.service.FederatedCoordinatorService - Marked 2 nodes as inactive
2026-01-15 15:05:35.812 [taskScheduler-3] INFO  c.q.federated.service.FederatedCoordinatorService - Marked 2 nodes as inactive
2026-01-15 15:05:40.823 [taskScheduler-3] INFO  c.q.federated.service.FederatedCoordinatorService - Marked 2 nodes as inactive
2026-01-15 15:05:45.837 [taskScheduler-3] INFO  c.q.federated.service.FederatedCoordinatorService - Marked 2 nodes as inactive
2026-01-15 15:05:50.845 [taskScheduler-3] INFO  c.q.federated.service.FederatedCoordinatorService - Marked 2 nodes as inactive
2026-01-15 15:05:55.861 [taskScheduler-3] INFO  c.q.federated.service.FederatedCoordinatorService - Marked 2 nodes as inactive
2026-01-15 15:06:00.882 [taskScheduler-3] INFO  c.q.federated.service.FederatedCoordinatorService - Marked 2 nodes as inactive
2026-01-15 15:06:02.941 [http-nio-8081-exec-5] INFO  com.qczy.filter.JwtAuthenticationTokenFilter - checking username:admin
2026-01-15 15:06:02.946 [http-nio-8081-exec-5] INFO  com.qczy.filter.JwtAuthenticationTokenFilter - authenticated user:admin
2026-01-15 15:06:02.948 [http-nio-8081-exec-5] INFO  com.qczy.controller.user.UserController - token->Bearer eyJhbGciOiJIUzUxMiJ9.eyJzdWIiOiJhZG1pbiIsImNyZWF0ZWQiOjE3Njg0NTQ5NDk4NDEsImV4cCI6MTc2OTA1OTc0OX0.vx4auqsOlTy7E-E1Ye8IiYiNM-02DjEHPZjGUhpMBwWzmGiCo7SvHCGKVFGvcQ2ncdiikGOQr3XdCwBeddcq-A
2026-01-15 15:06:02.972 [http-nio-8081-exec-2] INFO  com.qczy.filter.JwtAuthenticationTokenFilter - checking username:admin
2026-01-15 15:06:02.976 [http-nio-8081-exec-2] INFO  com.qczy.filter.JwtAuthenticationTokenFilter - authenticated user:admin
2026-01-15 15:06:02.977 [http-nio-8081-exec-2] INFO  com.qczy.controller.user.UserController - token->Bearer eyJhbGciOiJIUzUxMiJ9.eyJzdWIiOiJhZG1pbiIsImNyZWF0ZWQiOjE3Njg0NTQ5NDk4NDEsImV4cCI6MTc2OTA1OTc0OX0.vx4auqsOlTy7E-E1Ye8IiYiNM-02DjEHPZjGUhpMBwWzmGiCo7SvHCGKVFGvcQ2ncdiikGOQr3XdCwBeddcq-A
2026-01-15 15:06:02.981 [http-nio-8081-exec-2] INFO  com.qczy.controller.user.UserController - username->admin
2026-01-15 15:06:05.889 [taskScheduler-3] INFO  c.q.federated.service.FederatedCoordinatorService - Marked 2 nodes as inactive
2026-01-15 15:06:10.902 [taskScheduler-3] INFO  c.q.federated.service.FederatedCoordinatorService - Marked 2 nodes as inactive
2026-01-15 15:06:15.916 [taskScheduler-3] INFO  c.q.federated.service.FederatedCoordinatorService - Marked 2 nodes as inactive
2026-01-15 15:06:20.937 [taskScheduler-3] INFO  c.q.federated.service.FederatedCoordinatorService - Marked 2 nodes as inactive
2026-01-15 15:06:24.016 [http-nio-8081-exec-7] INFO  com.qczy.filter.JwtAuthenticationTokenFilter - checking username:admin
2026-01-15 15:06:24.020 [http-nio-8081-exec-7] INFO  com.qczy.filter.JwtAuthenticationTokenFilter - authenticated user:admin
2026-01-15 15:06:24.022 [http-nio-8081-exec-7] INFO  com.qczy.controller.user.UserController - token->Bearer eyJhbGciOiJIUzUxMiJ9.eyJzdWIiOiJhZG1pbiIsImNyZWF0ZWQiOjE3Njg0NTQ5NDk4NDEsImV4cCI6MTc2OTA1OTc0OX0.vx4auqsOlTy7E-E1Ye8IiYiNM-02DjEHPZjGUhpMBwWzmGiCo7SvHCGKVFGvcQ2ncdiikGOQr3XdCwBeddcq-A
2026-01-15 15:06:24.031 [http-nio-8081-exec-9] INFO  com.qczy.filter.JwtAuthenticationTokenFilter - checking username:admin
2026-01-15 15:06:24.038 [http-nio-8081-exec-9] INFO  com.qczy.filter.JwtAuthenticationTokenFilter - authenticated user:admin
2026-01-15 15:06:24.038 [http-nio-8081-exec-9] INFO  com.qczy.controller.user.UserController - token->Bearer eyJhbGciOiJIUzUxMiJ9.eyJzdWIiOiJhZG1pbiIsImNyZWF0ZWQiOjE3Njg0NTQ5NDk4NDEsImV4cCI6MTc2OTA1OTc0OX0.vx4auqsOlTy7E-E1Ye8IiYiNM-02DjEHPZjGUhpMBwWzmGiCo7SvHCGKVFGvcQ2ncdiikGOQr3XdCwBeddcq-A
2026-01-15 15:06:24.044 [http-nio-8081-exec-9] INFO  com.qczy.controller.user.UserController - username->admin
2026-01-15 15:06:25.954 [taskScheduler-3] INFO  c.q.federated.service.FederatedCoordinatorService - Marked 2 nodes as inactive
2026-01-15 15:06:30.960 [taskScheduler-3] INFO  c.q.federated.service.FederatedCoordinatorService - Marked 2 nodes as inactive
2026-01-15 15:06:35.973 [taskScheduler-3] INFO  c.q.federated.service.FederatedCoordinatorService - Marked 2 nodes as inactive
2026-01-15 15:06:40.976 [taskScheduler-3] INFO  c.q.federated.service.FederatedCoordinatorService - Marked 2 nodes as inactive
2026-01-15 15:06:45.995 [taskScheduler-3] INFO  c.q.federated.service.FederatedCoordinatorService - Marked 2 nodes as inactive
2026-01-15 15:06:51.015 [taskScheduler-3] INFO  c.q.federated.service.FederatedCoordinatorService - Marked 2 nodes as inactive
2026-01-15 15:06:56.025 [taskScheduler-3] INFO  c.q.federated.service.FederatedCoordinatorService - Marked 2 nodes as inactive
2026-01-15 15:07:01.040 [taskScheduler-3] INFO  c.q.federated.service.FederatedCoordinatorService - Marked 2 nodes as inactive
2026-01-15 15:07:06.050 [taskScheduler-3] INFO  c.q.federated.service.FederatedCoordinatorService - Marked 2 nodes as inactive
2026-01-15 15:07:11.082 [taskScheduler-3] INFO  c.q.federated.service.FederatedCoordinatorService - Marked 2 nodes as inactive
2026-01-15 15:07:16.093 [taskScheduler-3] INFO  c.q.federated.service.FederatedCoordinatorService - Marked 2 nodes as inactive
2026-01-15 15:07:21.108 [taskScheduler-3] INFO  c.q.federated.service.FederatedCoordinatorService - Marked 2 nodes as inactive
2026-01-15 15:07:24.153 [http-nio-8081-exec-1] INFO  com.qczy.filter.JwtAuthenticationTokenFilter - checking username:admin
2026-01-15 15:07:24.153 [http-nio-8081-exec-4] INFO  com.qczy.filter.JwtAuthenticationTokenFilter - checking username:admin
2026-01-15 15:07:24.159 [http-nio-8081-exec-2] INFO  com.qczy.filter.JwtAuthenticationTokenFilter - checking username:admin
2026-01-15 15:07:24.159 [http-nio-8081-exec-5] INFO  com.qczy.filter.JwtAuthenticationTokenFilter - checking username:admin
2026-01-15 15:07:24.160 [http-nio-8081-exec-4] INFO  com.qczy.filter.JwtAuthenticationTokenFilter - authenticated user:admin
2026-01-15 15:07:24.160 [http-nio-8081-exec-1] INFO  com.qczy.filter.JwtAuthenticationTokenFilter - authenticated user:admin
2026-01-15 15:07:24.162 [http-nio-8081-exec-2] INFO  com.qczy.filter.JwtAuthenticationTokenFilter - authenticated user:admin
2026-01-15 15:07:24.187 [http-nio-8081-exec-5] INFO  com.qczy.filter.JwtAuthenticationTokenFilter - authenticated user:admin
2026-01-15 15:07:26.120 [taskScheduler-3] INFO  c.q.federated.service.FederatedCoordinatorService - Marked 2 nodes as inactive
2026-01-15 15:07:26.884 [http-nio-8081-exec-8] INFO  com.qczy.filter.JwtAuthenticationTokenFilter - checking username:admin
2026-01-15 15:07:26.885 [http-nio-8081-exec-6] INFO  com.qczy.filter.JwtAuthenticationTokenFilter - checking username:admin
2026-01-15 15:07:26.885 [http-nio-8081-exec-3] INFO  com.qczy.filter.JwtAuthenticationTokenFilter - checking username:admin
2026-01-15 15:07:26.890 [http-nio-8081-exec-8] INFO  com.qczy.filter.JwtAuthenticationTokenFilter - authenticated user:admin
2026-01-15 15:07:26.891 [http-nio-8081-exec-3] INFO  com.qczy.filter.JwtAuthenticationTokenFilter - authenticated user:admin
2026-01-15 15:07:26.891 [http-nio-8081-exec-6] INFO  com.qczy.filter.JwtAuthenticationTokenFilter - authenticated user:admin
2026-01-15 15:07:31.127 [taskScheduler-3] INFO  c.q.federated.service.FederatedCoordinatorService - Marked 2 nodes as inactive
2026-01-15 15:07:36.138 [taskScheduler-3] INFO  c.q.federated.service.FederatedCoordinatorService - Marked 2 nodes as inactive
2026-01-15 15:07:37.736 [http-nio-8081-exec-4] INFO  com.qczy.filter.JwtAuthenticationTokenFilter - checking username:admin
2026-01-15 15:07:37.736 [http-nio-8081-exec-1] INFO  com.qczy.filter.JwtAuthenticationTokenFilter - checking username:admin
2026-01-15 15:07:37.742 [http-nio-8081-exec-1] INFO  com.qczy.filter.JwtAuthenticationTokenFilter - authenticated user:admin
2026-01-15 15:07:37.742 [http-nio-8081-exec-4] INFO  com.qczy.filter.JwtAuthenticationTokenFilter - authenticated user:admin
2026-01-15 15:07:41.150 [taskScheduler-3] INFO  c.q.federated.service.FederatedCoordinatorService - Marked 2 nodes as inactive
2026-01-15 15:07:42.727 [http-nio-8081-exec-7] INFO  com.qczy.filter.JwtAuthenticationTokenFilter - checking username:admin
2026-01-15 15:07:42.731 [http-nio-8081-exec-7] INFO  com.qczy.filter.JwtAuthenticationTokenFilter - authenticated user:admin
2026-01-15 15:07:46.157 [taskScheduler-3] INFO  c.q.federated.service.FederatedCoordinatorService - Marked 2 nodes as inactive
2026-01-15 15:07:47.734 [http-nio-8081-exec-10] INFO  com.qczy.filter.JwtAuthenticationTokenFilter - checking username:admin
2026-01-15 15:07:47.734 [http-nio-8081-exec-9] INFO  com.qczy.filter.JwtAuthenticationTokenFilter - checking username:admin
2026-01-15 15:07:47.737 [http-nio-8081-exec-9] INFO  com.qczy.filter.JwtAuthenticationTokenFilter - authenticated user:admin
2026-01-15 15:07:47.737 [http-nio-8081-exec-10] INFO  com.qczy.filter.JwtAuthenticationTokenFilter - authenticated user:admin
2026-01-15 15:07:51.176 [taskScheduler-3] INFO  c.q.federated.service.FederatedCoordinatorService - Marked 2 nodes as inactive
2026-01-15 15:07:52.729 [http-nio-8081-exec-3] INFO  com.qczy.filter.JwtAuthenticationTokenFilter - checking username:admin
2026-01-15 15:07:52.737 [http-nio-8081-exec-3] INFO  com.qczy.filter.JwtAuthenticationTokenFilter - authenticated user:admin
2026-01-15 15:07:56.194 [taskScheduler-3] INFO  c.q.federated.service.FederatedCoordinatorService - Marked 2 nodes as inactive
2026-01-15 15:07:57.734 [http-nio-8081-exec-8] INFO  com.qczy.filter.JwtAuthenticationTokenFilter - checking username:admin
2026-01-15 15:07:57.734 [http-nio-8081-exec-6] INFO  com.qczy.filter.JwtAuthenticationTokenFilter - checking username:admin
2026-01-15 15:07:57.737 [http-nio-8081-exec-6] INFO  com.qczy.filter.JwtAuthenticationTokenFilter - authenticated user:admin
2026-01-15 15:07:57.737 [http-nio-8081-exec-8] INFO  com.qczy.filter.JwtAuthenticationTokenFilter - authenticated user:admin
2026-01-15 15:08:01.206 [taskScheduler-3] INFO  c.q.federated.service.FederatedCoordinatorService - Marked 2 nodes as inactive
2026-01-15 15:08:02.728 [http-nio-8081-exec-5] INFO  com.qczy.filter.JwtAuthenticationTokenFilter - checking username:admin
2026-01-15 15:08:02.730 [http-nio-8081-exec-5] INFO  com.qczy.filter.JwtAuthenticationTokenFilter - authenticated user:admin
2026-01-15 15:08:06.225 [taskScheduler-3] INFO  c.q.federated.service.FederatedCoordinatorService - Marked 2 nodes as inactive
2026-01-15 15:08:07.727 [http-nio-8081-exec-2] INFO  com.qczy.filter.JwtAuthenticationTokenFilter - checking username:admin
2026-01-15 15:08:07.727 [http-nio-8081-exec-1] INFO  com.qczy.filter.JwtAuthenticationTokenFilter - checking username:admin
2026-01-15 15:08:07.731 [http-nio-8081-exec-1] INFO  com.qczy.filter.JwtAuthenticationTokenFilter - authenticated user:admin
2026-01-15 15:08:07.731 [http-nio-8081-exec-2] INFO  com.qczy.filter.JwtAuthenticationTokenFilter - authenticated user:admin
2026-01-15 15:08:11.240 [taskScheduler-3] INFO  c.q.federated.service.FederatedCoordinatorService - Marked 2 nodes as inactive
2026-01-15 15:08:12.724 [http-nio-8081-exec-4] INFO  com.qczy.filter.JwtAuthenticationTokenFilter - checking username:admin
2026-01-15 15:08:12.724 [http-nio-8081-exec-4] INFO  com.qczy.filter.JwtAuthenticationTokenFilter - authenticated user:admin
2026-01-15 15:08:16.249 [taskScheduler-3] INFO  c.q.federated.service.FederatedCoordinatorService - Marked 2 nodes as inactive
2026-01-15 15:08:17.726 [http-nio-8081-exec-7] INFO  com.qczy.filter.JwtAuthenticationTokenFilter - checking username:admin
2026-01-15 15:08:17.726 [http-nio-8081-exec-9] INFO  com.qczy.filter.JwtAuthenticationTokenFilter - checking username:admin
2026-01-15 15:08:17.726 [http-nio-8081-exec-9] INFO  com.qczy.filter.JwtAuthenticationTokenFilter - authenticated user:admin
2026-01-15 15:08:17.726 [http-nio-8081-exec-7] INFO  com.qczy.filter.JwtAuthenticationTokenFilter - authenticated user:admin
2026-01-15 15:08:21.261 [taskScheduler-3] INFO  c.q.federated.service.FederatedCoordinatorService - Marked 2 nodes as inactive
2026-01-15 15:08:22.736 [http-nio-8081-exec-10] INFO  com.qczy.filter.JwtAuthenticationTokenFilter - checking username:admin
2026-01-15 15:08:22.739 [http-nio-8081-exec-10] INFO  com.qczy.filter.JwtAuthenticationTokenFilter - authenticated user:admin
2026-01-15 15:08:26.273 [taskScheduler-3] INFO  c.q.federated.service.FederatedCoordinatorService - Marked 2 nodes as inactive
2026-01-15 15:08:27.738 [http-nio-8081-exec-6] INFO  com.qczy.filter.JwtAuthenticationTokenFilter - checking username:admin
2026-01-15 15:08:27.738 [http-nio-8081-exec-8] INFO  com.qczy.filter.JwtAuthenticationTokenFilter - checking username:admin
2026-01-15 15:08:27.741 [http-nio-8081-exec-6] INFO  com.qczy.filter.JwtAuthenticationTokenFilter - authenticated user:admin
2026-01-15 15:08:27.741 [http-nio-8081-exec-8] INFO  com.qczy.filter.JwtAuthenticationTokenFilter - authenticated user:admin
2026-01-15 15:08:31.279 [taskScheduler-3] INFO  c.q.federated.service.FederatedCoordinatorService - Marked 2 nodes as inactive
2026-01-15 15:08:32.725 [http-nio-8081-exec-2] INFO  com.qczy.filter.JwtAuthenticationTokenFilter - checking username:admin
2026-01-15 15:08:32.728 [http-nio-8081-exec-2] INFO  com.qczy.filter.JwtAuthenticationTokenFilter - authenticated user:admin
2026-01-15 15:08:36.288 [taskScheduler-3] INFO  c.q.federated.service.FederatedCoordinatorService - Marked 2 nodes as inactive
2026-01-15 15:08:37.739 [http-nio-8081-exec-1] INFO  com.qczy.filter.JwtAuthenticationTokenFilter - checking username:admin
2026-01-15 15:08:37.739 [http-nio-8081-exec-4] INFO  com.qczy.filter.JwtAuthenticationTokenFilter - checking username:admin
2026-01-15 15:08:37.741 [http-nio-8081-exec-4] INFO  com.qczy.filter.JwtAuthenticationTokenFilter - authenticated user:admin
2026-01-15 15:08:37.742 [http-nio-8081-exec-1] INFO  com.qczy.filter.JwtAuthenticationTokenFilter - authenticated user:admin
2026-01-15 15:08:41.302 [taskScheduler-3] INFO  c.q.federated.service.FederatedCoordinatorService - Marked 2 nodes as inactive
2026-01-15 15:08:42.736 [http-nio-8081-exec-7] INFO  com.qczy.filter.JwtAuthenticationTokenFilter - checking username:admin
2026-01-15 15:08:42.738 [http-nio-8081-exec-7] INFO  com.qczy.filter.JwtAuthenticationTokenFilter - authenticated user:admin
2026-01-15 15:08:46.322 [taskScheduler-3] INFO  c.q.federated.service.FederatedCoordinatorService - Marked 2 nodes as inactive
2026-01-15 15:08:47.724 [http-nio-8081-exec-10] INFO  com.qczy.filter.JwtAuthenticationTokenFilter - checking username:admin
2026-01-15 15:08:47.724 [http-nio-8081-exec-9] INFO  com.qczy.filter.JwtAuthenticationTokenFilter - checking username:admin
2026-01-15 15:08:47.726 [http-nio-8081-exec-10] INFO  com.qczy.filter.JwtAuthenticationTokenFilter - authenticated user:admin
2026-01-15 15:08:47.726 [http-nio-8081-exec-9] INFO  com.qczy.filter.JwtAuthenticationTokenFilter - authenticated user:admin
2026-01-15 15:08:51.339 [taskScheduler-3] INFO  c.q.federated.service.FederatedCoordinatorService - Marked 2 nodes as inactive
2026-01-15 15:08:52.724 [http-nio-8081-exec-3] INFO  com.qczy.filter.JwtAuthenticationTokenFilter - checking username:admin
2026-01-15 15:08:52.724 [http-nio-8081-exec-3] INFO  com.qczy.filter.JwtAuthenticationTokenFilter - authenticated user:admin
2026-01-15 15:08:56.347 [taskScheduler-3] INFO  c.q.federated.service.FederatedCoordinatorService - Marked 2 nodes as inactive
2026-01-15 15:08:57.725 [http-nio-8081-exec-6] INFO  com.qczy.filter.JwtAuthenticationTokenFilter - checking username:admin
2026-01-15 15:08:57.725 [http-nio-8081-exec-8] INFO  com.qczy.filter.JwtAuthenticationTokenFilter - checking username:admin
2026-01-15 15:08:57.725 [http-nio-8081-exec-6] INFO  com.qczy.filter.JwtAuthenticationTokenFilter - authenticated user:admin
2026-01-15 15:08:57.725 [http-nio-8081-exec-8] INFO  com.qczy.filter.JwtAuthenticationTokenFilter - authenticated user:admin
2026-01-15 15:09:01.354 [taskScheduler-3] INFO  c.q.federated.service.FederatedCoordinatorService - Marked 2 nodes as inactive
2026-01-15 15:09:02.729 [http-nio-8081-exec-5] INFO  com.qczy.filter.JwtAuthenticationTokenFilter - checking username:admin
2026-01-15 15:09:02.732 [http-nio-8081-exec-5] INFO  com.qczy.filter.JwtAuthenticationTokenFilter - authenticated user:admin
2026-01-15 15:09:06.369 [taskScheduler-3] INFO  c.q.federated.service.FederatedCoordinatorService - Marked 2 nodes as inactive
2026-01-15 15:09:07.738 [http-nio-8081-exec-2] INFO  com.qczy.filter.JwtAuthenticationTokenFilter - checking username:admin
2026-01-15 15:09:07.738 [http-nio-8081-exec-1] INFO  com.qczy.filter.JwtAuthenticationTokenFilter - checking username:admin
2026-01-15 15:09:07.738 [http-nio-8081-exec-2] INFO  com.qczy.filter.JwtAuthenticationTokenFilter - authenticated user:admin
2026-01-15 15:09:07.738 [http-nio-8081-exec-1] INFO  com.qczy.filter.JwtAuthenticationTokenFilter - authenticated user:admin
2026-01-15 15:09:11.390 [taskScheduler-3] INFO  c.q.federated.service.FederatedCoordinatorService - Marked 2 nodes as inactive
2026-01-15 15:09:12.739 [http-nio-8081-exec-4] INFO  com.qczy.filter.JwtAuthenticationTokenFilter - checking username:admin
2026-01-15 15:09:12.742 [http-nio-8081-exec-4] INFO  com.qczy.filter.JwtAuthenticationTokenFilter - authenticated user:admin
2026-01-15 15:09:16.402 [taskScheduler-3] INFO  c.q.federated.service.FederatedCoordinatorService - Marked 2 nodes as inactive
2026-01-15 15:09:17.727 [http-nio-8081-exec-10] INFO  com.qczy.filter.JwtAuthenticationTokenFilter - checking username:admin
2026-01-15 15:09:17.728 [http-nio-8081-exec-7] INFO  com.qczy.filter.JwtAuthenticationTokenFilter - checking username:admin
2026-01-15 15:09:17.730 [http-nio-8081-exec-7] INFO  com.qczy.filter.JwtAuthenticationTokenFilter - authenticated user:admin
2026-01-15 15:09:17.731 [http-nio-8081-exec-10] INFO  com.qczy.filter.JwtAuthenticationTokenFilter - authenticated user:admin
2026-01-15 15:09:21.411 [taskScheduler-3] INFO  c.q.federated.service.FederatedCoordinatorService - Marked 2 nodes as inactive
2026-01-15 15:09:22.734 [http-nio-8081-exec-9] INFO  com.qczy.filter.JwtAuthenticationTokenFilter - checking username:admin
2026-01-15 15:09:22.736 [http-nio-8081-exec-9] INFO  com.qczy.filter.JwtAuthenticationTokenFilter - authenticated user:admin
2026-01-15 15:09:26.426 [taskScheduler-3] INFO  c.q.federated.service.FederatedCoordinatorService - Marked 2 nodes as inactive
2026-01-15 15:09:27.740 [http-nio-8081-exec-6] INFO  com.qczy.filter.JwtAuthenticationTokenFilter - checking username:admin
2026-01-15 15:09:27.740 [http-nio-8081-exec-3] INFO  com.qczy.filter.JwtAuthenticationTokenFilter - checking username:admin
2026-01-15 15:09:27.742 [http-nio-8081-exec-6] INFO  com.qczy.filter.JwtAuthenticationTokenFilter - authenticated user:admin
2026-01-15 15:09:27.742 [http-nio-8081-exec-3] INFO  com.qczy.filter.JwtAuthenticationTokenFilter - authenticated user:admin
2026-01-15 15:09:31.438 [taskScheduler-3] INFO  c.q.federated.service.FederatedCoordinatorService - Marked 2 nodes as inactive
2026-01-15 15:09:32.725 [http-nio-8081-exec-8] INFO  com.qczy.filter.JwtAuthenticationTokenFilter - checking username:admin
2026-01-15 15:09:32.728 [http-nio-8081-exec-8] INFO  com.qczy.filter.JwtAuthenticationTokenFilter - authenticated user:admin
2026-01-15 15:09:36.459 [taskScheduler-3] INFO  c.q.federated.service.FederatedCoordinatorService - Marked 2 nodes as inactive
2026-01-15 15:09:37.737 [http-nio-8081-exec-2] INFO  com.qczy.filter.JwtAuthenticationTokenFilter - checking username:admin
2026-01-15 15:09:37.737 [http-nio-8081-exec-5] INFO  com.qczy.filter.JwtAuthenticationTokenFilter - checking username:admin
2026-01-15 15:09:37.739 [http-nio-8081-exec-2] INFO  com.qczy.filter.JwtAuthenticationTokenFilter - authenticated user:admin
2026-01-15 15:09:37.739 [http-nio-8081-exec-5] INFO  com.qczy.filter.JwtAuthenticationTokenFilter - authenticated user:admin
2026-01-15 15:09:41.466 [taskScheduler-3] INFO  c.q.federated.service.FederatedCoordinatorService - Marked 2 nodes as inactive
2026-01-15 15:09:42.729 [http-nio-8081-exec-1] INFO  com.qczy.filter.JwtAuthenticationTokenFilter - checking username:admin
2026-01-15 15:09:42.731 [http-nio-8081-exec-1] INFO  com.qczy.filter.JwtAuthenticationTokenFilter - authenticated user:admin
2026-01-15 15:09:46.484 [taskScheduler-3] INFO  c.q.federated.service.FederatedCoordinatorService - Marked 2 nodes as inactive
2026-01-15 15:09:47.740 [http-nio-8081-exec-4] INFO  com.qczy.filter.JwtAuthenticationTokenFilter - checking username:admin
2026-01-15 15:09:47.740 [http-nio-8081-exec-7] INFO  com.qczy.filter.JwtAuthenticationTokenFilter - checking username:admin
2026-01-15 15:09:47.743 [http-nio-8081-exec-7] INFO  com.qczy.filter.JwtAuthenticationTokenFilter - authenticated user:admin
2026-01-15 15:09:47.743 [http-nio-8081-exec-4] INFO  com.qczy.filter.JwtAuthenticationTokenFilter - authenticated user:admin
2026-01-15 15:09:51.505 [taskScheduler-3] INFO  c.q.federated.service.FederatedCoordinatorService - Marked 2 nodes as inactive
2026-01-15 15:09:52.739 [http-nio-8081-exec-10] INFO  com.qczy.filter.JwtAuthenticationTokenFilter - checking username:admin
2026-01-15 15:09:52.742 [http-nio-8081-exec-10] INFO  com.qczy.filter.JwtAuthenticationTokenFilter - authenticated user:admin
2026-01-15 15:09:56.516 [taskScheduler-3] INFO  c.q.federated.service.FederatedCoordinatorService - Marked 2 nodes as inactive
2026-01-15 15:09:57.738 [http-nio-8081-exec-9] INFO  com.qczy.filter.JwtAuthenticationTokenFilter - checking username:admin
2026-01-15 15:09:57.738 [http-nio-8081-exec-3] INFO  com.qczy.filter.JwtAuthenticationTokenFilter - checking username:admin
2026-01-15 15:09:57.738 [http-nio-8081-exec-9] INFO  com.qczy.filter.JwtAuthenticationTokenFilter - authenticated user:admin
2026-01-15 15:09:57.738 [http-nio-8081-exec-3] INFO  com.qczy.filter.JwtAuthenticationTokenFilter - authenticated user:admin
2026-01-15 15:10:01.535 [taskScheduler-3] INFO  c.q.federated.service.FederatedCoordinatorService - Marked 2 nodes as inactive
2026-01-15 15:10:02.736 [http-nio-8081-exec-6] INFO  com.qczy.filter.JwtAuthenticationTokenFilter - checking username:admin
2026-01-15 15:10:02.739 [http-nio-8081-exec-6] INFO  com.qczy.filter.JwtAuthenticationTokenFilter - authenticated user:admin
2026-01-15 15:10:06.552 [taskScheduler-3] INFO  c.q.federated.service.FederatedCoordinatorService - Marked 2 nodes as inactive
2026-01-15 15:10:07.733 [http-nio-8081-exec-8] INFO  com.qczy.filter.JwtAuthenticationTokenFilter - checking username:admin
2026-01-15 15:10:07.733 [http-nio-8081-exec-2] INFO  com.qczy.filter.JwtAuthenticationTokenFilter - checking username:admin
2026-01-15 15:10:07.736 [http-nio-8081-exec-8] INFO  com.qczy.filter.JwtAuthenticationTokenFilter - authenticated user:admin
2026-01-15 15:10:07.736 [http-nio-8081-exec-2] INFO  com.qczy.filter.JwtAuthenticationTokenFilter - authenticated user:admin
2026-01-15 15:10:11.570 [taskScheduler-3] INFO  c.q.federated.service.FederatedCoordinatorService - Marked 2 nodes as inactive
2026-01-15 15:10:12.732 [http-nio-8081-exec-5] INFO  com.qczy.filter.JwtAuthenticationTokenFilter - checking username:admin
2026-01-15 15:10:12.734 [http-nio-8081-exec-5] INFO  com.qczy.filter.JwtAuthenticationTokenFilter - authenticated user:admin
2026-01-15 15:10:16.586 [taskScheduler-3] INFO  c.q.federated.service.FederatedCoordinatorService - Marked 2 nodes as inactive
2026-01-15 15:10:17.737 [http-nio-8081-exec-1] INFO  com.qczy.filter.JwtAuthenticationTokenFilter - checking username:admin
2026-01-15 15:10:17.737 [http-nio-8081-exec-7] INFO  com.qczy.filter.JwtAuthenticationTokenFilter - checking username:admin
2026-01-15 15:10:17.737 [http-nio-8081-exec-1] INFO  com.qczy.filter.JwtAuthenticationTokenFilter - authenticated user:admin
2026-01-15 15:10:17.737 [http-nio-8081-exec-7] INFO  com.qczy.filter.JwtAuthenticationTokenFilter - authenticated user:admin
2026-01-15 15:10:21.595 [taskScheduler-3] INFO  c.q.federated.service.FederatedCoordinatorService - Marked 2 nodes as inactive
2026-01-15 15:10:22.733 [http-nio-8081-exec-4] INFO  com.qczy.filter.JwtAuthenticationTokenFilter - checking username:admin
2026-01-15 15:10:22.736 [http-nio-8081-exec-4] INFO  com.qczy.filter.JwtAuthenticationTokenFilter - authenticated user:admin
2026-01-15 15:10:26.604 [taskScheduler-3] INFO  c.q.federated.service.FederatedCoordinatorService - Marked 2 nodes as inactive
2026-01-15 15:10:27.730 [http-nio-8081-exec-9] INFO  com.qczy.filter.JwtAuthenticationTokenFilter - checking username:admin
2026-01-15 15:10:27.730 [http-nio-8081-exec-10] INFO  com.qczy.filter.JwtAuthenticationTokenFilter - checking username:admin
2026-01-15 15:10:27.733 [http-nio-8081-exec-9] INFO  com.qczy.filter.JwtAuthenticationTokenFilter - authenticated user:admin
2026-01-15 15:10:27.733 [http-nio-8081-exec-10] INFO  com.qczy.filter.JwtAuthenticationTokenFilter - authenticated user:admin
2026-01-15 15:10:31.619 [taskScheduler-3] INFO  c.q.federated.service.FederatedCoordinatorService - Marked 2 nodes as inactive
2026-01-15 15:10:32.737 [http-nio-8081-exec-3] INFO  com.qczy.filter.JwtAuthenticationTokenFilter - checking username:admin
2026-01-15 15:10:32.737 [http-nio-8081-exec-3] INFO  com.qczy.filter.JwtAuthenticationTokenFilter - authenticated user:admin
2026-01-15 15:10:36.627 [taskScheduler-3] INFO  c.q.federated.service.FederatedCoordinatorService - Marked 2 nodes as inactive
2026-01-15 15:10:37.738 [http-nio-8081-exec-8] INFO  com.qczy.filter.JwtAuthenticationTokenFilter - checking username:admin
2026-01-15 15:10:37.738 [http-nio-8081-exec-6] INFO  com.qczy.filter.JwtAuthenticationTokenFilter - checking username:admin
2026-01-15 15:10:37.741 [http-nio-8081-exec-6] INFO  com.qczy.filter.JwtAuthenticationTokenFilter - authenticated user:admin
2026-01-15 15:10:37.741 [http-nio-8081-exec-8] INFO  com.qczy.filter.JwtAuthenticationTokenFilter - authenticated user:admin
2026-01-15 15:10:41.638 [taskScheduler-3] INFO  c.q.federated.service.FederatedCoordinatorService - Marked 2 nodes as inactive
2026-01-15 15:10:42.735 [http-nio-8081-exec-2] INFO  com.qczy.filter.JwtAuthenticationTokenFilter - checking username:admin
2026-01-15 15:10:42.739 [http-nio-8081-exec-2] INFO  com.qczy.filter.JwtAuthenticationTokenFilter - authenticated user:admin
2026-01-15 15:10:46.646 [taskScheduler-3] INFO  c.q.federated.service.FederatedCoordinatorService - Marked 2 nodes as inactive
2026-01-15 15:10:47.738 [http-nio-8081-exec-5] INFO  com.qczy.filter.JwtAuthenticationTokenFilter - checking username:admin
2026-01-15 15:10:47.739 [http-nio-8081-exec-1] INFO  com.qczy.filter.JwtAuthenticationTokenFilter - checking username:admin
2026-01-15 15:10:47.741 [http-nio-8081-exec-1] INFO  com.qczy.filter.JwtAuthenticationTokenFilter - authenticated user:admin
2026-01-15 15:10:47.741 [http-nio-8081-exec-5] INFO  com.qczy.filter.JwtAuthenticationTokenFilter - authenticated user:admin
2026-01-15 15:10:51.659 [taskScheduler-3] INFO  c.q.federated.service.FederatedCoordinatorService - Marked 2 nodes as inactive
2026-01-15 15:10:52.874 [http-nio-8081-exec-7] INFO  com.qczy.filter.JwtAuthenticationTokenFilter - checking username:admin
2026-01-15 15:10:52.879 [http-nio-8081-exec-7] INFO  com.qczy.filter.JwtAuthenticationTokenFilter - authenticated user:admin
2026-01-15 15:10:56.669 [taskScheduler-3] INFO  c.q.federated.service.FederatedCoordinatorService - Marked 2 nodes as inactive
2026-01-15 15:10:57.867 [http-nio-8081-exec-4] INFO  com.qczy.filter.JwtAuthenticationTokenFilter - checking username:admin
2026-01-15 15:10:57.868 [http-nio-8081-exec-10] INFO  com.qczy.filter.JwtAuthenticationTokenFilter - checking username:admin
2026-01-15 15:10:57.876 [http-nio-8081-exec-4] INFO  com.qczy.filter.JwtAuthenticationTokenFilter - authenticated user:admin
2026-01-15 15:10:57.878 [http-nio-8081-exec-10] INFO  com.qczy.filter.JwtAuthenticationTokenFilter - authenticated user:admin
2026-01-15 15:11:01.683 [taskScheduler-3] INFO  c.q.federated.service.FederatedCoordinatorService - Marked 2 nodes as inactive
2026-01-15 15:11:02.889 [http-nio-8081-exec-9] INFO  com.qczy.filter.JwtAuthenticationTokenFilter - checking username:admin
2026-01-15 15:11:02.899 [http-nio-8081-exec-9] INFO  com.qczy.filter.JwtAuthenticationTokenFilter - authenticated user:admin
2026-01-15 15:11:06.754 [taskScheduler-3] INFO  c.q.federated.service.FederatedCoordinatorService - Marked 2 nodes as inactive
2026-01-15 15:11:08.004 [http-nio-8081-exec-3] INFO  com.qczy.filter.JwtAuthenticationTokenFilter - checking username:admin
2026-01-15 15:11:08.031 [http-nio-8081-exec-8] INFO  com.qczy.filter.JwtAuthenticationTokenFilter - checking username:admin
2026-01-15 15:11:08.042 [http-nio-8081-exec-3] INFO  com.qczy.filter.JwtAuthenticationTokenFilter - authenticated user:admin
2026-01-15 15:11:08.076 [http-nio-8081-exec-8] INFO  com.qczy.filter.JwtAuthenticationTokenFilter - authenticated user:admin
2026-01-15 15:11:11.769 [taskScheduler-3] INFO  c.q.federated.service.FederatedCoordinatorService - Marked 2 nodes as inactive
2026-01-15 15:11:12.947 [http-nio-8081-exec-6] INFO  com.qczy.filter.JwtAuthenticationTokenFilter - checking username:admin
2026-01-15 15:11:13.054 [http-nio-8081-exec-6] INFO  com.qczy.filter.JwtAuthenticationTokenFilter - authenticated user:admin
2026-01-15 15:11:16.792 [taskScheduler-3] INFO  c.q.federated.service.FederatedCoordinatorService - Marked 2 nodes as inactive
2026-01-15 15:11:18.668 [http-nio-8081-exec-2] INFO  com.qczy.filter.JwtAuthenticationTokenFilter - checking username:admin
2026-01-15 15:11:18.703 [http-nio-8081-exec-2] INFO  com.qczy.filter.JwtAuthenticationTokenFilter - authenticated user:admin
2026-01-15 15:11:18.830 [http-nio-8081-exec-5] INFO  com.qczy.filter.JwtAuthenticationTokenFilter - checking username:admin
2026-01-15 15:11:18.843 [http-nio-8081-exec-5] INFO  com.qczy.filter.JwtAuthenticationTokenFilter - authenticated user:admin
2026-01-15 15:11:21.815 [taskScheduler-3] INFO  c.q.federated.service.FederatedCoordinatorService - Marked 2 nodes as inactive
2026-01-15 15:11:22.871 [http-nio-8081-exec-1] INFO  com.qczy.filter.JwtAuthenticationTokenFilter - checking username:admin
2026-01-15 15:11:22.874 [http-nio-8081-exec-1] INFO  com.qczy.filter.JwtAuthenticationTokenFilter - authenticated user:admin
2026-01-15 15:11:26.839 [taskScheduler-3] INFO  c.q.federated.service.FederatedCoordinatorService - Marked 2 nodes as inactive
2026-01-15 15:11:27.725 [http-nio-8081-exec-7] INFO  com.qczy.filter.JwtAuthenticationTokenFilter - checking username:admin
2026-01-15 15:11:27.725 [http-nio-8081-exec-4] INFO  com.qczy.filter.JwtAuthenticationTokenFilter - checking username:admin
2026-01-15 15:11:27.730 [http-nio-8081-exec-4] INFO  com.qczy.filter.JwtAuthenticationTokenFilter - authenticated user:admin
2026-01-15 15:11:27.730 [http-nio-8081-exec-7] INFO  com.qczy.filter.JwtAuthenticationTokenFilter - authenticated user:admin
2026-01-15 15:11:31.854 [taskScheduler-3] INFO  c.q.federated.service.FederatedCoordinatorService - Marked 2 nodes as inactive
2026-01-15 15:11:32.738 [http-nio-8081-exec-10] INFO  com.qczy.filter.JwtAuthenticationTokenFilter - checking username:admin
2026-01-15 15:11:32.744 [http-nio-8081-exec-10] INFO  com.qczy.filter.JwtAuthenticationTokenFilter - authenticated user:admin
2026-01-15 15:11:36.140 [http-nio-8081-exec-9] INFO  com.qczy.filter.JwtAuthenticationTokenFilter - checking username:admin
2026-01-15 15:11:36.204 [http-nio-8081-exec-9] INFO  com.qczy.filter.JwtAuthenticationTokenFilter - authenticated user:admin
2026-01-15 15:11:36.218 [http-nio-8081-exec-9] INFO  com.qczy.controller.user.UserController - token->Bearer eyJhbGciOiJIUzUxMiJ9.eyJzdWIiOiJhZG1pbiIsImNyZWF0ZWQiOjE3Njg0NTQ5NDk4NDEsImV4cCI6MTc2OTA1OTc0OX0.vx4auqsOlTy7E-E1Ye8IiYiNM-02DjEHPZjGUhpMBwWzmGiCo7SvHCGKVFGvcQ2ncdiikGOQr3XdCwBeddcq-A
2026-01-15 15:11:36.292 [http-nio-8081-exec-3] INFO  com.qczy.filter.JwtAuthenticationTokenFilter - checking username:admin
2026-01-15 15:11:36.321 [http-nio-8081-exec-3] INFO  com.qczy.filter.JwtAuthenticationTokenFilter - authenticated user:admin
2026-01-15 15:11:36.328 [http-nio-8081-exec-3] INFO  com.qczy.controller.user.UserController - token->Bearer eyJhbGciOiJIUzUxMiJ9.eyJzdWIiOiJhZG1pbiIsImNyZWF0ZWQiOjE3Njg0NTQ5NDk4NDEsImV4cCI6MTc2OTA1OTc0OX0.vx4auqsOlTy7E-E1Ye8IiYiNM-02DjEHPZjGUhpMBwWzmGiCo7SvHCGKVFGvcQ2ncdiikGOQr3XdCwBeddcq-A
2026-01-15 15:11:36.345 [http-nio-8081-exec-3] INFO  com.qczy.controller.user.UserController - username->admin
2026-01-15 15:11:36.879 [taskScheduler-3] INFO  c.q.federated.service.FederatedCoordinatorService - Marked 2 nodes as inactive
2026-01-15 15:11:41.901 [taskScheduler-3] INFO  c.q.federated.service.FederatedCoordinatorService - Marked 2 nodes as inactive
2026-01-15 15:11:46.916 [taskScheduler-3] INFO  c.q.federated.service.FederatedCoordinatorService - Marked 2 nodes as inactive
2026-01-15 15:11:51.933 [taskScheduler-3] INFO  c.q.federated.service.FederatedCoordinatorService - Marked 2 nodes as inactive
2026-01-15 15:11:56.946 [taskScheduler-3] INFO  c.q.federated.service.FederatedCoordinatorService - Marked 2 nodes as inactive
2026-01-15 15:12:01.955 [taskScheduler-3] INFO  c.q.federated.service.FederatedCoordinatorService - Marked 2 nodes as inactive
2026-01-15 15:12:06.964 [taskScheduler-3] INFO  c.q.federated.service.FederatedCoordinatorService - Marked 2 nodes as inactive
2026-01-15 15:12:11.971 [taskScheduler-3] INFO  c.q.federated.service.FederatedCoordinatorService - Marked 2 nodes as inactive
2026-01-15 15:12:16.987 [taskScheduler-3] INFO  c.q.federated.service.FederatedCoordinatorService - Marked 2 nodes as inactive
2026-01-15 15:12:22.001 [taskScheduler-3] INFO  c.q.federated.service.FederatedCoordinatorService - Marked 2 nodes as inactive
2026-01-15 15:12:27.018 [taskScheduler-3] INFO  c.q.federated.service.FederatedCoordinatorService - Marked 2 nodes as inactive
2026-01-15 15:12:32.028 [taskScheduler-3] INFO  c.q.federated.service.FederatedCoordinatorService - Marked 2 nodes as inactive
2026-01-15 15:12:37.047 [taskScheduler-3] INFO  c.q.federated.service.FederatedCoordinatorService - Marked 2 nodes as inactive
2026-01-15 15:12:42.070 [taskScheduler-3] INFO  c.q.federated.service.FederatedCoordinatorService - Marked 2 nodes as inactive
2026-01-15 15:12:47.091 [taskScheduler-3] INFO  c.q.federated.service.FederatedCoordinatorService - Marked 2 nodes as inactive
2026-01-15 15:12:52.101 [taskScheduler-3] INFO  c.q.federated.service.FederatedCoordinatorService - Marked 2 nodes as inactive
2026-01-15 15:12:57.115 [taskScheduler-3] INFO  c.q.federated.service.FederatedCoordinatorService - Marked 2 nodes as inactive
2026-01-15 15:13:02.135 [taskScheduler-3] INFO  c.q.federated.service.FederatedCoordinatorService - Marked 2 nodes as inactive
2026-01-15 15:13:07.151 [taskScheduler-3] INFO  c.q.federated.service.FederatedCoordinatorService - Marked 2 nodes as inactive
2026-01-15 15:13:12.159 [taskScheduler-3] INFO  c.q.federated.service.FederatedCoordinatorService - Marked 2 nodes as inactive
2026-01-15 15:13:17.175 [taskScheduler-3] INFO  c.q.federated.service.FederatedCoordinatorService - Marked 2 nodes as inactive
2026-01-15 15:13:22.195 [taskScheduler-3] INFO  c.q.federated.service.FederatedCoordinatorService - Marked 2 nodes as inactive
2026-01-15 15:13:27.209 [taskScheduler-3] INFO  c.q.federated.service.FederatedCoordinatorService - Marked 2 nodes as inactive
2026-01-15 15:13:32.218 [taskScheduler-3] INFO  c.q.federated.service.FederatedCoordinatorService - Marked 2 nodes as inactive
2026-01-15 15:13:37.242 [taskScheduler-3] INFO  c.q.federated.service.FederatedCoordinatorService - Marked 2 nodes as inactive
2026-01-15 15:13:42.258 [taskScheduler-3] INFO  c.q.federated.service.FederatedCoordinatorService - Marked 2 nodes as inactive
2026-01-15 15:13:47.571 [taskScheduler-3] INFO  c.q.federated.service.FederatedCoordinatorService - Marked 2 nodes as inactive
2026-01-15 15:13:52.833 [taskScheduler-3] INFO  c.q.federated.service.FederatedCoordinatorService - Marked 2 nodes as inactive
2026-01-15 15:13:57.981 [taskScheduler-3] INFO  c.q.federated.service.FederatedCoordinatorService - Marked 2 nodes as inactive
2026-01-15 15:14:03.081 [taskScheduler-3] INFO  c.q.federated.service.FederatedCoordinatorService - Marked 2 nodes as inactive
2026-01-15 15:14:08.188 [taskScheduler-3] INFO  c.q.federated.service.FederatedCoordinatorService - Marked 2 nodes as inactive
2026-01-15 15:14:13.494 [taskScheduler-3] INFO  c.q.federated.service.FederatedCoordinatorService - Marked 2 nodes as inactive
2026-01-15 15:14:18.632 [taskScheduler-3] INFO  c.q.federated.service.FederatedCoordinatorService - Marked 2 nodes as inactive
2026-01-15 15:14:23.676 [taskScheduler-3] INFO  c.q.federated.service.FederatedCoordinatorService - Marked 2 nodes as inactive
2026-01-15 15:14:28.701 [taskScheduler-6] INFO  c.q.federated.service.FederatedCoordinatorService - Marked 2 nodes as inactive
2026-01-15 15:14:33.723 [taskScheduler-6] INFO  c.q.federated.service.FederatedCoordinatorService - Marked 2 nodes as inactive
2026-01-15 15:14:38.741 [taskScheduler-6] INFO  c.q.federated.service.FederatedCoordinatorService - Marked 2 nodes as inactive
2026-01-15 15:14:43.753 [taskScheduler-6] INFO  c.q.federated.service.FederatedCoordinatorService - Marked 2 nodes as inactive
2026-01-15 15:14:48.764 [taskScheduler-6] INFO  c.q.federated.service.FederatedCoordinatorService - Marked 2 nodes as inactive
2026-01-15 15:14:53.770 [taskScheduler-6] INFO  c.q.federated.service.FederatedCoordinatorService - Marked 2 nodes as inactive
2026-01-15 15:14:58.793 [taskScheduler-6] INFO  c.q.federated.service.FederatedCoordinatorService - Marked 2 nodes as inactive
2026-01-15 15:15:03.945 [taskScheduler-6] INFO  c.q.federated.service.FederatedCoordinatorService - Marked 2 nodes as inactive
2026-01-15 15:15:08.984 [taskScheduler-6] INFO  c.q.federated.service.FederatedCoordinatorService - Marked 2 nodes as inactive
2026-01-15 15:15:14.311 [taskScheduler-6] INFO  c.q.federated.service.FederatedCoordinatorService - Marked 2 nodes as inactive
2026-01-15 15:15:19.461 [taskScheduler-6] INFO  c.q.federated.service.FederatedCoordinatorService - Marked 2 nodes as inactive
2026-01-15 15:15:24.482 [taskScheduler-6] INFO  c.q.federated.service.FederatedCoordinatorService - Marked 2 nodes as inactive
2026-01-15 15:15:29.491 [taskScheduler-6] INFO  c.q.federated.service.FederatedCoordinatorService - Marked 2 nodes as inactive
2026-01-15 15:15:34.509 [taskScheduler-6] INFO  c.q.federated.service.FederatedCoordinatorService - Marked 2 nodes as inactive
2026-01-15 15:15:39.524 [taskScheduler-6] INFO  c.q.federated.service.FederatedCoordinatorService - Marked 2 nodes as inactive
2026-01-15 15:15:44.544 [taskScheduler-6] INFO  c.q.federated.service.FederatedCoordinatorService - Marked 2 nodes as inactive
2026-01-15 15:15:49.561 [taskScheduler-6] INFO  c.q.federated.service.FederatedCoordinatorService - Marked 2 nodes as inactive
2026-01-15 15:15:54.580 [taskScheduler-6] INFO  c.q.federated.service.FederatedCoordinatorService - Marked 2 nodes as inactive
2026-01-15 15:15:59.636 [taskScheduler-6] INFO  c.q.federated.service.FederatedCoordinatorService - Marked 2 nodes as inactive
2026-01-15 15:16:04.751 [taskScheduler-6] INFO  c.q.federated.service.FederatedCoordinatorService - Marked 2 nodes as inactive
2026-01-15 15:16:09.801 [taskScheduler-6] INFO  c.q.federated.service.FederatedCoordinatorService - Marked 2 nodes as inactive
2026-01-15 15:16:14.819 [taskScheduler-6] INFO  c.q.federated.service.FederatedCoordinatorService - Marked 2 nodes as inactive
2026-01-15 15:16:19.836 [taskScheduler-6] INFO  c.q.federated.service.FederatedCoordinatorService - Marked 2 nodes as inactive
2026-01-15 15:16:24.845 [taskScheduler-6] INFO  c.q.federated.service.FederatedCoordinatorService - Marked 2 nodes as inactive
2026-01-15 15:16:29.866 [taskScheduler-6] INFO  c.q.federated.service.FederatedCoordinatorService - Marked 2 nodes as inactive
2026-01-15 15:16:34.877 [taskScheduler-6] INFO  c.q.federated.service.FederatedCoordinatorService - Marked 2 nodes as inactive
2026-01-15 15:16:39.894 [taskScheduler-6] INFO  c.q.federated.service.FederatedCoordinatorService - Marked 2 nodes as inactive
2026-01-15 15:16:44.908 [taskScheduler-6] INFO  c.q.federated.service.FederatedCoordinatorService - Marked 2 nodes as inactive
2026-01-15 15:16:49.923 [taskScheduler-6] INFO  c.q.federated.service.FederatedCoordinatorService - Marked 2 nodes as inactive
2026-01-15 15:16:54.937 [taskScheduler-6] INFO  c.q.federated.service.FederatedCoordinatorService - Marked 2 nodes as inactive
2026-01-15 15:16:59.955 [taskScheduler-6] INFO  c.q.federated.service.FederatedCoordinatorService - Marked 2 nodes as inactive
2026-01-15 15:17:04.976 [taskScheduler-6] INFO  c.q.federated.service.FederatedCoordinatorService - Marked 2 nodes as inactive
2026-01-15 15:17:10.000 [taskScheduler-6] INFO  c.q.federated.service.FederatedCoordinatorService - Marked 2 nodes as inactive
2026-01-15 15:17:15.021 [taskScheduler-6] INFO  c.q.federated.service.FederatedCoordinatorService - Marked 2 nodes as inactive
2026-01-15 15:17:20.040 [taskScheduler-6] INFO  c.q.federated.service.FederatedCoordinatorService - Marked 2 nodes as inactive
2026-01-15 15:17:25.060 [taskScheduler-6] INFO  c.q.federated.service.FederatedCoordinatorService - Marked 2 nodes as inactive
2026-01-15 15:17:30.081 [taskScheduler-6] INFO  c.q.federated.service.FederatedCoordinatorService - Marked 2 nodes as inactive
2026-01-15 15:17:35.091 [taskScheduler-6] INFO  c.q.federated.service.FederatedCoordinatorService - Marked 2 nodes as inactive
2026-01-15 15:17:40.101 [taskScheduler-6] INFO  c.q.federated.service.FederatedCoordinatorService - Marked 2 nodes as inactive
2026-01-15 15:17:45.116 [taskScheduler-6] INFO  c.q.federated.service.FederatedCoordinatorService - Marked 2 nodes as inactive
2026-01-15 15:17:50.122 [taskScheduler-6] INFO  c.q.federated.service.FederatedCoordinatorService - Marked 2 nodes as inactive
2026-01-15 15:17:55.131 [taskScheduler-6] INFO  c.q.federated.service.FederatedCoordinatorService - Marked 2 nodes as inactive
2026-01-15 15:18:00.143 [taskScheduler-6] INFO  c.q.federated.service.FederatedCoordinatorService - Marked 2 nodes as inactive
2026-01-15 15:18:05.161 [taskScheduler-6] INFO  c.q.federated.service.FederatedCoordinatorService - Marked 2 nodes as inactive
2026-01-15 15:18:10.170 [taskScheduler-6] INFO  c.q.federated.service.FederatedCoordinatorService - Marked 2 nodes as inactive
2026-01-15 15:18:15.187 [taskScheduler-6] INFO  c.q.federated.service.FederatedCoordinatorService - Marked 2 nodes as inactive
2026-01-15 15:18:20.199 [taskScheduler-6] INFO  c.q.federated.service.FederatedCoordinatorService - Marked 2 nodes as inactive
2026-01-15 15:18:25.211 [taskScheduler-6] INFO  c.q.federated.service.FederatedCoordinatorService - Marked 2 nodes as inactive
2026-01-15 15:18:30.222 [taskScheduler-6] INFO  c.q.federated.service.FederatedCoordinatorService - Marked 2 nodes as inactive
2026-01-15 15:18:35.228 [taskScheduler-6] INFO  c.q.federated.service.FederatedCoordinatorService - Marked 2 nodes as inactive
2026-01-15 15:18:40.242 [taskScheduler-6] INFO  c.q.federated.service.FederatedCoordinatorService - Marked 2 nodes as inactive
2026-01-15 15:18:45.248 [taskScheduler-6] INFO  c.q.federated.service.FederatedCoordinatorService - Marked 2 nodes as inactive
2026-01-15 15:18:50.264 [taskScheduler-6] INFO  c.q.federated.service.FederatedCoordinatorService - Marked 2 nodes as inactive
2026-01-15 15:18:55.270 [taskScheduler-6] INFO  c.q.federated.service.FederatedCoordinatorService - Marked 2 nodes as inactive
2026-01-15 15:19:00.279 [taskScheduler-6] INFO  c.q.federated.service.FederatedCoordinatorService - Marked 2 nodes as inactive
2026-01-15 15:19:05.290 [taskScheduler-6] INFO  c.q.federated.service.FederatedCoordinatorService - Marked 2 nodes as inactive
2026-01-15 15:19:10.301 [taskScheduler-6] INFO  c.q.federated.service.FederatedCoordinatorService - Marked 2 nodes as inactive
2026-01-15 15:19:15.320 [taskScheduler-6] INFO  c.q.federated.service.FederatedCoordinatorService - Marked 2 nodes as inactive
2026-01-15 15:19:20.336 [taskScheduler-6] INFO  c.q.federated.service.FederatedCoordinatorService - Marked 2 nodes as inactive
2026-01-15 15:19:25.344 [taskScheduler-6] INFO  c.q.federated.service.FederatedCoordinatorService - Marked 2 nodes as inactive
2026-01-15 15:19:30.361 [taskScheduler-6] INFO  c.q.federated.service.FederatedCoordinatorService - Marked 2 nodes as inactive
2026-01-15 15:19:35.367 [taskScheduler-6] INFO  c.q.federated.service.FederatedCoordinatorService - Marked 2 nodes as inactive
2026-01-15 15:19:40.374 [taskScheduler-6] INFO  c.q.federated.service.FederatedCoordinatorService - Marked 2 nodes as inactive
2026-01-15 15:19:45.388 [taskScheduler-6] INFO  c.q.federated.service.FederatedCoordinatorService - Marked 2 nodes as inactive
2026-01-15 15:19:50.398 [taskScheduler-6] INFO  c.q.federated.service.FederatedCoordinatorService - Marked 2 nodes as inactive
2026-01-15 15:19:55.417 [taskScheduler-6] INFO  c.q.federated.service.FederatedCoordinatorService - Marked 2 nodes as inactive
2026-01-15 15:20:00.433 [taskScheduler-6] INFO  c.q.federated.service.FederatedCoordinatorService - Marked 2 nodes as inactive
2026-01-15 15:20:05.438 [taskScheduler-6] INFO  c.q.federated.service.FederatedCoordinatorService - Marked 2 nodes as inactive
2026-01-15 15:20:10.452 [taskScheduler-6] INFO  c.q.federated.service.FederatedCoordinatorService - Marked 2 nodes as inactive
2026-01-15 15:20:15.468 [taskScheduler-6] INFO  c.q.federated.service.FederatedCoordinatorService - Marked 2 nodes as inactive
2026-01-15 15:20:20.488 [taskScheduler-6] INFO  c.q.federated.service.FederatedCoordinatorService - Marked 2 nodes as inactive
2026-01-15 15:20:25.499 [taskScheduler-6] INFO  c.q.federated.service.FederatedCoordinatorService - Marked 2 nodes as inactive
2026-01-15 15:20:30.508 [taskScheduler-6] INFO  c.q.federated.service.FederatedCoordinatorService - Marked 2 nodes as inactive
2026-01-15 15:20:35.521 [taskScheduler-6] INFO  c.q.federated.service.FederatedCoordinatorService - Marked 2 nodes as inactive
2026-01-15 15:20:40.534 [taskScheduler-6] INFO  c.q.federated.service.FederatedCoordinatorService - Marked 2 nodes as inactive
2026-01-15 15:20:45.551 [taskScheduler-6] INFO  c.q.federated.service.FederatedCoordinatorService - Marked 2 nodes as inactive
2026-01-15 15:20:50.566 [taskScheduler-6] INFO  c.q.federated.service.FederatedCoordinatorService - Marked 2 nodes as inactive
2026-01-15 15:20:55.577 [taskScheduler-6] INFO  c.q.federated.service.FederatedCoordinatorService - Marked 2 nodes as inactive
2026-01-15 15:21:00.584 [taskScheduler-6] INFO  c.q.federated.service.FederatedCoordinatorService - Marked 2 nodes as inactive
2026-01-15 15:21:05.593 [taskScheduler-6] INFO  c.q.federated.service.FederatedCoordinatorService - Marked 2 nodes as inactive
2026-01-15 15:21:10.603 [taskScheduler-6] INFO  c.q.federated.service.FederatedCoordinatorService - Marked 2 nodes as inactive
2026-01-15 15:21:15.617 [taskScheduler-6] INFO  c.q.federated.service.FederatedCoordinatorService - Marked 2 nodes as inactive
2026-01-15 15:21:20.633 [taskScheduler-6] INFO  c.q.federated.service.FederatedCoordinatorService - Marked 2 nodes as inactive
2026-01-15 15:21:25.650 [taskScheduler-6] INFO  c.q.federated.service.FederatedCoordinatorService - Marked 2 nodes as inactive
2026-01-15 15:21:30.656 [taskScheduler-6] INFO  c.q.federated.service.FederatedCoordinatorService - Marked 2 nodes as inactive
2026-01-15 15:21:35.668 [taskScheduler-6] INFO  c.q.federated.service.FederatedCoordinatorService - Marked 2 nodes as inactive
2026-01-15 15:21:40.680 [taskScheduler-6] INFO  c.q.federated.service.FederatedCoordinatorService - Marked 2 nodes as inactive
2026-01-15 15:21:45.693 [taskScheduler-6] INFO  c.q.federated.service.FederatedCoordinatorService - Marked 2 nodes as inactive
2026-01-15 15:21:50.700 [taskScheduler-6] INFO  c.q.federated.service.FederatedCoordinatorService - Marked 2 nodes as inactive
2026-01-15 15:21:55.711 [taskScheduler-6] INFO  c.q.federated.service.FederatedCoordinatorService - Marked 2 nodes as inactive
2026-01-15 15:22:00.722 [taskScheduler-6] INFO  c.q.federated.service.FederatedCoordinatorService - Marked 2 nodes as inactive
2026-01-15 15:22:05.732 [taskScheduler-6] INFO  c.q.federated.service.FederatedCoordinatorService - Marked 2 nodes as inactive
2026-01-15 15:22:10.740 [taskScheduler-6] INFO  c.q.federated.service.FederatedCoordinatorService - Marked 2 nodes as inactive
2026-01-15 15:22:15.749 [taskScheduler-6] INFO  c.q.federated.service.FederatedCoordinatorService - Marked 2 nodes as inactive
2026-01-15 15:22:20.755 [taskScheduler-6] INFO  c.q.federated.service.FederatedCoordinatorService - Marked 2 nodes as inactive
2026-01-15 15:22:25.766 [taskScheduler-6] INFO  c.q.federated.service.FederatedCoordinatorService - Marked 2 nodes as inactive
2026-01-15 15:22:30.780 [taskScheduler-6] INFO  c.q.federated.service.FederatedCoordinatorService - Marked 2 nodes as inactive
2026-01-15 15:22:35.790 [taskScheduler-6] INFO  c.q.federated.service.FederatedCoordinatorService - Marked 2 nodes as inactive
2026-01-15 15:22:40.797 [taskScheduler-6] INFO  c.q.federated.service.FederatedCoordinatorService - Marked 2 nodes as inactive
2026-01-15 15:22:45.816 [taskScheduler-6] INFO  c.q.federated.service.FederatedCoordinatorService - Marked 2 nodes as inactive
2026-01-15 15:22:50.829 [taskScheduler-6] INFO  c.q.federated.service.FederatedCoordinatorService - Marked 2 nodes as inactive
2026-01-15 15:22:55.840 [taskScheduler-6] INFO  c.q.federated.service.FederatedCoordinatorService - Marked 2 nodes as inactive
2026-01-15 15:23:00.863 [taskScheduler-6] INFO  c.q.federated.service.FederatedCoordinatorService - Marked 2 nodes as inactive
2026-01-15 15:23:05.896 [taskScheduler-6] INFO  c.q.federated.service.FederatedCoordinatorService - Marked 2 nodes as inactive
2026-01-15 15:23:10.909 [taskScheduler-6] INFO  c.q.federated.service.FederatedCoordinatorService - Marked 2 nodes as inactive
2026-01-15 15:23:15.916 [taskScheduler-6] INFO  c.q.federated.service.FederatedCoordinatorService - Marked 2 nodes as inactive
2026-01-15 15:23:20.931 [taskScheduler-6] INFO  c.q.federated.service.FederatedCoordinatorService - Marked 2 nodes as inactive
2026-01-15 15:23:25.943 [taskScheduler-6] INFO  c.q.federated.service.FederatedCoordinatorService - Marked 2 nodes as inactive
2026-01-15 15:23:30.954 [taskScheduler-6] INFO  c.q.federated.service.FederatedCoordinatorService - Marked 2 nodes as inactive
2026-01-15 15:23:35.974 [taskScheduler-6] INFO  c.q.federated.service.FederatedCoordinatorService - Marked 2 nodes as inactive
2026-01-15 15:23:40.994 [taskScheduler-6] INFO  c.q.federated.service.FederatedCoordinatorService - Marked 2 nodes as inactive
2026-01-15 15:23:46.002 [taskScheduler-6] INFO  c.q.federated.service.FederatedCoordinatorService - Marked 2 nodes as inactive
2026-01-15 15:23:51.013 [taskScheduler-6] INFO  c.q.federated.service.FederatedCoordinatorService - Marked 2 nodes as inactive
2026-01-15 15:23:56.033 [taskScheduler-6] INFO  c.q.federated.service.FederatedCoordinatorService - Marked 2 nodes as inactive
2026-01-15 15:24:01.038 [taskScheduler-6] INFO  c.q.federated.service.FederatedCoordinatorService - Marked 2 nodes as inactive
2026-01-15 15:24:06.044 [taskScheduler-6] INFO  c.q.federated.service.FederatedCoordinatorService - Marked 2 nodes as inactive
2026-01-15 15:24:11.077 [taskScheduler-6] INFO  c.q.federated.service.FederatedCoordinatorService - Marked 2 nodes as inactive
2026-01-15 15:24:16.096 [taskScheduler-6] INFO  c.q.federated.service.FederatedCoordinatorService - Marked 2 nodes as inactive
2026-01-15 15:24:21.111 [taskScheduler-6] INFO  c.q.federated.service.FederatedCoordinatorService - Marked 2 nodes as inactive
2026-01-15 15:24:26.130 [taskScheduler-6] INFO  c.q.federated.service.FederatedCoordinatorService - Marked 2 nodes as inactive
2026-01-15 15:24:31.145 [taskScheduler-6] INFO  c.q.federated.service.FederatedCoordinatorService - Marked 2 nodes as inactive
2026-01-15 15:24:36.162 [taskScheduler-6] INFO  c.q.federated.service.FederatedCoordinatorService - Marked 2 nodes as inactive
2026-01-15 15:24:41.179 [taskScheduler-6] INFO  c.q.federated.service.FederatedCoordinatorService - Marked 2 nodes as inactive
2026-01-15 15:24:46.196 [taskScheduler-6] INFO  c.q.federated.service.FederatedCoordinatorService - Marked 2 nodes as inactive
2026-01-15 15:24:51.214 [taskScheduler-6] INFO  c.q.federated.service.FederatedCoordinatorService - Marked 2 nodes as inactive
2026-01-15 15:24:56.229 [taskScheduler-6] INFO  c.q.federated.service.FederatedCoordinatorService - Marked 2 nodes as inactive
2026-01-15 15:25:01.251 [taskScheduler-6] INFO  c.q.federated.service.FederatedCoordinatorService - Marked 2 nodes as inactive
2026-01-15 15:25:06.294 [taskScheduler-6] INFO  c.q.federated.service.FederatedCoordinatorService - Marked 2 nodes as inactive
2026-01-15 15:25:11.318 [taskScheduler-6] INFO  c.q.federated.service.FederatedCoordinatorService - Marked 2 nodes as inactive
2026-01-15 15:25:16.340 [taskScheduler-6] INFO  c.q.federated.service.FederatedCoordinatorService - Marked 2 nodes as inactive
2026-01-15 15:25:21.355 [taskScheduler-6] INFO  c.q.federated.service.FederatedCoordinatorService - Marked 2 nodes as inactive
2026-01-15 15:25:26.396 [taskScheduler-6] INFO  c.q.federated.service.FederatedCoordinatorService - Marked 2 nodes as inactive
2026-01-15 15:25:31.433 [taskScheduler-6] INFO  c.q.federated.service.FederatedCoordinatorService - Marked 2 nodes as inactive
2026-01-15 15:25:36.444 [taskScheduler-6] INFO  c.q.federated.service.FederatedCoordinatorService - Marked 2 nodes as inactive
2026-01-15 15:25:41.461 [taskScheduler-6] INFO  c.q.federated.service.FederatedCoordinatorService - Marked 2 nodes as inactive
2026-01-15 15:25:46.500 [taskScheduler-6] INFO  c.q.federated.service.FederatedCoordinatorService - Marked 2 nodes as inactive
2026-01-15 15:25:51.519 [taskScheduler-6] INFO  c.q.federated.service.FederatedCoordinatorService - Marked 2 nodes as inactive
2026-01-15 15:25:56.547 [taskScheduler-6] INFO  c.q.federated.service.FederatedCoordinatorService - Marked 2 nodes as inactive
2026-01-15 15:26:01.574 [taskScheduler-6] INFO  c.q.federated.service.FederatedCoordinatorService - Marked 2 nodes as inactive
2026-01-15 15:26:06.621 [taskScheduler-6] INFO  c.q.federated.service.FederatedCoordinatorService - Marked 2 nodes as inactive
2026-01-15 15:26:11.695 [taskScheduler-6] INFO  c.q.federated.service.FederatedCoordinatorService - Marked 2 nodes as inactive
2026-01-15 15:26:16.744 [taskScheduler-6] INFO  c.q.federated.service.FederatedCoordinatorService - Marked 2 nodes as inactive
2026-01-15 15:26:21.769 [taskScheduler-6] INFO  c.q.federated.service.FederatedCoordinatorService - Marked 2 nodes as inactive
2026-01-15 15:26:26.779 [taskScheduler-6] INFO  c.q.federated.service.FederatedCoordinatorService - Marked 2 nodes as inactive
2026-01-15 15:26:31.974 [taskScheduler-6] INFO  c.q.federated.service.FederatedCoordinatorService - Marked 2 nodes as inactive
2026-01-15 15:26:37.119 [taskScheduler-6] INFO  c.q.federated.service.FederatedCoordinatorService - Marked 2 nodes as inactive
2026-01-15 15:26:42.150 [taskScheduler-6] INFO  c.q.federated.service.FederatedCoordinatorService - Marked 2 nodes as inactive
2026-01-15 15:26:47.195 [taskScheduler-6] INFO  c.q.federated.service.FederatedCoordinatorService - Marked 2 nodes as inactive
2026-01-15 15:26:52.222 [taskScheduler-6] INFO  c.q.federated.service.FederatedCoordinatorService - Marked 2 nodes as inactive
2026-01-15 15:26:57.232 [taskScheduler-6] INFO  c.q.federated.service.FederatedCoordinatorService - Marked 2 nodes as inactive
2026-01-15 15:27:02.246 [taskScheduler-6] INFO  c.q.federated.service.FederatedCoordinatorService - Marked 2 nodes as inactive
2026-01-15 15:27:07.264 [taskScheduler-6] INFO  c.q.federated.service.FederatedCoordinatorService - Marked 2 nodes as inactive
2026-01-15 15:27:12.274 [taskScheduler-6] INFO  c.q.federated.service.FederatedCoordinatorService - Marked 2 nodes as inactive
2026-01-15 15:27:17.287 [taskScheduler-6] INFO  c.q.federated.service.FederatedCoordinatorService - Marked 2 nodes as inactive
2026-01-15 15:27:22.295 [taskScheduler-6] INFO  c.q.federated.service.FederatedCoordinatorService - Marked 2 nodes as inactive
2026-01-15 15:27:27.312 [taskScheduler-6] INFO  c.q.federated.service.FederatedCoordinatorService - Marked 2 nodes as inactive
2026-01-15 15:27:32.329 [taskScheduler-6] INFO  c.q.federated.service.FederatedCoordinatorService - Marked 2 nodes as inactive
2026-01-15 15:27:37.335 [taskScheduler-6] INFO  c.q.federated.service.FederatedCoordinatorService - Marked 2 nodes as inactive
2026-01-15 15:27:42.352 [taskScheduler-6] INFO  c.q.federated.service.FederatedCoordinatorService - Marked 2 nodes as inactive
2026-01-15 15:27:47.361 [taskScheduler-6] INFO  c.q.federated.service.FederatedCoordinatorService - Marked 2 nodes as inactive
2026-01-15 15:27:52.367 [taskScheduler-6] INFO  c.q.federated.service.FederatedCoordinatorService - Marked 2 nodes as inactive
2026-01-15 15:27:57.388 [taskScheduler-6] INFO  c.q.federated.service.FederatedCoordinatorService - Marked 2 nodes as inactive
2026-01-15 15:28:02.394 [taskScheduler-6] INFO  c.q.federated.service.FederatedCoordinatorService - Marked 2 nodes as inactive
2026-01-15 15:28:07.411 [taskScheduler-6] INFO  c.q.federated.service.FederatedCoordinatorService - Marked 2 nodes as inactive
2026-01-15 15:28:12.425 [taskScheduler-6] INFO  c.q.federated.service.FederatedCoordinatorService - Marked 2 nodes as inactive
2026-01-15 15:28:17.433 [taskScheduler-6] INFO  c.q.federated.service.FederatedCoordinatorService - Marked 2 nodes as inactive
2026-01-15 15:28:22.444 [taskScheduler-6] INFO  c.q.federated.service.FederatedCoordinatorService - Marked 2 nodes as inactive
2026-01-15 15:28:27.470 [taskScheduler-6] INFO  c.q.federated.service.FederatedCoordinatorService - Marked 2 nodes as inactive
2026-01-15 15:28:32.485 [taskScheduler-6] INFO  c.q.federated.service.FederatedCoordinatorService - Marked 2 nodes as inactive
2026-01-15 15:28:37.500 [taskScheduler-6] INFO  c.q.federated.service.FederatedCoordinatorService - Marked 2 nodes as inactive
2026-01-15 15:28:42.525 [taskScheduler-6] INFO  c.q.federated.service.FederatedCoordinatorService - Marked 2 nodes as inactive
2026-01-15 15:28:47.534 [taskScheduler-6] INFO  c.q.federated.service.FederatedCoordinatorService - Marked 2 nodes as inactive
2026-01-15 15:28:52.559 [taskScheduler-6] INFO  c.q.federated.service.FederatedCoordinatorService - Marked 2 nodes as inactive
2026-01-15 15:28:57.578 [taskScheduler-6] INFO  c.q.federated.service.FederatedCoordinatorService - Marked 2 nodes as inactive
2026-01-15 15:29:02.601 [taskScheduler-6] INFO  c.q.federated.service.FederatedCoordinatorService - Marked 2 nodes as inactive
2026-01-15 15:29:07.620 [taskScheduler-6] INFO  c.q.federated.service.FederatedCoordinatorService - Marked 2 nodes as inactive
2026-01-15 15:29:12.643 [taskScheduler-6] INFO  c.q.federated.service.FederatedCoordinatorService - Marked 2 nodes as inactive
2026-01-15 15:29:17.649 [taskScheduler-6] INFO  c.q.federated.service.FederatedCoordinatorService - Marked 2 nodes as inactive
2026-01-15 15:29:22.662 [taskScheduler-6] INFO  c.q.federated.service.FederatedCoordinatorService - Marked 2 nodes as inactive
2026-01-15 15:29:27.674 [taskScheduler-6] INFO  c.q.federated.service.FederatedCoordinatorService - Marked 2 nodes as inactive
2026-01-15 15:29:32.680 [taskScheduler-6] INFO  c.q.federated.service.FederatedCoordinatorService - Marked 2 nodes as inactive
2026-01-15 15:29:37.694 [taskScheduler-6] INFO  c.q.federated.service.FederatedCoordinatorService - Marked 2 nodes as inactive
2026-01-15 15:29:42.713 [taskScheduler-6] INFO  c.q.federated.service.FederatedCoordinatorService - Marked 2 nodes as inactive
2026-01-15 15:29:47.735 [taskScheduler-6] INFO  c.q.federated.service.FederatedCoordinatorService - Marked 2 nodes as inactive
2026-01-15 15:29:52.743 [taskScheduler-6] INFO  c.q.federated.service.FederatedCoordinatorService - Marked 2 nodes as inactive
2026-01-15 15:29:57.752 [taskScheduler-6] INFO  c.q.federated.service.FederatedCoordinatorService - Marked 2 nodes as inactive
2026-01-15 15:30:02.761 [taskScheduler-6] INFO  c.q.federated.service.FederatedCoordinatorService - Marked 2 nodes as inactive
2026-01-15 15:30:07.767 [taskScheduler-6] INFO  c.q.federated.service.FederatedCoordinatorService - Marked 2 nodes as inactive
2026-01-15 15:30:12.783 [taskScheduler-6] INFO  c.q.federated.service.FederatedCoordinatorService - Marked 2 nodes as inactive
2026-01-15 15:30:17.796 [taskScheduler-6] INFO  c.q.federated.service.FederatedCoordinatorService - Marked 2 nodes as inactive
2026-01-15 15:30:22.811 [taskScheduler-6] INFO  c.q.federated.service.FederatedCoordinatorService - Marked 2 nodes as inactive
2026-01-15 15:30:27.824 [taskScheduler-6] INFO  c.q.federated.service.FederatedCoordinatorService - Marked 2 nodes as inactive
2026-01-15 15:30:32.837 [taskScheduler-6] INFO  c.q.federated.service.FederatedCoordinatorService - Marked 2 nodes as inactive
2026-01-15 15:30:37.845 [taskScheduler-6] INFO  c.q.federated.service.FederatedCoordinatorService - Marked 2 nodes as inactive
2026-01-15 15:30:42.855 [taskScheduler-6] INFO  c.q.federated.service.FederatedCoordinatorService - Marked 2 nodes as inactive
2026-01-15 15:30:47.862 [taskScheduler-6] INFO  c.q.federated.service.FederatedCoordinatorService - Marked 2 nodes as inactive
2026-01-15 15:30:52.871 [taskScheduler-6] INFO  c.q.federated.service.FederatedCoordinatorService - Marked 2 nodes as inactive
2026-01-15 15:30:57.892 [taskScheduler-6] INFO  c.q.federated.service.FederatedCoordinatorService - Marked 2 nodes as inactive
2026-01-15 15:31:02.900 [taskScheduler-6] INFO  c.q.federated.service.FederatedCoordinatorService - Marked 2 nodes as inactive
2026-01-15 15:31:07.914 [taskScheduler-6] INFO  c.q.federated.service.FederatedCoordinatorService - Marked 2 nodes as inactive
2026-01-15 15:31:12.928 [taskScheduler-6] INFO  c.q.federated.service.FederatedCoordinatorService - Marked 2 nodes as inactive
2026-01-15 15:31:17.942 [taskScheduler-6] INFO  c.q.federated.service.FederatedCoordinatorService - Marked 2 nodes as inactive
2026-01-15 15:31:22.952 [taskScheduler-6] INFO  c.q.federated.service.FederatedCoordinatorService - Marked 2 nodes as inactive
2026-01-15 15:31:27.972 [taskScheduler-6] INFO  c.q.federated.service.FederatedCoordinatorService - Marked 2 nodes as inactive
2026-01-15 15:31:32.985 [taskScheduler-6] INFO  c.q.federated.service.FederatedCoordinatorService - Marked 2 nodes as inactive
2026-01-15 15:31:38.003 [taskScheduler-6] INFO  c.q.federated.service.FederatedCoordinatorService - Marked 2 nodes as inactive
2026-01-15 15:31:43.020 [taskScheduler-6] INFO  c.q.federated.service.FederatedCoordinatorService - Marked 2 nodes as inactive
2026-01-15 15:31:48.038 [taskScheduler-6] INFO  c.q.federated.service.FederatedCoordinatorService - Marked 2 nodes as inactive
2026-01-15 15:31:53.044 [taskScheduler-6] INFO  c.q.federated.service.FederatedCoordinatorService - Marked 2 nodes as inactive
2026-01-15 15:31:58.064 [taskScheduler-6] INFO  c.q.federated.service.FederatedCoordinatorService - Marked 2 nodes as inactive
2026-01-15 15:32:03.072 [taskScheduler-6] INFO  c.q.federated.service.FederatedCoordinatorService - Marked 2 nodes as inactive
2026-01-15 15:32:08.084 [taskScheduler-6] INFO  c.q.federated.service.FederatedCoordinatorService - Marked 2 nodes as inactive
2026-01-15 15:32:13.103 [taskScheduler-6] INFO  c.q.federated.service.FederatedCoordinatorService - Marked 2 nodes as inactive
2026-01-15 15:32:18.118 [taskScheduler-6] INFO  c.q.federated.service.FederatedCoordinatorService - Marked 2 nodes as inactive
2026-01-15 15:32:23.134 [taskScheduler-6] INFO  c.q.federated.service.FederatedCoordinatorService - Marked 2 nodes as inactive
2026-01-15 15:32:28.152 [taskScheduler-6] INFO  c.q.federated.service.FederatedCoordinatorService - Marked 2 nodes as inactive
2026-01-15 15:32:33.160 [taskScheduler-6] INFO  c.q.federated.service.FederatedCoordinatorService - Marked 2 nodes as inactive
2026-01-15 15:32:38.171 [taskScheduler-6] INFO  c.q.federated.service.FederatedCoordinatorService - Marked 2 nodes as inactive
2026-01-15 15:32:43.174 [taskScheduler-6] INFO  c.q.federated.service.FederatedCoordinatorService - Marked 2 nodes as inactive
2026-01-15 15:32:45.571 [http-nio-8081-exec-7] INFO  com.qczy.filter.JwtAuthenticationTokenFilter - checking username:admin
2026-01-15 15:32:45.573 [http-nio-8081-exec-10] INFO  com.qczy.filter.JwtAuthenticationTokenFilter - checking username:admin
2026-01-15 15:32:45.573 [http-nio-8081-exec-9] INFO  com.qczy.filter.JwtAuthenticationTokenFilter - checking username:admin
2026-01-15 15:32:45.577 [http-nio-8081-exec-7] INFO  com.qczy.filter.JwtAuthenticationTokenFilter - authenticated user:admin
2026-01-15 15:32:45.579 [http-nio-8081-exec-10] INFO  com.qczy.filter.JwtAuthenticationTokenFilter - authenticated user:admin
2026-01-15 15:32:45.579 [http-nio-8081-exec-9] INFO  com.qczy.filter.JwtAuthenticationTokenFilter - authenticated user:admin
2026-01-15 15:32:45.590 [http-nio-8081-exec-3] INFO  com.qczy.filter.JwtAuthenticationTokenFilter - checking username:admin
2026-01-15 15:32:45.596 [http-nio-8081-exec-3] INFO  com.qczy.filter.JwtAuthenticationTokenFilter - authenticated user:admin
2026-01-15 15:32:48.184 [taskScheduler-6] INFO  c.q.federated.service.FederatedCoordinatorService - Marked 2 nodes as inactive
2026-01-15 15:32:49.332 [http-nio-8081-exec-6] INFO  com.qczy.filter.JwtAuthenticationTokenFilter - checking username:admin
2026-01-15 15:32:49.333 [http-nio-8081-exec-2] INFO  com.qczy.filter.JwtAuthenticationTokenFilter - checking username:admin
2026-01-15 15:32:49.335 [http-nio-8081-exec-6] INFO  com.qczy.filter.JwtAuthenticationTokenFilter - authenticated user:admin
2026-01-15 15:32:49.339 [http-nio-8081-exec-2] INFO  com.qczy.filter.JwtAuthenticationTokenFilter - authenticated user:admin
2026-01-15 15:32:49.344 [http-nio-8081-exec-4] INFO  com.qczy.filter.JwtAuthenticationTokenFilter - checking username:admin
2026-01-15 15:32:49.344 [http-nio-8081-exec-4] INFO  com.qczy.filter.JwtAuthenticationTokenFilter - authenticated user:admin
2026-01-15 15:32:53.205 [taskScheduler-6] INFO  c.q.federated.service.FederatedCoordinatorService - Marked 2 nodes as inactive
2026-01-15 15:32:58.212 [taskScheduler-6] INFO  c.q.federated.service.FederatedCoordinatorService - Marked 2 nodes as inactive
2026-01-15 15:33:03.219 [taskScheduler-6] INFO  c.q.federated.service.FederatedCoordinatorService - Marked 2 nodes as inactive
2026-01-15 15:33:08.225 [taskScheduler-6] INFO  c.q.federated.service.FederatedCoordinatorService - Marked 2 nodes as inactive
2026-01-15 15:33:13.237 [taskScheduler-6] INFO  c.q.federated.service.FederatedCoordinatorService - Marked 2 nodes as inactive
2026-01-15 15:33:18.247 [taskScheduler-6] INFO  c.q.federated.service.FederatedCoordinatorService - Marked 2 nodes as inactive
2026-01-15 15:33:23.255 [taskScheduler-6] INFO  c.q.federated.service.FederatedCoordinatorService - Marked 2 nodes as inactive
2026-01-15 15:33:28.268 [taskScheduler-6] INFO  c.q.federated.service.FederatedCoordinatorService - Marked 2 nodes as inactive
2026-01-15 15:33:33.275 [taskScheduler-6] INFO  c.q.federated.service.FederatedCoordinatorService - Marked 2 nodes as inactive
2026-01-15 15:33:38.284 [taskScheduler-6] INFO  c.q.federated.service.FederatedCoordinatorService - Marked 2 nodes as inactive
2026-01-15 15:33:43.300 [taskScheduler-6] INFO  c.q.federated.service.FederatedCoordinatorService - Marked 2 nodes as inactive
2026-01-15 15:33:48.316 [taskScheduler-6] INFO  c.q.federated.service.FederatedCoordinatorService - Marked 2 nodes as inactive
2026-01-15 15:33:53.336 [taskScheduler-6] INFO  c.q.federated.service.FederatedCoordinatorService - Marked 2 nodes as inactive
2026-01-15 15:33:58.349 [taskScheduler-6] INFO  c.q.federated.service.FederatedCoordinatorService - Marked 2 nodes as inactive
2026-01-15 15:34:03.366 [taskScheduler-6] INFO  c.q.federated.service.FederatedCoordinatorService - Marked 2 nodes as inactive
2026-01-15 15:34:08.379 [taskScheduler-6] INFO  c.q.federated.service.FederatedCoordinatorService - Marked 2 nodes as inactive
2026-01-15 15:34:13.398 [taskScheduler-6] INFO  c.q.federated.service.FederatedCoordinatorService - Marked 2 nodes as inactive
2026-01-15 15:34:15.133 [http-nio-8081-exec-10] INFO  com.qczy.filter.JwtAuthenticationTokenFilter - checking username:admin
2026-01-15 15:34:15.133 [http-nio-8081-exec-7] INFO  com.qczy.filter.JwtAuthenticationTokenFilter - checking username:admin
2026-01-15 15:34:15.134 [http-nio-8081-exec-8] INFO  com.qczy.filter.JwtAuthenticationTokenFilter - checking username:admin
2026-01-15 15:34:15.140 [http-nio-8081-exec-10] INFO  com.qczy.filter.JwtAuthenticationTokenFilter - authenticated user:admin
2026-01-15 15:34:15.142 [http-nio-8081-exec-7] INFO  com.qczy.filter.JwtAuthenticationTokenFilter - authenticated user:admin
2026-01-15 15:34:15.144 [http-nio-8081-exec-8] INFO  com.qczy.filter.JwtAuthenticationTokenFilter - authenticated user:admin
2026-01-15 15:34:15.168 [http-nio-8081-exec-6] INFO  com.qczy.filter.JwtAuthenticationTokenFilter - checking username:admin
2026-01-15 15:34:15.176 [http-nio-8081-exec-6] INFO  com.qczy.filter.JwtAuthenticationTokenFilter - authenticated user:admin
2026-01-15 15:34:18.407 [taskScheduler-6] INFO  c.q.federated.service.FederatedCoordinatorService - Marked 2 nodes as inactive
2026-01-15 15:34:23.413 [taskScheduler-6] INFO  c.q.federated.service.FederatedCoordinatorService - Marked 2 nodes as inactive
2026-01-15 15:34:24.915 [http-nio-8081-exec-2] INFO  com.qczy.filter.JwtAuthenticationTokenFilter - checking username:admin
2026-01-15 15:34:24.915 [http-nio-8081-exec-4] INFO  com.qczy.filter.JwtAuthenticationTokenFilter - checking username:admin
2026-01-15 15:34:24.919 [http-nio-8081-exec-2] INFO  com.qczy.filter.JwtAuthenticationTokenFilter - authenticated user:admin
2026-01-15 15:34:24.919 [http-nio-8081-exec-4] INFO  com.qczy.filter.JwtAuthenticationTokenFilter - authenticated user:admin
2026-01-15 15:34:24.946 [http-nio-8081-exec-1] INFO  com.qczy.filter.JwtAuthenticationTokenFilter - checking username:admin
2026-01-15 15:34:24.975 [http-nio-8081-exec-1] INFO  com.qczy.filter.JwtAuthenticationTokenFilter - authenticated user:admin
2026-01-15 15:34:28.433 [taskScheduler-6] INFO  c.q.federated.service.FederatedCoordinatorService - Marked 2 nodes as inactive
2026-01-15 15:34:33.441 [taskScheduler-6] INFO  c.q.federated.service.FederatedCoordinatorService - Marked 2 nodes as inactive
2026-01-15 15:34:38.460 [taskScheduler-6] INFO  c.q.federated.service.FederatedCoordinatorService - Marked 2 nodes as inactive
2026-01-15 15:34:43.477 [taskScheduler-6] INFO  c.q.federated.service.FederatedCoordinatorService - Marked 2 nodes as inactive
2026-01-15 15:34:48.485 [taskScheduler-6] INFO  c.q.federated.service.FederatedCoordinatorService - Marked 2 nodes as inactive
2026-01-15 15:34:53.496 [taskScheduler-6] INFO  c.q.federated.service.FederatedCoordinatorService - Marked 2 nodes as inactive
2026-01-15 15:34:58.542 [taskScheduler-6] INFO  c.q.federated.service.FederatedCoordinatorService - Marked 2 nodes as inactive
2026-01-15 15:35:03.563 [taskScheduler-6] INFO  c.q.federated.service.FederatedCoordinatorService - Marked 2 nodes as inactive
2026-01-15 15:35:08.577 [taskScheduler-6] INFO  c.q.federated.service.FederatedCoordinatorService - Marked 2 nodes as inactive
2026-01-15 15:35:13.589 [taskScheduler-6] INFO  c.q.federated.service.FederatedCoordinatorService - Marked 2 nodes as inactive
2026-01-15 15:35:18.601 [taskScheduler-6] INFO  c.q.federated.service.FederatedCoordinatorService - Marked 2 nodes as inactive
2026-01-15 15:35:23.619 [taskScheduler-6] INFO  c.q.federated.service.FederatedCoordinatorService - Marked 2 nodes as inactive
2026-01-15 15:35:28.625 [taskScheduler-6] INFO  c.q.federated.service.FederatedCoordinatorService - Marked 2 nodes as inactive
2026-01-15 15:35:33.631 [taskScheduler-6] INFO  c.q.federated.service.FederatedCoordinatorService - Marked 2 nodes as inactive
2026-01-15 15:35:38.640 [taskScheduler-6] INFO  c.q.federated.service.FederatedCoordinatorService - Marked 2 nodes as inactive
2026-01-15 15:35:43.658 [taskScheduler-6] INFO  c.q.federated.service.FederatedCoordinatorService - Marked 2 nodes as inactive
2026-01-15 15:35:48.678 [taskScheduler-6] INFO  c.q.federated.service.FederatedCoordinatorService - Marked 2 nodes as inactive
2026-01-15 15:35:53.699 [taskScheduler-6] INFO  c.q.federated.service.FederatedCoordinatorService - Marked 2 nodes as inactive
2026-01-15 15:35:58.706 [taskScheduler-6] INFO  c.q.federated.service.FederatedCoordinatorService - Marked 2 nodes as inactive
2026-01-15 15:36:03.715 [taskScheduler-6] INFO  c.q.federated.service.FederatedCoordinatorService - Marked 2 nodes as inactive
2026-01-15 15:36:08.728 [taskScheduler-6] INFO  c.q.federated.service.FederatedCoordinatorService - Marked 2 nodes as inactive
2026-01-15 15:36:13.734 [taskScheduler-6] INFO  c.q.federated.service.FederatedCoordinatorService - Marked 2 nodes as inactive
2026-01-15 15:36:18.743 [taskScheduler-6] INFO  c.q.federated.service.FederatedCoordinatorService - Marked 2 nodes as inactive
2026-01-15 15:36:23.753 [taskScheduler-6] INFO  c.q.federated.service.FederatedCoordinatorService - Marked 2 nodes as inactive
2026-01-15 15:36:28.763 [taskScheduler-6] INFO  c.q.federated.service.FederatedCoordinatorService - Marked 2 nodes as inactive
2026-01-15 15:36:33.779 [taskScheduler-6] INFO  c.q.federated.service.FederatedCoordinatorService - Marked 2 nodes as inactive
2026-01-15 15:36:38.794 [taskScheduler-6] INFO  c.q.federated.service.FederatedCoordinatorService - Marked 2 nodes as inactive
2026-01-15 15:36:43.798 [taskScheduler-6] INFO  c.q.federated.service.FederatedCoordinatorService - Marked 2 nodes as inactive
2026-01-15 15:36:48.815 [taskScheduler-6] INFO  c.q.federated.service.FederatedCoordinatorService - Marked 2 nodes as inactive
2026-01-15 15:36:53.830 [taskScheduler-6] INFO  c.q.federated.service.FederatedCoordinatorService - Marked 2 nodes as inactive
2026-01-15 15:36:58.841 [taskScheduler-6] INFO  c.q.federated.service.FederatedCoordinatorService - Marked 2 nodes as inactive
2026-01-15 15:37:03.859 [taskScheduler-6] INFO  c.q.federated.service.FederatedCoordinatorService - Marked 2 nodes as inactive
2026-01-15 15:37:08.875 [taskScheduler-6] INFO  c.q.federated.service.FederatedCoordinatorService - Marked 2 nodes as inactive
2026-01-15 15:37:13.891 [taskScheduler-6] INFO  c.q.federated.service.FederatedCoordinatorService - Marked 2 nodes as inactive
2026-01-15 15:37:18.902 [taskScheduler-6] INFO  c.q.federated.service.FederatedCoordinatorService - Marked 2 nodes as inactive
2026-01-15 15:37:23.919 [taskScheduler-6] INFO  c.q.federated.service.FederatedCoordinatorService - Marked 2 nodes as inactive
2026-01-15 15:37:28.930 [taskScheduler-6] INFO  c.q.federated.service.FederatedCoordinatorService - Marked 2 nodes as inactive
2026-01-15 15:37:33.947 [taskScheduler-6] INFO  c.q.federated.service.FederatedCoordinatorService - Marked 2 nodes as inactive
2026-01-15 15:37:38.955 [taskScheduler-6] INFO  c.q.federated.service.FederatedCoordinatorService - Marked 2 nodes as inactive
2026-01-15 15:37:43.972 [taskScheduler-6] INFO  c.q.federated.service.FederatedCoordinatorService - Marked 2 nodes as inactive
2026-01-15 15:37:48.988 [taskScheduler-6] INFO  c.q.federated.service.FederatedCoordinatorService - Marked 2 nodes as inactive
2026-01-15 15:37:53.999 [taskScheduler-6] INFO  c.q.federated.service.FederatedCoordinatorService - Marked 2 nodes as inactive
2026-01-15 15:37:59.018 [taskScheduler-6] INFO  c.q.federated.service.FederatedCoordinatorService - Marked 2 nodes as inactive
2026-01-15 15:38:04.026 [taskScheduler-6] INFO  c.q.federated.service.FederatedCoordinatorService - Marked 2 nodes as inactive
2026-01-15 15:38:09.031 [taskScheduler-6] INFO  c.q.federated.service.FederatedCoordinatorService - Marked 2 nodes as inactive
2026-01-15 15:38:14.037 [taskScheduler-6] INFO  c.q.federated.service.FederatedCoordinatorService - Marked 2 nodes as inactive
2026-01-15 15:38:19.055 [taskScheduler-6] INFO  c.q.federated.service.FederatedCoordinatorService - Marked 2 nodes as inactive
2026-01-15 15:38:24.076 [taskScheduler-6] INFO  c.q.federated.service.FederatedCoordinatorService - Marked 2 nodes as inactive
2026-01-15 15:38:29.089 [taskScheduler-6] INFO  c.q.federated.service.FederatedCoordinatorService - Marked 2 nodes as inactive
2026-01-15 15:38:34.098 [taskScheduler-6] INFO  c.q.federated.service.FederatedCoordinatorService - Marked 2 nodes as inactive
2026-01-15 15:38:39.109 [taskScheduler-6] INFO  c.q.federated.service.FederatedCoordinatorService - Marked 2 nodes as inactive
2026-01-15 15:38:44.119 [taskScheduler-6] INFO  c.q.federated.service.FederatedCoordinatorService - Marked 2 nodes as inactive
2026-01-15 15:38:49.130 [taskScheduler-6] INFO  c.q.federated.service.FederatedCoordinatorService - Marked 2 nodes as inactive
2026-01-15 15:38:54.137 [taskScheduler-6] INFO  c.q.federated.service.FederatedCoordinatorService - Marked 2 nodes as inactive
2026-01-15 15:38:59.146 [taskScheduler-6] INFO  c.q.federated.service.FederatedCoordinatorService - Marked 2 nodes as inactive
2026-01-15 15:39:04.161 [taskScheduler-6] INFO  c.q.federated.service.FederatedCoordinatorService - Marked 2 nodes as inactive
2026-01-15 15:39:09.181 [taskScheduler-6] INFO  c.q.federated.service.FederatedCoordinatorService - Marked 2 nodes as inactive
2026-01-15 15:39:14.191 [taskScheduler-6] INFO  c.q.federated.service.FederatedCoordinatorService - Marked 2 nodes as inactive
2026-01-15 15:39:19.201 [taskScheduler-6] INFO  c.q.federated.service.FederatedCoordinatorService - Marked 2 nodes as inactive
2026-01-15 15:39:24.206 [taskScheduler-6] INFO  c.q.federated.service.FederatedCoordinatorService - Marked 2 nodes as inactive
2026-01-15 15:39:29.226 [taskScheduler-6] INFO  c.q.federated.service.FederatedCoordinatorService - Marked 2 nodes as inactive
2026-01-15 15:39:34.241 [taskScheduler-6] INFO  c.q.federated.service.FederatedCoordinatorService - Marked 2 nodes as inactive
2026-01-15 15:39:39.255 [taskScheduler-6] INFO  c.q.federated.service.FederatedCoordinatorService - Marked 2 nodes as inactive
2026-01-15 15:39:44.270 [taskScheduler-6] INFO  c.q.federated.service.FederatedCoordinatorService - Marked 2 nodes as inactive
2026-01-15 15:39:49.289 [taskScheduler-6] INFO  c.q.federated.service.FederatedCoordinatorService - Marked 2 nodes as inactive
2026-01-15 15:39:54.308 [taskScheduler-6] INFO  c.q.federated.service.FederatedCoordinatorService - Marked 2 nodes as inactive
2026-01-15 15:39:59.326 [taskScheduler-6] INFO  c.q.federated.service.FederatedCoordinatorService - Marked 2 nodes as inactive
2026-01-15 15:40:04.341 [taskScheduler-6] INFO  c.q.federated.service.FederatedCoordinatorService - Marked 2 nodes as inactive
2026-01-15 15:40:09.357 [taskScheduler-6] INFO  c.q.federated.service.FederatedCoordinatorService - Marked 2 nodes as inactive
2026-01-15 15:40:14.362 [taskScheduler-6] INFO  c.q.federated.service.FederatedCoordinatorService - Marked 2 nodes as inactive
2026-01-15 15:40:19.379 [taskScheduler-6] INFO  c.q.federated.service.FederatedCoordinatorService - Marked 2 nodes as inactive
2026-01-15 15:40:24.396 [taskScheduler-6] INFO  c.q.federated.service.FederatedCoordinatorService - Marked 2 nodes as inactive
2026-01-15 15:40:29.413 [taskScheduler-6] INFO  c.q.federated.service.FederatedCoordinatorService - Marked 2 nodes as inactive
2026-01-15 15:40:34.421 [taskScheduler-6] INFO  c.q.federated.service.FederatedCoordinatorService - Marked 2 nodes as inactive
2026-01-15 15:40:39.440 [taskScheduler-6] INFO  c.q.federated.service.FederatedCoordinatorService - Marked 2 nodes as inactive
2026-01-15 15:40:44.459 [taskScheduler-6] INFO  c.q.federated.service.FederatedCoordinatorService - Marked 2 nodes as inactive
2026-01-15 15:40:49.467 [taskScheduler-6] INFO  c.q.federated.service.FederatedCoordinatorService - Marked 2 nodes as inactive
2026-01-15 15:40:54.481 [taskScheduler-6] INFO  c.q.federated.service.FederatedCoordinatorService - Marked 2 nodes as inactive
2026-01-15 15:40:59.495 [taskScheduler-6] INFO  c.q.federated.service.FederatedCoordinatorService - Marked 2 nodes as inactive
2026-01-15 15:41:04.509 [taskScheduler-6] INFO  c.q.federated.service.FederatedCoordinatorService - Marked 2 nodes as inactive
2026-01-15 15:41:09.517 [taskScheduler-6] INFO  c.q.federated.service.FederatedCoordinatorService - Marked 2 nodes as inactive
2026-01-15 15:41:14.537 [taskScheduler-6] INFO  c.q.federated.service.FederatedCoordinatorService - Marked 2 nodes as inactive
2026-01-15 15:41:19.549 [taskScheduler-6] INFO  c.q.federated.service.FederatedCoordinatorService - Marked 2 nodes as inactive
2026-01-15 15:41:24.563 [taskScheduler-6] INFO  c.q.federated.service.FederatedCoordinatorService - Marked 2 nodes as inactive
2026-01-15 15:41:29.578 [taskScheduler-6] INFO  c.q.federated.service.FederatedCoordinatorService - Marked 2 nodes as inactive
2026-01-15 15:41:34.589 [taskScheduler-6] INFO  c.q.federated.service.FederatedCoordinatorService - Marked 2 nodes as inactive
2026-01-15 15:41:39.598 [taskScheduler-6] INFO  c.q.federated.service.FederatedCoordinatorService - Marked 2 nodes as inactive
2026-01-15 15:41:44.603 [taskScheduler-6] INFO  c.q.federated.service.FederatedCoordinatorService - Marked 2 nodes as inactive
2026-01-15 15:41:49.620 [taskScheduler-6] INFO  c.q.federated.service.FederatedCoordinatorService - Marked 2 nodes as inactive
2026-01-15 15:41:54.638 [taskScheduler-6] INFO  c.q.federated.service.FederatedCoordinatorService - Marked 2 nodes as inactive
2026-01-15 15:41:59.651 [taskScheduler-6] INFO  c.q.federated.service.FederatedCoordinatorService - Marked 2 nodes as inactive
2026-01-15 15:42:04.660 [taskScheduler-6] INFO  c.q.federated.service.FederatedCoordinatorService - Marked 2 nodes as inactive
2026-01-15 15:42:09.667 [taskScheduler-6] INFO  c.q.federated.service.FederatedCoordinatorService - Marked 2 nodes as inactive
2026-01-15 15:42:14.675 [taskScheduler-6] INFO  c.q.federated.service.FederatedCoordinatorService - Marked 2 nodes as inactive
2026-01-15 15:42:19.685 [taskScheduler-6] INFO  c.q.federated.service.FederatedCoordinatorService - Marked 2 nodes as inactive
2026-01-15 15:42:24.699 [taskScheduler-6] INFO  c.q.federated.service.FederatedCoordinatorService - Marked 2 nodes as inactive
2026-01-15 15:42:29.711 [taskScheduler-6] INFO  c.q.federated.service.FederatedCoordinatorService - Marked 2 nodes as inactive
2026-01-15 15:42:34.721 [taskScheduler-6] INFO  c.q.federated.service.FederatedCoordinatorService - Marked 2 nodes as inactive
2026-01-15 15:42:39.731 [taskScheduler-6] INFO  c.q.federated.service.FederatedCoordinatorService - Marked 2 nodes as inactive
2026-01-15 15:42:44.750 [taskScheduler-6] INFO  c.q.federated.service.FederatedCoordinatorService - Marked 2 nodes as inactive
2026-01-15 15:42:49.760 [taskScheduler-6] INFO  c.q.federated.service.FederatedCoordinatorService - Marked 2 nodes as inactive
2026-01-15 15:42:54.771 [taskScheduler-6] INFO  c.q.federated.service.FederatedCoordinatorService - Marked 2 nodes as inactive
2026-01-15 15:42:59.782 [taskScheduler-6] INFO  c.q.federated.service.FederatedCoordinatorService - Marked 2 nodes as inactive
2026-01-15 15:43:04.818 [taskScheduler-6] INFO  c.q.federated.service.FederatedCoordinatorService - Marked 2 nodes as inactive
2026-01-15 15:43:09.837 [taskScheduler-6] INFO  c.q.federated.service.FederatedCoordinatorService - Marked 2 nodes as inactive
2026-01-15 15:43:14.850 [taskScheduler-6] INFO  c.q.federated.service.FederatedCoordinatorService - Marked 2 nodes as inactive
2026-01-15 15:43:19.860 [taskScheduler-6] INFO  c.q.federated.service.FederatedCoordinatorService - Marked 2 nodes as inactive
2026-01-15 15:43:24.876 [taskScheduler-6] INFO  c.q.federated.service.FederatedCoordinatorService - Marked 2 nodes as inactive
2026-01-15 15:43:29.896 [taskScheduler-6] INFO  c.q.federated.service.FederatedCoordinatorService - Marked 2 nodes as inactive
2026-01-15 15:43:34.901 [taskScheduler-6] INFO  c.q.federated.service.FederatedCoordinatorService - Marked 2 nodes as inactive
2026-01-15 15:43:39.920 [taskScheduler-6] INFO  c.q.federated.service.FederatedCoordinatorService - Marked 2 nodes as inactive
2026-01-15 15:43:44.935 [taskScheduler-6] INFO  c.q.federated.service.FederatedCoordinatorService - Marked 2 nodes as inactive
2026-01-15 15:43:49.954 [taskScheduler-6] INFO  c.q.federated.service.FederatedCoordinatorService - Marked 2 nodes as inactive
2026-01-15 15:43:54.961 [taskScheduler-6] INFO  c.q.federated.service.FederatedCoordinatorService - Marked 2 nodes as inactive
2026-01-15 15:43:59.981 [taskScheduler-6] INFO  c.q.federated.service.FederatedCoordinatorService - Marked 2 nodes as inactive
2026-01-15 15:44:04.996 [taskScheduler-6] INFO  c.q.federated.service.FederatedCoordinatorService - Marked 2 nodes as inactive
2026-01-15 15:44:10.006 [taskScheduler-6] INFO  c.q.federated.service.FederatedCoordinatorService - Marked 2 nodes as inactive
2026-01-15 15:44:15.012 [taskScheduler-6] INFO  c.q.federated.service.FederatedCoordinatorService - Marked 2 nodes as inactive
2026-01-15 15:44:20.020 [taskScheduler-6] INFO  c.q.federated.service.FederatedCoordinatorService - Marked 2 nodes as inactive
2026-01-15 15:44:25.032 [taskScheduler-6] INFO  c.q.federated.service.FederatedCoordinatorService - Marked 2 nodes as inactive
2026-01-15 15:44:30.050 [taskScheduler-6] INFO  c.q.federated.service.FederatedCoordinatorService - Marked 2 nodes as inactive
2026-01-15 15:44:35.058 [taskScheduler-6] INFO  c.q.federated.service.FederatedCoordinatorService - Marked 2 nodes as inactive
2026-01-15 15:44:40.076 [taskScheduler-6] INFO  c.q.federated.service.FederatedCoordinatorService - Marked 2 nodes as inactive
2026-01-15 15:44:45.085 [taskScheduler-6] INFO  c.q.federated.service.FederatedCoordinatorService - Marked 2 nodes as inactive
2026-01-15 15:44:50.092 [taskScheduler-6] INFO  c.q.federated.service.FederatedCoordinatorService - Marked 2 nodes as inactive
2026-01-15 15:44:55.105 [taskScheduler-6] INFO  c.q.federated.service.FederatedCoordinatorService - Marked 2 nodes as inactive
2026-01-15 15:45:00.124 [taskScheduler-6] INFO  c.q.federated.service.FederatedCoordinatorService - Marked 2 nodes as inactive
2026-01-15 15:45:05.139 [taskScheduler-6] INFO  c.q.federated.service.FederatedCoordinatorService - Marked 2 nodes as inactive
2026-01-15 15:45:10.154 [taskScheduler-6] INFO  c.q.federated.service.FederatedCoordinatorService - Marked 2 nodes as inactive
2026-01-15 15:45:15.166 [taskScheduler-6] INFO  c.q.federated.service.FederatedCoordinatorService - Marked 2 nodes as inactive
2026-01-15 15:45:20.175 [taskScheduler-6] INFO  c.q.federated.service.FederatedCoordinatorService - Marked 2 nodes as inactive
2026-01-15 15:45:25.194 [taskScheduler-6] INFO  c.q.federated.service.FederatedCoordinatorService - Marked 2 nodes as inactive
2026-01-15 15:45:30.214 [taskScheduler-6] INFO  c.q.federated.service.FederatedCoordinatorService - Marked 2 nodes as inactive
2026-01-15 15:45:35.232 [taskScheduler-6] INFO  c.q.federated.service.FederatedCoordinatorService - Marked 2 nodes as inactive
2026-01-15 15:45:40.245 [taskScheduler-6] INFO  c.q.federated.service.FederatedCoordinatorService - Marked 2 nodes as inactive
2026-01-15 15:45:45.260 [taskScheduler-6] INFO  c.q.federated.service.FederatedCoordinatorService - Marked 2 nodes as inactive
2026-01-15 15:45:50.277 [taskScheduler-6] INFO  c.q.federated.service.FederatedCoordinatorService - Marked 2 nodes as inactive
2026-01-15 15:45:55.286 [taskScheduler-6] INFO  c.q.federated.service.FederatedCoordinatorService - Marked 2 nodes as inactive
2026-01-15 15:46:00.301 [taskScheduler-6] INFO  c.q.federated.service.FederatedCoordinatorService - Marked 2 nodes as inactive
2026-01-15 15:46:05.308 [taskScheduler-6] INFO  c.q.federated.service.FederatedCoordinatorService - Marked 2 nodes as inactive
2026-01-15 15:46:10.316 [taskScheduler-6] INFO  c.q.federated.service.FederatedCoordinatorService - Marked 2 nodes as inactive
2026-01-15 15:46:15.324 [taskScheduler-6] INFO  c.q.federated.service.FederatedCoordinatorService - Marked 2 nodes as inactive
2026-01-15 15:46:20.339 [taskScheduler-6] INFO  c.q.federated.service.FederatedCoordinatorService - Marked 2 nodes as inactive
2026-01-15 15:46:25.355 [taskScheduler-6] INFO  c.q.federated.service.FederatedCoordinatorService - Marked 2 nodes as inactive
2026-01-15 15:46:30.360 [taskScheduler-6] INFO  c.q.federated.service.FederatedCoordinatorService - Marked 2 nodes as inactive
2026-01-15 15:46:35.370 [taskScheduler-6] INFO  c.q.federated.service.FederatedCoordinatorService - Marked 2 nodes as inactive
2026-01-15 15:46:40.375 [taskScheduler-6] INFO  c.q.federated.service.FederatedCoordinatorService - Marked 2 nodes as inactive
2026-01-15 15:46:45.387 [taskScheduler-6] INFO  c.q.federated.service.FederatedCoordinatorService - Marked 2 nodes as inactive
2026-01-15 15:46:50.394 [taskScheduler-6] INFO  c.q.federated.service.FederatedCoordinatorService - Marked 2 nodes as inactive
2026-01-15 15:46:55.410 [taskScheduler-6] INFO  c.q.federated.service.FederatedCoordinatorService - Marked 2 nodes as inactive
2026-01-15 15:47:00.429 [taskScheduler-6] INFO  c.q.federated.service.FederatedCoordinatorService - Marked 2 nodes as inactive
2026-01-15 15:47:05.437 [taskScheduler-6] INFO  c.q.federated.service.FederatedCoordinatorService - Marked 2 nodes as inactive
2026-01-15 15:47:10.452 [taskScheduler-6] INFO  c.q.federated.service.FederatedCoordinatorService - Marked 2 nodes as inactive
2026-01-15 15:47:15.460 [taskScheduler-6] INFO  c.q.federated.service.FederatedCoordinatorService - Marked 2 nodes as inactive
2026-01-15 15:47:20.474 [taskScheduler-6] INFO  c.q.federated.service.FederatedCoordinatorService - Marked 2 nodes as inactive
2026-01-15 15:47:25.482 [taskScheduler-6] INFO  c.q.federated.service.FederatedCoordinatorService - Marked 2 nodes as inactive
2026-01-15 15:47:30.491 [taskScheduler-6] INFO  c.q.federated.service.FederatedCoordinatorService - Marked 2 nodes as inactive
2026-01-15 15:47:35.509 [taskScheduler-6] INFO  c.q.federated.service.FederatedCoordinatorService - Marked 2 nodes as inactive
2026-01-15 15:47:40.517 [taskScheduler-6] INFO  c.q.federated.service.FederatedCoordinatorService - Marked 2 nodes as inactive
2026-01-15 15:47:45.534 [taskScheduler-6] INFO  c.q.federated.service.FederatedCoordinatorService - Marked 2 nodes as inactive
2026-01-15 15:47:50.552 [taskScheduler-6] INFO  c.q.federated.service.FederatedCoordinatorService - Marked 2 nodes as inactive
2026-01-15 15:47:55.559 [taskScheduler-6] INFO  c.q.federated.service.FederatedCoordinatorService - Marked 2 nodes as inactive
2026-01-15 15:48:00.574 [taskScheduler-6] INFO  c.q.federated.service.FederatedCoordinatorService - Marked 2 nodes as inactive
2026-01-15 15:48:05.581 [taskScheduler-6] INFO  c.q.federated.service.FederatedCoordinatorService - Marked 2 nodes as inactive
2026-01-15 15:48:10.588 [taskScheduler-6] INFO  c.q.federated.service.FederatedCoordinatorService - Marked 2 nodes as inactive
2026-01-15 15:48:15.600 [taskScheduler-6] INFO  c.q.federated.service.FederatedCoordinatorService - Marked 2 nodes as inactive
2026-01-15 15:48:20.613 [taskScheduler-6] INFO  c.q.federated.service.FederatedCoordinatorService - Marked 2 nodes as inactive
2026-01-15 15:48:25.617 [taskScheduler-6] INFO  c.q.federated.service.FederatedCoordinatorService - Marked 2 nodes as inactive
2026-01-15 15:48:30.623 [taskScheduler-6] INFO  c.q.federated.service.FederatedCoordinatorService - Marked 2 nodes as inactive
2026-01-15 15:48:35.632 [taskScheduler-6] INFO  c.q.federated.service.FederatedCoordinatorService - Marked 2 nodes as inactive
2026-01-15 15:48:40.650 [taskScheduler-6] INFO  c.q.federated.service.FederatedCoordinatorService - Marked 2 nodes as inactive
2026-01-15 15:48:45.661 [taskScheduler-6] INFO  c.q.federated.service.FederatedCoordinatorService - Marked 2 nodes as inactive
2026-01-15 15:48:50.673 [taskScheduler-6] INFO  c.q.federated.service.FederatedCoordinatorService - Marked 2 nodes as inactive
2026-01-15 15:48:55.692 [taskScheduler-6] INFO  c.q.federated.service.FederatedCoordinatorService - Marked 2 nodes as inactive
2026-01-15 15:49:00.713 [taskScheduler-6] INFO  c.q.federated.service.FederatedCoordinatorService - Marked 2 nodes as inactive
2026-01-15 15:49:05.736 [taskScheduler-6] INFO  c.q.federated.service.FederatedCoordinatorService - Marked 2 nodes as inactive
2026-01-15 15:49:10.748 [taskScheduler-6] INFO  c.q.federated.service.FederatedCoordinatorService - Marked 2 nodes as inactive
2026-01-15 15:49:15.766 [taskScheduler-6] INFO  c.q.federated.service.FederatedCoordinatorService - Marked 2 nodes as inactive
2026-01-15 15:49:20.780 [taskScheduler-6] INFO  c.q.federated.service.FederatedCoordinatorService - Marked 2 nodes as inactive
2026-01-15 15:49:25.793 [taskScheduler-6] INFO  c.q.federated.service.FederatedCoordinatorService - Marked 2 nodes as inactive
2026-01-15 15:49:30.812 [taskScheduler-6] INFO  c.q.federated.service.FederatedCoordinatorService - Marked 2 nodes as inactive
2026-01-15 15:49:35.819 [taskScheduler-6] INFO  c.q.federated.service.FederatedCoordinatorService - Marked 2 nodes as inactive
2026-01-15 15:49:40.836 [taskScheduler-6] INFO  c.q.federated.service.FederatedCoordinatorService - Marked 2 nodes as inactive
2026-01-15 15:49:45.855 [taskScheduler-6] INFO  c.q.federated.service.FederatedCoordinatorService - Marked 2 nodes as inactive
2026-01-15 15:49:50.873 [taskScheduler-6] INFO  c.q.federated.service.FederatedCoordinatorService - Marked 2 nodes as inactive
2026-01-15 15:49:55.889 [taskScheduler-6] INFO  c.q.federated.service.FederatedCoordinatorService - Marked 2 nodes as inactive
2026-01-15 15:50:00.905 [taskScheduler-6] INFO  c.q.federated.service.FederatedCoordinatorService - Marked 2 nodes as inactive
2026-01-15 15:50:05.921 [taskScheduler-6] INFO  c.q.federated.service.FederatedCoordinatorService - Marked 2 nodes as inactive
2026-01-15 15:50:10.938 [taskScheduler-6] INFO  c.q.federated.service.FederatedCoordinatorService - Marked 2 nodes as inactive
2026-01-15 15:50:15.951 [taskScheduler-6] INFO  c.q.federated.service.FederatedCoordinatorService - Marked 2 nodes as inactive
2026-01-15 15:50:20.959 [taskScheduler-6] INFO  c.q.federated.service.FederatedCoordinatorService - Marked 2 nodes as inactive
2026-01-15 15:50:25.970 [taskScheduler-6] INFO  c.q.federated.service.FederatedCoordinatorService - Marked 2 nodes as inactive
2026-01-15 15:50:30.983 [taskScheduler-6] INFO  c.q.federated.service.FederatedCoordinatorService - Marked 2 nodes as inactive
2026-01-15 15:50:35.989 [taskScheduler-6] INFO  c.q.federated.service.FederatedCoordinatorService - Marked 2 nodes as inactive
2026-01-15 15:50:41.001 [taskScheduler-6] INFO  c.q.federated.service.FederatedCoordinatorService - Marked 2 nodes as inactive
2026-01-15 15:50:46.012 [taskScheduler-6] INFO  c.q.federated.service.FederatedCoordinatorService - Marked 2 nodes as inactive
2026-01-15 15:50:51.021 [taskScheduler-6] INFO  c.q.federated.service.FederatedCoordinatorService - Marked 2 nodes as inactive
2026-01-15 15:50:56.028 [taskScheduler-6] INFO  c.q.federated.service.FederatedCoordinatorService - Marked 2 nodes as inactive
2026-01-15 15:51:01.042 [taskScheduler-6] INFO  c.q.federated.service.FederatedCoordinatorService - Marked 2 nodes as inactive
2026-01-15 15:51:06.053 [taskScheduler-6] INFO  c.q.federated.service.FederatedCoordinatorService - Marked 2 nodes as inactive
2026-01-15 15:51:11.070 [taskScheduler-6] INFO  c.q.federated.service.FederatedCoordinatorService - Marked 2 nodes as inactive
2026-01-15 15:51:16.085 [taskScheduler-6] INFO  c.q.federated.service.FederatedCoordinatorService - Marked 2 nodes as inactive
2026-01-15 15:51:21.098 [taskScheduler-6] INFO  c.q.federated.service.FederatedCoordinatorService - Marked 2 nodes as inactive
2026-01-15 15:51:26.103 [taskScheduler-6] INFO  c.q.federated.service.FederatedCoordinatorService - Marked 2 nodes as inactive
2026-01-15 15:51:31.121 [taskScheduler-6] INFO  c.q.federated.service.FederatedCoordinatorService - Marked 2 nodes as inactive
2026-01-15 15:51:36.137 [taskScheduler-6] INFO  c.q.federated.service.FederatedCoordinatorService - Marked 2 nodes as inactive
2026-01-15 15:51:41.155 [taskScheduler-6] INFO  c.q.federated.service.FederatedCoordinatorService - Marked 2 nodes as inactive
2026-01-15 15:51:46.169 [taskScheduler-6] INFO  c.q.federated.service.FederatedCoordinatorService - Marked 2 nodes as inactive
2026-01-15 15:51:51.188 [taskScheduler-6] INFO  c.q.federated.service.FederatedCoordinatorService - Marked 2 nodes as inactive
2026-01-15 15:51:56.195 [taskScheduler-6] INFO  c.q.federated.service.FederatedCoordinatorService - Marked 2 nodes as inactive
2026-01-15 15:52:01.207 [taskScheduler-6] INFO  c.q.federated.service.FederatedCoordinatorService - Marked 2 nodes as inactive
2026-01-15 15:52:06.226 [taskScheduler-6] INFO  c.q.federated.service.FederatedCoordinatorService - Marked 2 nodes as inactive
2026-01-15 15:52:11.238 [taskScheduler-6] INFO  c.q.federated.service.FederatedCoordinatorService - Marked 2 nodes as inactive
2026-01-15 15:52:16.260 [taskScheduler-6] INFO  c.q.federated.service.FederatedCoordinatorService - Marked 2 nodes as inactive
2026-01-15 15:52:21.269 [taskScheduler-6] INFO  c.q.federated.service.FederatedCoordinatorService - Marked 2 nodes as inactive
2026-01-15 15:52:26.284 [taskScheduler-6] INFO  c.q.federated.service.FederatedCoordinatorService - Marked 2 nodes as inactive
2026-01-15 15:52:31.294 [taskScheduler-6] INFO  c.q.federated.service.FederatedCoordinatorService - Marked 2 nodes as inactive
2026-01-15 15:52:36.307 [taskScheduler-6] INFO  c.q.federated.service.FederatedCoordinatorService - Marked 2 nodes as inactive
2026-01-15 15:52:41.327 [taskScheduler-6] INFO  c.q.federated.service.FederatedCoordinatorService - Marked 2 nodes as inactive
2026-01-15 15:52:46.337 [taskScheduler-6] INFO  c.q.federated.service.FederatedCoordinatorService - Marked 2 nodes as inactive
2026-01-15 15:52:51.354 [taskScheduler-6] INFO  c.q.federated.service.FederatedCoordinatorService - Marked 2 nodes as inactive
2026-01-15 15:52:56.374 [taskScheduler-6] INFO  c.q.federated.service.FederatedCoordinatorService - Marked 2 nodes as inactive
2026-01-15 15:53:01.396 [taskScheduler-6] INFO  c.q.federated.service.FederatedCoordinatorService - Marked 2 nodes as inactive
2026-01-15 15:53:06.415 [taskScheduler-6] INFO  c.q.federated.service.FederatedCoordinatorService - Marked 2 nodes as inactive
2026-01-15 15:53:11.430 [taskScheduler-6] INFO  c.q.federated.service.FederatedCoordinatorService - Marked 2 nodes as inactive
2026-01-15 15:53:16.443 [taskScheduler-6] INFO  c.q.federated.service.FederatedCoordinatorService - Marked 2 nodes as inactive
2026-01-15 15:53:21.454 [taskScheduler-6] INFO  c.q.federated.service.FederatedCoordinatorService - Marked 2 nodes as inactive
2026-01-15 15:53:26.468 [taskScheduler-6] INFO  c.q.federated.service.FederatedCoordinatorService - Marked 2 nodes as inactive
2026-01-15 15:53:31.482 [taskScheduler-6] INFO  c.q.federated.service.FederatedCoordinatorService - Marked 2 nodes as inactive
2026-01-15 15:53:36.503 [taskScheduler-6] INFO  c.q.federated.service.FederatedCoordinatorService - Marked 2 nodes as inactive
2026-01-15 15:53:41.516 [taskScheduler-6] INFO  c.q.federated.service.FederatedCoordinatorService - Marked 2 nodes as inactive
2026-01-15 15:53:46.532 [taskScheduler-6] INFO  c.q.federated.service.FederatedCoordinatorService - Marked 2 nodes as inactive
2026-01-15 15:53:51.547 [taskScheduler-6] INFO  c.q.federated.service.FederatedCoordinatorService - Marked 2 nodes as inactive
2026-01-15 15:53:56.559 [taskScheduler-6] INFO  c.q.federated.service.FederatedCoordinatorService - Marked 2 nodes as inactive
2026-01-15 15:54:01.572 [taskScheduler-6] INFO  c.q.federated.service.FederatedCoordinatorService - Marked 2 nodes as inactive
2026-01-15 15:54:06.591 [taskScheduler-6] INFO  c.q.federated.service.FederatedCoordinatorService - Marked 2 nodes as inactive
2026-01-15 15:54:11.600 [taskScheduler-6] INFO  c.q.federated.service.FederatedCoordinatorService - Marked 2 nodes as inactive
2026-01-15 15:54:16.605 [taskScheduler-6] INFO  c.q.federated.service.FederatedCoordinatorService - Marked 2 nodes as inactive
2026-01-15 15:54:21.623 [taskScheduler-6] INFO  c.q.federated.service.FederatedCoordinatorService - Marked 2 nodes as inactive
2026-01-15 15:54:26.639 [taskScheduler-6] INFO  c.q.federated.service.FederatedCoordinatorService - Marked 2 nodes as inactive
2026-01-15 15:54:31.654 [taskScheduler-6] INFO  c.q.federated.service.FederatedCoordinatorService - Marked 2 nodes as inactive
2026-01-15 15:54:36.675 [taskScheduler-6] INFO  c.q.federated.service.FederatedCoordinatorService - Marked 2 nodes as inactive
2026-01-15 15:54:41.688 [taskScheduler-6] INFO  c.q.federated.service.FederatedCoordinatorService - Marked 2 nodes as inactive
2026-01-15 15:54:46.706 [taskScheduler-6] INFO  c.q.federated.service.FederatedCoordinatorService - Marked 2 nodes as inactive
2026-01-15 15:54:51.715 [taskScheduler-6] INFO  c.q.federated.service.FederatedCoordinatorService - Marked 2 nodes as inactive
2026-01-15 15:54:56.720 [taskScheduler-6] INFO  c.q.federated.service.FederatedCoordinatorService - Marked 2 nodes as inactive
2026-01-15 15:55:01.740 [taskScheduler-6] INFO  c.q.federated.service.FederatedCoordinatorService - Marked 2 nodes as inactive
2026-01-15 15:55:06.756 [taskScheduler-6] INFO  c.q.federated.service.FederatedCoordinatorService - Marked 2 nodes as inactive
2026-01-15 15:55:11.775 [taskScheduler-6] INFO  c.q.federated.service.FederatedCoordinatorService - Marked 2 nodes as inactive
2026-01-15 15:55:16.807 [taskScheduler-6] INFO  c.q.federated.service.FederatedCoordinatorService - Marked 2 nodes as inactive
2026-01-15 15:55:21.823 [taskScheduler-6] INFO  c.q.federated.service.FederatedCoordinatorService - Marked 2 nodes as inactive
2026-01-15 15:55:26.837 [taskScheduler-6] INFO  c.q.federated.service.FederatedCoordinatorService - Marked 2 nodes as inactive
2026-01-15 15:55:31.842 [taskScheduler-6] INFO  c.q.federated.service.FederatedCoordinatorService - Marked 2 nodes as inactive
2026-01-15 15:55:36.850 [taskScheduler-6] INFO  c.q.federated.service.FederatedCoordinatorService - Marked 2 nodes as inactive
2026-01-15 15:55:41.868 [taskScheduler-6] INFO  c.q.federated.service.FederatedCoordinatorService - Marked 2 nodes as inactive
2026-01-15 15:55:46.887 [taskScheduler-6] INFO  c.q.federated.service.FederatedCoordinatorService - Marked 2 nodes as inactive
2026-01-15 15:55:51.903 [taskScheduler-6] INFO  c.q.federated.service.FederatedCoordinatorService - Marked 2 nodes as inactive
2026-01-15 15:55:56.911 [taskScheduler-6] INFO  c.q.federated.service.FederatedCoordinatorService - Marked 2 nodes as inactive
2026-01-15 15:56:01.920 [taskScheduler-6] INFO  c.q.federated.service.FederatedCoordinatorService - Marked 2 nodes as inactive
2026-01-15 15:56:06.937 [taskScheduler-6] INFO  c.q.federated.service.FederatedCoordinatorService - Marked 2 nodes as inactive
2026-01-15 15:56:11.956 [taskScheduler-6] INFO  c.q.federated.service.FederatedCoordinatorService - Marked 2 nodes as inactive
2026-01-15 15:56:16.968 [taskScheduler-6] INFO  c.q.federated.service.FederatedCoordinatorService - Marked 2 nodes as inactive
2026-01-15 15:56:21.985 [taskScheduler-6] INFO  c.q.federated.service.FederatedCoordinatorService - Marked 2 nodes as inactive
2026-01-15 15:56:27.006 [taskScheduler-6] INFO  c.q.federated.service.FederatedCoordinatorService - Marked 2 nodes as inactive
2026-01-15 15:56:32.014 [taskScheduler-6] INFO  c.q.federated.service.FederatedCoordinatorService - Marked 2 nodes as inactive
2026-01-15 15:56:37.026 [taskScheduler-6] INFO  c.q.federated.service.FederatedCoordinatorService - Marked 2 nodes as inactive
2026-01-15 15:56:42.048 [taskScheduler-6] INFO  c.q.federated.service.FederatedCoordinatorService - Marked 2 nodes as inactive
2026-01-15 15:56:47.059 [taskScheduler-6] INFO  c.q.federated.service.FederatedCoordinatorService - Marked 2 nodes as inactive
2026-01-15 15:56:52.068 [taskScheduler-6] INFO  c.q.federated.service.FederatedCoordinatorService - Marked 2 nodes as inactive
2026-01-15 15:56:57.079 [taskScheduler-6] INFO  c.q.federated.service.FederatedCoordinatorService - Marked 2 nodes as inactive
2026-01-15 15:57:02.086 [taskScheduler-6] INFO  c.q.federated.service.FederatedCoordinatorService - Marked 2 nodes as inactive
2026-01-15 15:57:07.101 [taskScheduler-6] INFO  c.q.federated.service.FederatedCoordinatorService - Marked 2 nodes as inactive
2026-01-15 15:57:12.118 [taskScheduler-6] INFO  c.q.federated.service.FederatedCoordinatorService - Marked 2 nodes as inactive
2026-01-15 15:57:17.131 [taskScheduler-6] INFO  c.q.federated.service.FederatedCoordinatorService - Marked 2 nodes as inactive
2026-01-15 15:57:22.145 [taskScheduler-6] INFO  c.q.federated.service.FederatedCoordinatorService - Marked 2 nodes as inactive
2026-01-15 15:57:27.152 [taskScheduler-6] INFO  c.q.federated.service.FederatedCoordinatorService - Marked 2 nodes as inactive
2026-01-15 15:57:32.167 [taskScheduler-6] INFO  c.q.federated.service.FederatedCoordinatorService - Marked 2 nodes as inactive
2026-01-15 15:57:37.179 [taskScheduler-6] INFO  c.q.federated.service.FederatedCoordinatorService - Marked 2 nodes as inactive
2026-01-15 15:57:42.185 [taskScheduler-6] INFO  c.q.federated.service.FederatedCoordinatorService - Marked 2 nodes as inactive
2026-01-15 15:57:47.201 [taskScheduler-6] INFO  c.q.federated.service.FederatedCoordinatorService - Marked 2 nodes as inactive
2026-01-15 15:57:52.208 [taskScheduler-6] INFO  c.q.federated.service.FederatedCoordinatorService - Marked 2 nodes as inactive
2026-01-15 15:57:57.216 [taskScheduler-6] INFO  c.q.federated.service.FederatedCoordinatorService - Marked 2 nodes as inactive
2026-01-15 15:58:02.227 [taskScheduler-6] INFO  c.q.federated.service.FederatedCoordinatorService - Marked 2 nodes as inactive
2026-01-15 15:58:07.247 [taskScheduler-6] INFO  c.q.federated.service.FederatedCoordinatorService - Marked 2 nodes as inactive
2026-01-15 15:58:12.264 [taskScheduler-6] INFO  c.q.federated.service.FederatedCoordinatorService - Marked 2 nodes as inactive
2026-01-15 15:58:17.282 [taskScheduler-6] INFO  c.q.federated.service.FederatedCoordinatorService - Marked 2 nodes as inactive
2026-01-15 15:58:22.297 [taskScheduler-6] INFO  c.q.federated.service.FederatedCoordinatorService - Marked 2 nodes as inactive
2026-01-15 15:58:27.303 [taskScheduler-6] INFO  c.q.federated.service.FederatedCoordinatorService - Marked 2 nodes as inactive
2026-01-15 15:58:32.324 [taskScheduler-6] INFO  c.q.federated.service.FederatedCoordinatorService - Marked 2 nodes as inactive
2026-01-15 15:58:37.332 [taskScheduler-6] INFO  c.q.federated.service.FederatedCoordinatorService - Marked 2 nodes as inactive
2026-01-15 15:58:42.343 [taskScheduler-6] INFO  c.q.federated.service.FederatedCoordinatorService - Marked 2 nodes as inactive
2026-01-15 15:58:47.349 [taskScheduler-6] INFO  c.q.federated.service.FederatedCoordinatorService - Marked 2 nodes as inactive
2026-01-15 15:58:52.360 [taskScheduler-6] INFO  c.q.federated.service.FederatedCoordinatorService - Marked 2 nodes as inactive
2026-01-15 15:58:57.381 [taskScheduler-6] INFO  c.q.federated.service.FederatedCoordinatorService - Marked 2 nodes as inactive
2026-01-15 15:59:02.396 [taskScheduler-6] INFO  c.q.federated.service.FederatedCoordinatorService - Marked 2 nodes as inactive
2026-01-15 15:59:07.408 [taskScheduler-6] INFO  c.q.federated.service.FederatedCoordinatorService - Marked 2 nodes as inactive
2026-01-15 15:59:12.428 [taskScheduler-6] INFO  c.q.federated.service.FederatedCoordinatorService - Marked 2 nodes as inactive
2026-01-15 15:59:17.442 [taskScheduler-6] INFO  c.q.federated.service.FederatedCoordinatorService - Marked 2 nodes as inactive
2026-01-15 15:59:22.449 [taskScheduler-6] INFO  c.q.federated.service.FederatedCoordinatorService - Marked 2 nodes as inactive
2026-01-15 15:59:27.463 [taskScheduler-6] INFO  c.q.federated.service.FederatedCoordinatorService - Marked 2 nodes as inactive
2026-01-15 15:59:32.483 [taskScheduler-6] INFO  c.q.federated.service.FederatedCoordinatorService - Marked 2 nodes as inactive
2026-01-15 15:59:37.500 [taskScheduler-6] INFO  c.q.federated.service.FederatedCoordinatorService - Marked 2 nodes as inactive
2026-01-15 15:59:42.513 [taskScheduler-6] INFO  c.q.federated.service.FederatedCoordinatorService - Marked 2 nodes as inactive
2026-01-15 15:59:47.532 [taskScheduler-6] INFO  c.q.federated.service.FederatedCoordinatorService - Marked 2 nodes as inactive
2026-01-15 15:59:52.541 [taskScheduler-6] INFO  c.q.federated.service.FederatedCoordinatorService - Marked 2 nodes as inactive
2026-01-15 15:59:57.558 [taskScheduler-6] INFO  c.q.federated.service.FederatedCoordinatorService - Marked 2 nodes as inactive
2026-01-15 16:00:02.564 [taskScheduler-6] INFO  c.q.federated.service.FederatedCoordinatorService - Marked 2 nodes as inactive
2026-01-15 16:00:07.572 [taskScheduler-6] INFO  c.q.federated.service.FederatedCoordinatorService - Marked 2 nodes as inactive
2026-01-15 16:00:12.577 [taskScheduler-6] INFO  c.q.federated.service.FederatedCoordinatorService - Marked 2 nodes as inactive
2026-01-15 16:00:17.596 [taskScheduler-6] INFO  c.q.federated.service.FederatedCoordinatorService - Marked 2 nodes as inactive
2026-01-15 16:00:22.612 [taskScheduler-6] INFO  c.q.federated.service.FederatedCoordinatorService - Marked 2 nodes as inactive
2026-01-15 16:00:27.630 [taskScheduler-6] INFO  c.q.federated.service.FederatedCoordinatorService - Marked 2 nodes as inactive
2026-01-15 16:00:32.639 [taskScheduler-6] INFO  c.q.federated.service.FederatedCoordinatorService - Marked 2 nodes as inactive
2026-01-15 16:00:37.647 [taskScheduler-6] INFO  c.q.federated.service.FederatedCoordinatorService - Marked 2 nodes as inactive
2026-01-15 16:00:42.661 [taskScheduler-6] INFO  c.q.federated.service.FederatedCoordinatorService - Marked 2 nodes as inactive
2026-01-15 16:00:47.667 [taskScheduler-6] INFO  c.q.federated.service.FederatedCoordinatorService - Marked 2 nodes as inactive
2026-01-15 16:00:52.680 [taskScheduler-6] INFO  c.q.federated.service.FederatedCoordinatorService - Marked 2 nodes as inactive
2026-01-15 16:00:57.688 [taskScheduler-6] INFO  c.q.federated.service.FederatedCoordinatorService - Marked 2 nodes as inactive
2026-01-15 16:01:02.706 [taskScheduler-6] INFO  c.q.federated.service.FederatedCoordinatorService - Marked 2 nodes as inactive
2026-01-15 16:01:07.712 [taskScheduler-6] INFO  c.q.federated.service.FederatedCoordinatorService - Marked 2 nodes as inactive
2026-01-15 16:01:12.718 [taskScheduler-6] INFO  c.q.federated.service.FederatedCoordinatorService - Marked 2 nodes as inactive
2026-01-15 16:01:17.727 [taskScheduler-6] INFO  c.q.federated.service.FederatedCoordinatorService - Marked 2 nodes as inactive
2026-01-15 16:01:22.742 [taskScheduler-6] INFO  c.q.federated.service.FederatedCoordinatorService - Marked 2 nodes as inactive
2026-01-15 16:01:27.762 [taskScheduler-6] INFO  c.q.federated.service.FederatedCoordinatorService - Marked 2 nodes as inactive
2026-01-15 16:01:32.780 [taskScheduler-6] INFO  c.q.federated.service.FederatedCoordinatorService - Marked 2 nodes as inactive
2026-01-15 16:01:37.785 [taskScheduler-6] INFO  c.q.federated.service.FederatedCoordinatorService - Marked 2 nodes as inactive
2026-01-15 16:01:42.794 [taskScheduler-6] INFO  c.q.federated.service.FederatedCoordinatorService - Marked 2 nodes as inactive
2026-01-15 16:01:47.810 [taskScheduler-6] INFO  c.q.federated.service.FederatedCoordinatorService - Marked 2 nodes as inactive
2026-01-15 16:01:52.828 [taskScheduler-6] INFO  c.q.federated.service.FederatedCoordinatorService - Marked 2 nodes as inactive
2026-01-15 16:01:57.840 [taskScheduler-6] INFO  c.q.federated.service.FederatedCoordinatorService - Marked 2 nodes as inactive
2026-01-15 16:02:02.860 [taskScheduler-6] INFO  c.q.federated.service.FederatedCoordinatorService - Marked 2 nodes as inactive
2026-01-15 16:02:07.878 [taskScheduler-6] INFO  c.q.federated.service.FederatedCoordinatorService - Marked 2 nodes as inactive
2026-01-15 16:02:12.887 [taskScheduler-6] INFO  c.q.federated.service.FederatedCoordinatorService - Marked 2 nodes as inactive
2026-01-15 16:02:17.901 [taskScheduler-6] INFO  c.q.federated.service.FederatedCoordinatorService - Marked 2 nodes as inactive
2026-01-15 16:02:22.908 [taskScheduler-6] INFO  c.q.federated.service.FederatedCoordinatorService - Marked 2 nodes as inactive
2026-01-15 16:02:27.923 [taskScheduler-6] INFO  c.q.federated.service.FederatedCoordinatorService - Marked 2 nodes as inactive
2026-01-15 16:02:32.929 [taskScheduler-6] INFO  c.q.federated.service.FederatedCoordinatorService - Marked 2 nodes as inactive
2026-01-15 16:02:37.948 [taskScheduler-6] INFO  c.q.federated.service.FederatedCoordinatorService - Marked 2 nodes as inactive
2026-01-15 16:02:42.961 [taskScheduler-6] INFO  c.q.federated.service.FederatedCoordinatorService - Marked 2 nodes as inactive
2026-01-15 16:02:47.979 [taskScheduler-6] INFO  c.q.federated.service.FederatedCoordinatorService - Marked 2 nodes as inactive
2026-01-15 16:02:52.994 [taskScheduler-6] INFO  c.q.federated.service.FederatedCoordinatorService - Marked 2 nodes as inactive
2026-01-15 16:02:58.009 [taskScheduler-6] INFO  c.q.federated.service.FederatedCoordinatorService - Marked 2 nodes as inactive
2026-01-15 16:03:03.020 [taskScheduler-6] INFO  c.q.federated.service.FederatedCoordinatorService - Marked 2 nodes as inactive
2026-01-15 16:03:08.026 [taskScheduler-6] INFO  c.q.federated.service.FederatedCoordinatorService - Marked 2 nodes as inactive
2026-01-15 16:03:13.043 [taskScheduler-6] INFO  c.q.federated.service.FederatedCoordinatorService - Marked 2 nodes as inactive
2026-01-15 16:03:18.060 [taskScheduler-6] INFO  c.q.federated.service.FederatedCoordinatorService - Marked 2 nodes as inactive
2026-01-15 16:03:23.073 [taskScheduler-6] INFO  c.q.federated.service.FederatedCoordinatorService - Marked 2 nodes as inactive
2026-01-15 16:03:28.091 [taskScheduler-6] INFO  c.q.federated.service.FederatedCoordinatorService - Marked 2 nodes as inactive
2026-01-15 16:03:33.109 [taskScheduler-6] INFO  c.q.federated.service.FederatedCoordinatorService - Marked 2 nodes as inactive
2026-01-15 16:03:38.122 [taskScheduler-6] INFO  c.q.federated.service.FederatedCoordinatorService - Marked 2 nodes as inactive
2026-01-15 16:03:43.133 [taskScheduler-6] INFO  c.q.federated.service.FederatedCoordinatorService - Marked 2 nodes as inactive
2026-01-15 16:03:48.142 [taskScheduler-6] INFO  c.q.federated.service.FederatedCoordinatorService - Marked 2 nodes as inactive
2026-01-15 16:03:53.153 [taskScheduler-6] INFO  c.q.federated.service.FederatedCoordinatorService - Marked 2 nodes as inactive
2026-01-15 16:03:58.162 [taskScheduler-6] INFO  c.q.federated.service.FederatedCoordinatorService - Marked 2 nodes as inactive
2026-01-15 16:04:03.172 [taskScheduler-6] INFO  c.q.federated.service.FederatedCoordinatorService - Marked 2 nodes as inactive
2026-01-15 16:04:08.185 [taskScheduler-6] INFO  c.q.federated.service.FederatedCoordinatorService - Marked 2 nodes as inactive
2026-01-15 16:04:13.195 [taskScheduler-6] INFO  c.q.federated.service.FederatedCoordinatorService - Marked 2 nodes as inactive
2026-01-15 16:04:18.208 [taskScheduler-6] INFO  c.q.federated.service.FederatedCoordinatorService - Marked 2 nodes as inactive
2026-01-15 16:04:23.214 [taskScheduler-6] INFO  c.q.federated.service.FederatedCoordinatorService - Marked 2 nodes as inactive
2026-01-15 16:04:28.224 [taskScheduler-6] INFO  c.q.federated.service.FederatedCoordinatorService - Marked 2 nodes as inactive
2026-01-15 16:04:33.239 [taskScheduler-6] INFO  c.q.federated.service.FederatedCoordinatorService - Marked 2 nodes as inactive
2026-01-15 16:04:38.256 [taskScheduler-6] INFO  c.q.federated.service.FederatedCoordinatorService - Marked 2 nodes as inactive
2026-01-15 16:04:43.270 [taskScheduler-6] INFO  c.q.federated.service.FederatedCoordinatorService - Marked 2 nodes as inactive
2026-01-15 16:04:48.279 [taskScheduler-6] INFO  c.q.federated.service.FederatedCoordinatorService - Marked 2 nodes as inactive
2026-01-15 16:04:53.290 [taskScheduler-6] INFO  c.q.federated.service.FederatedCoordinatorService - Marked 2 nodes as inactive
2026-01-15 16:04:58.306 [taskScheduler-6] INFO  c.q.federated.service.FederatedCoordinatorService - Marked 2 nodes as inactive
2026-01-15 16:05:03.326 [taskScheduler-6] INFO  c.q.federated.service.FederatedCoordinatorService - Marked 2 nodes as inactive
2026-01-15 16:05:08.336 [taskScheduler-6] INFO  c.q.federated.service.FederatedCoordinatorService - Marked 2 nodes as inactive
2026-01-15 16:05:13.357 [taskScheduler-6] INFO  c.q.federated.service.FederatedCoordinatorService - Marked 2 nodes as inactive
2026-01-15 16:05:18.374 [taskScheduler-6] INFO  c.q.federated.service.FederatedCoordinatorService - Marked 2 nodes as inactive
2026-01-15 16:05:23.383 [taskScheduler-6] INFO  c.q.federated.service.FederatedCoordinatorService - Marked 2 nodes as inactive
2026-01-15 16:05:28.390 [taskScheduler-6] INFO  c.q.federated.service.FederatedCoordinatorService - Marked 2 nodes as inactive
2026-01-15 16:05:33.406 [taskScheduler-6] INFO  c.q.federated.service.FederatedCoordinatorService - Marked 2 nodes as inactive
2026-01-15 16:05:38.417 [taskScheduler-3] INFO  c.q.federated.service.FederatedCoordinatorService - Marked 2 nodes as inactive
2026-01-15 16:05:43.422 [taskScheduler-3] INFO  c.q.federated.service.FederatedCoordinatorService - Marked 2 nodes as inactive
2026-01-15 16:05:48.433 [taskScheduler-3] INFO  c.q.federated.service.FederatedCoordinatorService - Marked 2 nodes as inactive
2026-01-15 16:05:53.441 [taskScheduler-3] INFO  c.q.federated.service.FederatedCoordinatorService - Marked 2 nodes as inactive
2026-01-15 16:05:58.455 [taskScheduler-3] INFO  c.q.federated.service.FederatedCoordinatorService - Marked 2 nodes as inactive
2026-01-15 16:06:03.470 [taskScheduler-3] INFO  c.q.federated.service.FederatedCoordinatorService - Marked 2 nodes as inactive
2026-01-15 16:06:08.489 [taskScheduler-3] INFO  c.q.federated.service.FederatedCoordinatorService - Marked 2 nodes as inactive
2026-01-15 16:06:13.498 [taskScheduler-3] INFO  c.q.federated.service.FederatedCoordinatorService - Marked 2 nodes as inactive
2026-01-15 16:06:18.505 [taskScheduler-3] INFO  c.q.federated.service.FederatedCoordinatorService - Marked 2 nodes as inactive
2026-01-15 16:06:23.521 [taskScheduler-3] INFO  c.q.federated.service.FederatedCoordinatorService - Marked 2 nodes as inactive
2026-01-15 16:06:28.530 [taskScheduler-3] INFO  c.q.federated.service.FederatedCoordinatorService - Marked 2 nodes as inactive
2026-01-15 16:06:33.540 [taskScheduler-3] INFO  c.q.federated.service.FederatedCoordinatorService - Marked 2 nodes as inactive
2026-01-15 16:06:38.548 [taskScheduler-3] INFO  c.q.federated.service.FederatedCoordinatorService - Marked 2 nodes as inactive
2026-01-15 16:06:43.562 [taskScheduler-3] INFO  c.q.federated.service.FederatedCoordinatorService - Marked 2 nodes as inactive
2026-01-15 16:06:48.570 [taskScheduler-3] INFO  c.q.federated.service.FederatedCoordinatorService - Marked 2 nodes as inactive
2026-01-15 16:06:53.579 [taskScheduler-3] INFO  c.q.federated.service.FederatedCoordinatorService - Marked 2 nodes as inactive
2026-01-15 16:06:58.588 [taskScheduler-3] INFO  c.q.federated.service.FederatedCoordinatorService - Marked 2 nodes as inactive
2026-01-15 16:07:03.600 [taskScheduler-3] INFO  c.q.federated.service.FederatedCoordinatorService - Marked 2 nodes as inactive
2026-01-15 16:07:08.620 [taskScheduler-3] INFO  c.q.federated.service.FederatedCoordinatorService - Marked 2 nodes as inactive
2026-01-15 16:07:13.634 [taskScheduler-3] INFO  c.q.federated.service.FederatedCoordinatorService - Marked 2 nodes as inactive
2026-01-15 16:07:18.643 [taskScheduler-3] INFO  c.q.federated.service.FederatedCoordinatorService - Marked 2 nodes as inactive
2026-01-15 16:07:23.660 [taskScheduler-3] INFO  c.q.federated.service.FederatedCoordinatorService - Marked 2 nodes as inactive
2026-01-15 16:07:28.668 [taskScheduler-3] INFO  c.q.federated.service.FederatedCoordinatorService - Marked 2 nodes as inactive
2026-01-15 16:07:33.677 [taskScheduler-3] INFO  c.q.federated.service.FederatedCoordinatorService - Marked 2 nodes as inactive
2026-01-15 16:07:38.686 [taskScheduler-3] INFO  c.q.federated.service.FederatedCoordinatorService - Marked 2 nodes as inactive
2026-01-15 16:07:43.697 [taskScheduler-3] INFO  c.q.federated.service.FederatedCoordinatorService - Marked 2 nodes as inactive
2026-01-15 16:07:48.701 [taskScheduler-3] INFO  c.q.federated.service.FederatedCoordinatorService - Marked 2 nodes as inactive
2026-01-15 16:07:53.718 [taskScheduler-3] INFO  c.q.federated.service.FederatedCoordinatorService - Marked 2 nodes as inactive
2026-01-15 16:07:58.724 [taskScheduler-3] INFO  c.q.federated.service.FederatedCoordinatorService - Marked 2 nodes as inactive
2026-01-15 16:08:03.735 [taskScheduler-3] INFO  c.q.federated.service.FederatedCoordinatorService - Marked 2 nodes as inactive
2026-01-15 16:08:08.750 [taskScheduler-3] INFO  c.q.federated.service.FederatedCoordinatorService - Marked 2 nodes as inactive
2026-01-15 16:08:13.757 [taskScheduler-3] INFO  c.q.federated.service.FederatedCoordinatorService - Marked 2 nodes as inactive
2026-01-15 16:08:18.765 [taskScheduler-3] INFO  c.q.federated.service.FederatedCoordinatorService - Marked 2 nodes as inactive
2026-01-15 16:08:23.778 [taskScheduler-3] INFO  c.q.federated.service.FederatedCoordinatorService - Marked 2 nodes as inactive
2026-01-15 16:08:28.792 [taskScheduler-3] INFO  c.q.federated.service.FederatedCoordinatorService - Marked 2 nodes as inactive
2026-01-15 16:08:33.798 [taskScheduler-3] INFO  c.q.federated.service.FederatedCoordinatorService - Marked 2 nodes as inactive
2026-01-15 16:08:38.808 [taskScheduler-3] INFO  c.q.federated.service.FederatedCoordinatorService - Marked 2 nodes as inactive
2026-01-15 16:08:43.816 [taskScheduler-3] INFO  c.q.federated.service.FederatedCoordinatorService - Marked 2 nodes as inactive
2026-01-15 16:08:48.830 [taskScheduler-3] INFO  c.q.federated.service.FederatedCoordinatorService - Marked 2 nodes as inactive
2026-01-15 16:08:53.833 [taskScheduler-3] INFO  c.q.federated.service.FederatedCoordinatorService - Marked 2 nodes as inactive
2026-01-15 16:08:58.850 [taskScheduler-3] INFO  c.q.federated.service.FederatedCoordinatorService - Marked 2 nodes as inactive
2026-01-15 16:09:03.871 [taskScheduler-3] INFO  c.q.federated.service.FederatedCoordinatorService - Marked 2 nodes as inactive
2026-01-15 16:09:08.882 [taskScheduler-3] INFO  c.q.federated.service.FederatedCoordinatorService - Marked 2 nodes as inactive
2026-01-15 16:09:13.900 [taskScheduler-3] INFO  c.q.federated.service.FederatedCoordinatorService - Marked 2 nodes as inactive
2026-01-15 16:09:18.916 [taskScheduler-3] INFO  c.q.federated.service.FederatedCoordinatorService - Marked 2 nodes as inactive
2026-01-15 16:09:23.925 [taskScheduler-3] INFO  c.q.federated.service.FederatedCoordinatorService - Marked 2 nodes as inactive
2026-01-15 16:09:28.933 [taskScheduler-3] INFO  c.q.federated.service.FederatedCoordinatorService - Marked 2 nodes as inactive
2026-01-15 16:09:33.950 [taskScheduler-3] INFO  c.q.federated.service.FederatedCoordinatorService - Marked 2 nodes as inactive
2026-01-15 16:09:38.961 [taskScheduler-3] INFO  c.q.federated.service.FederatedCoordinatorService - Marked 2 nodes as inactive
2026-01-15 16:09:43.975 [taskScheduler-3] INFO  c.q.federated.service.FederatedCoordinatorService - Marked 2 nodes as inactive
2026-01-15 16:09:48.995 [taskScheduler-3] INFO  c.q.federated.service.FederatedCoordinatorService - Marked 2 nodes as inactive
2026-01-15 16:09:54.007 [taskScheduler-3] INFO  c.q.federated.service.FederatedCoordinatorService - Marked 2 nodes as inactive
2026-01-15 16:09:59.021 [taskScheduler-3] INFO  c.q.federated.service.FederatedCoordinatorService - Marked 2 nodes as inactive
2026-01-15 16:10:04.028 [taskScheduler-3] INFO  c.q.federated.service.FederatedCoordinatorService - Marked 2 nodes as inactive
2026-01-15 16:10:09.033 [taskScheduler-3] INFO  c.q.federated.service.FederatedCoordinatorService - Marked 2 nodes as inactive
2026-01-15 16:10:14.046 [taskScheduler-3] INFO  c.q.federated.service.FederatedCoordinatorService - Marked 2 nodes as inactive
2026-01-15 16:10:19.064 [taskScheduler-3] INFO  c.q.federated.service.FederatedCoordinatorService - Marked 2 nodes as inactive
2026-01-15 16:10:24.082 [taskScheduler-3] INFO  c.q.federated.service.FederatedCoordinatorService - Marked 2 nodes as inactive
2026-01-15 16:10:29.090 [taskScheduler-3] INFO  c.q.federated.service.FederatedCoordinatorService - Marked 2 nodes as inactive
2026-01-15 16:10:34.098 [taskScheduler-3] INFO  c.q.federated.service.FederatedCoordinatorService - Marked 2 nodes as inactive
2026-01-15 16:10:39.113 [taskScheduler-3] INFO  c.q.federated.service.FederatedCoordinatorService - Marked 2 nodes as inactive
2026-01-15 16:10:44.130 [taskScheduler-3] INFO  c.q.federated.service.FederatedCoordinatorService - Marked 2 nodes as inactive
2026-01-15 16:10:49.149 [taskScheduler-3] INFO  c.q.federated.service.FederatedCoordinatorService - Marked 2 nodes as inactive
2026-01-15 16:10:54.163 [taskScheduler-3] INFO  c.q.federated.service.FederatedCoordinatorService - Marked 2 nodes as inactive
2026-01-15 16:10:59.180 [taskScheduler-3] INFO  c.q.federated.service.FederatedCoordinatorService - Marked 2 nodes as inactive
2026-01-15 16:11:04.196 [taskScheduler-3] INFO  c.q.federated.service.FederatedCoordinatorService - Marked 2 nodes as inactive
2026-01-15 16:11:09.202 [taskScheduler-3] INFO  c.q.federated.service.FederatedCoordinatorService - Marked 2 nodes as inactive
2026-01-15 16:11:14.214 [taskScheduler-3] INFO  c.q.federated.service.FederatedCoordinatorService - Marked 2 nodes as inactive
2026-01-15 16:11:19.227 [taskScheduler-3] INFO  c.q.federated.service.FederatedCoordinatorService - Marked 2 nodes as inactive
2026-01-15 16:11:24.234 [taskScheduler-3] INFO  c.q.federated.service.FederatedCoordinatorService - Marked 2 nodes as inactive
2026-01-15 16:11:29.245 [taskScheduler-3] INFO  c.q.federated.service.FederatedCoordinatorService - Marked 2 nodes as inactive
2026-01-15 16:11:34.253 [taskScheduler-3] INFO  c.q.federated.service.FederatedCoordinatorService - Marked 2 nodes as inactive
2026-01-15 16:11:39.267 [taskScheduler-3] INFO  c.q.federated.service.FederatedCoordinatorService - Marked 2 nodes as inactive
2026-01-15 16:11:44.278 [taskScheduler-3] INFO  c.q.federated.service.FederatedCoordinatorService - Marked 2 nodes as inactive
2026-01-15 16:11:49.290 [taskScheduler-3] INFO  c.q.federated.service.FederatedCoordinatorService - Marked 2 nodes as inactive
2026-01-15 16:11:54.308 [taskScheduler-3] INFO  c.q.federated.service.FederatedCoordinatorService - Marked 2 nodes as inactive
2026-01-15 16:11:59.312 [taskScheduler-3] INFO  c.q.federated.service.FederatedCoordinatorService - Marked 2 nodes as inactive
2026-01-15 16:12:04.329 [taskScheduler-3] INFO  c.q.federated.service.FederatedCoordinatorService - Marked 2 nodes as inactive
2026-01-15 16:12:09.345 [taskScheduler-3] INFO  c.q.federated.service.FederatedCoordinatorService - Marked 2 nodes as inactive
2026-01-15 16:12:14.363 [taskScheduler-3] INFO  c.q.federated.service.FederatedCoordinatorService - Marked 2 nodes as inactive
2026-01-15 16:12:19.378 [taskScheduler-3] INFO  c.q.federated.service.FederatedCoordinatorService - Marked 2 nodes as inactive
2026-01-15 16:12:24.395 [taskScheduler-3] INFO  c.q.federated.service.FederatedCoordinatorService - Marked 2 nodes as inactive
2026-01-15 16:12:29.414 [taskScheduler-3] INFO  c.q.federated.service.FederatedCoordinatorService - Marked 2 nodes as inactive
2026-01-15 16:12:34.427 [taskScheduler-3] INFO  c.q.federated.service.FederatedCoordinatorService - Marked 2 nodes as inactive
2026-01-15 16:12:39.444 [taskScheduler-3] INFO  c.q.federated.service.FederatedCoordinatorService - Marked 2 nodes as inactive
2026-01-15 16:12:44.461 [taskScheduler-3] INFO  c.q.federated.service.FederatedCoordinatorService - Marked 2 nodes as inactive
2026-01-15 16:12:49.471 [taskScheduler-3] INFO  c.q.federated.service.FederatedCoordinatorService - Marked 2 nodes as inactive
2026-01-15 16:12:54.480 [taskScheduler-3] INFO  c.q.federated.service.FederatedCoordinatorService - Marked 2 nodes as inactive
2026-01-15 16:12:59.490 [taskScheduler-3] INFO  c.q.federated.service.FederatedCoordinatorService - Marked 2 nodes as inactive
2026-01-15 16:13:04.504 [taskScheduler-3] INFO  c.q.federated.service.FederatedCoordinatorService - Marked 2 nodes as inactive
2026-01-15 16:13:09.511 [taskScheduler-3] INFO  c.q.federated.service.FederatedCoordinatorService - Marked 2 nodes as inactive
2026-01-15 16:13:14.520 [taskScheduler-3] INFO  c.q.federated.service.FederatedCoordinatorService - Marked 2 nodes as inactive
2026-01-15 16:13:19.526 [taskScheduler-3] INFO  c.q.federated.service.FederatedCoordinatorService - Marked 2 nodes as inactive
2026-01-15 16:13:24.543 [taskScheduler-3] INFO  c.q.federated.service.FederatedCoordinatorService - Marked 2 nodes as inactive
2026-01-15 16:13:29.560 [taskScheduler-3] INFO  c.q.federated.service.FederatedCoordinatorService - Marked 2 nodes as inactive
2026-01-15 16:13:34.577 [taskScheduler-3] INFO  c.q.federated.service.FederatedCoordinatorService - Marked 2 nodes as inactive
2026-01-15 16:13:39.585 [taskScheduler-3] INFO  c.q.federated.service.FederatedCoordinatorService - Marked 2 nodes as inactive
2026-01-15 16:13:44.594 [taskScheduler-3] INFO  c.q.federated.service.FederatedCoordinatorService - Marked 2 nodes as inactive
2026-01-15 16:13:49.608 [taskScheduler-3] INFO  c.q.federated.service.FederatedCoordinatorService - Marked 2 nodes as inactive
2026-01-15 16:13:54.619 [taskScheduler-3] INFO  c.q.federated.service.FederatedCoordinatorService - Marked 2 nodes as inactive
2026-01-15 16:13:59.626 [taskScheduler-3] INFO  c.q.federated.service.FederatedCoordinatorService - Marked 2 nodes as inactive
2026-01-15 16:14:04.643 [taskScheduler-3] INFO  c.q.federated.service.FederatedCoordinatorService - Marked 2 nodes as inactive
2026-01-15 16:14:09.650 [taskScheduler-3] INFO  c.q.federated.service.FederatedCoordinatorService - Marked 2 nodes as inactive
2026-01-15 16:14:14.657 [taskScheduler-3] INFO  c.q.federated.service.FederatedCoordinatorService - Marked 2 nodes as inactive
2026-01-15 16:14:19.664 [taskScheduler-3] INFO  c.q.federated.service.FederatedCoordinatorService - Marked 2 nodes as inactive
2026-01-15 16:14:24.676 [taskScheduler-3] INFO  c.q.federated.service.FederatedCoordinatorService - Marked 2 nodes as inactive
2026-01-15 16:14:29.691 [taskScheduler-3] INFO  c.q.federated.service.FederatedCoordinatorService - Marked 2 nodes as inactive
2026-01-15 16:14:34.709 [taskScheduler-3] INFO  c.q.federated.service.FederatedCoordinatorService - Marked 2 nodes as inactive
2026-01-15 16:14:39.721 [taskScheduler-3] INFO  c.q.federated.service.FederatedCoordinatorService - Marked 2 nodes as inactive
2026-01-15 16:14:44.733 [taskScheduler-3] INFO  c.q.federated.service.FederatedCoordinatorService - Marked 2 nodes as inactive
2026-01-15 16:14:49.748 [taskScheduler-3] INFO  c.q.federated.service.FederatedCoordinatorService - Marked 2 nodes as inactive
2026-01-15 16:14:54.758 [taskScheduler-3] INFO  c.q.federated.service.FederatedCoordinatorService - Marked 2 nodes as inactive
2026-01-15 16:14:59.777 [taskScheduler-3] INFO  c.q.federated.service.FederatedCoordinatorService - Marked 2 nodes as inactive
2026-01-15 16:15:04.787 [taskScheduler-3] INFO  c.q.federated.service.FederatedCoordinatorService - Marked 2 nodes as inactive
2026-01-15 16:15:09.806 [taskScheduler-3] INFO  c.q.federated.service.FederatedCoordinatorService - Marked 2 nodes as inactive
2026-01-15 16:15:14.822 [taskScheduler-3] INFO  c.q.federated.service.FederatedCoordinatorService - Marked 2 nodes as inactive
2026-01-15 16:15:19.837 [taskScheduler-3] INFO  c.q.federated.service.FederatedCoordinatorService - Marked 2 nodes as inactive
2026-01-15 16:15:24.857 [taskScheduler-3] INFO  c.q.federated.service.FederatedCoordinatorService - Marked 2 nodes as inactive
2026-01-15 16:15:29.869 [taskScheduler-3] INFO  c.q.federated.service.FederatedCoordinatorService - Marked 2 nodes as inactive
2026-01-15 16:15:34.884 [taskScheduler-3] INFO  c.q.federated.service.FederatedCoordinatorService - Marked 2 nodes as inactive
2026-01-15 16:15:39.893 [taskScheduler-3] INFO  c.q.federated.service.FederatedCoordinatorService - Marked 2 nodes as inactive
2026-01-15 16:15:44.899 [taskScheduler-3] INFO  c.q.federated.service.FederatedCoordinatorService - Marked 2 nodes as inactive
2026-01-15 16:15:49.911 [taskScheduler-3] INFO  c.q.federated.service.FederatedCoordinatorService - Marked 2 nodes as inactive
2026-01-15 16:15:54.926 [taskScheduler-3] INFO  c.q.federated.service.FederatedCoordinatorService - Marked 2 nodes as inactive
2026-01-15 16:15:59.938 [taskScheduler-3] INFO  c.q.federated.service.FederatedCoordinatorService - Marked 2 nodes as inactive
2026-01-15 16:16:04.958 [taskScheduler-3] INFO  c.q.federated.service.FederatedCoordinatorService - Marked 2 nodes as inactive
2026-01-15 16:16:09.966 [taskScheduler-3] INFO  c.q.federated.service.FederatedCoordinatorService - Marked 2 nodes as inactive
2026-01-15 16:16:14.982 [taskScheduler-3] INFO  c.q.federated.service.FederatedCoordinatorService - Marked 2 nodes as inactive
2026-01-15 16:16:19.988 [taskScheduler-3] INFO  c.q.federated.service.FederatedCoordinatorService - Marked 2 nodes as inactive
2026-01-15 16:16:24.995 [taskScheduler-3] INFO  c.q.federated.service.FederatedCoordinatorService - Marked 2 nodes as inactive
2026-01-15 16:16:30.002 [taskScheduler-3] INFO  c.q.federated.service.FederatedCoordinatorService - Marked 2 nodes as inactive
2026-01-15 16:16:35.020 [taskScheduler-3] INFO  c.q.federated.service.FederatedCoordinatorService - Marked 2 nodes as inactive
2026-01-15 16:16:40.038 [taskScheduler-3] INFO  c.q.federated.service.FederatedCoordinatorService - Marked 2 nodes as inactive
2026-01-15 16:16:45.056 [taskScheduler-3] INFO  c.q.federated.service.FederatedCoordinatorService - Marked 2 nodes as inactive
2026-01-15 16:16:50.061 [taskScheduler-3] INFO  c.q.federated.service.FederatedCoordinatorService - Marked 2 nodes as inactive
2026-01-15 16:16:55.078 [taskScheduler-3] INFO  c.q.federated.service.FederatedCoordinatorService - Marked 2 nodes as inactive
2026-01-15 16:17:00.099 [taskScheduler-3] INFO  c.q.federated.service.FederatedCoordinatorService - Marked 2 nodes as inactive
2026-01-15 16:17:05.109 [taskScheduler-3] INFO  c.q.federated.service.FederatedCoordinatorService - Marked 2 nodes as inactive
2026-01-15 16:17:10.119 [taskScheduler-3] INFO  c.q.federated.service.FederatedCoordinatorService - Marked 2 nodes as inactive
2026-01-15 16:17:15.134 [taskScheduler-3] INFO  c.q.federated.service.FederatedCoordinatorService - Marked 2 nodes as inactive
2026-01-15 16:17:20.142 [taskScheduler-3] INFO  c.q.federated.service.FederatedCoordinatorService - Marked 2 nodes as inactive
2026-01-15 16:17:25.164 [taskScheduler-3] INFO  c.q.federated.service.FederatedCoordinatorService - Marked 2 nodes as inactive
2026-01-15 16:17:30.183 [taskScheduler-3] INFO  c.q.federated.service.FederatedCoordinatorService - Marked 2 nodes as inactive
2026-01-15 16:17:35.197 [taskScheduler-3] INFO  c.q.federated.service.FederatedCoordinatorService - Marked 2 nodes as inactive
2026-01-15 16:17:40.210 [taskScheduler-3] INFO  c.q.federated.service.FederatedCoordinatorService - Marked 2 nodes as inactive
2026-01-15 16:17:45.216 [taskScheduler-3] INFO  c.q.federated.service.FederatedCoordinatorService - Marked 2 nodes as inactive
2026-01-15 16:17:50.232 [taskScheduler-3] INFO  c.q.federated.service.FederatedCoordinatorService - Marked 2 nodes as inactive
2026-01-15 16:17:55.242 [taskScheduler-3] INFO  c.q.federated.service.FederatedCoordinatorService - Marked 2 nodes as inactive
2026-01-15 16:18:00.252 [taskScheduler-3] INFO  c.q.federated.service.FederatedCoordinatorService - Marked 2 nodes as inactive
2026-01-15 16:18:05.268 [taskScheduler-3] INFO  c.q.federated.service.FederatedCoordinatorService - Marked 2 nodes as inactive
2026-01-15 16:18:10.273 [taskScheduler-3] INFO  c.q.federated.service.FederatedCoordinatorService - Marked 2 nodes as inactive
2026-01-15 16:18:15.285 [taskScheduler-3] INFO  c.q.federated.service.FederatedCoordinatorService - Marked 2 nodes as inactive
2026-01-15 16:18:20.299 [taskScheduler-3] INFO  c.q.federated.service.FederatedCoordinatorService - Marked 2 nodes as inactive
2026-01-15 16:18:25.305 [taskScheduler-3] INFO  c.q.federated.service.FederatedCoordinatorService - Marked 2 nodes as inactive
2026-01-15 16:18:30.313 [taskScheduler-3] INFO  c.q.federated.service.FederatedCoordinatorService - Marked 2 nodes as inactive
2026-01-15 16:18:35.322 [taskScheduler-3] INFO  c.q.federated.service.FederatedCoordinatorService - Marked 2 nodes as inactive
2026-01-15 16:18:40.330 [taskScheduler-3] INFO  c.q.federated.service.FederatedCoordinatorService - Marked 2 nodes as inactive
2026-01-15 16:18:45.346 [taskScheduler-3] INFO  c.q.federated.service.FederatedCoordinatorService - Marked 2 nodes as inactive
2026-01-15 16:18:50.352 [taskScheduler-3] INFO  c.q.federated.service.FederatedCoordinatorService - Marked 2 nodes as inactive
2026-01-15 16:18:55.356 [taskScheduler-3] INFO  c.q.federated.service.FederatedCoordinatorService - Marked 2 nodes as inactive
2026-01-15 16:19:00.375 [taskScheduler-3] INFO  c.q.federated.service.FederatedCoordinatorService - Marked 2 nodes as inactive
2026-01-15 16:19:05.387 [taskScheduler-3] INFO  c.q.federated.service.FederatedCoordinatorService - Marked 2 nodes as inactive
2026-01-15 16:19:10.400 [taskScheduler-3] INFO  c.q.federated.service.FederatedCoordinatorService - Marked 2 nodes as inactive
2026-01-15 16:19:15.418 [taskScheduler-3] INFO  c.q.federated.service.FederatedCoordinatorService - Marked 2 nodes as inactive
2026-01-15 16:19:20.427 [taskScheduler-3] INFO  c.q.federated.service.FederatedCoordinatorService - Marked 2 nodes as inactive
2026-01-15 16:19:25.451 [taskScheduler-3] INFO  c.q.federated.service.FederatedCoordinatorService - Marked 2 nodes as inactive
2026-01-15 16:19:30.466 [taskScheduler-3] INFO  c.q.federated.service.FederatedCoordinatorService - Marked 2 nodes as inactive
2026-01-15 16:19:35.484 [taskScheduler-3] INFO  c.q.federated.service.FederatedCoordinatorService - Marked 2 nodes as inactive
2026-01-15 16:19:40.502 [taskScheduler-3] INFO  c.q.federated.service.FederatedCoordinatorService - Marked 2 nodes as inactive
2026-01-15 16:19:45.517 [taskScheduler-3] INFO  c.q.federated.service.FederatedCoordinatorService - Marked 2 nodes as inactive
2026-01-15 16:19:50.533 [taskScheduler-3] INFO  c.q.federated.service.FederatedCoordinatorService - Marked 2 nodes as inactive
2026-01-15 16:19:55.548 [taskScheduler-3] INFO  c.q.federated.service.FederatedCoordinatorService - Marked 2 nodes as inactive
2026-01-15 16:20:00.567 [taskScheduler-3] INFO  c.q.federated.service.FederatedCoordinatorService - Marked 2 nodes as inactive
2026-01-15 16:20:05.584 [taskScheduler-3] INFO  c.q.federated.service.FederatedCoordinatorService - Marked 2 nodes as inactive
2026-01-15 16:20:10.595 [taskScheduler-3] INFO  c.q.federated.service.FederatedCoordinatorService - Marked 2 nodes as inactive
2026-01-15 16:20:15.605 [taskScheduler-3] INFO  c.q.federated.service.FederatedCoordinatorService - Marked 2 nodes as inactive
2026-01-15 16:20:20.612 [taskScheduler-3] INFO  c.q.federated.service.FederatedCoordinatorService - Marked 2 nodes as inactive
2026-01-15 16:20:25.622 [taskScheduler-3] INFO  c.q.federated.service.FederatedCoordinatorService - Marked 2 nodes as inactive
2026-01-15 16:20:30.636 [taskScheduler-3] INFO  c.q.federated.service.FederatedCoordinatorService - Marked 2 nodes as inactive
2026-01-15 16:20:35.649 [taskScheduler-3] INFO  c.q.federated.service.FederatedCoordinatorService - Marked 2 nodes as inactive
2026-01-15 16:20:40.662 [taskScheduler-3] INFO  c.q.federated.service.FederatedCoordinatorService - Marked 2 nodes as inactive
2026-01-15 16:20:45.678 [taskScheduler-3] INFO  c.q.federated.service.FederatedCoordinatorService - Marked 2 nodes as inactive
2026-01-15 16:20:50.698 [taskScheduler-3] INFO  c.q.federated.service.FederatedCoordinatorService - Marked 2 nodes as inactive
2026-01-15 16:20:55.714 [taskScheduler-3] INFO  c.q.federated.service.FederatedCoordinatorService - Marked 2 nodes as inactive
2026-01-15 16:21:00.732 [taskScheduler-3] INFO  c.q.federated.service.FederatedCoordinatorService - Marked 2 nodes as inactive
2026-01-15 16:21:05.754 [taskScheduler-3] INFO  c.q.federated.service.FederatedCoordinatorService - Marked 2 nodes as inactive
2026-01-15 16:21:10.764 [taskScheduler-3] INFO  c.q.federated.service.FederatedCoordinatorService - Marked 2 nodes as inactive
2026-01-15 16:21:15.781 [taskScheduler-3] INFO  c.q.federated.service.FederatedCoordinatorService - Marked 2 nodes as inactive
2026-01-15 16:21:20.796 [taskScheduler-3] INFO  c.q.federated.service.FederatedCoordinatorService - Marked 2 nodes as inactive
2026-01-15 16:21:25.806 [taskScheduler-3] INFO  c.q.federated.service.FederatedCoordinatorService - Marked 2 nodes as inactive
2026-01-15 16:21:30.815 [taskScheduler-3] INFO  c.q.federated.service.FederatedCoordinatorService - Marked 2 nodes as inactive
2026-01-15 16:21:35.832 [taskScheduler-3] INFO  c.q.federated.service.FederatedCoordinatorService - Marked 2 nodes as inactive
2026-01-15 16:21:40.838 [taskScheduler-3] INFO  c.q.federated.service.FederatedCoordinatorService - Marked 2 nodes as inactive
2026-01-15 16:21:45.851 [taskScheduler-3] INFO  c.q.federated.service.FederatedCoordinatorService - Marked 2 nodes as inactive
2026-01-15 16:21:50.858 [taskScheduler-3] INFO  c.q.federated.service.FederatedCoordinatorService - Marked 2 nodes as inactive
2026-01-15 16:21:55.871 [taskScheduler-3] INFO  c.q.federated.service.FederatedCoordinatorService - Marked 2 nodes as inactive
2026-01-15 16:22:00.880 [taskScheduler-3] INFO  c.q.federated.service.FederatedCoordinatorService - Marked 2 nodes as inactive
2026-01-15 16:22:05.888 [taskScheduler-3] INFO  c.q.federated.service.FederatedCoordinatorService - Marked 2 nodes as inactive
2026-01-15 16:22:10.897 [taskScheduler-3] INFO  c.q.federated.service.FederatedCoordinatorService - Marked 2 nodes as inactive
2026-01-15 16:22:15.912 [taskScheduler-3] INFO  c.q.federated.service.FederatedCoordinatorService - Marked 2 nodes as inactive
2026-01-15 16:22:20.930 [taskScheduler-3] INFO  c.q.federated.service.FederatedCoordinatorService - Marked 2 nodes as inactive
2026-01-15 16:22:25.942 [taskScheduler-3] INFO  c.q.federated.service.FederatedCoordinatorService - Marked 2 nodes as inactive
2026-01-15 16:22:30.953 [taskScheduler-3] INFO  c.q.federated.service.FederatedCoordinatorService - Marked 2 nodes as inactive
2026-01-15 16:22:35.963 [taskScheduler-3] INFO  c.q.federated.service.FederatedCoordinatorService - Marked 2 nodes as inactive
2026-01-15 16:22:40.978 [taskScheduler-3] INFO  c.q.federated.service.FederatedCoordinatorService - Marked 2 nodes as inactive
2026-01-15 16:22:45.986 [taskScheduler-3] INFO  c.q.federated.service.FederatedCoordinatorService - Marked 2 nodes as inactive
2026-01-15 16:22:50.995 [taskScheduler-3] INFO  c.q.federated.service.FederatedCoordinatorService - Marked 2 nodes as inactive
2026-01-15 16:22:56.004 [taskScheduler-3] INFO  c.q.federated.service.FederatedCoordinatorService - Marked 2 nodes as inactive
2026-01-15 16:23:01.017 [taskScheduler-3] INFO  c.q.federated.service.FederatedCoordinatorService - Marked 2 nodes as inactive
2026-01-15 16:23:06.025 [taskScheduler-3] INFO  c.q.federated.service.FederatedCoordinatorService - Marked 2 nodes as inactive
2026-01-15 16:23:11.033 [taskScheduler-3] INFO  c.q.federated.service.FederatedCoordinatorService - Marked 2 nodes as inactive
2026-01-15 16:23:16.048 [taskScheduler-3] INFO  c.q.federated.service.FederatedCoordinatorService - Marked 2 nodes as inactive
2026-01-15 16:23:21.063 [taskScheduler-3] INFO  c.q.federated.service.FederatedCoordinatorService - Marked 2 nodes as inactive
2026-01-15 16:23:26.078 [taskScheduler-3] INFO  c.q.federated.service.FederatedCoordinatorService - Marked 2 nodes as inactive
2026-01-15 16:23:31.090 [taskScheduler-3] INFO  c.q.federated.service.FederatedCoordinatorService - Marked 2 nodes as inactive
2026-01-15 16:23:36.101 [taskScheduler-3] INFO  c.q.federated.service.FederatedCoordinatorService - Marked 2 nodes as inactive
2026-01-15 16:23:41.118 [taskScheduler-3] INFO  c.q.federated.service.FederatedCoordinatorService - Marked 2 nodes as inactive
2026-01-15 16:23:46.128 [taskScheduler-3] INFO  c.q.federated.service.FederatedCoordinatorService - Marked 2 nodes as inactive
2026-01-15 16:23:51.146 [taskScheduler-3] INFO  c.q.federated.service.FederatedCoordinatorService - Marked 2 nodes as inactive
2026-01-15 16:23:56.157 [taskScheduler-3] INFO  c.q.federated.service.FederatedCoordinatorService - Marked 2 nodes as inactive
2026-01-15 16:24:01.176 [taskScheduler-3] INFO  c.q.federated.service.FederatedCoordinatorService - Marked 2 nodes as inactive
2026-01-15 16:24:06.193 [taskScheduler-3] INFO  c.q.federated.service.FederatedCoordinatorService - Marked 2 nodes as inactive
2026-01-15 16:24:11.208 [taskScheduler-3] INFO  c.q.federated.service.FederatedCoordinatorService - Marked 2 nodes as inactive
2026-01-15 16:24:16.227 [taskScheduler-3] INFO  c.q.federated.service.FederatedCoordinatorService - Marked 2 nodes as inactive
2026-01-15 16:24:21.240 [taskScheduler-3] INFO  c.q.federated.service.FederatedCoordinatorService - Marked 2 nodes as inactive
2026-01-15 16:24:26.253 [taskScheduler-3] INFO  c.q.federated.service.FederatedCoordinatorService - Marked 2 nodes as inactive
2026-01-15 16:24:31.261 [taskScheduler-3] INFO  c.q.federated.service.FederatedCoordinatorService - Marked 2 nodes as inactive
2026-01-15 16:24:36.279 [taskScheduler-3] INFO  c.q.federated.service.FederatedCoordinatorService - Marked 2 nodes as inactive
2026-01-15 16:24:41.297 [taskScheduler-3] INFO  c.q.federated.service.FederatedCoordinatorService - Marked 2 nodes as inactive
2026-01-15 16:24:46.308 [taskScheduler-3] INFO  c.q.federated.service.FederatedCoordinatorService - Marked 2 nodes as inactive
2026-01-15 16:24:51.325 [taskScheduler-3] INFO  c.q.federated.service.FederatedCoordinatorService - Marked 2 nodes as inactive
2026-01-15 16:24:56.342 [taskScheduler-3] INFO  c.q.federated.service.FederatedCoordinatorService - Marked 2 nodes as inactive
2026-01-15 16:25:01.352 [taskScheduler-3] INFO  c.q.federated.service.FederatedCoordinatorService - Marked 2 nodes as inactive
2026-01-15 16:25:06.366 [taskScheduler-3] INFO  c.q.federated.service.FederatedCoordinatorService - Marked 2 nodes as inactive
2026-01-15 16:25:11.374 [taskScheduler-3] INFO  c.q.federated.service.FederatedCoordinatorService - Marked 2 nodes as inactive
2026-01-15 16:25:16.384 [taskScheduler-3] INFO  c.q.federated.service.FederatedCoordinatorService - Marked 2 nodes as inactive
2026-01-15 16:25:21.392 [taskScheduler-3] INFO  c.q.federated.service.FederatedCoordinatorService - Marked 2 nodes as inactive
2026-01-15 16:25:26.406 [taskScheduler-3] INFO  c.q.federated.service.FederatedCoordinatorService - Marked 2 nodes as inactive
2026-01-15 16:25:31.425 [taskScheduler-3] INFO  c.q.federated.service.FederatedCoordinatorService - Marked 2 nodes as inactive
2026-01-15 16:25:36.442 [taskScheduler-3] INFO  c.q.federated.service.FederatedCoordinatorService - Marked 2 nodes as inactive
2026-01-15 16:25:41.452 [taskScheduler-3] INFO  c.q.federated.service.FederatedCoordinatorService - Marked 2 nodes as inactive
2026-01-15 16:25:46.458 [taskScheduler-3] INFO  c.q.federated.service.FederatedCoordinatorService - Marked 2 nodes as inactive
2026-01-15 16:25:51.471 [taskScheduler-3] INFO  c.q.federated.service.FederatedCoordinatorService - Marked 2 nodes as inactive
2026-01-15 16:25:56.482 [taskScheduler-3] INFO  c.q.federated.service.FederatedCoordinatorService - Marked 2 nodes as inactive
2026-01-15 16:26:01.501 [taskScheduler-3] INFO  c.q.federated.service.FederatedCoordinatorService - Marked 2 nodes as inactive
2026-01-15 16:26:06.515 [taskScheduler-3] INFO  c.q.federated.service.FederatedCoordinatorService - Marked 2 nodes as inactive
2026-01-15 16:26:11.528 [taskScheduler-3] INFO  c.q.federated.service.FederatedCoordinatorService - Marked 2 nodes as inactive
2026-01-15 16:26:16.541 [taskScheduler-3] INFO  c.q.federated.service.FederatedCoordinatorService - Marked 2 nodes as inactive
2026-01-15 16:26:21.556 [taskScheduler-3] INFO  c.q.federated.service.FederatedCoordinatorService - Marked 2 nodes as inactive
2026-01-15 16:26:26.568 [taskScheduler-3] INFO  c.q.federated.service.FederatedCoordinatorService - Marked 2 nodes as inactive
2026-01-15 16:26:31.585 [taskScheduler-3] INFO  c.q.federated.service.FederatedCoordinatorService - Marked 2 nodes as inactive
2026-01-15 16:26:36.608 [taskScheduler-3] INFO  c.q.federated.service.FederatedCoordinatorService - Marked 2 nodes as inactive
2026-01-15 16:26:41.616 [taskScheduler-3] INFO  c.q.federated.service.FederatedCoordinatorService - Marked 2 nodes as inactive
2026-01-15 16:26:46.625 [taskScheduler-3] INFO  c.q.federated.service.FederatedCoordinatorService - Marked 2 nodes as inactive
2026-01-15 16:26:51.639 [taskScheduler-3] INFO  c.q.federated.service.FederatedCoordinatorService - Marked 2 nodes as inactive
2026-01-15 16:26:56.657 [taskScheduler-3] INFO  c.q.federated.service.FederatedCoordinatorService - Marked 2 nodes as inactive
2026-01-15 16:27:01.673 [taskScheduler-3] INFO  c.q.federated.service.FederatedCoordinatorService - Marked 2 nodes as inactive
2026-01-15 16:27:06.680 [taskScheduler-3] INFO  c.q.federated.service.FederatedCoordinatorService - Marked 2 nodes as inactive
2026-01-15 16:27:11.688 [taskScheduler-3] INFO  c.q.federated.service.FederatedCoordinatorService - Marked 2 nodes as inactive
2026-01-15 16:27:16.706 [taskScheduler-3] INFO  c.q.federated.service.FederatedCoordinatorService - Marked 2 nodes as inactive
2026-01-15 16:27:21.717 [taskScheduler-3] INFO  c.q.federated.service.FederatedCoordinatorService - Marked 2 nodes as inactive
2026-01-15 16:27:26.723 [taskScheduler-3] INFO  c.q.federated.service.FederatedCoordinatorService - Marked 2 nodes as inactive
2026-01-15 16:27:31.734 [taskScheduler-3] INFO  c.q.federated.service.FederatedCoordinatorService - Marked 2 nodes as inactive
2026-01-15 16:27:36.748 [taskScheduler-3] INFO  c.q.federated.service.FederatedCoordinatorService - Marked 2 nodes as inactive
2026-01-15 16:27:41.769 [taskScheduler-3] INFO  c.q.federated.service.FederatedCoordinatorService - Marked 2 nodes as inactive
2026-01-15 16:27:46.778 [taskScheduler-3] INFO  c.q.federated.service.FederatedCoordinatorService - Marked 2 nodes as inactive
2026-01-15 16:27:51.791 [taskScheduler-3] INFO  c.q.federated.service.FederatedCoordinatorService - Marked 2 nodes as inactive
2026-01-15 16:27:56.798 [taskScheduler-3] INFO  c.q.federated.service.FederatedCoordinatorService - Marked 2 nodes as inactive
2026-01-15 16:28:01.805 [taskScheduler-3] INFO  c.q.federated.service.FederatedCoordinatorService - Marked 2 nodes as inactive
2026-01-15 16:28:06.819 [taskScheduler-3] INFO  c.q.federated.service.FederatedCoordinatorService - Marked 2 nodes as inactive
2026-01-15 16:28:11.829 [taskScheduler-3] INFO  c.q.federated.service.FederatedCoordinatorService - Marked 2 nodes as inactive
2026-01-15 16:28:16.837 [taskScheduler-3] INFO  c.q.federated.service.FederatedCoordinatorService - Marked 2 nodes as inactive
2026-01-15 16:28:21.854 [taskScheduler-3] INFO  c.q.federated.service.FederatedCoordinatorService - Marked 2 nodes as inactive
2026-01-15 16:28:26.871 [taskScheduler-3] INFO  c.q.federated.service.FederatedCoordinatorService - Marked 2 nodes as inactive
2026-01-15 16:28:31.888 [taskScheduler-3] INFO  c.q.federated.service.FederatedCoordinatorService - Marked 2 nodes as inactive
2026-01-15 16:28:36.903 [taskScheduler-3] INFO  c.q.federated.service.FederatedCoordinatorService - Marked 2 nodes as inactive
2026-01-15 16:28:41.919 [taskScheduler-3] INFO  c.q.federated.service.FederatedCoordinatorService - Marked 2 nodes as inactive
2026-01-15 16:28:46.934 [taskScheduler-3] INFO  c.q.federated.service.FederatedCoordinatorService - Marked 2 nodes as inactive
2026-01-15 16:28:51.941 [taskScheduler-3] INFO  c.q.federated.service.FederatedCoordinatorService - Marked 2 nodes as inactive
2026-01-15 16:28:56.951 [taskScheduler-3] INFO  c.q.federated.service.FederatedCoordinatorService - Marked 2 nodes as inactive
2026-01-15 16:29:01.964 [taskScheduler-3] INFO  c.q.federated.service.FederatedCoordinatorService - Marked 2 nodes as inactive
2026-01-15 16:29:06.976 [taskScheduler-3] INFO  c.q.federated.service.FederatedCoordinatorService - Marked 2 nodes as inactive
2026-01-15 16:29:11.983 [taskScheduler-3] INFO  c.q.federated.service.FederatedCoordinatorService - Marked 2 nodes as inactive
2026-01-15 16:29:16.994 [taskScheduler-3] INFO  c.q.federated.service.FederatedCoordinatorService - Marked 2 nodes as inactive
2026-01-15 16:29:22.010 [taskScheduler-3] INFO  c.q.federated.service.FederatedCoordinatorService - Marked 2 nodes as inactive
2026-01-15 16:29:27.018 [taskScheduler-3] INFO  c.q.federated.service.FederatedCoordinatorService - Marked 2 nodes as inactive
2026-01-15 16:29:32.038 [taskScheduler-3] INFO  c.q.federated.service.FederatedCoordinatorService - Marked 2 nodes as inactive
2026-01-15 16:29:37.046 [taskScheduler-3] INFO  c.q.federated.service.FederatedCoordinatorService - Marked 2 nodes as inactive
2026-01-15 16:29:42.051 [taskScheduler-3] INFO  c.q.federated.service.FederatedCoordinatorService - Marked 2 nodes as inactive
2026-01-15 16:29:47.070 [taskScheduler-3] INFO  c.q.federated.service.FederatedCoordinatorService - Marked 2 nodes as inactive
2026-01-15 21:05:15.144 [taskScheduler-3] INFO  c.q.federated.service.FederatedCoordinatorService - Marked 2 nodes as inactive
2026-01-15 21:05:20.161 [taskScheduler-3] INFO  c.q.federated.service.FederatedCoordinatorService - Marked 2 nodes as inactive
2026-01-15 21:05:25.174 [taskScheduler-3] INFO  c.q.federated.service.FederatedCoordinatorService - Marked 2 nodes as inactive
2026-01-15 21:05:30.191 [taskScheduler-3] INFO  c.q.federated.service.FederatedCoordinatorService - Marked 2 nodes as inactive
2026-01-15 21:05:35.203 [taskScheduler-3] INFO  c.q.federated.service.FederatedCoordinatorService - Marked 2 nodes as inactive
2026-01-15 21:05:40.210 [taskScheduler-3] INFO  c.q.federated.service.FederatedCoordinatorService - Marked 2 nodes as inactive
2026-01-15 21:05:45.216 [taskScheduler-3] INFO  c.q.federated.service.FederatedCoordinatorService - Marked 2 nodes as inactive
2026-01-15 21:05:50.227 [taskScheduler-3] INFO  c.q.federated.service.FederatedCoordinatorService - Marked 2 nodes as inactive
2026-01-15 21:05:55.242 [taskScheduler-3] INFO  c.q.federated.service.FederatedCoordinatorService - Marked 2 nodes as inactive
2026-01-15 21:06:00.258 [taskScheduler-3] INFO  c.q.federated.service.FederatedCoordinatorService - Marked 2 nodes as inactive
2026-01-15 21:06:05.278 [taskScheduler-3] INFO  c.q.federated.service.FederatedCoordinatorService - Marked 2 nodes as inactive
2026-01-15 21:06:10.284 [taskScheduler-3] INFO  c.q.federated.service.FederatedCoordinatorService - Marked 2 nodes as inactive
2026-01-15 21:06:15.295 [taskScheduler-3] INFO  c.q.federated.service.FederatedCoordinatorService - Marked 2 nodes as inactive
2026-01-15 21:06:20.313 [taskScheduler-3] INFO  c.q.federated.service.FederatedCoordinatorService - Marked 2 nodes as inactive
2026-01-15 21:06:25.333 [taskScheduler-3] INFO  c.q.federated.service.FederatedCoordinatorService - Marked 2 nodes as inactive
2026-01-15 21:06:30.341 [taskScheduler-3] INFO  c.q.federated.service.FederatedCoordinatorService - Marked 2 nodes as inactive
2026-01-15 21:06:35.351 [taskScheduler-3] INFO  c.q.federated.service.FederatedCoordinatorService - Marked 2 nodes as inactive
2026-01-15 21:06:40.371 [taskScheduler-3] INFO  c.q.federated.service.FederatedCoordinatorService - Marked 2 nodes as inactive
2026-01-15 21:06:45.377 [taskScheduler-3] INFO  c.q.federated.service.FederatedCoordinatorService - Marked 2 nodes as inactive
2026-01-15 21:06:50.394 [taskScheduler-3] INFO  c.q.federated.service.FederatedCoordinatorService - Marked 2 nodes as inactive
2026-01-15 21:06:55.409 [taskScheduler-3] INFO  c.q.federated.service.FederatedCoordinatorService - Marked 2 nodes as inactive
2026-01-15 21:07:00.426 [taskScheduler-3] INFO  c.q.federated.service.FederatedCoordinatorService - Marked 2 nodes as inactive
2026-01-15 21:07:05.444 [taskScheduler-3] INFO  c.q.federated.service.FederatedCoordinatorService - Marked 2 nodes as inactive
2026-01-15 21:07:10.449 [taskScheduler-3] INFO  c.q.federated.service.FederatedCoordinatorService - Marked 2 nodes as inactive
2026-01-15 21:07:15.463 [taskScheduler-3] INFO  c.q.federated.service.FederatedCoordinatorService - Marked 2 nodes as inactive
2026-01-15 21:07:20.476 [taskScheduler-3] INFO  c.q.federated.service.FederatedCoordinatorService - Marked 2 nodes as inactive
2026-01-15 21:07:25.491 [taskScheduler-3] INFO  c.q.federated.service.FederatedCoordinatorService - Marked 2 nodes as inactive
2026-01-15 21:07:30.496 [taskScheduler-3] INFO  c.q.federated.service.FederatedCoordinatorService - Marked 2 nodes as inactive
2026-01-15 21:07:35.515 [taskScheduler-3] INFO  c.q.federated.service.FederatedCoordinatorService - Marked 2 nodes as inactive
2026-01-15 21:07:40.524 [taskScheduler-3] INFO  c.q.federated.service.FederatedCoordinatorService - Marked 2 nodes as inactive
2026-01-15 21:07:45.542 [taskScheduler-3] INFO  c.q.federated.service.FederatedCoordinatorService - Marked 2 nodes as inactive
2026-01-15 21:07:50.555 [taskScheduler-3] INFO  c.q.federated.service.FederatedCoordinatorService - Marked 2 nodes as inactive
2026-01-15 21:07:55.575 [taskScheduler-3] INFO  c.q.federated.service.FederatedCoordinatorService - Marked 2 nodes as inactive
2026-01-15 21:08:00.584 [taskScheduler-3] INFO  c.q.federated.service.FederatedCoordinatorService - Marked 2 nodes as inactive
2026-01-15 21:08:05.598 [taskScheduler-3] INFO  c.q.federated.service.FederatedCoordinatorService - Marked 2 nodes as inactive
2026-01-15 21:08:10.607 [taskScheduler-3] INFO  c.q.federated.service.FederatedCoordinatorService - Marked 2 nodes as inactive
2026-01-15 21:08:15.631 [taskScheduler-3] INFO  c.q.federated.service.FederatedCoordinatorService - Marked 2 nodes as inactive
2026-01-15 21:08:20.647 [taskScheduler-3] INFO  c.q.federated.service.FederatedCoordinatorService - Marked 2 nodes as inactive
2026-01-15 21:08:25.659 [taskScheduler-3] INFO  c.q.federated.service.FederatedCoordinatorService - Marked 2 nodes as inactive
2026-01-15 21:08:30.673 [taskScheduler-3] INFO  c.q.federated.service.FederatedCoordinatorService - Marked 2 nodes as inactive
2026-01-15 21:08:35.690 [taskScheduler-3] INFO  c.q.federated.service.FederatedCoordinatorService - Marked 2 nodes as inactive
2026-01-15 21:08:40.697 [taskScheduler-3] INFO  c.q.federated.service.FederatedCoordinatorService - Marked 2 nodes as inactive
2026-01-15 21:08:45.707 [taskScheduler-3] INFO  c.q.federated.service.FederatedCoordinatorService - Marked 2 nodes as inactive
2026-01-15 21:08:50.725 [taskScheduler-3] INFO  c.q.federated.service.FederatedCoordinatorService - Marked 2 nodes as inactive
2026-01-15 21:08:55.734 [taskScheduler-3] INFO  c.q.federated.service.FederatedCoordinatorService - Marked 2 nodes as inactive
2026-01-15 21:09:00.752 [taskScheduler-3] INFO  c.q.federated.service.FederatedCoordinatorService - Marked 2 nodes as inactive
2026-01-15 21:09:05.773 [taskScheduler-3] INFO  c.q.federated.service.FederatedCoordinatorService - Marked 2 nodes as inactive
2026-01-15 21:09:10.791 [taskScheduler-3] INFO  c.q.federated.service.FederatedCoordinatorService - Marked 2 nodes as inactive
2026-01-15 21:09:15.800 [taskScheduler-3] INFO  c.q.federated.service.FederatedCoordinatorService - Marked 2 nodes as inactive
2026-01-15 21:09:20.822 [taskScheduler-3] INFO  c.q.federated.service.FederatedCoordinatorService - Marked 2 nodes as inactive
2026-01-15 21:09:25.834 [taskScheduler-3] INFO  c.q.federated.service.FederatedCoordinatorService - Marked 2 nodes as inactive
2026-01-15 21:09:30.849 [taskScheduler-3] INFO  c.q.federated.service.FederatedCoordinatorService - Marked 2 nodes as inactive
2026-01-15 21:09:35.861 [taskScheduler-3] INFO  c.q.federated.service.FederatedCoordinatorService - Marked 2 nodes as inactive
2026-01-15 21:09:40.878 [taskScheduler-3] INFO  c.q.federated.service.FederatedCoordinatorService - Marked 2 nodes as inactive
2026-01-15 21:09:45.891 [taskScheduler-3] INFO  c.q.federated.service.FederatedCoordinatorService - Marked 2 nodes as inactive
2026-01-15 21:09:50.905 [taskScheduler-3] INFO  c.q.federated.service.FederatedCoordinatorService - Marked 2 nodes as inactive
2026-01-15 21:09:55.923 [taskScheduler-3] INFO  c.q.federated.service.FederatedCoordinatorService - Marked 2 nodes as inactive
2026-01-15 21:10:00.937 [taskScheduler-3] INFO  c.q.federated.service.FederatedCoordinatorService - Marked 2 nodes as inactive
2026-01-15 21:10:05.946 [taskScheduler-3] INFO  c.q.federated.service.FederatedCoordinatorService - Marked 2 nodes as inactive
2026-01-15 21:10:10.954 [taskScheduler-3] INFO  c.q.federated.service.FederatedCoordinatorService - Marked 2 nodes as inactive
2026-01-15 21:10:15.976 [taskScheduler-3] INFO  c.q.federated.service.FederatedCoordinatorService - Marked 2 nodes as inactive
2026-01-15 21:10:20.987 [taskScheduler-3] INFO  c.q.federated.service.FederatedCoordinatorService - Marked 2 nodes as inactive
2026-01-15 21:10:26.010 [taskScheduler-3] INFO  c.q.federated.service.FederatedCoordinatorService - Marked 2 nodes as inactive
2026-01-15 21:10:31.022 [taskScheduler-3] INFO  c.q.federated.service.FederatedCoordinatorService - Marked 2 nodes as inactive
2026-01-15 21:10:36.038 [taskScheduler-3] INFO  c.q.federated.service.FederatedCoordinatorService - Marked 2 nodes as inactive
2026-01-15 21:10:41.061 [taskScheduler-3] INFO  c.q.federated.service.FederatedCoordinatorService - Marked 2 nodes as inactive
2026-01-15 21:10:46.078 [taskScheduler-2] INFO  c.q.federated.service.FederatedCoordinatorService - Marked 2 nodes as inactive
2026-01-15 21:10:51.091 [taskScheduler-2] INFO  c.q.federated.service.FederatedCoordinatorService - Marked 2 nodes as inactive
2026-01-15 21:10:56.100 [taskScheduler-2] INFO  c.q.federated.service.FederatedCoordinatorService - Marked 2 nodes as inactive
2026-01-15 21:11:01.107 [taskScheduler-2] INFO  c.q.federated.service.FederatedCoordinatorService - Marked 2 nodes as inactive
2026-01-15 21:11:06.116 [taskScheduler-2] INFO  c.q.federated.service.FederatedCoordinatorService - Marked 2 nodes as inactive
2026-01-15 21:11:11.126 [taskScheduler-2] INFO  c.q.federated.service.FederatedCoordinatorService - Marked 2 nodes as inactive
2026-01-15 21:11:16.142 [taskScheduler-2] INFO  c.q.federated.service.FederatedCoordinatorService - Marked 2 nodes as inactive
2026-01-15 21:11:21.174 [taskScheduler-2] INFO  c.q.federated.service.FederatedCoordinatorService - Marked 2 nodes as inactive
2026-01-15 21:11:26.191 [taskScheduler-2] INFO  c.q.federated.service.FederatedCoordinatorService - Marked 2 nodes as inactive
2026-01-15 21:11:31.200 [taskScheduler-2] INFO  c.q.federated.service.FederatedCoordinatorService - Marked 2 nodes as inactive
2026-01-15 21:11:36.219 [taskScheduler-2] INFO  c.q.federated.service.FederatedCoordinatorService - Marked 2 nodes as inactive
2026-01-15 21:11:41.235 [taskScheduler-2] INFO  c.q.federated.service.FederatedCoordinatorService - Marked 2 nodes as inactive
2026-01-15 21:11:46.252 [taskScheduler-2] INFO  c.q.federated.service.FederatedCoordinatorService - Marked 2 nodes as inactive
2026-01-15 21:11:51.260 [taskScheduler-2] INFO  c.q.federated.service.FederatedCoordinatorService - Marked 2 nodes as inactive
2026-01-15 21:11:56.267 [taskScheduler-2] INFO  c.q.federated.service.FederatedCoordinatorService - Marked 2 nodes as inactive
2026-01-15 21:12:01.283 [taskScheduler-2] INFO  c.q.federated.service.FederatedCoordinatorService - Marked 2 nodes as inactive
2026-01-15 21:12:06.303 [taskScheduler-2] INFO  c.q.federated.service.FederatedCoordinatorService - Marked 2 nodes as inactive
2026-01-15 21:12:11.311 [taskScheduler-2] INFO  c.q.federated.service.FederatedCoordinatorService - Marked 2 nodes as inactive
2026-01-15 21:12:16.316 [taskScheduler-2] INFO  c.q.federated.service.FederatedCoordinatorService - Marked 2 nodes as inactive
2026-01-15 21:12:21.331 [taskScheduler-2] INFO  c.q.federated.service.FederatedCoordinatorService - Marked 2 nodes as inactive
2026-01-15 21:12:26.340 [taskScheduler-2] INFO  c.q.federated.service.FederatedCoordinatorService - Marked 2 nodes as inactive
2026-01-15 21:12:31.346 [taskScheduler-2] INFO  c.q.federated.service.FederatedCoordinatorService - Marked 2 nodes as inactive
2026-01-15 21:12:36.358 [taskScheduler-2] INFO  c.q.federated.service.FederatedCoordinatorService - Marked 2 nodes as inactive
2026-01-15 21:12:41.370 [taskScheduler-2] INFO  c.q.federated.service.FederatedCoordinatorService - Marked 2 nodes as inactive
2026-01-15 21:12:46.381 [taskScheduler-2] INFO  c.q.federated.service.FederatedCoordinatorService - Marked 2 nodes as inactive
2026-01-15 21:12:51.391 [taskScheduler-2] INFO  c.q.federated.service.FederatedCoordinatorService - Marked 2 nodes as inactive
2026-01-15 21:12:56.401 [taskScheduler-2] INFO  c.q.federated.service.FederatedCoordinatorService - Marked 2 nodes as inactive
2026-01-15 21:13:01.421 [taskScheduler-2] INFO  c.q.federated.service.FederatedCoordinatorService - Marked 2 nodes as inactive
2026-01-15 21:13:06.433 [taskScheduler-2] INFO  c.q.federated.service.FederatedCoordinatorService - Marked 2 nodes as inactive
2026-01-15 21:13:11.448 [taskScheduler-2] INFO  c.q.federated.service.FederatedCoordinatorService - Marked 2 nodes as inactive
2026-01-15 21:13:16.466 [taskScheduler-2] INFO  c.q.federated.service.FederatedCoordinatorService - Marked 2 nodes as inactive
2026-01-15 21:13:21.475 [taskScheduler-2] INFO  c.q.federated.service.FederatedCoordinatorService - Marked 2 nodes as inactive
2026-01-15 21:13:26.482 [taskScheduler-2] INFO  c.q.federated.service.FederatedCoordinatorService - Marked 2 nodes as inactive
2026-01-15 21:13:31.491 [taskScheduler-2] INFO  c.q.federated.service.FederatedCoordinatorService - Marked 2 nodes as inactive
2026-01-15 21:13:36.509 [taskScheduler-2] INFO  c.q.federated.service.FederatedCoordinatorService - Marked 2 nodes as inactive
2026-01-15 21:13:41.514 [taskScheduler-2] INFO  c.q.federated.service.FederatedCoordinatorService - Marked 2 nodes as inactive
2026-01-15 21:13:46.534 [taskScheduler-2] INFO  c.q.federated.service.FederatedCoordinatorService - Marked 2 nodes as inactive
2026-01-15 21:13:51.543 [taskScheduler-2] INFO  c.q.federated.service.FederatedCoordinatorService - Marked 2 nodes as inactive
2026-01-15 21:13:56.551 [taskScheduler-2] INFO  c.q.federated.service.FederatedCoordinatorService - Marked 2 nodes as inactive
2026-01-15 21:14:01.561 [taskScheduler-2] INFO  c.q.federated.service.FederatedCoordinatorService - Marked 2 nodes as inactive
2026-01-15 21:14:06.579 [taskScheduler-2] INFO  c.q.federated.service.FederatedCoordinatorService - Marked 2 nodes as inactive
2026-01-15 21:14:11.597 [taskScheduler-2] INFO  c.q.federated.service.FederatedCoordinatorService - Marked 2 nodes as inactive
2026-01-15 21:14:16.607 [taskScheduler-2] INFO  c.q.federated.service.FederatedCoordinatorService - Marked 2 nodes as inactive
2026-01-15 21:14:21.618 [taskScheduler-2] INFO  c.q.federated.service.FederatedCoordinatorService - Marked 2 nodes as inactive
2026-01-15 21:14:26.631 [taskScheduler-2] INFO  c.q.federated.service.FederatedCoordinatorService - Marked 2 nodes as inactive
2026-01-15 21:14:31.645 [taskScheduler-2] INFO  c.q.federated.service.FederatedCoordinatorService - Marked 2 nodes as inactive
2026-01-15 21:14:36.664 [taskScheduler-2] INFO  c.q.federated.service.FederatedCoordinatorService - Marked 2 nodes as inactive
2026-01-15 21:14:41.673 [taskScheduler-2] INFO  c.q.federated.service.FederatedCoordinatorService - Marked 2 nodes as inactive
2026-01-15 21:14:46.689 [taskScheduler-2] INFO  c.q.federated.service.FederatedCoordinatorService - Marked 2 nodes as inactive
2026-01-15 21:14:51.698 [taskScheduler-2] INFO  c.q.federated.service.FederatedCoordinatorService - Marked 2 nodes as inactive
2026-01-15 21:14:56.709 [taskScheduler-2] INFO  c.q.federated.service.FederatedCoordinatorService - Marked 2 nodes as inactive
2026-01-15 21:15:01.745 [taskScheduler-2] INFO  c.q.federated.service.FederatedCoordinatorService - Marked 2 nodes as inactive
2026-01-15 21:15:06.755 [taskScheduler-2] INFO  c.q.federated.service.FederatedCoordinatorService - Marked 2 nodes as inactive
2026-01-15 21:15:11.772 [taskScheduler-2] INFO  c.q.federated.service.FederatedCoordinatorService - Marked 2 nodes as inactive
2026-01-15 21:15:16.791 [taskScheduler-2] INFO  c.q.federated.service.FederatedCoordinatorService - Marked 2 nodes as inactive
2026-01-15 21:15:21.803 [taskScheduler-2] INFO  c.q.federated.service.FederatedCoordinatorService - Marked 2 nodes as inactive
2026-01-15 21:15:26.822 [taskScheduler-2] INFO  c.q.federated.service.FederatedCoordinatorService - Marked 2 nodes as inactive
2026-01-15 21:15:31.842 [taskScheduler-2] INFO  c.q.federated.service.FederatedCoordinatorService - Marked 2 nodes as inactive
2026-01-15 21:15:36.861 [taskScheduler-6] INFO  c.q.federated.service.FederatedCoordinatorService - Marked 2 nodes as inactive
2026-01-15 21:15:41.869 [taskScheduler-6] INFO  c.q.federated.service.FederatedCoordinatorService - Marked 2 nodes as inactive
2026-01-15 21:15:46.880 [taskScheduler-6] INFO  c.q.federated.service.FederatedCoordinatorService - Marked 2 nodes as inactive
2026-01-15 21:15:51.892 [taskScheduler-6] INFO  c.q.federated.service.FederatedCoordinatorService - Marked 2 nodes as inactive
2026-01-15 21:15:56.910 [taskScheduler-6] INFO  c.q.federated.service.FederatedCoordinatorService - Marked 2 nodes as inactive
2026-01-15 21:16:01.931 [taskScheduler-6] INFO  c.q.federated.service.FederatedCoordinatorService - Marked 2 nodes as inactive
2026-01-15 21:16:06.951 [taskScheduler-6] INFO  c.q.federated.service.FederatedCoordinatorService - Marked 2 nodes as inactive
2026-01-15 21:16:11.960 [taskScheduler-6] INFO  c.q.federated.service.FederatedCoordinatorService - Marked 2 nodes as inactive
2026-01-15 21:16:16.975 [taskScheduler-6] INFO  c.q.federated.service.FederatedCoordinatorService - Marked 2 nodes as inactive
2026-01-15 21:16:21.988 [taskScheduler-6] INFO  c.q.federated.service.FederatedCoordinatorService - Marked 2 nodes as inactive
2026-01-15 21:16:27.007 [taskScheduler-6] INFO  c.q.federated.service.FederatedCoordinatorService - Marked 2 nodes as inactive
2026-01-15 21:16:32.022 [taskScheduler-6] INFO  c.q.federated.service.FederatedCoordinatorService - Marked 2 nodes as inactive
2026-01-15 21:16:37.035 [taskScheduler-6] INFO  c.q.federated.service.FederatedCoordinatorService - Marked 2 nodes as inactive
2026-01-15 21:16:42.042 [taskScheduler-6] INFO  c.q.federated.service.FederatedCoordinatorService - Marked 2 nodes as inactive
2026-01-15 21:16:47.053 [taskScheduler-6] INFO  c.q.federated.service.FederatedCoordinatorService - Marked 2 nodes as inactive
2026-01-15 21:16:52.061 [taskScheduler-6] INFO  c.q.federated.service.FederatedCoordinatorService - Marked 2 nodes as inactive
2026-01-15 21:16:57.076 [taskScheduler-6] INFO  c.q.federated.service.FederatedCoordinatorService - Marked 2 nodes as inactive
2026-01-15 21:17:02.090 [taskScheduler-6] INFO  c.q.federated.service.FederatedCoordinatorService - Marked 2 nodes as inactive
2026-01-15 21:17:07.109 [taskScheduler-6] INFO  c.q.federated.service.FederatedCoordinatorService - Marked 2 nodes as inactive
2026-01-15 21:17:12.115 [taskScheduler-6] INFO  c.q.federated.service.FederatedCoordinatorService - Marked 2 nodes as inactive
2026-01-15 22:27:02.216 [main] INFO  com.qczy.MyApplication - Starting MyApplication on DESKTOP-MVT8OQB with PID 4032 (D:\PROJECT\ELEC_1126\back\datamark-admin\target\classes started by Administrator in D:\PROJECT\ELEC_1126\back\datamark-admin)
2026-01-15 22:27:02.218 [main] INFO  com.qczy.MyApplication - The following profiles are active: test
2026-01-15 22:27:09.666 [main] INFO  com.qczy.MyApplication - Starting MyApplication on DESKTOP-MVT8OQB with PID 12920 (D:\PROJECT\ELEC_1126\back\datamark-admin\target\classes started by Administrator in D:\PROJECT\ELEC_1126\back\datamark-admin)
2026-01-15 22:27:09.674 [main] INFO  com.qczy.MyApplication - The following profiles are active: test
2026-01-15 22:27:22.885 [main] INFO  o.s.c.s.PostProcessorRegistrationDelegate$BeanPostProcessorChecker - Bean 'asyncConfig' of type [com.qczy.config.AsyncConfig$$EnhancerBySpringCGLIB$$c260377c] is not eligible for getting processed by all BeanPostProcessors (for example: not eligible for auto-proxying)
2026-01-15 22:27:23.173 [main] INFO  o.s.c.s.PostProcessorRegistrationDelegate$BeanPostProcessorChecker - Bean 'asyncConfig' of type [com.qczy.config.AsyncConfig$$EnhancerBySpringCGLIB$$4e903c3c] is not eligible for getting processed by all BeanPostProcessors (for example: not eligible for auto-proxying)
2026-01-15 22:27:23.465 [main] INFO  o.s.c.s.PostProcessorRegistrationDelegate$BeanPostProcessorChecker - Bean 'org.springframework.transaction.annotation.ProxyTransactionManagementConfiguration' of type [org.springframework.transaction.annotation.ProxyTransactionManagementConfiguration] is not eligible for getting processed by all BeanPostProcessors (for example: not eligible for auto-proxying)
2026-01-15 22:27:23.644 [main] INFO  o.s.c.s.PostProcessorRegistrationDelegate$BeanPostProcessorChecker - Bean 'org.springframework.transaction.annotation.ProxyTransactionManagementConfiguration' of type [org.springframework.transaction.annotation.ProxyTransactionManagementConfiguration] is not eligible for getting processed by all BeanPostProcessors (for example: not eligible for auto-proxying)
2026-01-15 22:27:24.176 [main] INFO  o.s.c.s.PostProcessorRegistrationDelegate$BeanPostProcessorChecker - Bean 'org.springframework.security.config.annotation.configuration.ObjectPostProcessorConfiguration' of type [org.springframework.security.config.annotation.configuration.ObjectPostProcessorConfiguration] is not eligible for getting processed by all BeanPostProcessors (for example: not eligible for auto-proxying)
2026-01-15 22:27:24.191 [main] INFO  o.s.c.s.PostProcessorRegistrationDelegate$BeanPostProcessorChecker - Bean 'objectPostProcessor' of type [org.springframework.security.config.annotation.configuration.AutowireBeanFactoryObjectPostProcessor] is not eligible for getting processed by all BeanPostProcessors (for example: not eligible for auto-proxying)
2026-01-15 22:27:24.213 [main] INFO  o.s.c.s.PostProcessorRegistrationDelegate$BeanPostProcessorChecker - Bean 'org.springframework.security.access.expression.method.DefaultMethodSecurityExpressionHandler@e4e1ef5' of type [org.springframework.security.access.expression.method.DefaultMethodSecurityExpressionHandler] is not eligible for getting processed by all BeanPostProcessors (for example: not eligible for auto-proxying)
2026-01-15 22:27:24.217 [main] INFO  o.s.c.s.PostProcessorRegistrationDelegate$BeanPostProcessorChecker - Bean 'org.springframework.security.config.annotation.method.configuration.GlobalMethodSecurityConfiguration' of type [org.springframework.security.config.annotation.method.configuration.GlobalMethodSecurityConfiguration] is not eligible for getting processed by all BeanPostProcessors (for example: not eligible for auto-proxying)
2026-01-15 22:27:24.248 [main] INFO  o.s.c.s.PostProcessorRegistrationDelegate$BeanPostProcessorChecker - Bean 'methodSecurityMetadataSource' of type [org.springframework.security.access.method.DelegatingMethodSecurityMetadataSource] is not eligible for getting processed by all BeanPostProcessors (for example: not eligible for auto-proxying)
2026-01-15 22:27:24.300 [main] INFO  o.s.c.s.PostProcessorRegistrationDelegate$BeanPostProcessorChecker - Bean 'org.springframework.security.config.annotation.configuration.ObjectPostProcessorConfiguration' of type [org.springframework.security.config.annotation.configuration.ObjectPostProcessorConfiguration] is not eligible for getting processed by all BeanPostProcessors (for example: not eligible for auto-proxying)
2026-01-15 22:27:24.323 [main] INFO  o.s.c.s.PostProcessorRegistrationDelegate$BeanPostProcessorChecker - Bean 'objectPostProcessor' of type [org.springframework.security.config.annotation.configuration.AutowireBeanFactoryObjectPostProcessor] is not eligible for getting processed by all BeanPostProcessors (for example: not eligible for auto-proxying)
2026-01-15 22:27:24.340 [main] INFO  o.s.c.s.PostProcessorRegistrationDelegate$BeanPostProcessorChecker - Bean 'org.springframework.security.access.expression.method.DefaultMethodSecurityExpressionHandler@55d58825' of type [org.springframework.security.access.expression.method.DefaultMethodSecurityExpressionHandler] is not eligible for getting processed by all BeanPostProcessors (for example: not eligible for auto-proxying)
2026-01-15 22:27:24.350 [main] INFO  o.s.c.s.PostProcessorRegistrationDelegate$BeanPostProcessorChecker - Bean 'org.springframework.security.config.annotation.method.configuration.GlobalMethodSecurityConfiguration' of type [org.springframework.security.config.annotation.method.configuration.GlobalMethodSecurityConfiguration] is not eligible for getting processed by all BeanPostProcessors (for example: not eligible for auto-proxying)
2026-01-15 22:27:24.383 [main] INFO  o.s.c.s.PostProcessorRegistrationDelegate$BeanPostProcessorChecker - Bean 'methodSecurityMetadataSource' of type [org.springframework.security.access.method.DelegatingMethodSecurityMetadataSource] is not eligible for getting processed by all BeanPostProcessors (for example: not eligible for auto-proxying)
2026-01-15 22:27:28.381 [main] INFO  o.s.boot.web.embedded.tomcat.TomcatWebServer - Tomcat initialized with port(s): 8081 (http)
2026-01-15 22:27:28.384 [main] INFO  o.s.boot.web.embedded.tomcat.TomcatWebServer - Tomcat initialized with port(s): 8081 (http)
2026-01-15 22:27:28.402 [main] INFO  org.apache.coyote.http11.Http11NioProtocol - Initializing ProtocolHandler ["http-nio-8081"]
2026-01-15 22:27:28.405 [main] INFO  org.apache.catalina.core.StandardService - Starting service [Tomcat]
2026-01-15 22:27:28.406 [main] INFO  org.apache.catalina.core.StandardEngine - Starting Servlet engine: [Apache Tomcat/9.0.27]
2026-01-15 22:27:28.409 [main] INFO  org.apache.coyote.http11.Http11NioProtocol - Initializing ProtocolHandler ["http-nio-8081"]
2026-01-15 22:27:28.412 [main] INFO  org.apache.catalina.core.StandardService - Starting service [Tomcat]
2026-01-15 22:27:28.414 [main] INFO  org.apache.catalina.core.StandardEngine - Starting Servlet engine: [Apache Tomcat/9.0.27]
2026-01-15 22:27:28.624 [main] INFO  o.a.c.core.ContainerBase.[Tomcat].[localhost].[/] - Initializing Spring embedded WebApplicationContext
2026-01-15 22:27:28.625 [main] INFO  o.a.c.core.ContainerBase.[Tomcat].[localhost].[/] - Initializing Spring embedded WebApplicationContext
2026-01-15 22:27:28.625 [main] INFO  org.springframework.web.context.ContextLoader - Root WebApplicationContext: initialization completed in 26238 ms
2026-01-15 22:27:28.626 [main] INFO  org.springframework.web.context.ContextLoader - Root WebApplicationContext: initialization completed in 18739 ms
2026-01-15 22:27:52.048 [main] INFO  com.zaxxer.hikari.HikariDataSource - HikariPool-1 - Starting...
2026-01-15 22:27:52.520 [main] INFO  com.zaxxer.hikari.HikariDataSource - HikariPool-1 - Starting...
2026-01-15 22:27:52.573 [main] INFO  com.zaxxer.hikari.HikariDataSource - HikariPool-1 - Start completed.
2026-01-15 22:27:53.007 [main] INFO  com.zaxxer.hikari.HikariDataSource - HikariPool-1 - Start completed.
2026-01-15 22:27:53.380 [main] INFO  c.q.federated.service.FederatedCoordinatorService - Loaded 2 nodes from database
2026-01-15 22:27:53.737 [main] INFO  c.q.federated.service.FederatedCoordinatorService - Loaded 10 jobs from database
2026-01-15 22:27:53.803 [main] INFO  c.q.federated.service.FederatedCoordinatorService - Loaded 2 nodes from database
2026-01-15 22:27:54.239 [main] INFO  c.q.federated.service.FederatedCoordinatorService - Loaded 10 jobs from database
2026-01-15 22:27:57.028 [main] INFO  o.s.scheduling.concurrent.ThreadPoolTaskExecutor - Initializing ExecutorService
2026-01-15 22:27:57.072 [main] INFO  o.s.scheduling.concurrent.ThreadPoolTaskExecutor - Initializing ExecutorService 'asyncExecutor'
2026-01-15 22:27:57.322 [main] INFO  o.s.scheduling.concurrent.ThreadPoolTaskExecutor - Initializing ExecutorService
2026-01-15 22:27:57.440 [main] INFO  o.s.scheduling.concurrent.ThreadPoolTaskScheduler - Initializing ExecutorService
2026-01-15 22:27:57.453 [main] INFO  o.s.scheduling.concurrent.ThreadPoolTaskExecutor - Initializing ExecutorService 'asyncExecutor'
2026-01-15 22:27:57.467 [main] INFO  o.s.scheduling.concurrent.ThreadPoolTaskScheduler - Initializing ExecutorService 'taskScheduler'
2026-01-15 22:27:57.720 [main] INFO  o.s.scheduling.concurrent.ThreadPoolTaskScheduler - Initializing ExecutorService
2026-01-15 22:27:57.815 [main] INFO  o.s.scheduling.concurrent.ThreadPoolTaskScheduler - Initializing ExecutorService 'taskScheduler'
2026-01-15 22:27:58.393 [main] INFO  s.d.s.w.PropertySourcedRequestMappingHandlerMapping - Mapped URL path [/v2/api-docs] onto method [springfox.documentation.swagger2.web.Swagger2Controller#getDocumentation(String, HttpServletRequest)]
2026-01-15 22:27:58.521 [main] INFO  s.d.s.w.PropertySourcedRequestMappingHandlerMapping - Mapped URL path [/v2/api-docs] onto method [springfox.documentation.swagger2.web.Swagger2Controller#getDocumentation(String, HttpServletRequest)]
2026-01-15 22:27:58.872 [main] INFO  o.s.security.web.DefaultSecurityFilterChain - Creating filter chain: any request, [org.springframework.security.web.context.request.async.WebAsyncManagerIntegrationFilter@1e5aacd9, org.springframework.security.web.context.SecurityContextPersistenceFilter@1c171746, org.springframework.security.web.header.HeaderWriterFilter@6253e59a, org.springframework.web.filter.CorsFilter@7d90644f, org.springframework.security.web.authentication.logout.LogoutFilter@1c4057f9, com.qczy.filter.JwtAuthenticationTokenFilter@66fbc5e7, org.springframework.security.web.savedrequest.RequestCacheAwareFilter@2d07aacc, org.springframework.security.web.servletapi.SecurityContextHolderAwareRequestFilter@74bdfa0b, org.springframework.security.web.authentication.AnonymousAuthenticationFilter@f810c18, org.springframework.security.web.session.SessionManagementFilter@6851b296, org.springframework.security.web.access.ExceptionTranslationFilter@271e851e, org.springframework.security.web.access.intercept.FilterSecurityInterceptor@67b8d45]
2026-01-15 22:27:58.934 [main] INFO  o.s.security.web.DefaultSecurityFilterChain - Creating filter chain: any request, [org.springframework.security.web.context.request.async.WebAsyncManagerIntegrationFilter@a120b9, org.springframework.security.web.context.SecurityContextPersistenceFilter@3e4afd10, org.springframework.security.web.header.HeaderWriterFilter@1c18ee69, org.springframework.web.filter.CorsFilter@333e5fb6, org.springframework.security.web.authentication.logout.LogoutFilter@214fba74, com.qczy.filter.JwtAuthenticationTokenFilter@65514add, org.springframework.security.web.savedrequest.RequestCacheAwareFilter@794cb26b, org.springframework.security.web.servletapi.SecurityContextHolderAwareRequestFilter@749d7c01, org.springframework.security.web.authentication.AnonymousAuthenticationFilter@3b7b0b57, org.springframework.security.web.session.SessionManagementFilter@4ffa7041, org.springframework.security.web.access.ExceptionTranslationFilter@318e3942, org.springframework.security.web.access.intercept.FilterSecurityInterceptor@1851c7d2]
2026-01-15 22:28:00.118 [main] INFO  s.d.s.web.plugins.DocumentationPluginsBootstrapper - Context refreshed
2026-01-15 22:28:00.930 [main] INFO  s.d.s.web.plugins.DocumentationPluginsBootstrapper - Found 1 custom documentation plugin(s)
2026-01-15 22:28:01.028 [main] INFO  s.d.s.web.plugins.DocumentationPluginsBootstrapper - Skipping initializing disabled plugin bean swagger v2.0
2026-01-15 22:28:01.083 [main] INFO  org.apache.coyote.http11.Http11NioProtocol - Starting ProtocolHandler ["http-nio-8081"]
2026-01-15 22:28:01.170 [main] INFO  s.d.s.web.plugins.DocumentationPluginsBootstrapper - Context refreshed
2026-01-15 22:28:01.198 [taskScheduler-3] INFO  c.q.federated.service.FederatedCoordinatorService - Marked 2 nodes as inactive
2026-01-15 22:28:01.303 [main] INFO  o.s.boot.web.embedded.tomcat.TomcatWebServer - Tomcat started on port(s): 8081 (http) with context path ''
2026-01-15 22:28:01.308 [main] INFO  s.d.s.web.plugins.DocumentationPluginsBootstrapper - Found 1 custom documentation plugin(s)
2026-01-15 22:28:01.313 [main] INFO  s.d.s.web.plugins.DocumentationPluginsBootstrapper - Skipping initializing disabled plugin bean swagger v2.0
2026-01-15 22:28:01.318 [main] INFO  com.qczy.MyApplication - Started MyApplication in 54.296 seconds (JVM running for 55.692)
2026-01-15 22:28:01.374 [main] INFO  org.apache.coyote.http11.Http11NioProtocol - Starting ProtocolHandler ["http-nio-8081"]
2026-01-15 22:28:01.416 [main] INFO  org.apache.coyote.http11.Http11NioProtocol - Pausing ProtocolHandler ["http-nio-8081"]
2026-01-15 22:28:01.418 [main] INFO  org.apache.catalina.core.StandardService - Stopping service [Tomcat]
2026-01-15 22:28:01.446 [main] INFO  org.apache.coyote.http11.Http11NioProtocol - Stopping ProtocolHandler ["http-nio-8081"]
2026-01-15 22:28:01.446 [taskScheduler-1] INFO  c.q.federated.service.FederatedCoordinatorService - Marked 2 nodes as inactive
2026-01-15 22:28:01.447 [main] INFO  org.apache.coyote.http11.Http11NioProtocol - Destroying ProtocolHandler ["http-nio-8081"]
2026-01-15 22:28:01.469 [main] INFO  o.s.b.a.l.ConditionEvaluationReportLoggingListener - 

Error starting ApplicationContext. To display the conditions report re-run your application with 'debug' enabled.
2026-01-15 22:28:01.506 [main] INFO  o.s.scheduling.concurrent.ThreadPoolTaskScheduler - Shutting down ExecutorService 'taskScheduler'
2026-01-15 22:28:01.509 [main] INFO  o.s.scheduling.concurrent.ThreadPoolTaskExecutor - Shutting down ExecutorService 'asyncExecutor'
2026-01-15 22:28:01.536 [main] INFO  com.zaxxer.hikari.HikariDataSource - HikariPool-1 - Shutdown initiated...
2026-01-15 22:28:01.589 [main] INFO  com.zaxxer.hikari.HikariDataSource - HikariPool-1 - Shutdown completed.
2026-01-15 22:28:06.223 [taskScheduler-2] INFO  c.q.federated.service.FederatedCoordinatorService - Marked 2 nodes as inactive
2026-01-15 22:28:11.237 [taskScheduler-3] INFO  c.q.federated.service.FederatedCoordinatorService - Marked 2 nodes as inactive
2026-01-15 22:28:16.248 [taskScheduler-1] INFO  c.q.federated.service.FederatedCoordinatorService - Marked 2 nodes as inactive
2026-01-15 22:28:21.255 [taskScheduler-5] INFO  c.q.federated.service.FederatedCoordinatorService - Marked 2 nodes as inactive
2026-01-15 22:28:26.267 [taskScheduler-3] INFO  c.q.federated.service.FederatedCoordinatorService - Marked 2 nodes as inactive
2026-01-15 22:28:31.291 [taskScheduler-2] INFO  c.q.federated.service.FederatedCoordinatorService - Marked 2 nodes as inactive
2026-01-15 22:28:36.310 [taskScheduler-7] INFO  c.q.federated.service.FederatedCoordinatorService - Marked 2 nodes as inactive
2026-01-15 22:28:41.336 [taskScheduler-7] INFO  c.q.federated.service.FederatedCoordinatorService - Marked 2 nodes as inactive
2026-01-15 22:28:46.362 [taskScheduler-7] INFO  c.q.federated.service.FederatedCoordinatorService - Marked 2 nodes as inactive
2026-01-15 22:28:51.376 [taskScheduler-7] INFO  c.q.federated.service.FederatedCoordinatorService - Marked 2 nodes as inactive
2026-01-15 22:28:56.390 [taskScheduler-7] INFO  c.q.federated.service.FederatedCoordinatorService - Marked 2 nodes as inactive
2026-01-15 22:29:01.097 [http-nio-8081-exec-1] INFO  o.a.c.core.ContainerBase.[Tomcat].[localhost].[/] - Initializing Spring DispatcherServlet 'dispatcherServlet'
2026-01-15 22:29:01.098 [http-nio-8081-exec-1] INFO  org.springframework.web.servlet.DispatcherServlet - Initializing Servlet 'dispatcherServlet'
2026-01-15 22:29:01.116 [http-nio-8081-exec-1] INFO  org.springframework.web.servlet.DispatcherServlet - Completed initialization in 18 ms
2026-01-15 22:29:01.405 [taskScheduler-7] INFO  c.q.federated.service.FederatedCoordinatorService - Marked 2 nodes as inactive
2026-01-15 22:29:01.425 [http-nio-8081-exec-7] INFO  com.qczy.filter.JwtAuthenticationTokenFilter - checking username:admin
2026-01-15 22:29:01.565 [http-nio-8081-exec-7] INFO  com.qczy.filter.JwtAuthenticationTokenFilter - authenticated user:admin
2026-01-15 22:29:01.624 [http-nio-8081-exec-7] INFO  com.qczy.controller.user.UserController - token->Bearer eyJhbGciOiJIUzUxMiJ9.eyJzdWIiOiJhZG1pbiIsImNyZWF0ZWQiOjE3Njg0NTQ5NDk4NDEsImV4cCI6MTc2OTA1OTc0OX0.vx4auqsOlTy7E-E1Ye8IiYiNM-02DjEHPZjGUhpMBwWzmGiCo7SvHCGKVFGvcQ2ncdiikGOQr3XdCwBeddcq-A
2026-01-15 22:29:01.731 [http-nio-8081-exec-10] INFO  com.qczy.filter.JwtAuthenticationTokenFilter - checking username:admin
2026-01-15 22:29:01.736 [http-nio-8081-exec-10] INFO  com.qczy.filter.JwtAuthenticationTokenFilter - authenticated user:admin
2026-01-15 22:29:01.743 [http-nio-8081-exec-10] INFO  com.qczy.controller.user.UserController - token->Bearer eyJhbGciOiJIUzUxMiJ9.eyJzdWIiOiJhZG1pbiIsImNyZWF0ZWQiOjE3Njg0NTQ5NDk4NDEsImV4cCI6MTc2OTA1OTc0OX0.vx4auqsOlTy7E-E1Ye8IiYiNM-02DjEHPZjGUhpMBwWzmGiCo7SvHCGKVFGvcQ2ncdiikGOQr3XdCwBeddcq-A
2026-01-15 22:29:01.756 [http-nio-8081-exec-10] INFO  com.qczy.controller.user.UserController - username->admin
2026-01-15 22:29:03.539 [http-nio-8081-exec-4] INFO  com.qczy.filter.JwtAuthenticationTokenFilter - checking username:admin
2026-01-15 22:29:03.553 [http-nio-8081-exec-7] INFO  com.qczy.filter.JwtAuthenticationTokenFilter - checking username:admin
2026-01-15 22:29:03.561 [http-nio-8081-exec-4] INFO  com.qczy.filter.JwtAuthenticationTokenFilter - authenticated user:admin
2026-01-15 22:29:03.571 [http-nio-8081-exec-7] INFO  com.qczy.filter.JwtAuthenticationTokenFilter - authenticated user:admin
2026-01-15 22:29:03.609 [http-nio-8081-exec-2] INFO  com.qczy.filter.JwtAuthenticationTokenFilter - checking username:admin
2026-01-15 22:29:03.623 [http-nio-8081-exec-2] INFO  com.qczy.filter.JwtAuthenticationTokenFilter - authenticated user:admin
2026-01-15 22:29:03.658 [http-nio-8081-exec-10] INFO  com.qczy.filter.JwtAuthenticationTokenFilter - checking username:admin
2026-01-15 22:29:03.672 [http-nio-8081-exec-10] INFO  com.qczy.filter.JwtAuthenticationTokenFilter - authenticated user:admin
2026-01-15 22:29:03.735 [http-nio-8081-exec-6] INFO  com.qczy.filter.JwtAuthenticationTokenFilter - checking username:admin
2026-01-15 22:29:03.782 [http-nio-8081-exec-6] INFO  com.qczy.filter.JwtAuthenticationTokenFilter - authenticated user:admin
2026-01-15 22:29:03.804 [http-nio-8081-exec-5] INFO  com.qczy.filter.JwtAuthenticationTokenFilter - checking username:admin
2026-01-15 22:29:03.824 [http-nio-8081-exec-5] INFO  com.qczy.filter.JwtAuthenticationTokenFilter - authenticated user:admin
2026-01-15 22:29:06.424 [taskScheduler-7] INFO  c.q.federated.service.FederatedCoordinatorService - Marked 2 nodes as inactive
2026-01-15 22:29:11.439 [taskScheduler-7] INFO  c.q.federated.service.FederatedCoordinatorService - Marked 2 nodes as inactive
2026-01-15 22:29:16.453 [taskScheduler-7] INFO  c.q.federated.service.FederatedCoordinatorService - Marked 2 nodes as inactive
2026-01-15 22:29:21.472 [taskScheduler-7] INFO  c.q.federated.service.FederatedCoordinatorService - Marked 2 nodes as inactive
2026-01-15 22:29:26.488 [taskScheduler-7] INFO  c.q.federated.service.FederatedCoordinatorService - Marked 2 nodes as inactive
2026-01-15 22:29:31.501 [taskScheduler-7] INFO  c.q.federated.service.FederatedCoordinatorService - Marked 2 nodes as inactive
2026-01-15 22:29:37.897 [taskScheduler-7] INFO  c.q.federated.service.FederatedCoordinatorService - Marked 2 nodes as inactive
2026-01-15 22:29:43.183 [taskScheduler-7] INFO  c.q.federated.service.FederatedCoordinatorService - Marked 2 nodes as inactive
2026-01-15 22:29:48.223 [taskScheduler-7] INFO  c.q.federated.service.FederatedCoordinatorService - Marked 2 nodes as inactive
2026-01-15 22:29:53.242 [taskScheduler-7] INFO  c.q.federated.service.FederatedCoordinatorService - Marked 2 nodes as inactive
2026-01-15 22:29:58.264 [taskScheduler-7] INFO  c.q.federated.service.FederatedCoordinatorService - Marked 2 nodes as inactive
2026-01-15 22:30:03.282 [taskScheduler-7] INFO  c.q.federated.service.FederatedCoordinatorService - Marked 2 nodes as inactive
2026-01-15 22:30:08.304 [taskScheduler-7] INFO  c.q.federated.service.FederatedCoordinatorService - Marked 2 nodes as inactive
2026-01-15 22:30:13.318 [taskScheduler-7] INFO  c.q.federated.service.FederatedCoordinatorService - Marked 2 nodes as inactive
2026-01-15 22:30:17.288 [http-nio-8081-exec-10] INFO  com.qczy.filter.JwtAuthenticationTokenFilter - checking username:admin
2026-01-15 22:30:17.294 [http-nio-8081-exec-10] INFO  com.qczy.filter.JwtAuthenticationTokenFilter - authenticated user:admin
2026-01-15 22:30:17.296 [http-nio-8081-exec-10] INFO  com.qczy.controller.user.UserController - token->Bearer eyJhbGciOiJIUzUxMiJ9.eyJzdWIiOiJhZG1pbiIsImNyZWF0ZWQiOjE3Njg0NTQ5NDk4NDEsImV4cCI6MTc2OTA1OTc0OX0.vx4auqsOlTy7E-E1Ye8IiYiNM-02DjEHPZjGUhpMBwWzmGiCo7SvHCGKVFGvcQ2ncdiikGOQr3XdCwBeddcq-A
2026-01-15 22:30:17.334 [http-nio-8081-exec-4] INFO  com.qczy.filter.JwtAuthenticationTokenFilter - checking username:admin
2026-01-15 22:30:17.337 [http-nio-8081-exec-4] INFO  com.qczy.filter.JwtAuthenticationTokenFilter - authenticated user:admin
2026-01-15 22:30:17.337 [http-nio-8081-exec-4] INFO  com.qczy.controller.user.UserController - token->Bearer eyJhbGciOiJIUzUxMiJ9.eyJzdWIiOiJhZG1pbiIsImNyZWF0ZWQiOjE3Njg0NTQ5NDk4NDEsImV4cCI6MTc2OTA1OTc0OX0.vx4auqsOlTy7E-E1Ye8IiYiNM-02DjEHPZjGUhpMBwWzmGiCo7SvHCGKVFGvcQ2ncdiikGOQr3XdCwBeddcq-A
2026-01-15 22:30:17.347 [http-nio-8081-exec-4] INFO  com.qczy.controller.user.UserController - username->admin
2026-01-15 22:30:18.325 [taskScheduler-7] INFO  c.q.federated.service.FederatedCoordinatorService - Marked 2 nodes as inactive
2026-01-15 22:30:23.334 [taskScheduler-7] INFO  c.q.federated.service.FederatedCoordinatorService - Marked 2 nodes as inactive
2026-01-15 22:30:28.353 [taskScheduler-7] INFO  c.q.federated.service.FederatedCoordinatorService - Marked 2 nodes as inactive
2026-01-15 22:30:33.369 [taskScheduler-7] INFO  c.q.federated.service.FederatedCoordinatorService - Marked 2 nodes as inactive
2026-01-15 22:30:38.388 [taskScheduler-7] INFO  c.q.federated.service.FederatedCoordinatorService - Marked 2 nodes as inactive
2026-01-15 22:30:43.397 [taskScheduler-7] INFO  c.q.federated.service.FederatedCoordinatorService - Marked 2 nodes as inactive
2026-01-15 22:30:48.416 [taskScheduler-7] INFO  c.q.federated.service.FederatedCoordinatorService - Marked 2 nodes as inactive
2026-01-15 22:30:53.430 [taskScheduler-7] INFO  c.q.federated.service.FederatedCoordinatorService - Marked 2 nodes as inactive
