2026-01-14 19:08:39.477 [main] INFO  com.qczy.MyApplication - Starting MyApplication on DESKTOP-MVT8OQB with PID 15832 (D:\PROJECT\ELEC_1126\back\datamark-admin\target\classes started by Administrator in D:\PROJECT\ELEC_1126\back\datamark-admin)
2026-01-14 19:08:39.481 [main] INFO  com.qczy.MyApplication - The following profiles are active: test
2026-01-14 19:08:49.682 [main] INFO  o.s.c.s.PostProcessorRegistrationDelegate$BeanPostProcessorChecker - Bean 'asyncConfig' of type [com.qczy.config.AsyncConfig$$EnhancerBySpringCGLIB$$784b1bf1] is not eligible for getting processed by all BeanPostProcessors (for example: not eligible for auto-proxying)
2026-01-14 19:08:49.958 [main] INFO  o.s.c.s.PostProcessorRegistrationDelegate$BeanPostProcessorChecker - Bean 'org.springframework.transaction.annotation.ProxyTransactionManagementConfiguration' of type [org.springframework.transaction.annotation.ProxyTransactionManagementConfiguration] is not eligible for getting processed by all BeanPostProcessors (for example: not eligible for auto-proxying)
2026-01-14 19:08:50.443 [main] INFO  o.s.c.s.PostProcessorRegistrationDelegate$BeanPostProcessorChecker - Bean 'org.springframework.security.config.annotation.configuration.ObjectPostProcessorConfiguration' of type [org.springframework.security.config.annotation.configuration.ObjectPostProcessorConfiguration] is not eligible for getting processed by all BeanPostProcessors (for example: not eligible for auto-proxying)
2026-01-14 19:08:50.452 [main] INFO  o.s.c.s.PostProcessorRegistrationDelegate$BeanPostProcessorChecker - Bean 'objectPostProcessor' of type [org.springframework.security.config.annotation.configuration.AutowireBeanFactoryObjectPostProcessor] is not eligible for getting processed by all BeanPostProcessors (for example: not eligible for auto-proxying)
2026-01-14 19:08:50.458 [main] INFO  o.s.c.s.PostProcessorRegistrationDelegate$BeanPostProcessorChecker - Bean 'org.springframework.security.access.expression.method.DefaultMethodSecurityExpressionHandler@7544ac86' of type [org.springframework.security.access.expression.method.DefaultMethodSecurityExpressionHandler] is not eligible for getting processed by all BeanPostProcessors (for example: not eligible for auto-proxying)
2026-01-14 19:08:50.461 [main] INFO  o.s.c.s.PostProcessorRegistrationDelegate$BeanPostProcessorChecker - Bean 'org.springframework.security.config.annotation.method.configuration.GlobalMethodSecurityConfiguration' of type [org.springframework.security.config.annotation.method.configuration.GlobalMethodSecurityConfiguration] is not eligible for getting processed by all BeanPostProcessors (for example: not eligible for auto-proxying)
2026-01-14 19:08:50.528 [main] INFO  o.s.c.s.PostProcessorRegistrationDelegate$BeanPostProcessorChecker - Bean 'methodSecurityMetadataSource' of type [org.springframework.security.access.method.DelegatingMethodSecurityMetadataSource] is not eligible for getting processed by all BeanPostProcessors (for example: not eligible for auto-proxying)
2026-01-14 19:08:52.042 [main] INFO  o.s.boot.web.embedded.tomcat.TomcatWebServer - Tomcat initialized with port(s): 8081 (http)
2026-01-14 19:08:52.059 [main] INFO  org.apache.coyote.http11.Http11NioProtocol - Initializing ProtocolHandler ["http-nio-8081"]
2026-01-14 19:08:52.063 [main] INFO  org.apache.catalina.core.StandardService - Starting service [Tomcat]
2026-01-14 19:08:52.064 [main] INFO  org.apache.catalina.core.StandardEngine - Starting Servlet engine: [Apache Tomcat/9.0.27]
2026-01-14 19:08:52.186 [main] INFO  o.a.c.core.ContainerBase.[Tomcat].[localhost].[/] - Initializing Spring embedded WebApplicationContext
2026-01-14 19:08:52.187 [main] INFO  org.springframework.web.context.ContextLoader - Root WebApplicationContext: initialization completed in 12549 ms
2026-01-14 19:09:00.357 [main] INFO  com.zaxxer.hikari.HikariDataSource - HikariPool-1 - Starting...
2026-01-14 19:09:00.676 [main] INFO  com.zaxxer.hikari.HikariDataSource - HikariPool-1 - Start completed.
2026-01-14 19:09:01.013 [main] INFO  c.q.federated.service.FederatedCoordinatorService - Loaded 1 nodes from database
2026-01-14 19:09:01.168 [main] INFO  c.q.federated.service.FederatedCoordinatorService - Loaded 4 jobs from database
2026-01-14 19:09:02.686 [main] INFO  o.s.scheduling.concurrent.ThreadPoolTaskExecutor - Initializing ExecutorService
2026-01-14 19:09:02.687 [main] INFO  o.s.scheduling.concurrent.ThreadPoolTaskExecutor - Initializing ExecutorService 'asyncExecutor'
2026-01-14 19:09:02.832 [main] INFO  o.s.scheduling.concurrent.ThreadPoolTaskScheduler - Initializing ExecutorService
2026-01-14 19:09:02.840 [main] INFO  o.s.scheduling.concurrent.ThreadPoolTaskScheduler - Initializing ExecutorService 'taskScheduler'
2026-01-14 19:09:03.607 [main] INFO  s.d.s.w.PropertySourcedRequestMappingHandlerMapping - Mapped URL path [/v2/api-docs] onto method [springfox.documentation.swagger2.web.Swagger2Controller#getDocumentation(String, HttpServletRequest)]
2026-01-14 19:09:03.982 [main] INFO  o.s.security.web.DefaultSecurityFilterChain - Creating filter chain: any request, [org.springframework.security.web.context.request.async.WebAsyncManagerIntegrationFilter@356341c9, org.springframework.security.web.context.SecurityContextPersistenceFilter@410382cb, org.springframework.security.web.header.HeaderWriterFilter@65af05b2, org.springframework.web.filter.CorsFilter@3a70575, org.springframework.security.web.authentication.logout.LogoutFilter@6f7a20da, com.qczy.filter.JwtAuthenticationTokenFilter@6ac4c3f7, org.springframework.security.web.savedrequest.RequestCacheAwareFilter@693f2c89, org.springframework.security.web.servletapi.SecurityContextHolderAwareRequestFilter@3ff8a3ad, org.springframework.security.web.authentication.AnonymousAuthenticationFilter@5d96d434, org.springframework.security.web.session.SessionManagementFilter@4bf8b77, org.springframework.security.web.access.ExceptionTranslationFilter@2211b44f, org.springframework.security.web.access.intercept.FilterSecurityInterceptor@f48a080]
2026-01-14 19:09:05.026 [main] INFO  s.d.s.web.plugins.DocumentationPluginsBootstrapper - Context refreshed
2026-01-14 19:09:05.239 [main] INFO  s.d.s.web.plugins.DocumentationPluginsBootstrapper - Found 1 custom documentation plugin(s)
2026-01-14 19:09:05.288 [main] INFO  s.d.s.web.plugins.DocumentationPluginsBootstrapper - Skipping initializing disabled plugin bean swagger v2.0
2026-01-14 19:09:05.351 [main] INFO  org.apache.coyote.http11.Http11NioProtocol - Starting ProtocolHandler ["http-nio-8081"]
2026-01-14 19:09:05.454 [taskScheduler-2] INFO  c.q.federated.service.FederatedCoordinatorService - Marked 1 nodes as inactive
2026-01-14 19:09:05.497 [main] INFO  o.s.boot.web.embedded.tomcat.TomcatWebServer - Tomcat started on port(s): 8081 (http) with context path ''
2026-01-14 19:09:05.521 [main] INFO  com.qczy.MyApplication - Started MyApplication in 27.381 seconds (JVM running for 28.144)
2026-01-14 19:09:10.474 [taskScheduler-3] INFO  c.q.federated.service.FederatedCoordinatorService - Marked 1 nodes as inactive
2026-01-14 19:09:15.492 [taskScheduler-2] INFO  c.q.federated.service.FederatedCoordinatorService - Marked 1 nodes as inactive
2026-01-14 19:09:20.506 [taskScheduler-1] INFO  c.q.federated.service.FederatedCoordinatorService - Marked 1 nodes as inactive
2026-01-14 19:09:25.514 [taskScheduler-5] INFO  c.q.federated.service.FederatedCoordinatorService - Marked 1 nodes as inactive
2026-01-14 19:09:30.532 [taskScheduler-2] INFO  c.q.federated.service.FederatedCoordinatorService - Marked 1 nodes as inactive
2026-01-14 19:09:35.551 [taskScheduler-3] INFO  c.q.federated.service.FederatedCoordinatorService - Marked 1 nodes as inactive
2026-01-14 19:09:40.563 [taskScheduler-7] INFO  c.q.federated.service.FederatedCoordinatorService - Marked 1 nodes as inactive
2026-01-14 19:09:45.577 [taskScheduler-7] INFO  c.q.federated.service.FederatedCoordinatorService - Marked 1 nodes as inactive
2026-01-14 19:09:50.606 [taskScheduler-7] INFO  c.q.federated.service.FederatedCoordinatorService - Marked 1 nodes as inactive
2026-01-14 19:09:55.620 [taskScheduler-7] INFO  c.q.federated.service.FederatedCoordinatorService - Marked 1 nodes as inactive
2026-01-14 19:10:00.680 [taskScheduler-7] INFO  c.q.federated.service.FederatedCoordinatorService - Marked 1 nodes as inactive
2026-01-14 19:10:05.694 [taskScheduler-7] INFO  c.q.federated.service.FederatedCoordinatorService - Marked 1 nodes as inactive
2026-01-14 19:10:10.707 [taskScheduler-7] INFO  c.q.federated.service.FederatedCoordinatorService - Marked 1 nodes as inactive
2026-01-14 19:10:15.718 [taskScheduler-7] INFO  c.q.federated.service.FederatedCoordinatorService - Marked 1 nodes as inactive
2026-01-14 19:10:15.924 [http-nio-8081-exec-1] INFO  o.a.c.core.ContainerBase.[Tomcat].[localhost].[/] - Initializing Spring DispatcherServlet 'dispatcherServlet'
2026-01-14 19:10:15.925 [http-nio-8081-exec-1] INFO  org.springframework.web.servlet.DispatcherServlet - Initializing Servlet 'dispatcherServlet'
2026-01-14 19:10:15.962 [http-nio-8081-exec-1] INFO  org.springframework.web.servlet.DispatcherServlet - Completed initialization in 37 ms
2026-01-14 19:10:16.287 [http-nio-8081-exec-1] INFO  com.qczy.utils.JwtTokenUtil - JWT格式验证失败: eyJhbGciOiJIUzUxMiJ9.eyJzdWIiOiJhZG1pbiIsImNyZWF0ZWQiOjE3NjczNTk3MTUyOTAsImV4cCI6MTc2Nzk2NDUxNX0.Y1hEZwikYmxPuqQ5EfAGhtCyrF5sMu92tBogGKOiVOWF5vIjgZyqYPXNOek6yJT7dAw9Hvdw9WmjeW0Vy3S16Q
2026-01-14 19:10:16.287 [http-nio-8081-exec-1] INFO  com.qczy.filter.JwtAuthenticationTokenFilter - checking username:null
2026-01-14 19:10:16.342 [http-nio-8081-exec-1] INFO  com.qczy.controller.user.UserController - token->Bearer eyJhbGciOiJIUzUxMiJ9.eyJzdWIiOiJhZG1pbiIsImNyZWF0ZWQiOjE3NjczNTk3MTUyOTAsImV4cCI6MTc2Nzk2NDUxNX0.Y1hEZwikYmxPuqQ5EfAGhtCyrF5sMu92tBogGKOiVOWF5vIjgZyqYPXNOek6yJT7dAw9Hvdw9WmjeW0Vy3S16Q
2026-01-14 19:10:16.348 [http-nio-8081-exec-1] INFO  com.qczy.utils.JwtTokenUtil - JWT格式验证失败:eyJhbGciOiJIUzUxMiJ9.eyJzdWIiOiJhZG1pbiIsImNyZWF0ZWQiOjE3NjczNTk3MTUyOTAsImV4cCI6MTc2Nzk2NDUxNX0.Y1hEZwikYmxPuqQ5EfAGhtCyrF5sMu92tBogGKOiVOWF5vIjgZyqYPXNOek6yJT7dAw9Hvdw9WmjeW0Vy3S16Q
2026-01-14 19:10:18.762 [http-nio-8081-exec-10] INFO  com.qczy.filter.JwtAuthenticationTokenFilter - checking username:admin
2026-01-14 19:10:18.762 [http-nio-8081-exec-10] INFO  com.qczy.filter.JwtAuthenticationTokenFilter - authenticated user:admin
2026-01-14 19:10:18.762 [http-nio-8081-exec-10] INFO  com.qczy.controller.user.UserController - token->Bearer eyJhbGciOiJIUzUxMiJ9.eyJzdWIiOiJhZG1pbiIsImNyZWF0ZWQiOjE3NjgzODkwMTg2ODcsImV4cCI6MTc2ODk5MzgxOH0.iOgnYgx_fOkaaZuXzLNlFOxnkTo9gPZkNnJ2ma0UPZ5CP0oWUsf9B-X8VKeRELHhUJ_cHyp22xGfMfPtbvLjow
2026-01-14 19:10:18.808 [http-nio-8081-exec-9] INFO  com.qczy.filter.JwtAuthenticationTokenFilter - checking username:admin
2026-01-14 19:10:18.815 [http-nio-8081-exec-9] INFO  com.qczy.filter.JwtAuthenticationTokenFilter - authenticated user:admin
2026-01-14 19:10:18.816 [http-nio-8081-exec-9] INFO  com.qczy.controller.user.UserController - token->Bearer eyJhbGciOiJIUzUxMiJ9.eyJzdWIiOiJhZG1pbiIsImNyZWF0ZWQiOjE3NjgzODkwMTg2ODcsImV4cCI6MTc2ODk5MzgxOH0.iOgnYgx_fOkaaZuXzLNlFOxnkTo9gPZkNnJ2ma0UPZ5CP0oWUsf9B-X8VKeRELHhUJ_cHyp22xGfMfPtbvLjow
2026-01-14 19:10:18.825 [http-nio-8081-exec-9] INFO  com.qczy.controller.user.UserController - username->admin
2026-01-14 19:10:20.743 [taskScheduler-7] INFO  c.q.federated.service.FederatedCoordinatorService - Marked 1 nodes as inactive
2026-01-14 19:10:21.530 [http-nio-8081-exec-5] INFO  com.qczy.filter.JwtAuthenticationTokenFilter - checking username:admin
2026-01-14 19:10:21.531 [http-nio-8081-exec-3] INFO  com.qczy.filter.JwtAuthenticationTokenFilter - checking username:admin
2026-01-14 19:10:21.544 [http-nio-8081-exec-5] INFO  com.qczy.filter.JwtAuthenticationTokenFilter - authenticated user:admin
2026-01-14 19:10:21.552 [http-nio-8081-exec-3] INFO  com.qczy.filter.JwtAuthenticationTokenFilter - authenticated user:admin
2026-01-14 19:10:21.662 [http-nio-8081-exec-10] INFO  com.qczy.filter.JwtAuthenticationTokenFilter - checking username:admin
2026-01-14 19:10:21.757 [http-nio-8081-exec-10] INFO  com.qczy.filter.JwtAuthenticationTokenFilter - authenticated user:admin
2026-01-14 19:10:21.813 [http-nio-8081-exec-6] INFO  com.qczy.filter.JwtAuthenticationTokenFilter - checking username:admin
2026-01-14 19:10:21.828 [http-nio-8081-exec-6] INFO  com.qczy.filter.JwtAuthenticationTokenFilter - authenticated user:admin
2026-01-14 19:10:21.869 [http-nio-8081-exec-9] INFO  com.qczy.filter.JwtAuthenticationTokenFilter - checking username:admin
2026-01-14 19:10:21.908 [http-nio-8081-exec-9] INFO  com.qczy.filter.JwtAuthenticationTokenFilter - authenticated user:admin
2026-01-14 19:10:22.167 [http-nio-8081-exec-7] INFO  com.qczy.filter.JwtAuthenticationTokenFilter - checking username:admin
2026-01-14 19:10:22.173 [http-nio-8081-exec-7] INFO  com.qczy.filter.JwtAuthenticationTokenFilter - authenticated user:admin
2026-01-14 19:10:25.756 [taskScheduler-7] INFO  c.q.federated.service.FederatedCoordinatorService - Marked 1 nodes as inactive
2026-01-14 19:10:26.461 [http-nio-8081-exec-8] INFO  com.qczy.filter.JwtAuthenticationTokenFilter - checking username:admin
2026-01-14 19:10:26.461 [http-nio-8081-exec-8] INFO  com.qczy.filter.JwtAuthenticationTokenFilter - authenticated user:admin
2026-01-14 19:10:26.512 [http-nio-8081-exec-1] INFO  com.qczy.filter.JwtAuthenticationTokenFilter - checking username:admin
2026-01-14 19:10:26.518 [http-nio-8081-exec-1] INFO  com.qczy.filter.JwtAuthenticationTokenFilter - authenticated user:admin
2026-01-14 19:10:27.454 [http-nio-8081-exec-2] INFO  com.qczy.filter.JwtAuthenticationTokenFilter - checking username:admin
2026-01-14 19:10:27.460 [http-nio-8081-exec-2] INFO  com.qczy.filter.JwtAuthenticationTokenFilter - authenticated user:admin
2026-01-14 19:10:27.479 [http-nio-8081-exec-4] INFO  com.qczy.filter.JwtAuthenticationTokenFilter - checking username:admin
2026-01-14 19:10:27.487 [http-nio-8081-exec-4] INFO  com.qczy.filter.JwtAuthenticationTokenFilter - authenticated user:admin
2026-01-14 19:10:29.829 [http-nio-8081-exec-6] INFO  com.qczy.filter.JwtAuthenticationTokenFilter - checking username:admin
2026-01-14 19:10:29.829 [http-nio-8081-exec-9] INFO  com.qczy.filter.JwtAuthenticationTokenFilter - checking username:admin
2026-01-14 19:10:29.835 [http-nio-8081-exec-6] INFO  com.qczy.filter.JwtAuthenticationTokenFilter - authenticated user:admin
2026-01-14 19:10:29.835 [http-nio-8081-exec-9] INFO  com.qczy.filter.JwtAuthenticationTokenFilter - authenticated user:admin
2026-01-14 19:10:30.776 [taskScheduler-7] INFO  c.q.federated.service.FederatedCoordinatorService - Marked 1 nodes as inactive
2026-01-14 19:10:34.828 [http-nio-8081-exec-5] INFO  com.qczy.filter.JwtAuthenticationTokenFilter - checking username:admin
2026-01-14 19:10:34.835 [http-nio-8081-exec-5] INFO  com.qczy.filter.JwtAuthenticationTokenFilter - authenticated user:admin
2026-01-14 19:10:35.791 [taskScheduler-7] INFO  c.q.federated.service.FederatedCoordinatorService - Marked 1 nodes as inactive
2026-01-14 19:10:39.823 [http-nio-8081-exec-7] INFO  com.qczy.filter.JwtAuthenticationTokenFilter - checking username:admin
2026-01-14 19:10:39.827 [http-nio-8081-exec-8] INFO  com.qczy.filter.JwtAuthenticationTokenFilter - checking username:admin
2026-01-14 19:10:39.831 [http-nio-8081-exec-7] INFO  com.qczy.filter.JwtAuthenticationTokenFilter - authenticated user:admin
2026-01-14 19:10:39.834 [http-nio-8081-exec-8] INFO  com.qczy.filter.JwtAuthenticationTokenFilter - authenticated user:admin
2026-01-14 19:10:40.800 [taskScheduler-7] INFO  c.q.federated.service.FederatedCoordinatorService - Marked 1 nodes as inactive
2026-01-14 19:10:44.831 [http-nio-8081-exec-1] INFO  com.qczy.filter.JwtAuthenticationTokenFilter - checking username:admin
2026-01-14 19:10:44.834 [http-nio-8081-exec-1] INFO  com.qczy.filter.JwtAuthenticationTokenFilter - authenticated user:admin
2026-01-14 19:10:45.819 [taskScheduler-7] INFO  c.q.federated.service.FederatedCoordinatorService - Marked 1 nodes as inactive
2026-01-14 19:10:49.820 [http-nio-8081-exec-2] INFO  com.qczy.filter.JwtAuthenticationTokenFilter - checking username:admin
2026-01-14 19:10:49.821 [http-nio-8081-exec-4] INFO  com.qczy.filter.JwtAuthenticationTokenFilter - checking username:admin
2026-01-14 19:10:49.824 [http-nio-8081-exec-2] INFO  com.qczy.filter.JwtAuthenticationTokenFilter - authenticated user:admin
2026-01-14 19:10:49.826 [http-nio-8081-exec-4] INFO  com.qczy.filter.JwtAuthenticationTokenFilter - authenticated user:admin
2026-01-14 19:10:50.829 [taskScheduler-7] INFO  c.q.federated.service.FederatedCoordinatorService - Marked 1 nodes as inactive
2026-01-14 19:10:54.823 [http-nio-8081-exec-3] INFO  com.qczy.filter.JwtAuthenticationTokenFilter - checking username:admin
2026-01-14 19:10:54.828 [http-nio-8081-exec-3] INFO  com.qczy.filter.JwtAuthenticationTokenFilter - authenticated user:admin
2026-01-14 19:10:55.837 [taskScheduler-7] INFO  c.q.federated.service.FederatedCoordinatorService - Marked 1 nodes as inactive
2026-01-14 19:10:59.815 [http-nio-8081-exec-10] INFO  com.qczy.filter.JwtAuthenticationTokenFilter - checking username:admin
2026-01-14 19:10:59.817 [http-nio-8081-exec-6] INFO  com.qczy.filter.JwtAuthenticationTokenFilter - checking username:admin
2026-01-14 19:10:59.819 [http-nio-8081-exec-10] INFO  com.qczy.filter.JwtAuthenticationTokenFilter - authenticated user:admin
2026-01-14 19:10:59.822 [http-nio-8081-exec-6] INFO  com.qczy.filter.JwtAuthenticationTokenFilter - authenticated user:admin
2026-01-14 19:11:00.845 [taskScheduler-7] INFO  c.q.federated.service.FederatedCoordinatorService - Marked 1 nodes as inactive
2026-01-14 19:11:04.822 [http-nio-8081-exec-9] INFO  com.qczy.filter.JwtAuthenticationTokenFilter - checking username:admin
2026-01-14 19:11:04.825 [http-nio-8081-exec-9] INFO  com.qczy.filter.JwtAuthenticationTokenFilter - authenticated user:admin
2026-01-14 19:11:05.859 [taskScheduler-7] INFO  c.q.federated.service.FederatedCoordinatorService - Marked 1 nodes as inactive
2026-01-14 19:11:09.823 [http-nio-8081-exec-5] INFO  com.qczy.filter.JwtAuthenticationTokenFilter - checking username:admin
2026-01-14 19:11:09.825 [http-nio-8081-exec-7] INFO  com.qczy.filter.JwtAuthenticationTokenFilter - checking username:admin
2026-01-14 19:11:09.828 [http-nio-8081-exec-5] INFO  com.qczy.filter.JwtAuthenticationTokenFilter - authenticated user:admin
2026-01-14 19:11:09.829 [http-nio-8081-exec-7] INFO  com.qczy.filter.JwtAuthenticationTokenFilter - authenticated user:admin
2026-01-14 19:11:10.878 [taskScheduler-7] INFO  c.q.federated.service.FederatedCoordinatorService - Marked 1 nodes as inactive
2026-01-14 19:11:14.821 [http-nio-8081-exec-8] INFO  com.qczy.filter.JwtAuthenticationTokenFilter - checking username:admin
2026-01-14 19:11:14.825 [http-nio-8081-exec-8] INFO  com.qczy.filter.JwtAuthenticationTokenFilter - authenticated user:admin
2026-01-14 19:11:15.894 [taskScheduler-7] INFO  c.q.federated.service.FederatedCoordinatorService - Marked 1 nodes as inactive
2026-01-14 19:11:19.818 [http-nio-8081-exec-1] INFO  com.qczy.filter.JwtAuthenticationTokenFilter - checking username:admin
2026-01-14 19:11:19.819 [http-nio-8081-exec-2] INFO  com.qczy.filter.JwtAuthenticationTokenFilter - checking username:admin
2026-01-14 19:11:19.822 [http-nio-8081-exec-1] INFO  com.qczy.filter.JwtAuthenticationTokenFilter - authenticated user:admin
2026-01-14 19:11:19.823 [http-nio-8081-exec-2] INFO  com.qczy.filter.JwtAuthenticationTokenFilter - authenticated user:admin
2026-01-14 19:11:20.911 [taskScheduler-7] INFO  c.q.federated.service.FederatedCoordinatorService - Marked 1 nodes as inactive
2026-01-14 19:11:24.825 [http-nio-8081-exec-9] INFO  com.qczy.filter.JwtAuthenticationTokenFilter - checking username:admin
2026-01-14 19:11:24.828 [http-nio-8081-exec-9] INFO  com.qczy.filter.JwtAuthenticationTokenFilter - authenticated user:admin
2026-01-14 19:11:25.928 [taskScheduler-7] INFO  c.q.federated.service.FederatedCoordinatorService - Marked 1 nodes as inactive
2026-01-14 19:11:29.828 [http-nio-8081-exec-5] INFO  com.qczy.filter.JwtAuthenticationTokenFilter - checking username:admin
2026-01-14 19:11:29.829 [http-nio-8081-exec-7] INFO  com.qczy.filter.JwtAuthenticationTokenFilter - checking username:admin
2026-01-14 19:11:29.832 [http-nio-8081-exec-5] INFO  com.qczy.filter.JwtAuthenticationTokenFilter - authenticated user:admin
2026-01-14 19:11:29.833 [http-nio-8081-exec-7] INFO  com.qczy.filter.JwtAuthenticationTokenFilter - authenticated user:admin
2026-01-14 19:11:30.944 [taskScheduler-7] INFO  c.q.federated.service.FederatedCoordinatorService - Marked 1 nodes as inactive
2026-01-14 19:11:34.831 [http-nio-8081-exec-8] INFO  com.qczy.filter.JwtAuthenticationTokenFilter - checking username:admin
2026-01-14 19:11:34.835 [http-nio-8081-exec-8] INFO  com.qczy.filter.JwtAuthenticationTokenFilter - authenticated user:admin
2026-01-14 19:11:35.962 [taskScheduler-7] INFO  c.q.federated.service.FederatedCoordinatorService - Marked 1 nodes as inactive
2026-01-14 19:11:39.817 [http-nio-8081-exec-1] INFO  com.qczy.filter.JwtAuthenticationTokenFilter - checking username:admin
2026-01-14 19:11:39.820 [http-nio-8081-exec-2] INFO  com.qczy.filter.JwtAuthenticationTokenFilter - checking username:admin
2026-01-14 19:11:39.822 [http-nio-8081-exec-1] INFO  com.qczy.filter.JwtAuthenticationTokenFilter - authenticated user:admin
2026-01-14 19:11:39.824 [http-nio-8081-exec-2] INFO  com.qczy.filter.JwtAuthenticationTokenFilter - authenticated user:admin
2026-01-14 19:11:40.971 [taskScheduler-7] INFO  c.q.federated.service.FederatedCoordinatorService - Marked 1 nodes as inactive
2026-01-14 19:11:44.823 [http-nio-8081-exec-10] INFO  com.qczy.filter.JwtAuthenticationTokenFilter - checking username:admin
2026-01-14 19:11:44.827 [http-nio-8081-exec-10] INFO  com.qczy.filter.JwtAuthenticationTokenFilter - authenticated user:admin
2026-01-14 19:11:45.989 [taskScheduler-7] INFO  c.q.federated.service.FederatedCoordinatorService - Marked 1 nodes as inactive
2026-01-14 19:11:49.825 [http-nio-8081-exec-4] INFO  com.qczy.filter.JwtAuthenticationTokenFilter - checking username:admin
2026-01-14 19:11:49.827 [http-nio-8081-exec-3] INFO  com.qczy.filter.JwtAuthenticationTokenFilter - checking username:admin
2026-01-14 19:11:49.829 [http-nio-8081-exec-4] INFO  com.qczy.filter.JwtAuthenticationTokenFilter - authenticated user:admin
2026-01-14 19:11:49.831 [http-nio-8081-exec-3] INFO  com.qczy.filter.JwtAuthenticationTokenFilter - authenticated user:admin
2026-01-14 19:11:51.009 [taskScheduler-7] INFO  c.q.federated.service.FederatedCoordinatorService - Marked 1 nodes as inactive
2026-01-14 19:11:54.823 [http-nio-8081-exec-6] INFO  com.qczy.filter.JwtAuthenticationTokenFilter - checking username:admin
2026-01-14 19:11:54.827 [http-nio-8081-exec-6] INFO  com.qczy.filter.JwtAuthenticationTokenFilter - authenticated user:admin
2026-01-14 19:11:56.028 [taskScheduler-7] INFO  c.q.federated.service.FederatedCoordinatorService - Marked 1 nodes as inactive
2026-01-14 19:11:59.818 [http-nio-8081-exec-9] INFO  com.qczy.filter.JwtAuthenticationTokenFilter - checking username:admin
2026-01-14 19:11:59.820 [http-nio-8081-exec-5] INFO  com.qczy.filter.JwtAuthenticationTokenFilter - checking username:admin
2026-01-14 19:11:59.822 [http-nio-8081-exec-9] INFO  com.qczy.filter.JwtAuthenticationTokenFilter - authenticated user:admin
2026-01-14 19:11:59.825 [http-nio-8081-exec-5] INFO  com.qczy.filter.JwtAuthenticationTokenFilter - authenticated user:admin
2026-01-14 19:12:01.046 [taskScheduler-7] INFO  c.q.federated.service.FederatedCoordinatorService - Marked 1 nodes as inactive
2026-01-14 19:12:04.826 [http-nio-8081-exec-7] INFO  com.qczy.filter.JwtAuthenticationTokenFilter - checking username:admin
2026-01-14 19:12:04.830 [http-nio-8081-exec-7] INFO  com.qczy.filter.JwtAuthenticationTokenFilter - authenticated user:admin
2026-01-14 19:12:06.056 [taskScheduler-7] INFO  c.q.federated.service.FederatedCoordinatorService - Marked 1 nodes as inactive
2026-01-14 19:12:09.827 [http-nio-8081-exec-8] INFO  com.qczy.filter.JwtAuthenticationTokenFilter - checking username:admin
2026-01-14 19:12:09.828 [http-nio-8081-exec-1] INFO  com.qczy.filter.JwtAuthenticationTokenFilter - checking username:admin
2026-01-14 19:12:09.829 [http-nio-8081-exec-8] INFO  com.qczy.filter.JwtAuthenticationTokenFilter - authenticated user:admin
2026-01-14 19:12:09.832 [http-nio-8081-exec-1] INFO  com.qczy.filter.JwtAuthenticationTokenFilter - authenticated user:admin
2026-01-14 19:12:11.072 [taskScheduler-7] INFO  c.q.federated.service.FederatedCoordinatorService - Marked 1 nodes as inactive
2026-01-14 19:12:14.827 [http-nio-8081-exec-2] INFO  com.qczy.filter.JwtAuthenticationTokenFilter - checking username:admin
2026-01-14 19:12:14.830 [http-nio-8081-exec-2] INFO  com.qczy.filter.JwtAuthenticationTokenFilter - authenticated user:admin
2026-01-14 19:12:16.091 [taskScheduler-7] INFO  c.q.federated.service.FederatedCoordinatorService - Marked 1 nodes as inactive
2026-01-14 19:12:19.824 [http-nio-8081-exec-10] INFO  com.qczy.filter.JwtAuthenticationTokenFilter - checking username:admin
2026-01-14 19:12:19.826 [http-nio-8081-exec-4] INFO  com.qczy.filter.JwtAuthenticationTokenFilter - checking username:admin
2026-01-14 19:12:19.828 [http-nio-8081-exec-10] INFO  com.qczy.filter.JwtAuthenticationTokenFilter - authenticated user:admin
2026-01-14 19:12:19.829 [http-nio-8081-exec-4] INFO  com.qczy.filter.JwtAuthenticationTokenFilter - authenticated user:admin
2026-01-14 19:12:21.108 [taskScheduler-7] INFO  c.q.federated.service.FederatedCoordinatorService - Marked 1 nodes as inactive
2026-01-14 19:12:24.828 [http-nio-8081-exec-3] INFO  com.qczy.filter.JwtAuthenticationTokenFilter - checking username:admin
2026-01-14 19:12:24.831 [http-nio-8081-exec-3] INFO  com.qczy.filter.JwtAuthenticationTokenFilter - authenticated user:admin
2026-01-14 19:12:26.117 [taskScheduler-7] INFO  c.q.federated.service.FederatedCoordinatorService - Marked 1 nodes as inactive
2026-01-14 19:12:29.826 [http-nio-8081-exec-6] INFO  com.qczy.filter.JwtAuthenticationTokenFilter - checking username:admin
2026-01-14 19:12:29.828 [http-nio-8081-exec-9] INFO  com.qczy.filter.JwtAuthenticationTokenFilter - checking username:admin
2026-01-14 19:12:29.830 [http-nio-8081-exec-6] INFO  com.qczy.filter.JwtAuthenticationTokenFilter - authenticated user:admin
2026-01-14 19:12:29.832 [http-nio-8081-exec-9] INFO  com.qczy.filter.JwtAuthenticationTokenFilter - authenticated user:admin
2026-01-14 19:12:31.125 [taskScheduler-7] INFO  c.q.federated.service.FederatedCoordinatorService - Marked 1 nodes as inactive
2026-01-14 19:12:34.829 [http-nio-8081-exec-5] INFO  com.qczy.filter.JwtAuthenticationTokenFilter - checking username:admin
2026-01-14 19:12:34.833 [http-nio-8081-exec-5] INFO  com.qczy.filter.JwtAuthenticationTokenFilter - authenticated user:admin
2026-01-14 19:12:36.142 [taskScheduler-7] INFO  c.q.federated.service.FederatedCoordinatorService - Marked 1 nodes as inactive
2026-01-14 19:12:39.827 [http-nio-8081-exec-7] INFO  com.qczy.filter.JwtAuthenticationTokenFilter - checking username:admin
2026-01-14 19:12:39.829 [http-nio-8081-exec-8] INFO  com.qczy.filter.JwtAuthenticationTokenFilter - checking username:admin
2026-01-14 19:12:39.832 [http-nio-8081-exec-7] INFO  com.qczy.filter.JwtAuthenticationTokenFilter - authenticated user:admin
2026-01-14 19:12:39.832 [http-nio-8081-exec-8] INFO  com.qczy.filter.JwtAuthenticationTokenFilter - authenticated user:admin
2026-01-14 19:12:41.158 [taskScheduler-7] INFO  c.q.federated.service.FederatedCoordinatorService - Marked 1 nodes as inactive
2026-01-14 19:12:44.819 [http-nio-8081-exec-1] INFO  com.qczy.filter.JwtAuthenticationTokenFilter - checking username:admin
2026-01-14 19:12:44.822 [http-nio-8081-exec-1] INFO  com.qczy.filter.JwtAuthenticationTokenFilter - authenticated user:admin
2026-01-14 19:12:46.175 [taskScheduler-7] INFO  c.q.federated.service.FederatedCoordinatorService - Marked 1 nodes as inactive
2026-01-14 19:12:49.816 [http-nio-8081-exec-2] INFO  com.qczy.filter.JwtAuthenticationTokenFilter - checking username:admin
2026-01-14 19:12:49.818 [http-nio-8081-exec-10] INFO  com.qczy.filter.JwtAuthenticationTokenFilter - checking username:admin
2026-01-14 19:12:49.820 [http-nio-8081-exec-2] INFO  com.qczy.filter.JwtAuthenticationTokenFilter - authenticated user:admin
2026-01-14 19:12:49.821 [http-nio-8081-exec-10] INFO  com.qczy.filter.JwtAuthenticationTokenFilter - authenticated user:admin
2026-01-14 19:12:51.191 [taskScheduler-7] INFO  c.q.federated.service.FederatedCoordinatorService - Marked 1 nodes as inactive
2026-01-14 19:12:54.831 [http-nio-8081-exec-4] INFO  com.qczy.filter.JwtAuthenticationTokenFilter - checking username:admin
2026-01-14 19:12:54.834 [http-nio-8081-exec-4] INFO  com.qczy.filter.JwtAuthenticationTokenFilter - authenticated user:admin
2026-01-14 19:12:56.207 [taskScheduler-7] INFO  c.q.federated.service.FederatedCoordinatorService - Marked 1 nodes as inactive
2026-01-14 19:12:59.826 [http-nio-8081-exec-3] INFO  com.qczy.filter.JwtAuthenticationTokenFilter - checking username:admin
2026-01-14 19:12:59.828 [http-nio-8081-exec-6] INFO  com.qczy.filter.JwtAuthenticationTokenFilter - checking username:admin
2026-01-14 19:12:59.830 [http-nio-8081-exec-3] INFO  com.qczy.filter.JwtAuthenticationTokenFilter - authenticated user:admin
2026-01-14 19:12:59.831 [http-nio-8081-exec-6] INFO  com.qczy.filter.JwtAuthenticationTokenFilter - authenticated user:admin
2026-01-14 19:13:01.214 [taskScheduler-7] INFO  c.q.federated.service.FederatedCoordinatorService - Marked 1 nodes as inactive
2026-01-14 19:13:04.826 [http-nio-8081-exec-9] INFO  com.qczy.filter.JwtAuthenticationTokenFilter - checking username:admin
2026-01-14 19:13:04.830 [http-nio-8081-exec-9] INFO  com.qczy.filter.JwtAuthenticationTokenFilter - authenticated user:admin
2026-01-14 19:13:06.228 [taskScheduler-7] INFO  c.q.federated.service.FederatedCoordinatorService - Marked 1 nodes as inactive
2026-01-14 19:13:09.817 [http-nio-8081-exec-5] INFO  com.qczy.filter.JwtAuthenticationTokenFilter - checking username:admin
2026-01-14 19:13:09.819 [http-nio-8081-exec-7] INFO  com.qczy.filter.JwtAuthenticationTokenFilter - checking username:admin
2026-01-14 19:13:09.820 [http-nio-8081-exec-5] INFO  com.qczy.filter.JwtAuthenticationTokenFilter - authenticated user:admin
2026-01-14 19:13:09.823 [http-nio-8081-exec-7] INFO  com.qczy.filter.JwtAuthenticationTokenFilter - authenticated user:admin
2026-01-14 19:13:11.241 [taskScheduler-7] INFO  c.q.federated.service.FederatedCoordinatorService - Marked 1 nodes as inactive
2026-01-14 19:13:14.825 [http-nio-8081-exec-8] INFO  com.qczy.filter.JwtAuthenticationTokenFilter - checking username:admin
2026-01-14 19:13:14.828 [http-nio-8081-exec-8] INFO  com.qczy.filter.JwtAuthenticationTokenFilter - authenticated user:admin
2026-01-14 19:13:16.247 [taskScheduler-7] INFO  c.q.federated.service.FederatedCoordinatorService - Marked 1 nodes as inactive
2026-01-14 19:13:19.829 [http-nio-8081-exec-1] INFO  com.qczy.filter.JwtAuthenticationTokenFilter - checking username:admin
2026-01-14 19:13:19.831 [http-nio-8081-exec-2] INFO  com.qczy.filter.JwtAuthenticationTokenFilter - checking username:admin
2026-01-14 19:13:19.833 [http-nio-8081-exec-1] INFO  com.qczy.filter.JwtAuthenticationTokenFilter - authenticated user:admin
2026-01-14 19:13:19.834 [http-nio-8081-exec-2] INFO  com.qczy.filter.JwtAuthenticationTokenFilter - authenticated user:admin
2026-01-14 19:13:21.265 [taskScheduler-7] INFO  c.q.federated.service.FederatedCoordinatorService - Marked 1 nodes as inactive
2026-01-14 19:13:24.831 [http-nio-8081-exec-10] INFO  com.qczy.filter.JwtAuthenticationTokenFilter - checking username:admin
2026-01-14 19:13:24.834 [http-nio-8081-exec-10] INFO  com.qczy.filter.JwtAuthenticationTokenFilter - authenticated user:admin
2026-01-14 19:13:26.277 [taskScheduler-7] INFO  c.q.federated.service.FederatedCoordinatorService - Marked 1 nodes as inactive
2026-01-14 19:13:29.817 [http-nio-8081-exec-4] INFO  com.qczy.filter.JwtAuthenticationTokenFilter - checking username:admin
2026-01-14 19:13:29.819 [http-nio-8081-exec-6] INFO  com.qczy.filter.JwtAuthenticationTokenFilter - checking username:admin
2026-01-14 19:13:29.820 [http-nio-8081-exec-4] INFO  com.qczy.filter.JwtAuthenticationTokenFilter - authenticated user:admin
2026-01-14 19:13:29.822 [http-nio-8081-exec-6] INFO  com.qczy.filter.JwtAuthenticationTokenFilter - authenticated user:admin
2026-01-14 19:13:31.284 [taskScheduler-7] INFO  c.q.federated.service.FederatedCoordinatorService - Marked 1 nodes as inactive
2026-01-14 19:13:34.825 [http-nio-8081-exec-3] INFO  com.qczy.filter.JwtAuthenticationTokenFilter - checking username:admin
2026-01-14 19:13:34.828 [http-nio-8081-exec-3] INFO  com.qczy.filter.JwtAuthenticationTokenFilter - authenticated user:admin
2026-01-14 19:13:36.296 [taskScheduler-7] INFO  c.q.federated.service.FederatedCoordinatorService - Marked 1 nodes as inactive
2026-01-14 19:13:39.817 [http-nio-8081-exec-9] INFO  com.qczy.filter.JwtAuthenticationTokenFilter - checking username:admin
2026-01-14 19:13:39.819 [http-nio-8081-exec-5] INFO  com.qczy.filter.JwtAuthenticationTokenFilter - checking username:admin
2026-01-14 19:13:39.820 [http-nio-8081-exec-9] INFO  com.qczy.filter.JwtAuthenticationTokenFilter - authenticated user:admin
2026-01-14 19:13:39.823 [http-nio-8081-exec-5] INFO  com.qczy.filter.JwtAuthenticationTokenFilter - authenticated user:admin
2026-01-14 19:13:41.307 [taskScheduler-7] INFO  c.q.federated.service.FederatedCoordinatorService - Marked 1 nodes as inactive
2026-01-14 19:13:44.818 [http-nio-8081-exec-7] INFO  com.qczy.filter.JwtAuthenticationTokenFilter - checking username:admin
2026-01-14 19:13:44.820 [http-nio-8081-exec-7] INFO  com.qczy.filter.JwtAuthenticationTokenFilter - authenticated user:admin
2026-01-14 19:13:46.321 [taskScheduler-7] INFO  c.q.federated.service.FederatedCoordinatorService - Marked 1 nodes as inactive
2026-01-14 19:13:49.823 [http-nio-8081-exec-8] INFO  com.qczy.filter.JwtAuthenticationTokenFilter - checking username:admin
2026-01-14 19:13:49.825 [http-nio-8081-exec-1] INFO  com.qczy.filter.JwtAuthenticationTokenFilter - checking username:admin
2026-01-14 19:13:49.827 [http-nio-8081-exec-8] INFO  com.qczy.filter.JwtAuthenticationTokenFilter - authenticated user:admin
2026-01-14 19:13:49.828 [http-nio-8081-exec-1] INFO  com.qczy.filter.JwtAuthenticationTokenFilter - authenticated user:admin
2026-01-14 19:13:51.335 [taskScheduler-7] INFO  c.q.federated.service.FederatedCoordinatorService - Marked 1 nodes as inactive
2026-01-14 19:13:54.825 [http-nio-8081-exec-2] INFO  com.qczy.filter.JwtAuthenticationTokenFilter - checking username:admin
2026-01-14 19:13:54.828 [http-nio-8081-exec-2] INFO  com.qczy.filter.JwtAuthenticationTokenFilter - authenticated user:admin
2026-01-14 19:13:56.356 [taskScheduler-7] INFO  c.q.federated.service.FederatedCoordinatorService - Marked 1 nodes as inactive
2026-01-14 19:13:59.822 [http-nio-8081-exec-10] INFO  com.qczy.filter.JwtAuthenticationTokenFilter - checking username:admin
2026-01-14 19:13:59.824 [http-nio-8081-exec-4] INFO  com.qczy.filter.JwtAuthenticationTokenFilter - checking username:admin
2026-01-14 19:13:59.825 [http-nio-8081-exec-10] INFO  com.qczy.filter.JwtAuthenticationTokenFilter - authenticated user:admin
2026-01-14 19:13:59.828 [http-nio-8081-exec-4] INFO  com.qczy.filter.JwtAuthenticationTokenFilter - authenticated user:admin
2026-01-14 19:14:01.373 [taskScheduler-7] INFO  c.q.federated.service.FederatedCoordinatorService - Marked 1 nodes as inactive
2026-01-14 19:14:04.817 [http-nio-8081-exec-6] INFO  com.qczy.filter.JwtAuthenticationTokenFilter - checking username:admin
2026-01-14 19:14:04.820 [http-nio-8081-exec-6] INFO  com.qczy.filter.JwtAuthenticationTokenFilter - authenticated user:admin
2026-01-14 19:14:06.389 [taskScheduler-7] INFO  c.q.federated.service.FederatedCoordinatorService - Marked 1 nodes as inactive
2026-01-14 19:14:09.823 [http-nio-8081-exec-3] INFO  com.qczy.filter.JwtAuthenticationTokenFilter - checking username:admin
2026-01-14 19:14:09.825 [http-nio-8081-exec-9] INFO  com.qczy.filter.JwtAuthenticationTokenFilter - checking username:admin
2026-01-14 19:14:09.826 [http-nio-8081-exec-3] INFO  com.qczy.filter.JwtAuthenticationTokenFilter - authenticated user:admin
2026-01-14 19:14:09.827 [http-nio-8081-exec-9] INFO  com.qczy.filter.JwtAuthenticationTokenFilter - authenticated user:admin
2026-01-14 19:14:11.398 [taskScheduler-7] INFO  c.q.federated.service.FederatedCoordinatorService - Marked 1 nodes as inactive
2026-01-14 19:14:14.823 [http-nio-8081-exec-5] INFO  com.qczy.filter.JwtAuthenticationTokenFilter - checking username:admin
2026-01-14 19:14:14.826 [http-nio-8081-exec-5] INFO  com.qczy.filter.JwtAuthenticationTokenFilter - authenticated user:admin
2026-01-14 19:14:16.406 [taskScheduler-7] INFO  c.q.federated.service.FederatedCoordinatorService - Marked 1 nodes as inactive
2026-01-14 19:14:19.823 [http-nio-8081-exec-7] INFO  com.qczy.filter.JwtAuthenticationTokenFilter - checking username:admin
2026-01-14 19:14:19.826 [http-nio-8081-exec-8] INFO  com.qczy.filter.JwtAuthenticationTokenFilter - checking username:admin
2026-01-14 19:14:19.829 [http-nio-8081-exec-7] INFO  com.qczy.filter.JwtAuthenticationTokenFilter - authenticated user:admin
2026-01-14 19:14:19.830 [http-nio-8081-exec-8] INFO  com.qczy.filter.JwtAuthenticationTokenFilter - authenticated user:admin
2026-01-14 19:14:21.421 [taskScheduler-7] INFO  c.q.federated.service.FederatedCoordinatorService - Marked 1 nodes as inactive
2026-01-14 19:14:24.822 [http-nio-8081-exec-1] INFO  com.qczy.filter.JwtAuthenticationTokenFilter - checking username:admin
2026-01-14 19:14:24.827 [http-nio-8081-exec-1] INFO  com.qczy.filter.JwtAuthenticationTokenFilter - authenticated user:admin
2026-01-14 19:14:26.437 [taskScheduler-7] INFO  c.q.federated.service.FederatedCoordinatorService - Marked 1 nodes as inactive
2026-01-14 19:14:29.824 [http-nio-8081-exec-2] INFO  com.qczy.filter.JwtAuthenticationTokenFilter - checking username:admin
2026-01-14 19:14:29.826 [http-nio-8081-exec-10] INFO  com.qczy.filter.JwtAuthenticationTokenFilter - checking username:admin
2026-01-14 19:14:29.827 [http-nio-8081-exec-2] INFO  com.qczy.filter.JwtAuthenticationTokenFilter - authenticated user:admin
2026-01-14 19:14:29.828 [http-nio-8081-exec-10] INFO  com.qczy.filter.JwtAuthenticationTokenFilter - authenticated user:admin
2026-01-14 19:14:31.449 [taskScheduler-7] INFO  c.q.federated.service.FederatedCoordinatorService - Marked 1 nodes as inactive
2026-01-14 19:14:34.824 [http-nio-8081-exec-4] INFO  com.qczy.filter.JwtAuthenticationTokenFilter - checking username:admin
2026-01-14 19:14:34.829 [http-nio-8081-exec-4] INFO  com.qczy.filter.JwtAuthenticationTokenFilter - authenticated user:admin
2026-01-14 19:14:36.454 [taskScheduler-7] INFO  c.q.federated.service.FederatedCoordinatorService - Marked 1 nodes as inactive
2026-01-14 19:14:39.824 [http-nio-8081-exec-6] INFO  com.qczy.filter.JwtAuthenticationTokenFilter - checking username:admin
2026-01-14 19:14:39.826 [http-nio-8081-exec-3] INFO  com.qczy.filter.JwtAuthenticationTokenFilter - checking username:admin
2026-01-14 19:14:39.827 [http-nio-8081-exec-6] INFO  com.qczy.filter.JwtAuthenticationTokenFilter - authenticated user:admin
2026-01-14 19:14:39.829 [http-nio-8081-exec-3] INFO  com.qczy.filter.JwtAuthenticationTokenFilter - authenticated user:admin
2026-01-14 19:14:41.468 [taskScheduler-7] INFO  c.q.federated.service.FederatedCoordinatorService - Marked 1 nodes as inactive
2026-01-14 19:14:44.819 [http-nio-8081-exec-9] INFO  com.qczy.filter.JwtAuthenticationTokenFilter - checking username:admin
2026-01-14 19:14:44.822 [http-nio-8081-exec-9] INFO  com.qczy.filter.JwtAuthenticationTokenFilter - authenticated user:admin
2026-01-14 19:14:46.483 [taskScheduler-7] INFO  c.q.federated.service.FederatedCoordinatorService - Marked 1 nodes as inactive
2026-01-14 19:14:49.819 [http-nio-8081-exec-5] INFO  com.qczy.filter.JwtAuthenticationTokenFilter - checking username:admin
2026-01-14 19:14:49.821 [http-nio-8081-exec-7] INFO  com.qczy.filter.JwtAuthenticationTokenFilter - checking username:admin
2026-01-14 19:14:49.823 [http-nio-8081-exec-5] INFO  com.qczy.filter.JwtAuthenticationTokenFilter - authenticated user:admin
2026-01-14 19:14:49.824 [http-nio-8081-exec-7] INFO  com.qczy.filter.JwtAuthenticationTokenFilter - authenticated user:admin
2026-01-14 19:14:51.501 [taskScheduler-7] INFO  c.q.federated.service.FederatedCoordinatorService - Marked 1 nodes as inactive
2026-01-14 19:14:54.826 [http-nio-8081-exec-8] INFO  com.qczy.filter.JwtAuthenticationTokenFilter - checking username:admin
2026-01-14 19:14:54.829 [http-nio-8081-exec-8] INFO  com.qczy.filter.JwtAuthenticationTokenFilter - authenticated user:admin
2026-01-14 19:14:56.521 [taskScheduler-7] INFO  c.q.federated.service.FederatedCoordinatorService - Marked 1 nodes as inactive
2026-01-14 19:14:59.822 [http-nio-8081-exec-1] INFO  com.qczy.filter.JwtAuthenticationTokenFilter - checking username:admin
2026-01-14 19:14:59.823 [http-nio-8081-exec-2] INFO  com.qczy.filter.JwtAuthenticationTokenFilter - checking username:admin
2026-01-14 19:14:59.825 [http-nio-8081-exec-1] INFO  com.qczy.filter.JwtAuthenticationTokenFilter - authenticated user:admin
2026-01-14 19:14:59.827 [http-nio-8081-exec-2] INFO  com.qczy.filter.JwtAuthenticationTokenFilter - authenticated user:admin
2026-01-14 19:15:01.533 [taskScheduler-7] INFO  c.q.federated.service.FederatedCoordinatorService - Marked 1 nodes as inactive
2026-01-14 19:15:04.822 [http-nio-8081-exec-10] INFO  com.qczy.filter.JwtAuthenticationTokenFilter - checking username:admin
2026-01-14 19:15:04.825 [http-nio-8081-exec-10] INFO  com.qczy.filter.JwtAuthenticationTokenFilter - authenticated user:admin
2026-01-14 19:15:06.555 [taskScheduler-7] INFO  c.q.federated.service.FederatedCoordinatorService - Marked 1 nodes as inactive
2026-01-14 19:15:09.823 [http-nio-8081-exec-4] INFO  com.qczy.filter.JwtAuthenticationTokenFilter - checking username:admin
2026-01-14 19:15:09.825 [http-nio-8081-exec-6] INFO  com.qczy.filter.JwtAuthenticationTokenFilter - checking username:admin
2026-01-14 19:15:09.826 [http-nio-8081-exec-4] INFO  com.qczy.filter.JwtAuthenticationTokenFilter - authenticated user:admin
2026-01-14 19:15:09.829 [http-nio-8081-exec-6] INFO  com.qczy.filter.JwtAuthenticationTokenFilter - authenticated user:admin
2026-01-14 19:15:11.570 [taskScheduler-7] INFO  c.q.federated.service.FederatedCoordinatorService - Marked 1 nodes as inactive
2026-01-14 19:15:14.827 [http-nio-8081-exec-3] INFO  com.qczy.filter.JwtAuthenticationTokenFilter - checking username:admin
2026-01-14 19:15:14.830 [http-nio-8081-exec-3] INFO  com.qczy.filter.JwtAuthenticationTokenFilter - authenticated user:admin
2026-01-14 19:15:16.578 [taskScheduler-7] INFO  c.q.federated.service.FederatedCoordinatorService - Marked 1 nodes as inactive
2026-01-14 19:15:19.821 [http-nio-8081-exec-9] INFO  com.qczy.filter.JwtAuthenticationTokenFilter - checking username:admin
2026-01-14 19:15:19.824 [http-nio-8081-exec-5] INFO  com.qczy.filter.JwtAuthenticationTokenFilter - checking username:admin
2026-01-14 19:15:19.825 [http-nio-8081-exec-9] INFO  com.qczy.filter.JwtAuthenticationTokenFilter - authenticated user:admin
2026-01-14 19:15:19.826 [http-nio-8081-exec-5] INFO  com.qczy.filter.JwtAuthenticationTokenFilter - authenticated user:admin
2026-01-14 19:15:21.587 [taskScheduler-7] INFO  c.q.federated.service.FederatedCoordinatorService - Marked 1 nodes as inactive
2026-01-14 19:15:24.827 [http-nio-8081-exec-7] INFO  com.qczy.filter.JwtAuthenticationTokenFilter - checking username:admin
2026-01-14 19:15:24.829 [http-nio-8081-exec-7] INFO  com.qczy.filter.JwtAuthenticationTokenFilter - authenticated user:admin
2026-01-14 19:15:26.604 [taskScheduler-7] INFO  c.q.federated.service.FederatedCoordinatorService - Marked 1 nodes as inactive
2026-01-14 19:15:29.821 [http-nio-8081-exec-8] INFO  com.qczy.filter.JwtAuthenticationTokenFilter - checking username:admin
2026-01-14 19:15:29.822 [http-nio-8081-exec-1] INFO  com.qczy.filter.JwtAuthenticationTokenFilter - checking username:admin
2026-01-14 19:15:29.824 [http-nio-8081-exec-8] INFO  com.qczy.filter.JwtAuthenticationTokenFilter - authenticated user:admin
2026-01-14 19:15:29.825 [http-nio-8081-exec-1] INFO  com.qczy.filter.JwtAuthenticationTokenFilter - authenticated user:admin
2026-01-14 19:15:31.620 [taskScheduler-7] INFO  c.q.federated.service.FederatedCoordinatorService - Marked 1 nodes as inactive
2026-01-14 19:15:34.822 [http-nio-8081-exec-2] INFO  com.qczy.filter.JwtAuthenticationTokenFilter - checking username:admin
2026-01-14 19:15:34.825 [http-nio-8081-exec-2] INFO  com.qczy.filter.JwtAuthenticationTokenFilter - authenticated user:admin
2026-01-14 19:15:36.633 [taskScheduler-7] INFO  c.q.federated.service.FederatedCoordinatorService - Marked 1 nodes as inactive
2026-01-14 19:15:39.821 [http-nio-8081-exec-10] INFO  com.qczy.filter.JwtAuthenticationTokenFilter - checking username:admin
2026-01-14 19:15:39.822 [http-nio-8081-exec-4] INFO  com.qczy.filter.JwtAuthenticationTokenFilter - checking username:admin
2026-01-14 19:15:39.824 [http-nio-8081-exec-10] INFO  com.qczy.filter.JwtAuthenticationTokenFilter - authenticated user:admin
2026-01-14 19:15:39.825 [http-nio-8081-exec-4] INFO  com.qczy.filter.JwtAuthenticationTokenFilter - authenticated user:admin
2026-01-14 19:15:41.652 [taskScheduler-7] INFO  c.q.federated.service.FederatedCoordinatorService - Marked 1 nodes as inactive
2026-01-14 19:15:44.822 [http-nio-8081-exec-6] INFO  com.qczy.filter.JwtAuthenticationTokenFilter - checking username:admin
2026-01-14 19:15:44.824 [http-nio-8081-exec-6] INFO  com.qczy.filter.JwtAuthenticationTokenFilter - authenticated user:admin
2026-01-14 19:15:46.667 [taskScheduler-7] INFO  c.q.federated.service.FederatedCoordinatorService - Marked 1 nodes as inactive
2026-01-14 19:15:49.825 [http-nio-8081-exec-3] INFO  com.qczy.filter.JwtAuthenticationTokenFilter - checking username:admin
2026-01-14 19:15:49.826 [http-nio-8081-exec-9] INFO  com.qczy.filter.JwtAuthenticationTokenFilter - checking username:admin
2026-01-14 19:15:49.828 [http-nio-8081-exec-3] INFO  com.qczy.filter.JwtAuthenticationTokenFilter - authenticated user:admin
2026-01-14 19:15:49.829 [http-nio-8081-exec-9] INFO  com.qczy.filter.JwtAuthenticationTokenFilter - authenticated user:admin
2026-01-14 19:15:51.686 [taskScheduler-7] INFO  c.q.federated.service.FederatedCoordinatorService - Marked 1 nodes as inactive
2026-01-14 19:15:54.820 [http-nio-8081-exec-5] INFO  com.qczy.filter.JwtAuthenticationTokenFilter - checking username:admin
2026-01-14 19:15:54.823 [http-nio-8081-exec-5] INFO  com.qczy.filter.JwtAuthenticationTokenFilter - authenticated user:admin
2026-01-14 19:15:56.697 [taskScheduler-7] INFO  c.q.federated.service.FederatedCoordinatorService - Marked 1 nodes as inactive
2026-01-14 19:15:59.819 [http-nio-8081-exec-7] INFO  com.qczy.filter.JwtAuthenticationTokenFilter - checking username:admin
2026-01-14 19:15:59.821 [http-nio-8081-exec-8] INFO  com.qczy.filter.JwtAuthenticationTokenFilter - checking username:admin
2026-01-14 19:15:59.822 [http-nio-8081-exec-7] INFO  com.qczy.filter.JwtAuthenticationTokenFilter - authenticated user:admin
2026-01-14 19:15:59.824 [http-nio-8081-exec-8] INFO  com.qczy.filter.JwtAuthenticationTokenFilter - authenticated user:admin
2026-01-14 19:16:01.702 [taskScheduler-7] INFO  c.q.federated.service.FederatedCoordinatorService - Marked 1 nodes as inactive
2026-01-14 19:16:04.817 [http-nio-8081-exec-1] INFO  com.qczy.filter.JwtAuthenticationTokenFilter - checking username:admin
2026-01-14 19:16:04.820 [http-nio-8081-exec-1] INFO  com.qczy.filter.JwtAuthenticationTokenFilter - authenticated user:admin
2026-01-14 19:16:06.717 [taskScheduler-7] INFO  c.q.federated.service.FederatedCoordinatorService - Marked 1 nodes as inactive
2026-01-14 19:16:09.827 [http-nio-8081-exec-2] INFO  com.qczy.filter.JwtAuthenticationTokenFilter - checking username:admin
2026-01-14 19:16:09.828 [http-nio-8081-exec-10] INFO  com.qczy.filter.JwtAuthenticationTokenFilter - checking username:admin
2026-01-14 19:16:09.829 [http-nio-8081-exec-2] INFO  com.qczy.filter.JwtAuthenticationTokenFilter - authenticated user:admin
2026-01-14 19:16:09.830 [http-nio-8081-exec-10] INFO  com.qczy.filter.JwtAuthenticationTokenFilter - authenticated user:admin
2026-01-14 19:16:11.734 [taskScheduler-7] INFO  c.q.federated.service.FederatedCoordinatorService - Marked 1 nodes as inactive
2026-01-14 19:16:14.821 [http-nio-8081-exec-4] INFO  com.qczy.filter.JwtAuthenticationTokenFilter - checking username:admin
2026-01-14 19:16:14.823 [http-nio-8081-exec-4] INFO  com.qczy.filter.JwtAuthenticationTokenFilter - authenticated user:admin
2026-01-14 19:16:16.745 [taskScheduler-7] INFO  c.q.federated.service.FederatedCoordinatorService - Marked 1 nodes as inactive
2026-01-14 19:16:19.818 [http-nio-8081-exec-6] INFO  com.qczy.filter.JwtAuthenticationTokenFilter - checking username:admin
2026-01-14 19:16:19.820 [http-nio-8081-exec-3] INFO  com.qczy.filter.JwtAuthenticationTokenFilter - checking username:admin
2026-01-14 19:16:19.821 [http-nio-8081-exec-6] INFO  com.qczy.filter.JwtAuthenticationTokenFilter - authenticated user:admin
2026-01-14 19:16:19.822 [http-nio-8081-exec-3] INFO  com.qczy.filter.JwtAuthenticationTokenFilter - authenticated user:admin
2026-01-14 19:16:21.757 [taskScheduler-7] INFO  c.q.federated.service.FederatedCoordinatorService - Marked 1 nodes as inactive
2026-01-14 19:16:24.823 [http-nio-8081-exec-9] INFO  com.qczy.filter.JwtAuthenticationTokenFilter - checking username:admin
2026-01-14 19:16:24.826 [http-nio-8081-exec-9] INFO  com.qczy.filter.JwtAuthenticationTokenFilter - authenticated user:admin
2026-01-14 19:16:26.763 [taskScheduler-7] INFO  c.q.federated.service.FederatedCoordinatorService - Marked 1 nodes as inactive
2026-01-14 19:16:29.816 [http-nio-8081-exec-5] INFO  com.qczy.filter.JwtAuthenticationTokenFilter - checking username:admin
2026-01-14 19:16:29.818 [http-nio-8081-exec-7] INFO  com.qczy.filter.JwtAuthenticationTokenFilter - checking username:admin
2026-01-14 19:16:29.819 [http-nio-8081-exec-5] INFO  com.qczy.filter.JwtAuthenticationTokenFilter - authenticated user:admin
2026-01-14 19:16:29.822 [http-nio-8081-exec-7] INFO  com.qczy.filter.JwtAuthenticationTokenFilter - authenticated user:admin
2026-01-14 19:16:31.767 [taskScheduler-7] INFO  c.q.federated.service.FederatedCoordinatorService - Marked 1 nodes as inactive
2026-01-14 19:16:34.831 [http-nio-8081-exec-8] INFO  com.qczy.filter.JwtAuthenticationTokenFilter - checking username:admin
2026-01-14 19:16:34.834 [http-nio-8081-exec-8] INFO  com.qczy.filter.JwtAuthenticationTokenFilter - authenticated user:admin
2026-01-14 19:16:36.779 [taskScheduler-7] INFO  c.q.federated.service.FederatedCoordinatorService - Marked 1 nodes as inactive
2026-01-14 19:16:39.819 [http-nio-8081-exec-1] INFO  com.qczy.filter.JwtAuthenticationTokenFilter - checking username:admin
2026-01-14 19:16:39.822 [http-nio-8081-exec-2] INFO  com.qczy.filter.JwtAuthenticationTokenFilter - checking username:admin
2026-01-14 19:16:39.822 [http-nio-8081-exec-1] INFO  com.qczy.filter.JwtAuthenticationTokenFilter - authenticated user:admin
2026-01-14 19:16:39.826 [http-nio-8081-exec-2] INFO  com.qczy.filter.JwtAuthenticationTokenFilter - authenticated user:admin
2026-01-14 19:16:41.790 [taskScheduler-7] INFO  c.q.federated.service.FederatedCoordinatorService - Marked 1 nodes as inactive
2026-01-14 19:16:44.821 [http-nio-8081-exec-10] INFO  com.qczy.filter.JwtAuthenticationTokenFilter - checking username:admin
2026-01-14 19:16:44.824 [http-nio-8081-exec-10] INFO  com.qczy.filter.JwtAuthenticationTokenFilter - authenticated user:admin
2026-01-14 19:16:46.818 [taskScheduler-7] INFO  c.q.federated.service.FederatedCoordinatorService - Marked 1 nodes as inactive
2026-01-14 19:16:49.822 [http-nio-8081-exec-4] INFO  com.qczy.filter.JwtAuthenticationTokenFilter - checking username:admin
2026-01-14 19:16:49.823 [http-nio-8081-exec-6] INFO  com.qczy.filter.JwtAuthenticationTokenFilter - checking username:admin
2026-01-14 19:16:49.825 [http-nio-8081-exec-4] INFO  com.qczy.filter.JwtAuthenticationTokenFilter - authenticated user:admin
2026-01-14 19:16:49.826 [http-nio-8081-exec-6] INFO  com.qczy.filter.JwtAuthenticationTokenFilter - authenticated user:admin
2026-01-14 19:16:51.834 [taskScheduler-7] INFO  c.q.federated.service.FederatedCoordinatorService - Marked 1 nodes as inactive
2026-01-14 19:16:54.819 [http-nio-8081-exec-3] INFO  com.qczy.filter.JwtAuthenticationTokenFilter - checking username:admin
2026-01-14 19:16:54.823 [http-nio-8081-exec-3] INFO  com.qczy.filter.JwtAuthenticationTokenFilter - authenticated user:admin
2026-01-14 19:16:56.852 [taskScheduler-7] INFO  c.q.federated.service.FederatedCoordinatorService - Marked 1 nodes as inactive
2026-01-14 19:16:59.822 [http-nio-8081-exec-9] INFO  com.qczy.filter.JwtAuthenticationTokenFilter - checking username:admin
2026-01-14 19:16:59.824 [http-nio-8081-exec-5] INFO  com.qczy.filter.JwtAuthenticationTokenFilter - checking username:admin
2026-01-14 19:16:59.825 [http-nio-8081-exec-9] INFO  com.qczy.filter.JwtAuthenticationTokenFilter - authenticated user:admin
2026-01-14 19:16:59.826 [http-nio-8081-exec-5] INFO  com.qczy.filter.JwtAuthenticationTokenFilter - authenticated user:admin
2026-01-14 19:17:01.865 [taskScheduler-7] INFO  c.q.federated.service.FederatedCoordinatorService - Marked 1 nodes as inactive
2026-01-14 19:17:04.820 [http-nio-8081-exec-7] INFO  com.qczy.filter.JwtAuthenticationTokenFilter - checking username:admin
2026-01-14 19:17:04.822 [http-nio-8081-exec-7] INFO  com.qczy.filter.JwtAuthenticationTokenFilter - authenticated user:admin
2026-01-14 19:17:06.884 [taskScheduler-7] INFO  c.q.federated.service.FederatedCoordinatorService - Marked 1 nodes as inactive
2026-01-14 19:17:09.818 [http-nio-8081-exec-8] INFO  com.qczy.filter.JwtAuthenticationTokenFilter - checking username:admin
2026-01-14 19:17:09.820 [http-nio-8081-exec-1] INFO  com.qczy.filter.JwtAuthenticationTokenFilter - checking username:admin
2026-01-14 19:17:09.820 [http-nio-8081-exec-8] INFO  com.qczy.filter.JwtAuthenticationTokenFilter - authenticated user:admin
2026-01-14 19:17:09.823 [http-nio-8081-exec-1] INFO  com.qczy.filter.JwtAuthenticationTokenFilter - authenticated user:admin
2026-01-14 19:17:11.898 [taskScheduler-7] INFO  c.q.federated.service.FederatedCoordinatorService - Marked 1 nodes as inactive
2026-01-14 19:17:14.820 [http-nio-8081-exec-2] INFO  com.qczy.filter.JwtAuthenticationTokenFilter - checking username:admin
2026-01-14 19:17:14.823 [http-nio-8081-exec-2] INFO  com.qczy.filter.JwtAuthenticationTokenFilter - authenticated user:admin
2026-01-14 19:17:16.907 [taskScheduler-7] INFO  c.q.federated.service.FederatedCoordinatorService - Marked 1 nodes as inactive
2026-01-14 19:17:19.817 [http-nio-8081-exec-10] INFO  com.qczy.filter.JwtAuthenticationTokenFilter - checking username:admin
2026-01-14 19:17:19.819 [http-nio-8081-exec-4] INFO  com.qczy.filter.JwtAuthenticationTokenFilter - checking username:admin
2026-01-14 19:17:19.820 [http-nio-8081-exec-10] INFO  com.qczy.filter.JwtAuthenticationTokenFilter - authenticated user:admin
2026-01-14 19:17:19.823 [http-nio-8081-exec-4] INFO  com.qczy.filter.JwtAuthenticationTokenFilter - authenticated user:admin
2026-01-14 19:17:21.913 [taskScheduler-7] INFO  c.q.federated.service.FederatedCoordinatorService - Marked 1 nodes as inactive
2026-01-14 19:17:24.819 [http-nio-8081-exec-6] INFO  com.qczy.filter.JwtAuthenticationTokenFilter - checking username:admin
2026-01-14 19:17:24.821 [http-nio-8081-exec-6] INFO  com.qczy.filter.JwtAuthenticationTokenFilter - authenticated user:admin
2026-01-14 19:17:26.933 [taskScheduler-7] INFO  c.q.federated.service.FederatedCoordinatorService - Marked 1 nodes as inactive
2026-01-14 19:17:29.818 [http-nio-8081-exec-3] INFO  com.qczy.filter.JwtAuthenticationTokenFilter - checking username:admin
2026-01-14 19:17:29.820 [http-nio-8081-exec-9] INFO  com.qczy.filter.JwtAuthenticationTokenFilter - checking username:admin
2026-01-14 19:17:29.821 [http-nio-8081-exec-3] INFO  com.qczy.filter.JwtAuthenticationTokenFilter - authenticated user:admin
2026-01-14 19:17:29.822 [http-nio-8081-exec-9] INFO  com.qczy.filter.JwtAuthenticationTokenFilter - authenticated user:admin
2026-01-14 19:17:31.953 [taskScheduler-7] INFO  c.q.federated.service.FederatedCoordinatorService - Marked 1 nodes as inactive
2026-01-14 19:17:34.824 [http-nio-8081-exec-5] INFO  com.qczy.filter.JwtAuthenticationTokenFilter - checking username:admin
2026-01-14 19:17:34.826 [http-nio-8081-exec-5] INFO  com.qczy.filter.JwtAuthenticationTokenFilter - authenticated user:admin
2026-01-14 19:17:36.969 [taskScheduler-7] INFO  c.q.federated.service.FederatedCoordinatorService - Marked 1 nodes as inactive
2026-01-14 19:17:39.817 [http-nio-8081-exec-7] INFO  com.qczy.filter.JwtAuthenticationTokenFilter - checking username:admin
2026-01-14 19:17:39.819 [http-nio-8081-exec-8] INFO  com.qczy.filter.JwtAuthenticationTokenFilter - checking username:admin
2026-01-14 19:17:39.820 [http-nio-8081-exec-7] INFO  com.qczy.filter.JwtAuthenticationTokenFilter - authenticated user:admin
2026-01-14 19:17:39.821 [http-nio-8081-exec-8] INFO  com.qczy.filter.JwtAuthenticationTokenFilter - authenticated user:admin
2026-01-14 19:17:41.977 [taskScheduler-7] INFO  c.q.federated.service.FederatedCoordinatorService - Marked 1 nodes as inactive
2026-01-14 19:17:44.818 [http-nio-8081-exec-1] INFO  com.qczy.filter.JwtAuthenticationTokenFilter - checking username:admin
2026-01-14 19:17:44.820 [http-nio-8081-exec-1] INFO  com.qczy.filter.JwtAuthenticationTokenFilter - authenticated user:admin
2026-01-14 19:17:46.992 [taskScheduler-7] INFO  c.q.federated.service.FederatedCoordinatorService - Marked 1 nodes as inactive
2026-01-14 19:17:49.826 [http-nio-8081-exec-2] INFO  com.qczy.filter.JwtAuthenticationTokenFilter - checking username:admin
2026-01-14 19:17:49.828 [http-nio-8081-exec-10] INFO  com.qczy.filter.JwtAuthenticationTokenFilter - checking username:admin
2026-01-14 19:17:49.828 [http-nio-8081-exec-2] INFO  com.qczy.filter.JwtAuthenticationTokenFilter - authenticated user:admin
2026-01-14 19:17:49.830 [http-nio-8081-exec-10] INFO  com.qczy.filter.JwtAuthenticationTokenFilter - authenticated user:admin
2026-01-14 19:17:52.000 [taskScheduler-7] INFO  c.q.federated.service.FederatedCoordinatorService - Marked 1 nodes as inactive
2026-01-14 19:17:54.823 [http-nio-8081-exec-4] INFO  com.qczy.filter.JwtAuthenticationTokenFilter - checking username:admin
2026-01-14 19:17:54.825 [http-nio-8081-exec-4] INFO  com.qczy.filter.JwtAuthenticationTokenFilter - authenticated user:admin
2026-01-14 19:17:57.017 [taskScheduler-7] INFO  c.q.federated.service.FederatedCoordinatorService - Marked 1 nodes as inactive
2026-01-14 19:17:59.816 [http-nio-8081-exec-6] INFO  com.qczy.filter.JwtAuthenticationTokenFilter - checking username:admin
2026-01-14 19:17:59.818 [http-nio-8081-exec-3] INFO  com.qczy.filter.JwtAuthenticationTokenFilter - checking username:admin
2026-01-14 19:17:59.819 [http-nio-8081-exec-6] INFO  com.qczy.filter.JwtAuthenticationTokenFilter - authenticated user:admin
2026-01-14 19:17:59.820 [http-nio-8081-exec-3] INFO  com.qczy.filter.JwtAuthenticationTokenFilter - authenticated user:admin
2026-01-14 19:18:02.026 [taskScheduler-7] INFO  c.q.federated.service.FederatedCoordinatorService - Marked 1 nodes as inactive
2026-01-14 19:18:04.829 [http-nio-8081-exec-9] INFO  com.qczy.filter.JwtAuthenticationTokenFilter - checking username:admin
2026-01-14 19:18:04.831 [http-nio-8081-exec-9] INFO  com.qczy.filter.JwtAuthenticationTokenFilter - authenticated user:admin
2026-01-14 19:18:07.038 [taskScheduler-7] INFO  c.q.federated.service.FederatedCoordinatorService - Marked 1 nodes as inactive
2026-01-14 19:18:09.827 [http-nio-8081-exec-5] INFO  com.qczy.filter.JwtAuthenticationTokenFilter - checking username:admin
2026-01-14 19:18:09.829 [http-nio-8081-exec-7] INFO  com.qczy.filter.JwtAuthenticationTokenFilter - checking username:admin
2026-01-14 19:18:09.830 [http-nio-8081-exec-5] INFO  com.qczy.filter.JwtAuthenticationTokenFilter - authenticated user:admin
2026-01-14 19:18:09.833 [http-nio-8081-exec-7] INFO  com.qczy.filter.JwtAuthenticationTokenFilter - authenticated user:admin
2026-01-14 19:18:12.045 [taskScheduler-7] INFO  c.q.federated.service.FederatedCoordinatorService - Marked 1 nodes as inactive
2026-01-14 19:18:14.830 [http-nio-8081-exec-8] INFO  com.qczy.filter.JwtAuthenticationTokenFilter - checking username:admin
2026-01-14 19:18:14.833 [http-nio-8081-exec-8] INFO  com.qczy.filter.JwtAuthenticationTokenFilter - authenticated user:admin
2026-01-14 19:18:17.065 [taskScheduler-7] INFO  c.q.federated.service.FederatedCoordinatorService - Marked 1 nodes as inactive
2026-01-14 19:18:19.822 [http-nio-8081-exec-1] INFO  com.qczy.filter.JwtAuthenticationTokenFilter - checking username:admin
2026-01-14 19:18:19.823 [http-nio-8081-exec-2] INFO  com.qczy.filter.JwtAuthenticationTokenFilter - checking username:admin
2026-01-14 19:18:19.825 [http-nio-8081-exec-1] INFO  com.qczy.filter.JwtAuthenticationTokenFilter - authenticated user:admin
2026-01-14 19:18:19.826 [http-nio-8081-exec-2] INFO  com.qczy.filter.JwtAuthenticationTokenFilter - authenticated user:admin
2026-01-14 19:18:22.085 [taskScheduler-7] INFO  c.q.federated.service.FederatedCoordinatorService - Marked 1 nodes as inactive
2026-01-14 19:18:24.821 [http-nio-8081-exec-10] INFO  com.qczy.filter.JwtAuthenticationTokenFilter - checking username:admin
2026-01-14 19:18:24.824 [http-nio-8081-exec-10] INFO  com.qczy.filter.JwtAuthenticationTokenFilter - authenticated user:admin
2026-01-14 19:18:27.097 [taskScheduler-7] INFO  c.q.federated.service.FederatedCoordinatorService - Marked 1 nodes as inactive
2026-01-14 19:18:29.817 [http-nio-8081-exec-4] INFO  com.qczy.filter.JwtAuthenticationTokenFilter - checking username:admin
2026-01-14 19:18:29.817 [http-nio-8081-exec-6] INFO  com.qczy.filter.JwtAuthenticationTokenFilter - checking username:admin
2026-01-14 19:18:29.820 [http-nio-8081-exec-6] INFO  com.qczy.filter.JwtAuthenticationTokenFilter - authenticated user:admin
2026-01-14 19:18:29.820 [http-nio-8081-exec-4] INFO  com.qczy.filter.JwtAuthenticationTokenFilter - authenticated user:admin
2026-01-14 19:18:32.114 [taskScheduler-7] INFO  c.q.federated.service.FederatedCoordinatorService - Marked 1 nodes as inactive
2026-01-14 19:18:34.813 [http-nio-8081-exec-3] INFO  com.qczy.filter.JwtAuthenticationTokenFilter - checking username:admin
2026-01-14 19:18:34.817 [http-nio-8081-exec-3] INFO  com.qczy.filter.JwtAuthenticationTokenFilter - authenticated user:admin
2026-01-14 19:18:37.129 [taskScheduler-7] INFO  c.q.federated.service.FederatedCoordinatorService - Marked 1 nodes as inactive
2026-01-14 19:18:39.819 [http-nio-8081-exec-9] INFO  com.qczy.filter.JwtAuthenticationTokenFilter - checking username:admin
2026-01-14 19:18:39.822 [http-nio-8081-exec-5] INFO  com.qczy.filter.JwtAuthenticationTokenFilter - checking username:admin
2026-01-14 19:18:39.823 [http-nio-8081-exec-9] INFO  com.qczy.filter.JwtAuthenticationTokenFilter - authenticated user:admin
2026-01-14 19:18:39.826 [http-nio-8081-exec-5] INFO  com.qczy.filter.JwtAuthenticationTokenFilter - authenticated user:admin
2026-01-14 19:18:42.141 [taskScheduler-7] INFO  c.q.federated.service.FederatedCoordinatorService - Marked 1 nodes as inactive
2026-01-14 19:18:44.816 [http-nio-8081-exec-7] INFO  com.qczy.filter.JwtAuthenticationTokenFilter - checking username:admin
2026-01-14 19:18:44.820 [http-nio-8081-exec-7] INFO  com.qczy.filter.JwtAuthenticationTokenFilter - authenticated user:admin
2026-01-14 19:18:47.154 [taskScheduler-7] INFO  c.q.federated.service.FederatedCoordinatorService - Marked 1 nodes as inactive
2026-01-14 19:18:49.882 [http-nio-8081-exec-8] INFO  com.qczy.filter.JwtAuthenticationTokenFilter - checking username:admin
2026-01-14 19:18:49.884 [http-nio-8081-exec-1] INFO  com.qczy.filter.JwtAuthenticationTokenFilter - checking username:admin
2026-01-14 19:18:49.885 [http-nio-8081-exec-8] INFO  com.qczy.filter.JwtAuthenticationTokenFilter - authenticated user:admin
2026-01-14 19:18:49.888 [http-nio-8081-exec-1] INFO  com.qczy.filter.JwtAuthenticationTokenFilter - authenticated user:admin
2026-01-14 19:18:52.173 [taskScheduler-7] INFO  c.q.federated.service.FederatedCoordinatorService - Marked 1 nodes as inactive
2026-01-14 19:18:54.873 [http-nio-8081-exec-2] INFO  com.qczy.filter.JwtAuthenticationTokenFilter - checking username:admin
2026-01-14 19:18:54.875 [http-nio-8081-exec-2] INFO  com.qczy.filter.JwtAuthenticationTokenFilter - authenticated user:admin
2026-01-14 19:18:57.187 [taskScheduler-7] INFO  c.q.federated.service.FederatedCoordinatorService - Marked 1 nodes as inactive
2026-01-14 19:18:59.872 [http-nio-8081-exec-10] INFO  com.qczy.filter.JwtAuthenticationTokenFilter - checking username:admin
2026-01-14 19:18:59.875 [http-nio-8081-exec-4] INFO  com.qczy.filter.JwtAuthenticationTokenFilter - checking username:admin
2026-01-14 19:18:59.875 [http-nio-8081-exec-10] INFO  com.qczy.filter.JwtAuthenticationTokenFilter - authenticated user:admin
2026-01-14 19:18:59.878 [http-nio-8081-exec-4] INFO  com.qczy.filter.JwtAuthenticationTokenFilter - authenticated user:admin
2026-01-14 19:19:02.196 [taskScheduler-7] INFO  c.q.federated.service.FederatedCoordinatorService - Marked 1 nodes as inactive
2026-01-14 19:19:04.876 [http-nio-8081-exec-6] INFO  com.qczy.filter.JwtAuthenticationTokenFilter - checking username:admin
2026-01-14 19:19:04.879 [http-nio-8081-exec-6] INFO  com.qczy.filter.JwtAuthenticationTokenFilter - authenticated user:admin
2026-01-14 19:19:07.203 [taskScheduler-7] INFO  c.q.federated.service.FederatedCoordinatorService - Marked 1 nodes as inactive
2026-01-14 19:19:09.880 [http-nio-8081-exec-3] INFO  com.qczy.filter.JwtAuthenticationTokenFilter - checking username:admin
2026-01-14 19:19:09.883 [http-nio-8081-exec-3] INFO  com.qczy.filter.JwtAuthenticationTokenFilter - authenticated user:admin
2026-01-14 19:19:09.884 [http-nio-8081-exec-9] INFO  com.qczy.filter.JwtAuthenticationTokenFilter - checking username:admin
2026-01-14 19:19:09.887 [http-nio-8081-exec-9] INFO  com.qczy.filter.JwtAuthenticationTokenFilter - authenticated user:admin
2026-01-14 19:19:12.213 [taskScheduler-7] INFO  c.q.federated.service.FederatedCoordinatorService - Marked 1 nodes as inactive
2026-01-14 20:55:26.986 [main] INFO  com.qczy.MyApplication - Starting MyApplication on DESKTOP-MVT8OQB with PID 8944 (D:\PROJECT\ELEC_1126\back\datamark-admin\target\classes started by Administrator in D:\PROJECT\ELEC_1126\back\datamark-admin)
2026-01-14 20:55:26.989 [main] INFO  com.qczy.MyApplication - The following profiles are active: test
2026-01-14 20:55:30.780 [main] INFO  o.s.c.s.PostProcessorRegistrationDelegate$BeanPostProcessorChecker - Bean 'asyncConfig' of type [com.qczy.config.AsyncConfig$$EnhancerBySpringCGLIB$$50e0c354] is not eligible for getting processed by all BeanPostProcessors (for example: not eligible for auto-proxying)
2026-01-14 20:55:31.130 [main] INFO  o.s.c.s.PostProcessorRegistrationDelegate$BeanPostProcessorChecker - Bean 'org.springframework.transaction.annotation.ProxyTransactionManagementConfiguration' of type [org.springframework.transaction.annotation.ProxyTransactionManagementConfiguration] is not eligible for getting processed by all BeanPostProcessors (for example: not eligible for auto-proxying)
2026-01-14 20:55:31.510 [main] INFO  o.s.c.s.PostProcessorRegistrationDelegate$BeanPostProcessorChecker - Bean 'org.springframework.security.config.annotation.configuration.ObjectPostProcessorConfiguration' of type [org.springframework.security.config.annotation.configuration.ObjectPostProcessorConfiguration] is not eligible for getting processed by all BeanPostProcessors (for example: not eligible for auto-proxying)
2026-01-14 20:55:31.516 [main] INFO  o.s.c.s.PostProcessorRegistrationDelegate$BeanPostProcessorChecker - Bean 'objectPostProcessor' of type [org.springframework.security.config.annotation.configuration.AutowireBeanFactoryObjectPostProcessor] is not eligible for getting processed by all BeanPostProcessors (for example: not eligible for auto-proxying)
2026-01-14 20:55:31.521 [main] INFO  o.s.c.s.PostProcessorRegistrationDelegate$BeanPostProcessorChecker - Bean 'org.springframework.security.access.expression.method.DefaultMethodSecurityExpressionHandler@544e8149' of type [org.springframework.security.access.expression.method.DefaultMethodSecurityExpressionHandler] is not eligible for getting processed by all BeanPostProcessors (for example: not eligible for auto-proxying)
2026-01-14 20:55:31.523 [main] INFO  o.s.c.s.PostProcessorRegistrationDelegate$BeanPostProcessorChecker - Bean 'org.springframework.security.config.annotation.method.configuration.GlobalMethodSecurityConfiguration' of type [org.springframework.security.config.annotation.method.configuration.GlobalMethodSecurityConfiguration] is not eligible for getting processed by all BeanPostProcessors (for example: not eligible for auto-proxying)
2026-01-14 20:55:31.550 [main] INFO  o.s.c.s.PostProcessorRegistrationDelegate$BeanPostProcessorChecker - Bean 'methodSecurityMetadataSource' of type [org.springframework.security.access.method.DelegatingMethodSecurityMetadataSource] is not eligible for getting processed by all BeanPostProcessors (for example: not eligible for auto-proxying)
2026-01-14 20:55:32.672 [main] INFO  o.s.boot.web.embedded.tomcat.TomcatWebServer - Tomcat initialized with port(s): 8081 (http)
2026-01-14 20:55:32.697 [main] INFO  org.apache.coyote.http11.Http11NioProtocol - Initializing ProtocolHandler ["http-nio-8081"]
2026-01-14 20:55:32.700 [main] INFO  org.apache.catalina.core.StandardService - Starting service [Tomcat]
2026-01-14 20:55:32.701 [main] INFO  org.apache.catalina.core.StandardEngine - Starting Servlet engine: [Apache Tomcat/9.0.27]
2026-01-14 20:55:32.817 [main] INFO  o.a.c.core.ContainerBase.[Tomcat].[localhost].[/] - Initializing Spring embedded WebApplicationContext
2026-01-14 20:55:32.818 [main] INFO  org.springframework.web.context.ContextLoader - Root WebApplicationContext: initialization completed in 5689 ms
2026-01-14 20:55:40.158 [main] INFO  com.zaxxer.hikari.HikariDataSource - HikariPool-1 - Starting...
2026-01-14 20:55:40.412 [main] INFO  com.zaxxer.hikari.HikariDataSource - HikariPool-1 - Start completed.
2026-01-14 20:55:40.791 [main] INFO  c.q.federated.service.FederatedCoordinatorService - Loaded 1 nodes from database
2026-01-14 20:55:40.920 [main] INFO  c.q.federated.service.FederatedCoordinatorService - Loaded 4 jobs from database
2026-01-14 20:55:41.985 [main] INFO  o.s.scheduling.concurrent.ThreadPoolTaskExecutor - Initializing ExecutorService
2026-01-14 20:55:41.987 [main] INFO  o.s.scheduling.concurrent.ThreadPoolTaskExecutor - Initializing ExecutorService 'asyncExecutor'
2026-01-14 20:55:42.085 [main] INFO  o.s.scheduling.concurrent.ThreadPoolTaskScheduler - Initializing ExecutorService
2026-01-14 20:55:42.089 [main] INFO  o.s.scheduling.concurrent.ThreadPoolTaskScheduler - Initializing ExecutorService 'taskScheduler'
2026-01-14 20:55:42.455 [main] INFO  s.d.s.w.PropertySourcedRequestMappingHandlerMapping - Mapped URL path [/v2/api-docs] onto method [springfox.documentation.swagger2.web.Swagger2Controller#getDocumentation(String, HttpServletRequest)]
2026-01-14 20:55:42.636 [main] INFO  o.s.security.web.DefaultSecurityFilterChain - Creating filter chain: any request, [org.springframework.security.web.context.request.async.WebAsyncManagerIntegrationFilter@7f4f1536, org.springframework.security.web.context.SecurityContextPersistenceFilter@5d01b0d8, org.springframework.security.web.header.HeaderWriterFilter@50b4364, org.springframework.web.filter.CorsFilter@1ad1b737, org.springframework.security.web.authentication.logout.LogoutFilter@147c00aa, com.qczy.filter.JwtAuthenticationTokenFilter@1e957e2f, org.springframework.security.web.savedrequest.RequestCacheAwareFilter@6f7a20da, org.springframework.security.web.servletapi.SecurityContextHolderAwareRequestFilter@586737ff, org.springframework.security.web.authentication.AnonymousAuthenticationFilter@342a1f84, org.springframework.security.web.session.SessionManagementFilter@3ff8a3ad, org.springframework.security.web.access.ExceptionTranslationFilter@118fbaf0, org.springframework.security.web.access.intercept.FilterSecurityInterceptor@18dac12f]
2026-01-14 20:55:43.324 [main] INFO  s.d.s.web.plugins.DocumentationPluginsBootstrapper - Context refreshed
2026-01-14 20:55:43.427 [main] INFO  s.d.s.web.plugins.DocumentationPluginsBootstrapper - Found 1 custom documentation plugin(s)
2026-01-14 20:55:43.429 [main] INFO  s.d.s.web.plugins.DocumentationPluginsBootstrapper - Skipping initializing disabled plugin bean swagger v2.0
2026-01-14 20:55:43.541 [main] INFO  org.apache.coyote.http11.Http11NioProtocol - Starting ProtocolHandler ["http-nio-8081"]
2026-01-14 20:55:43.589 [taskScheduler-1] INFO  c.q.federated.service.FederatedCoordinatorService - Marked 1 nodes as inactive
2026-01-14 20:55:43.640 [main] INFO  o.s.boot.web.embedded.tomcat.TomcatWebServer - Tomcat started on port(s): 8081 (http) with context path ''
2026-01-14 20:55:43.651 [main] INFO  com.qczy.MyApplication - Started MyApplication in 18.183 seconds (JVM running for 19.068)
2026-01-14 20:55:48.645 [taskScheduler-3] INFO  c.q.federated.service.FederatedCoordinatorService - Marked 1 nodes as inactive
2026-01-14 20:55:53.667 [taskScheduler-1] INFO  c.q.federated.service.FederatedCoordinatorService - Marked 1 nodes as inactive
2026-01-14 20:55:56.979 [http-nio-8081-exec-7] INFO  o.a.c.core.ContainerBase.[Tomcat].[localhost].[/] - Initializing Spring DispatcherServlet 'dispatcherServlet'
2026-01-14 20:55:56.980 [http-nio-8081-exec-7] INFO  org.springframework.web.servlet.DispatcherServlet - Initializing Servlet 'dispatcherServlet'
2026-01-14 20:55:56.998 [http-nio-8081-exec-7] INFO  org.springframework.web.servlet.DispatcherServlet - Completed initialization in 18 ms
2026-01-14 20:55:57.312 [http-nio-8081-exec-4] INFO  com.qczy.filter.JwtAuthenticationTokenFilter - checking username:admin
2026-01-14 20:55:57.312 [http-nio-8081-exec-3] INFO  com.qczy.filter.JwtAuthenticationTokenFilter - checking username:admin
2026-01-14 20:55:57.428 [http-nio-8081-exec-4] INFO  com.qczy.filter.JwtAuthenticationTokenFilter - authenticated user:admin
2026-01-14 20:55:57.428 [http-nio-8081-exec-3] INFO  com.qczy.filter.JwtAuthenticationTokenFilter - authenticated user:admin
2026-01-14 20:55:58.686 [taskScheduler-2] INFO  c.q.federated.service.FederatedCoordinatorService - Marked 1 nodes as inactive
2026-01-14 20:56:01.763 [http-nio-8081-exec-9] INFO  com.qczy.filter.JwtAuthenticationTokenFilter - checking username:admin
2026-01-14 20:56:01.772 [http-nio-8081-exec-9] INFO  com.qczy.filter.JwtAuthenticationTokenFilter - authenticated user:admin
2026-01-14 20:56:01.801 [http-nio-8081-exec-9] INFO  com.qczy.controller.user.UserController - token->Bearer eyJhbGciOiJIUzUxMiJ9.eyJzdWIiOiJhZG1pbiIsImNyZWF0ZWQiOjE3NjgzODkwMTg2ODcsImV4cCI6MTc2ODk5MzgxOH0.iOgnYgx_fOkaaZuXzLNlFOxnkTo9gPZkNnJ2ma0UPZ5CP0oWUsf9B-X8VKeRELHhUJ_cHyp22xGfMfPtbvLjow
2026-01-14 20:56:01.870 [http-nio-8081-exec-5] INFO  com.qczy.filter.JwtAuthenticationTokenFilter - checking username:admin
2026-01-14 20:56:01.880 [http-nio-8081-exec-5] INFO  com.qczy.filter.JwtAuthenticationTokenFilter - authenticated user:admin
2026-01-14 20:56:01.882 [http-nio-8081-exec-5] INFO  com.qczy.controller.user.UserController - token->Bearer eyJhbGciOiJIUzUxMiJ9.eyJzdWIiOiJhZG1pbiIsImNyZWF0ZWQiOjE3NjgzODkwMTg2ODcsImV4cCI6MTc2ODk5MzgxOH0.iOgnYgx_fOkaaZuXzLNlFOxnkTo9gPZkNnJ2ma0UPZ5CP0oWUsf9B-X8VKeRELHhUJ_cHyp22xGfMfPtbvLjow
2026-01-14 20:56:01.897 [http-nio-8081-exec-5] INFO  com.qczy.controller.user.UserController - username->admin
2026-01-14 20:56:03.041 [http-nio-8081-exec-9] INFO  com.qczy.filter.JwtAuthenticationTokenFilter - checking username:admin
2026-01-14 20:56:03.046 [http-nio-8081-exec-10] INFO  com.qczy.filter.JwtAuthenticationTokenFilter - checking username:admin
2026-01-14 20:56:03.053 [http-nio-8081-exec-9] INFO  com.qczy.filter.JwtAuthenticationTokenFilter - authenticated user:admin
2026-01-14 20:56:03.053 [http-nio-8081-exec-10] INFO  com.qczy.filter.JwtAuthenticationTokenFilter - authenticated user:admin
2026-01-14 20:56:03.078 [http-nio-8081-exec-6] INFO  com.qczy.filter.JwtAuthenticationTokenFilter - checking username:admin
2026-01-14 20:56:03.088 [http-nio-8081-exec-6] INFO  com.qczy.filter.JwtAuthenticationTokenFilter - authenticated user:admin
2026-01-14 20:56:03.112 [http-nio-8081-exec-5] INFO  com.qczy.filter.JwtAuthenticationTokenFilter - checking username:admin
2026-01-14 20:56:03.120 [http-nio-8081-exec-5] INFO  com.qczy.filter.JwtAuthenticationTokenFilter - authenticated user:admin
2026-01-14 20:56:03.148 [http-nio-8081-exec-2] INFO  com.qczy.filter.JwtAuthenticationTokenFilter - checking username:admin
2026-01-14 20:56:03.150 [http-nio-8081-exec-1] INFO  com.qczy.filter.JwtAuthenticationTokenFilter - checking username:admin
2026-01-14 20:56:03.162 [http-nio-8081-exec-2] INFO  com.qczy.filter.JwtAuthenticationTokenFilter - authenticated user:admin
2026-01-14 20:56:03.162 [http-nio-8081-exec-1] INFO  com.qczy.filter.JwtAuthenticationTokenFilter - authenticated user:admin
2026-01-14 20:56:03.697 [taskScheduler-5] INFO  c.q.federated.service.FederatedCoordinatorService - Marked 1 nodes as inactive
2026-01-14 20:56:08.709 [taskScheduler-1] INFO  c.q.federated.service.FederatedCoordinatorService - Marked 1 nodes as inactive
2026-01-14 20:56:08.878 [http-nio-8081-exec-7] INFO  com.qczy.filter.JwtAuthenticationTokenFilter - checking username:admin
2026-01-14 20:56:08.878 [http-nio-8081-exec-7] INFO  com.qczy.filter.JwtAuthenticationTokenFilter - authenticated user:admin
2026-01-14 20:56:08.903 [http-nio-8081-exec-4] INFO  com.qczy.filter.JwtAuthenticationTokenFilter - checking username:admin
2026-01-14 20:56:08.908 [http-nio-8081-exec-4] INFO  com.qczy.filter.JwtAuthenticationTokenFilter - authenticated user:admin
2026-01-14 20:56:09.879 [http-nio-8081-exec-3] INFO  com.qczy.filter.JwtAuthenticationTokenFilter - checking username:admin
2026-01-14 20:56:09.882 [http-nio-8081-exec-3] INFO  com.qczy.filter.JwtAuthenticationTokenFilter - authenticated user:admin
2026-01-14 20:56:09.891 [http-nio-8081-exec-8] INFO  com.qczy.filter.JwtAuthenticationTokenFilter - checking username:admin
2026-01-14 20:56:09.895 [http-nio-8081-exec-8] INFO  com.qczy.filter.JwtAuthenticationTokenFilter - authenticated user:admin
2026-01-14 20:56:13.016 [http-nio-8081-exec-9] INFO  com.qczy.filter.JwtAuthenticationTokenFilter - checking username:admin
2026-01-14 20:56:13.021 [http-nio-8081-exec-9] INFO  com.qczy.filter.JwtAuthenticationTokenFilter - authenticated user:admin
2026-01-14 20:56:13.076 [http-nio-8081-exec-6] INFO  com.qczy.filter.JwtAuthenticationTokenFilter - checking username:admin
2026-01-14 20:56:13.084 [http-nio-8081-exec-6] INFO  com.qczy.filter.JwtAuthenticationTokenFilter - authenticated user:admin
2026-01-14 20:56:13.519 [http-nio-8081-exec-5] INFO  com.qczy.filter.JwtAuthenticationTokenFilter - checking username:admin
2026-01-14 20:56:13.519 [http-nio-8081-exec-10] INFO  com.qczy.filter.JwtAuthenticationTokenFilter - checking username:admin
2026-01-14 20:56:13.523 [http-nio-8081-exec-5] INFO  com.qczy.filter.JwtAuthenticationTokenFilter - authenticated user:admin
2026-01-14 20:56:13.524 [http-nio-8081-exec-10] INFO  com.qczy.filter.JwtAuthenticationTokenFilter - authenticated user:admin
2026-01-14 20:56:13.733 [taskScheduler-3] INFO  c.q.federated.service.FederatedCoordinatorService - Marked 1 nodes as inactive
2026-01-14 20:56:18.514 [http-nio-8081-exec-1] INFO  com.qczy.filter.JwtAuthenticationTokenFilter - checking username:admin
2026-01-14 20:56:18.519 [http-nio-8081-exec-1] INFO  com.qczy.filter.JwtAuthenticationTokenFilter - authenticated user:admin
2026-01-14 20:56:18.747 [taskScheduler-7] INFO  c.q.federated.service.FederatedCoordinatorService - Marked 1 nodes as inactive
2026-01-14 20:56:23.512 [http-nio-8081-exec-2] INFO  com.qczy.filter.JwtAuthenticationTokenFilter - checking username:admin
2026-01-14 20:56:23.515 [http-nio-8081-exec-7] INFO  com.qczy.filter.JwtAuthenticationTokenFilter - checking username:admin
2026-01-14 20:56:23.517 [http-nio-8081-exec-2] INFO  com.qczy.filter.JwtAuthenticationTokenFilter - authenticated user:admin
2026-01-14 20:56:23.520 [http-nio-8081-exec-7] INFO  com.qczy.filter.JwtAuthenticationTokenFilter - authenticated user:admin
2026-01-14 20:56:23.759 [taskScheduler-7] INFO  c.q.federated.service.FederatedCoordinatorService - Marked 1 nodes as inactive
2026-01-14 20:56:28.511 [http-nio-8081-exec-4] INFO  com.qczy.filter.JwtAuthenticationTokenFilter - checking username:admin
2026-01-14 20:56:28.514 [http-nio-8081-exec-4] INFO  com.qczy.filter.JwtAuthenticationTokenFilter - authenticated user:admin
2026-01-14 20:56:28.774 [taskScheduler-7] INFO  c.q.federated.service.FederatedCoordinatorService - Marked 1 nodes as inactive
2026-01-14 20:56:33.516 [http-nio-8081-exec-3] INFO  com.qczy.filter.JwtAuthenticationTokenFilter - checking username:admin
2026-01-14 20:56:33.520 [http-nio-8081-exec-3] INFO  com.qczy.filter.JwtAuthenticationTokenFilter - authenticated user:admin
2026-01-14 20:56:33.520 [http-nio-8081-exec-8] INFO  com.qczy.filter.JwtAuthenticationTokenFilter - checking username:admin
2026-01-14 20:56:33.524 [http-nio-8081-exec-8] INFO  com.qczy.filter.JwtAuthenticationTokenFilter - authenticated user:admin
2026-01-14 20:56:33.790 [taskScheduler-7] INFO  c.q.federated.service.FederatedCoordinatorService - Marked 1 nodes as inactive
2026-01-14 20:56:37.740 [http-nio-8081-exec-6] INFO  com.qczy.filter.JwtAuthenticationTokenFilter - checking username:admin
2026-01-14 20:56:37.746 [http-nio-8081-exec-6] INFO  com.qczy.filter.JwtAuthenticationTokenFilter - authenticated user:admin
2026-01-14 20:56:37.806 [http-nio-8081-exec-6] INFO  c.q.federated.service.FederatedCoordinatorService - Registered new node: 111
2026-01-14 20:56:37.835 [http-nio-8081-exec-5] INFO  com.qczy.filter.JwtAuthenticationTokenFilter - checking username:admin
2026-01-14 20:56:37.838 [http-nio-8081-exec-5] INFO  com.qczy.filter.JwtAuthenticationTokenFilter - authenticated user:admin
2026-01-14 20:56:38.510 [http-nio-8081-exec-10] INFO  com.qczy.filter.JwtAuthenticationTokenFilter - checking username:admin
2026-01-14 20:56:38.514 [http-nio-8081-exec-10] INFO  com.qczy.filter.JwtAuthenticationTokenFilter - authenticated user:admin
2026-01-14 20:56:38.804 [taskScheduler-7] INFO  c.q.federated.service.FederatedCoordinatorService - Marked 1 nodes as inactive
2026-01-14 20:56:43.514 [http-nio-8081-exec-1] INFO  com.qczy.filter.JwtAuthenticationTokenFilter - checking username:admin
2026-01-14 20:56:43.517 [http-nio-8081-exec-2] INFO  com.qczy.filter.JwtAuthenticationTokenFilter - checking username:admin
2026-01-14 20:56:43.519 [http-nio-8081-exec-1] INFO  com.qczy.filter.JwtAuthenticationTokenFilter - authenticated user:admin
2026-01-14 20:56:43.522 [http-nio-8081-exec-2] INFO  com.qczy.filter.JwtAuthenticationTokenFilter - authenticated user:admin
2026-01-14 20:56:43.813 [taskScheduler-7] INFO  c.q.federated.service.FederatedCoordinatorService - Marked 1 nodes as inactive
2026-01-14 20:56:44.498 [http-nio-8081-exec-4] INFO  com.qczy.filter.JwtAuthenticationTokenFilter - checking username:admin
2026-01-14 20:56:44.501 [http-nio-8081-exec-4] INFO  com.qczy.filter.JwtAuthenticationTokenFilter - authenticated user:admin
2026-01-14 20:56:44.540 [http-nio-8081-exec-4] INFO  c.q.federated.service.FederatedCoordinatorService - Created new training job: 79f7dba4-befe-4507-a2d9-b7d1b1914a4a with model type: RESNET
2026-01-14 20:56:44.577 [http-nio-8081-exec-3] INFO  com.qczy.filter.JwtAuthenticationTokenFilter - checking username:admin
2026-01-14 20:56:44.583 [http-nio-8081-exec-3] INFO  com.qczy.filter.JwtAuthenticationTokenFilter - authenticated user:admin
2026-01-14 20:56:48.821 [taskScheduler-7] INFO  c.q.federated.service.FederatedCoordinatorService - Marked 1 nodes as inactive
2026-01-14 20:56:48.884 [http-nio-8081-exec-8] INFO  com.qczy.filter.JwtAuthenticationTokenFilter - checking username:admin
2026-01-14 20:56:48.888 [http-nio-8081-exec-8] INFO  com.qczy.filter.JwtAuthenticationTokenFilter - authenticated user:admin
2026-01-14 20:56:53.519 [http-nio-8081-exec-9] INFO  com.qczy.filter.JwtAuthenticationTokenFilter - checking username:admin
2026-01-14 20:56:53.521 [http-nio-8081-exec-6] INFO  com.qczy.filter.JwtAuthenticationTokenFilter - checking username:admin
2026-01-14 20:56:53.523 [http-nio-8081-exec-9] INFO  com.qczy.filter.JwtAuthenticationTokenFilter - authenticated user:admin
2026-01-14 20:56:53.524 [http-nio-8081-exec-6] INFO  com.qczy.filter.JwtAuthenticationTokenFilter - authenticated user:admin
2026-01-14 20:56:53.825 [taskScheduler-7] INFO  c.q.federated.service.FederatedCoordinatorService - Marked 1 nodes as inactive
2026-01-14 20:56:56.871 [http-nio-8081-exec-5] INFO  com.qczy.filter.JwtAuthenticationTokenFilter - checking username:admin
2026-01-14 20:56:56.875 [http-nio-8081-exec-10] INFO  com.qczy.filter.JwtAuthenticationTokenFilter - checking username:admin
2026-01-14 20:56:56.877 [http-nio-8081-exec-5] INFO  com.qczy.filter.JwtAuthenticationTokenFilter - authenticated user:admin
2026-01-14 20:56:56.882 [http-nio-8081-exec-10] INFO  com.qczy.filter.JwtAuthenticationTokenFilter - authenticated user:admin
2026-01-14 20:56:57.810 [http-nio-8081-exec-2] INFO  com.qczy.filter.JwtAuthenticationTokenFilter - checking username:admin
2026-01-14 20:56:57.816 [http-nio-8081-exec-2] INFO  com.qczy.filter.JwtAuthenticationTokenFilter - authenticated user:admin
2026-01-14 20:56:57.989 [http-nio-8081-exec-2] INFO  com.qczy.federated.flower.FlowerServerManager - Remote Flower server started for job: 904d66f0-fb3e-433b-b2c8-8304621a3db0 on port: 8093
2026-01-14 20:56:57.998 [http-nio-8081-exec-2] INFO  c.q.federated.service.FederatedCoordinatorService - Started training job: 904d66f0-fb3e-433b-b2c8-8304621a3db0 on port: 8093
2026-01-14 20:56:58.028 [http-nio-8081-exec-7] INFO  com.qczy.filter.JwtAuthenticationTokenFilter - checking username:admin
2026-01-14 20:56:58.034 [http-nio-8081-exec-7] INFO  com.qczy.filter.JwtAuthenticationTokenFilter - authenticated user:admin
2026-01-14 20:56:58.514 [http-nio-8081-exec-4] INFO  com.qczy.filter.JwtAuthenticationTokenFilter - checking username:admin
2026-01-14 20:56:58.519 [http-nio-8081-exec-4] INFO  com.qczy.filter.JwtAuthenticationTokenFilter - authenticated user:admin
2026-01-14 20:56:58.849 [taskScheduler-7] INFO  c.q.federated.service.FederatedCoordinatorService - Marked 1 nodes as inactive
2026-01-14 20:57:03.861 [taskScheduler-7] INFO  c.q.federated.service.FederatedCoordinatorService - Marked 1 nodes as inactive
2026-01-14 20:57:03.882 [http-nio-8081-exec-5] INFO  com.qczy.filter.JwtAuthenticationTokenFilter - checking username:admin
2026-01-14 20:57:03.888 [http-nio-8081-exec-10] INFO  com.qczy.filter.JwtAuthenticationTokenFilter - checking username:admin
2026-01-14 20:57:03.888 [http-nio-8081-exec-5] INFO  com.qczy.filter.JwtAuthenticationTokenFilter - authenticated user:admin
2026-01-14 20:57:03.894 [http-nio-8081-exec-10] INFO  com.qczy.filter.JwtAuthenticationTokenFilter - authenticated user:admin
2026-01-14 20:57:08.874 [taskScheduler-7] INFO  c.q.federated.service.FederatedCoordinatorService - Marked 1 nodes as inactive
2026-01-14 20:57:08.878 [http-nio-8081-exec-1] INFO  com.qczy.filter.JwtAuthenticationTokenFilter - checking username:admin
2026-01-14 20:57:08.882 [http-nio-8081-exec-1] INFO  com.qczy.filter.JwtAuthenticationTokenFilter - authenticated user:admin
2026-01-14 20:57:13.877 [http-nio-8081-exec-2] INFO  com.qczy.filter.JwtAuthenticationTokenFilter - checking username:admin
2026-01-14 20:57:13.879 [http-nio-8081-exec-7] INFO  com.qczy.filter.JwtAuthenticationTokenFilter - checking username:admin
2026-01-14 20:57:13.881 [http-nio-8081-exec-2] INFO  com.qczy.filter.JwtAuthenticationTokenFilter - authenticated user:admin
2026-01-14 20:57:13.882 [http-nio-8081-exec-7] INFO  com.qczy.filter.JwtAuthenticationTokenFilter - authenticated user:admin
2026-01-14 20:57:13.891 [taskScheduler-7] INFO  c.q.federated.service.FederatedCoordinatorService - Marked 1 nodes as inactive
2026-01-14 20:57:18.884 [http-nio-8081-exec-4] INFO  com.qczy.filter.JwtAuthenticationTokenFilter - checking username:admin
2026-01-14 20:57:18.887 [http-nio-8081-exec-4] INFO  com.qczy.filter.JwtAuthenticationTokenFilter - authenticated user:admin
2026-01-14 20:57:18.897 [taskScheduler-7] INFO  c.q.federated.service.FederatedCoordinatorService - Marked 1 nodes as inactive
2026-01-14 20:57:23.883 [http-nio-8081-exec-8] INFO  com.qczy.filter.JwtAuthenticationTokenFilter - checking username:admin
2026-01-14 20:57:23.885 [http-nio-8081-exec-3] INFO  com.qczy.filter.JwtAuthenticationTokenFilter - checking username:admin
2026-01-14 20:57:23.887 [http-nio-8081-exec-8] INFO  com.qczy.filter.JwtAuthenticationTokenFilter - authenticated user:admin
2026-01-14 20:57:23.889 [http-nio-8081-exec-3] INFO  com.qczy.filter.JwtAuthenticationTokenFilter - authenticated user:admin
2026-01-14 20:57:23.913 [taskScheduler-7] INFO  c.q.federated.service.FederatedCoordinatorService - Marked 1 nodes as inactive
2026-01-14 20:57:28.883 [http-nio-8081-exec-9] INFO  com.qczy.filter.JwtAuthenticationTokenFilter - checking username:admin
2026-01-14 20:57:28.887 [http-nio-8081-exec-9] INFO  com.qczy.filter.JwtAuthenticationTokenFilter - authenticated user:admin
2026-01-14 20:57:28.925 [taskScheduler-7] INFO  c.q.federated.service.FederatedCoordinatorService - Marked 1 nodes as inactive
2026-01-14 20:57:33.874 [http-nio-8081-exec-6] INFO  com.qczy.filter.JwtAuthenticationTokenFilter - checking username:admin
2026-01-14 20:57:33.874 [http-nio-8081-exec-5] INFO  com.qczy.filter.JwtAuthenticationTokenFilter - checking username:admin
2026-01-14 20:57:33.874 [http-nio-8081-exec-6] INFO  com.qczy.filter.JwtAuthenticationTokenFilter - authenticated user:admin
2026-01-14 20:57:33.874 [http-nio-8081-exec-5] INFO  com.qczy.filter.JwtAuthenticationTokenFilter - authenticated user:admin
2026-01-14 20:57:33.941 [taskScheduler-7] INFO  c.q.federated.service.FederatedCoordinatorService - Marked 1 nodes as inactive
2026-01-14 20:57:38.876 [http-nio-8081-exec-10] INFO  com.qczy.filter.JwtAuthenticationTokenFilter - checking username:admin
2026-01-14 20:57:38.881 [http-nio-8081-exec-10] INFO  com.qczy.filter.JwtAuthenticationTokenFilter - authenticated user:admin
2026-01-14 20:57:38.950 [taskScheduler-7] INFO  c.q.federated.service.FederatedCoordinatorService - Marked 1 nodes as inactive
2026-01-14 20:57:43.882 [http-nio-8081-exec-1] INFO  com.qczy.filter.JwtAuthenticationTokenFilter - checking username:admin
2026-01-14 20:57:43.884 [http-nio-8081-exec-2] INFO  com.qczy.filter.JwtAuthenticationTokenFilter - checking username:admin
2026-01-14 20:57:43.885 [http-nio-8081-exec-1] INFO  com.qczy.filter.JwtAuthenticationTokenFilter - authenticated user:admin
2026-01-14 20:57:43.888 [http-nio-8081-exec-2] INFO  com.qczy.filter.JwtAuthenticationTokenFilter - authenticated user:admin
2026-01-14 20:57:43.956 [taskScheduler-7] INFO  c.q.federated.service.FederatedCoordinatorService - Marked 1 nodes as inactive
2026-01-14 20:57:48.876 [http-nio-8081-exec-7] INFO  com.qczy.filter.JwtAuthenticationTokenFilter - checking username:admin
2026-01-14 20:57:48.879 [http-nio-8081-exec-7] INFO  com.qczy.filter.JwtAuthenticationTokenFilter - authenticated user:admin
2026-01-14 20:57:48.966 [taskScheduler-7] INFO  c.q.federated.service.FederatedCoordinatorService - Marked 1 nodes as inactive
2026-01-14 20:57:53.875 [http-nio-8081-exec-4] INFO  com.qczy.filter.JwtAuthenticationTokenFilter - checking username:admin
2026-01-14 20:57:53.878 [http-nio-8081-exec-8] INFO  com.qczy.filter.JwtAuthenticationTokenFilter - checking username:admin
2026-01-14 20:57:53.879 [http-nio-8081-exec-4] INFO  com.qczy.filter.JwtAuthenticationTokenFilter - authenticated user:admin
2026-01-14 20:57:53.883 [http-nio-8081-exec-8] INFO  com.qczy.filter.JwtAuthenticationTokenFilter - authenticated user:admin
2026-01-14 20:57:53.980 [taskScheduler-7] INFO  c.q.federated.service.FederatedCoordinatorService - Marked 1 nodes as inactive
2026-01-14 20:57:58.880 [http-nio-8081-exec-3] INFO  com.qczy.filter.JwtAuthenticationTokenFilter - checking username:admin
2026-01-14 20:57:58.883 [http-nio-8081-exec-3] INFO  com.qczy.filter.JwtAuthenticationTokenFilter - authenticated user:admin
2026-01-14 20:57:58.999 [taskScheduler-7] INFO  c.q.federated.service.FederatedCoordinatorService - Marked 1 nodes as inactive
2026-01-14 20:58:04.009 [taskScheduler-7] INFO  c.q.federated.service.FederatedCoordinatorService - Marked 1 nodes as inactive
2026-01-14 20:58:09.020 [taskScheduler-7] INFO  c.q.federated.service.FederatedCoordinatorService - Marked 1 nodes as inactive
2026-01-14 20:58:14.028 [taskScheduler-7] INFO  c.q.federated.service.FederatedCoordinatorService - Marked 1 nodes as inactive
2026-01-14 20:58:19.039 [taskScheduler-7] INFO  c.q.federated.service.FederatedCoordinatorService - Marked 1 nodes as inactive
2026-01-14 20:58:24.056 [taskScheduler-7] INFO  c.q.federated.service.FederatedCoordinatorService - Marked 1 nodes as inactive
2026-01-14 20:58:29.067 [taskScheduler-7] INFO  c.q.federated.service.FederatedCoordinatorService - Marked 1 nodes as inactive
2026-01-14 20:58:34.074 [taskScheduler-7] INFO  c.q.federated.service.FederatedCoordinatorService - Marked 1 nodes as inactive
2026-01-14 20:58:39.091 [taskScheduler-7] INFO  c.q.federated.service.FederatedCoordinatorService - Marked 1 nodes as inactive
2026-01-14 20:58:44.104 [taskScheduler-7] INFO  c.q.federated.service.FederatedCoordinatorService - Marked 1 nodes as inactive
2026-01-14 20:58:49.115 [taskScheduler-7] INFO  c.q.federated.service.FederatedCoordinatorService - Marked 1 nodes as inactive
2026-01-14 20:58:54.132 [taskScheduler-7] INFO  c.q.federated.service.FederatedCoordinatorService - Marked 1 nodes as inactive
2026-01-14 20:58:56.869 [http-nio-8081-exec-6] INFO  com.qczy.filter.JwtAuthenticationTokenFilter - checking username:admin
2026-01-14 20:58:56.873 [http-nio-8081-exec-6] INFO  com.qczy.filter.JwtAuthenticationTokenFilter - authenticated user:admin
2026-01-14 20:58:56.873 [http-nio-8081-exec-5] INFO  com.qczy.filter.JwtAuthenticationTokenFilter - checking username:admin
2026-01-14 20:58:56.876 [http-nio-8081-exec-5] INFO  com.qczy.filter.JwtAuthenticationTokenFilter - authenticated user:admin
2026-01-14 20:58:59.140 [taskScheduler-7] INFO  c.q.federated.service.FederatedCoordinatorService - Marked 1 nodes as inactive
2026-01-14 20:59:04.154 [taskScheduler-7] INFO  c.q.federated.service.FederatedCoordinatorService - Marked 1 nodes as inactive
2026-01-14 20:59:09.162 [taskScheduler-7] INFO  c.q.federated.service.FederatedCoordinatorService - Marked 1 nodes as inactive
2026-01-14 20:59:14.172 [taskScheduler-7] INFO  c.q.federated.service.FederatedCoordinatorService - Marked 1 nodes as inactive
2026-01-14 20:59:19.181 [taskScheduler-7] INFO  c.q.federated.service.FederatedCoordinatorService - Marked 1 nodes as inactive
2026-01-14 20:59:24.201 [taskScheduler-7] INFO  c.q.federated.service.FederatedCoordinatorService - Marked 1 nodes as inactive
2026-01-14 20:59:29.217 [taskScheduler-7] INFO  c.q.federated.service.FederatedCoordinatorService - Marked 1 nodes as inactive
2026-01-14 20:59:34.227 [taskScheduler-7] INFO  c.q.federated.service.FederatedCoordinatorService - Marked 1 nodes as inactive
2026-01-14 20:59:39.240 [taskScheduler-7] INFO  c.q.federated.service.FederatedCoordinatorService - Marked 1 nodes as inactive
2026-01-14 20:59:44.255 [taskScheduler-7] INFO  c.q.federated.service.FederatedCoordinatorService - Marked 1 nodes as inactive
2026-01-14 20:59:49.263 [taskScheduler-7] INFO  c.q.federated.service.FederatedCoordinatorService - Marked 1 nodes as inactive
2026-01-14 20:59:54.273 [taskScheduler-7] INFO  c.q.federated.service.FederatedCoordinatorService - Marked 1 nodes as inactive
2026-01-14 20:59:56.880 [http-nio-8081-exec-1] INFO  com.qczy.filter.JwtAuthenticationTokenFilter - checking username:admin
2026-01-14 20:59:56.880 [http-nio-8081-exec-10] INFO  com.qczy.filter.JwtAuthenticationTokenFilter - checking username:admin
2026-01-14 20:59:56.884 [http-nio-8081-exec-10] INFO  com.qczy.filter.JwtAuthenticationTokenFilter - authenticated user:admin
2026-01-14 20:59:56.884 [http-nio-8081-exec-1] INFO  com.qczy.filter.JwtAuthenticationTokenFilter - authenticated user:admin
2026-01-14 20:59:59.281 [taskScheduler-7] INFO  c.q.federated.service.FederatedCoordinatorService - Marked 1 nodes as inactive
2026-01-14 21:00:04.287 [taskScheduler-7] INFO  c.q.federated.service.FederatedCoordinatorService - Marked 1 nodes as inactive
2026-01-14 21:00:09.307 [taskScheduler-7] INFO  c.q.federated.service.FederatedCoordinatorService - Marked 1 nodes as inactive
2026-01-14 21:00:14.319 [taskScheduler-7] INFO  c.q.federated.service.FederatedCoordinatorService - Marked 1 nodes as inactive
2026-01-14 21:00:19.336 [taskScheduler-7] INFO  c.q.federated.service.FederatedCoordinatorService - Marked 1 nodes as inactive
2026-01-14 21:00:24.353 [taskScheduler-7] INFO  c.q.federated.service.FederatedCoordinatorService - Marked 1 nodes as inactive
2026-01-14 21:00:29.370 [taskScheduler-7] INFO  c.q.federated.service.FederatedCoordinatorService - Marked 1 nodes as inactive
2026-01-14 21:00:34.380 [taskScheduler-7] INFO  c.q.federated.service.FederatedCoordinatorService - Marked 1 nodes as inactive
2026-01-14 21:00:39.339 [http-nio-8081-exec-2] INFO  com.qczy.filter.JwtAuthenticationTokenFilter - checking username:admin
2026-01-14 21:00:39.343 [http-nio-8081-exec-2] INFO  com.qczy.filter.JwtAuthenticationTokenFilter - authenticated user:admin
2026-01-14 21:00:39.357 [http-nio-8081-exec-7] INFO  com.qczy.filter.JwtAuthenticationTokenFilter - checking username:admin
2026-01-14 21:00:39.362 [http-nio-8081-exec-7] INFO  com.qczy.filter.JwtAuthenticationTokenFilter - authenticated user:admin
2026-01-14 21:00:39.393 [taskScheduler-7] INFO  c.q.federated.service.FederatedCoordinatorService - Marked 1 nodes as inactive
2026-01-14 21:00:43.521 [http-nio-8081-exec-4] INFO  com.qczy.filter.JwtAuthenticationTokenFilter - checking username:admin
2026-01-14 21:00:43.523 [http-nio-8081-exec-8] INFO  com.qczy.filter.JwtAuthenticationTokenFilter - checking username:admin
2026-01-14 21:00:43.524 [http-nio-8081-exec-4] INFO  com.qczy.filter.JwtAuthenticationTokenFilter - authenticated user:admin
2026-01-14 21:00:43.526 [http-nio-8081-exec-8] INFO  com.qczy.filter.JwtAuthenticationTokenFilter - authenticated user:admin
2026-01-14 21:00:44.403 [taskScheduler-7] INFO  c.q.federated.service.FederatedCoordinatorService - Marked 1 nodes as inactive
2026-01-14 21:00:45.621 [http-nio-8081-exec-9] INFO  com.qczy.filter.JwtAuthenticationTokenFilter - checking username:admin
2026-01-14 21:00:45.625 [http-nio-8081-exec-9] INFO  com.qczy.filter.JwtAuthenticationTokenFilter - authenticated user:admin
2026-01-14 21:00:45.646 [http-nio-8081-exec-9] INFO  com.qczy.federated.flower.FlowerServerManager - Remote Flower server started for job: 79f7dba4-befe-4507-a2d9-b7d1b1914a4a on port: 8093
2026-01-14 21:00:45.650 [http-nio-8081-exec-9] INFO  c.q.federated.service.FederatedCoordinatorService - Started training job: 79f7dba4-befe-4507-a2d9-b7d1b1914a4a on port: 8093
2026-01-14 21:00:45.675 [http-nio-8081-exec-6] INFO  com.qczy.filter.JwtAuthenticationTokenFilter - checking username:admin
2026-01-14 21:00:45.680 [http-nio-8081-exec-6] INFO  com.qczy.filter.JwtAuthenticationTokenFilter - authenticated user:admin
2026-01-14 21:00:48.889 [http-nio-8081-exec-5] INFO  com.qczy.filter.JwtAuthenticationTokenFilter - checking username:admin
2026-01-14 21:00:48.893 [http-nio-8081-exec-5] INFO  com.qczy.filter.JwtAuthenticationTokenFilter - authenticated user:admin
2026-01-14 21:00:49.420 [taskScheduler-7] INFO  c.q.federated.service.FederatedCoordinatorService - Marked 1 nodes as inactive
2026-01-14 21:00:53.882 [http-nio-8081-exec-1] INFO  com.qczy.filter.JwtAuthenticationTokenFilter - checking username:admin
2026-01-14 21:00:53.884 [http-nio-8081-exec-10] INFO  com.qczy.filter.JwtAuthenticationTokenFilter - checking username:admin
2026-01-14 21:00:53.885 [http-nio-8081-exec-1] INFO  com.qczy.filter.JwtAuthenticationTokenFilter - authenticated user:admin
2026-01-14 21:00:53.888 [http-nio-8081-exec-10] INFO  com.qczy.filter.JwtAuthenticationTokenFilter - authenticated user:admin
2026-01-14 21:00:54.438 [taskScheduler-7] INFO  c.q.federated.service.FederatedCoordinatorService - Marked 1 nodes as inactive
2026-01-14 21:00:58.872 [http-nio-8081-exec-2] INFO  com.qczy.filter.JwtAuthenticationTokenFilter - checking username:admin
2026-01-14 21:00:58.876 [http-nio-8081-exec-2] INFO  com.qczy.filter.JwtAuthenticationTokenFilter - authenticated user:admin
2026-01-14 21:00:59.447 [taskScheduler-7] INFO  c.q.federated.service.FederatedCoordinatorService - Marked 1 nodes as inactive
2026-01-14 21:01:03.887 [http-nio-8081-exec-7] INFO  com.qczy.filter.JwtAuthenticationTokenFilter - checking username:admin
2026-01-14 21:01:03.889 [http-nio-8081-exec-4] INFO  com.qczy.filter.JwtAuthenticationTokenFilter - checking username:admin
2026-01-14 21:01:03.891 [http-nio-8081-exec-7] INFO  com.qczy.filter.JwtAuthenticationTokenFilter - authenticated user:admin
2026-01-14 21:01:03.893 [http-nio-8081-exec-4] INFO  com.qczy.filter.JwtAuthenticationTokenFilter - authenticated user:admin
2026-01-14 21:01:04.452 [taskScheduler-7] INFO  c.q.federated.service.FederatedCoordinatorService - Marked 1 nodes as inactive
2026-01-14 21:01:08.876 [http-nio-8081-exec-8] INFO  com.qczy.filter.JwtAuthenticationTokenFilter - checking username:admin
2026-01-14 21:01:08.879 [http-nio-8081-exec-8] INFO  com.qczy.filter.JwtAuthenticationTokenFilter - authenticated user:admin
2026-01-14 21:01:09.469 [taskScheduler-7] INFO  c.q.federated.service.FederatedCoordinatorService - Marked 1 nodes as inactive
2026-01-14 21:01:13.885 [http-nio-8081-exec-3] INFO  com.qczy.filter.JwtAuthenticationTokenFilter - checking username:admin
2026-01-14 21:01:13.887 [http-nio-8081-exec-9] INFO  com.qczy.filter.JwtAuthenticationTokenFilter - checking username:admin
2026-01-14 21:01:13.888 [http-nio-8081-exec-3] INFO  com.qczy.filter.JwtAuthenticationTokenFilter - authenticated user:admin
2026-01-14 21:01:13.891 [http-nio-8081-exec-9] INFO  com.qczy.filter.JwtAuthenticationTokenFilter - authenticated user:admin
2026-01-14 21:01:14.485 [taskScheduler-7] INFO  c.q.federated.service.FederatedCoordinatorService - Marked 1 nodes as inactive
2026-01-14 21:01:18.883 [http-nio-8081-exec-6] INFO  com.qczy.filter.JwtAuthenticationTokenFilter - checking username:admin
2026-01-14 21:01:18.887 [http-nio-8081-exec-6] INFO  com.qczy.filter.JwtAuthenticationTokenFilter - authenticated user:admin
2026-01-14 21:01:19.495 [taskScheduler-7] INFO  c.q.federated.service.FederatedCoordinatorService - Marked 1 nodes as inactive
2026-01-14 21:01:23.874 [http-nio-8081-exec-5] INFO  com.qczy.filter.JwtAuthenticationTokenFilter - checking username:admin
2026-01-14 21:01:23.878 [http-nio-8081-exec-1] INFO  com.qczy.filter.JwtAuthenticationTokenFilter - checking username:admin
2026-01-14 21:01:23.879 [http-nio-8081-exec-5] INFO  com.qczy.filter.JwtAuthenticationTokenFilter - authenticated user:admin
2026-01-14 21:01:23.882 [http-nio-8081-exec-1] INFO  com.qczy.filter.JwtAuthenticationTokenFilter - authenticated user:admin
2026-01-14 21:01:24.514 [taskScheduler-7] INFO  c.q.federated.service.FederatedCoordinatorService - Marked 1 nodes as inactive
2026-01-14 21:01:28.876 [http-nio-8081-exec-10] INFO  com.qczy.filter.JwtAuthenticationTokenFilter - checking username:admin
2026-01-14 21:01:28.879 [http-nio-8081-exec-10] INFO  com.qczy.filter.JwtAuthenticationTokenFilter - authenticated user:admin
2026-01-14 21:01:29.521 [taskScheduler-7] INFO  c.q.federated.service.FederatedCoordinatorService - Marked 1 nodes as inactive
2026-01-14 21:01:33.875 [http-nio-8081-exec-2] INFO  com.qczy.filter.JwtAuthenticationTokenFilter - checking username:admin
2026-01-14 21:01:33.877 [http-nio-8081-exec-7] INFO  com.qczy.filter.JwtAuthenticationTokenFilter - checking username:admin
2026-01-14 21:01:33.878 [http-nio-8081-exec-2] INFO  com.qczy.filter.JwtAuthenticationTokenFilter - authenticated user:admin
2026-01-14 21:01:33.880 [http-nio-8081-exec-7] INFO  com.qczy.filter.JwtAuthenticationTokenFilter - authenticated user:admin
2026-01-14 21:01:34.527 [taskScheduler-7] INFO  c.q.federated.service.FederatedCoordinatorService - Marked 1 nodes as inactive
2026-01-14 21:01:38.874 [http-nio-8081-exec-4] INFO  com.qczy.filter.JwtAuthenticationTokenFilter - checking username:admin
2026-01-14 21:01:38.877 [http-nio-8081-exec-4] INFO  com.qczy.filter.JwtAuthenticationTokenFilter - authenticated user:admin
2026-01-14 21:01:39.542 [taskScheduler-7] INFO  c.q.federated.service.FederatedCoordinatorService - Marked 1 nodes as inactive
2026-01-14 21:01:43.880 [http-nio-8081-exec-8] INFO  com.qczy.filter.JwtAuthenticationTokenFilter - checking username:admin
2026-01-14 21:01:43.883 [http-nio-8081-exec-3] INFO  com.qczy.filter.JwtAuthenticationTokenFilter - checking username:admin
2026-01-14 21:01:43.884 [http-nio-8081-exec-8] INFO  com.qczy.filter.JwtAuthenticationTokenFilter - authenticated user:admin
2026-01-14 21:01:43.887 [http-nio-8081-exec-3] INFO  com.qczy.filter.JwtAuthenticationTokenFilter - authenticated user:admin
2026-01-14 21:01:44.550 [taskScheduler-7] INFO  c.q.federated.service.FederatedCoordinatorService - Marked 1 nodes as inactive
2026-01-14 21:01:49.565 [taskScheduler-7] INFO  c.q.federated.service.FederatedCoordinatorService - Marked 1 nodes as inactive
2026-01-14 21:01:54.584 [taskScheduler-7] INFO  c.q.federated.service.FederatedCoordinatorService - Marked 1 nodes as inactive
2026-01-14 21:01:56.877 [http-nio-8081-exec-9] INFO  com.qczy.filter.JwtAuthenticationTokenFilter - checking username:admin
2026-01-14 21:01:56.877 [http-nio-8081-exec-6] INFO  com.qczy.filter.JwtAuthenticationTokenFilter - checking username:admin
2026-01-14 21:01:56.880 [http-nio-8081-exec-6] INFO  com.qczy.filter.JwtAuthenticationTokenFilter - authenticated user:admin
2026-01-14 21:01:56.880 [http-nio-8081-exec-9] INFO  com.qczy.filter.JwtAuthenticationTokenFilter - authenticated user:admin
2026-01-14 21:01:59.590 [taskScheduler-7] INFO  c.q.federated.service.FederatedCoordinatorService - Marked 1 nodes as inactive
2026-01-14 21:02:04.603 [taskScheduler-7] INFO  c.q.federated.service.FederatedCoordinatorService - Marked 1 nodes as inactive
2026-01-14 21:02:09.616 [taskScheduler-7] INFO  c.q.federated.service.FederatedCoordinatorService - Marked 1 nodes as inactive
2026-01-14 21:02:14.624 [taskScheduler-7] INFO  c.q.federated.service.FederatedCoordinatorService - Marked 1 nodes as inactive
2026-01-14 21:02:19.651 [taskScheduler-7] INFO  c.q.federated.service.FederatedCoordinatorService - Marked 1 nodes as inactive
2026-01-14 21:02:24.667 [taskScheduler-7] INFO  c.q.federated.service.FederatedCoordinatorService - Marked 1 nodes as inactive
2026-01-14 21:02:29.675 [taskScheduler-7] INFO  c.q.federated.service.FederatedCoordinatorService - Marked 1 nodes as inactive
2026-01-14 21:02:34.700 [taskScheduler-7] INFO  c.q.federated.service.FederatedCoordinatorService - Marked 1 nodes as inactive
2026-01-14 21:02:39.719 [taskScheduler-7] INFO  c.q.federated.service.FederatedCoordinatorService - Marked 1 nodes as inactive
2026-01-14 21:02:44.727 [taskScheduler-7] INFO  c.q.federated.service.FederatedCoordinatorService - Marked 1 nodes as inactive
2026-01-14 21:02:49.735 [taskScheduler-7] INFO  c.q.federated.service.FederatedCoordinatorService - Marked 1 nodes as inactive
2026-01-14 21:02:54.750 [taskScheduler-7] INFO  c.q.federated.service.FederatedCoordinatorService - Marked 1 nodes as inactive
2026-01-14 21:02:56.878 [http-nio-8081-exec-5] INFO  com.qczy.filter.JwtAuthenticationTokenFilter - checking username:admin
2026-01-14 21:02:56.878 [http-nio-8081-exec-1] INFO  com.qczy.filter.JwtAuthenticationTokenFilter - checking username:admin
2026-01-14 21:02:56.882 [http-nio-8081-exec-1] INFO  com.qczy.filter.JwtAuthenticationTokenFilter - authenticated user:admin
2026-01-14 21:02:56.882 [http-nio-8081-exec-5] INFO  com.qczy.filter.JwtAuthenticationTokenFilter - authenticated user:admin
2026-01-14 21:02:59.760 [taskScheduler-7] INFO  c.q.federated.service.FederatedCoordinatorService - Marked 1 nodes as inactive
2026-01-14 21:03:04.776 [taskScheduler-7] INFO  c.q.federated.service.FederatedCoordinatorService - Marked 1 nodes as inactive
2026-01-14 21:03:09.797 [taskScheduler-7] INFO  c.q.federated.service.FederatedCoordinatorService - Marked 1 nodes as inactive
2026-01-14 21:03:14.815 [taskScheduler-7] INFO  c.q.federated.service.FederatedCoordinatorService - Marked 1 nodes as inactive
2026-01-14 21:03:19.834 [taskScheduler-7] INFO  c.q.federated.service.FederatedCoordinatorService - Marked 1 nodes as inactive
2026-01-14 21:03:24.841 [taskScheduler-7] INFO  c.q.federated.service.FederatedCoordinatorService - Marked 1 nodes as inactive
2026-01-14 21:03:29.849 [taskScheduler-7] INFO  c.q.federated.service.FederatedCoordinatorService - Marked 1 nodes as inactive
2026-01-14 21:03:34.864 [taskScheduler-7] INFO  c.q.federated.service.FederatedCoordinatorService - Marked 1 nodes as inactive
2026-01-14 21:03:39.878 [taskScheduler-7] INFO  c.q.federated.service.FederatedCoordinatorService - Marked 1 nodes as inactive
2026-01-14 21:03:44.897 [taskScheduler-7] INFO  c.q.federated.service.FederatedCoordinatorService - Marked 1 nodes as inactive
2026-01-14 21:03:49.910 [taskScheduler-7] INFO  c.q.federated.service.FederatedCoordinatorService - Marked 1 nodes as inactive
2026-01-14 21:03:54.922 [taskScheduler-7] INFO  c.q.federated.service.FederatedCoordinatorService - Marked 1 nodes as inactive
2026-01-14 21:03:56.883 [http-nio-8081-exec-10] INFO  com.qczy.filter.JwtAuthenticationTokenFilter - checking username:admin
2026-01-14 21:03:56.883 [http-nio-8081-exec-2] INFO  com.qczy.filter.JwtAuthenticationTokenFilter - checking username:admin
2026-01-14 21:03:56.888 [http-nio-8081-exec-10] INFO  com.qczy.filter.JwtAuthenticationTokenFilter - authenticated user:admin
2026-01-14 21:03:56.888 [http-nio-8081-exec-2] INFO  com.qczy.filter.JwtAuthenticationTokenFilter - authenticated user:admin
2026-01-14 21:03:59.941 [taskScheduler-7] INFO  c.q.federated.service.FederatedCoordinatorService - Marked 1 nodes as inactive
2026-01-14 21:04:04.951 [taskScheduler-7] INFO  c.q.federated.service.FederatedCoordinatorService - Marked 1 nodes as inactive
2026-01-14 21:04:09.961 [taskScheduler-7] INFO  c.q.federated.service.FederatedCoordinatorService - Marked 1 nodes as inactive
2026-01-14 21:04:14.970 [taskScheduler-7] INFO  c.q.federated.service.FederatedCoordinatorService - Marked 1 nodes as inactive
2026-01-14 21:04:19.982 [taskScheduler-7] INFO  c.q.federated.service.FederatedCoordinatorService - Marked 1 nodes as inactive
2026-01-14 21:04:24.999 [taskScheduler-7] INFO  c.q.federated.service.FederatedCoordinatorService - Marked 1 nodes as inactive
2026-01-14 21:04:30.014 [taskScheduler-7] INFO  c.q.federated.service.FederatedCoordinatorService - Marked 1 nodes as inactive
2026-01-14 21:04:35.032 [taskScheduler-7] INFO  c.q.federated.service.FederatedCoordinatorService - Marked 1 nodes as inactive
2026-01-14 21:04:40.048 [taskScheduler-7] INFO  c.q.federated.service.FederatedCoordinatorService - Marked 1 nodes as inactive
2026-01-14 21:04:45.068 [taskScheduler-7] INFO  c.q.federated.service.FederatedCoordinatorService - Marked 1 nodes as inactive
2026-01-14 21:04:50.087 [taskScheduler-7] INFO  c.q.federated.service.FederatedCoordinatorService - Marked 1 nodes as inactive
2026-01-14 21:05:16.266 [main] INFO  com.qczy.MyApplication - Starting MyApplication on DESKTOP-MVT8OQB with PID 18100 (D:\PROJECT\ELEC_1126\back\datamark-admin\target\classes started by Administrator in D:\PROJECT\ELEC_1126\back\datamark-admin)
2026-01-14 21:05:16.269 [main] INFO  com.qczy.MyApplication - The following profiles are active: test
2026-01-14 21:05:19.501 [main] INFO  o.s.c.s.PostProcessorRegistrationDelegate$BeanPostProcessorChecker - Bean 'asyncConfig' of type [com.qczy.config.AsyncConfig$$EnhancerBySpringCGLIB$$6ec63a3d] is not eligible for getting processed by all BeanPostProcessors (for example: not eligible for auto-proxying)
2026-01-14 21:05:19.686 [main] INFO  o.s.c.s.PostProcessorRegistrationDelegate$BeanPostProcessorChecker - Bean 'org.springframework.transaction.annotation.ProxyTransactionManagementConfiguration' of type [org.springframework.transaction.annotation.ProxyTransactionManagementConfiguration] is not eligible for getting processed by all BeanPostProcessors (for example: not eligible for auto-proxying)
2026-01-14 21:05:19.994 [main] INFO  o.s.c.s.PostProcessorRegistrationDelegate$BeanPostProcessorChecker - Bean 'org.springframework.security.config.annotation.configuration.ObjectPostProcessorConfiguration' of type [org.springframework.security.config.annotation.configuration.ObjectPostProcessorConfiguration] is not eligible for getting processed by all BeanPostProcessors (for example: not eligible for auto-proxying)
2026-01-14 21:05:20.000 [main] INFO  o.s.c.s.PostProcessorRegistrationDelegate$BeanPostProcessorChecker - Bean 'objectPostProcessor' of type [org.springframework.security.config.annotation.configuration.AutowireBeanFactoryObjectPostProcessor] is not eligible for getting processed by all BeanPostProcessors (for example: not eligible for auto-proxying)
2026-01-14 21:05:20.007 [main] INFO  o.s.c.s.PostProcessorRegistrationDelegate$BeanPostProcessorChecker - Bean 'org.springframework.security.access.expression.method.DefaultMethodSecurityExpressionHandler@298f0a0b' of type [org.springframework.security.access.expression.method.DefaultMethodSecurityExpressionHandler] is not eligible for getting processed by all BeanPostProcessors (for example: not eligible for auto-proxying)
2026-01-14 21:05:20.009 [main] INFO  o.s.c.s.PostProcessorRegistrationDelegate$BeanPostProcessorChecker - Bean 'org.springframework.security.config.annotation.method.configuration.GlobalMethodSecurityConfiguration' of type [org.springframework.security.config.annotation.method.configuration.GlobalMethodSecurityConfiguration] is not eligible for getting processed by all BeanPostProcessors (for example: not eligible for auto-proxying)
2026-01-14 21:05:20.029 [main] INFO  o.s.c.s.PostProcessorRegistrationDelegate$BeanPostProcessorChecker - Bean 'methodSecurityMetadataSource' of type [org.springframework.security.access.method.DelegatingMethodSecurityMetadataSource] is not eligible for getting processed by all BeanPostProcessors (for example: not eligible for auto-proxying)
2026-01-14 21:05:21.078 [main] INFO  o.s.boot.web.embedded.tomcat.TomcatWebServer - Tomcat initialized with port(s): 8081 (http)
2026-01-14 21:05:21.106 [main] INFO  org.apache.coyote.http11.Http11NioProtocol - Initializing ProtocolHandler ["http-nio-8081"]
2026-01-14 21:05:21.107 [main] INFO  org.apache.catalina.core.StandardService - Starting service [Tomcat]
2026-01-14 21:05:21.109 [main] INFO  org.apache.catalina.core.StandardEngine - Starting Servlet engine: [Apache Tomcat/9.0.27]
2026-01-14 21:05:21.283 [main] INFO  o.a.c.core.ContainerBase.[Tomcat].[localhost].[/] - Initializing Spring embedded WebApplicationContext
2026-01-14 21:05:21.284 [main] INFO  org.springframework.web.context.ContextLoader - Root WebApplicationContext: initialization completed in 4900 ms
2026-01-14 21:05:27.730 [main] INFO  com.zaxxer.hikari.HikariDataSource - HikariPool-1 - Starting...
2026-01-14 21:05:27.934 [main] INFO  com.zaxxer.hikari.HikariDataSource - HikariPool-1 - Start completed.
2026-01-14 21:05:28.173 [main] INFO  c.q.federated.service.FederatedCoordinatorService - Loaded 2 nodes from database
2026-01-14 21:05:28.261 [main] INFO  c.q.federated.service.FederatedCoordinatorService - Loaded 5 jobs from database
2026-01-14 21:05:28.881 [main] INFO  o.s.scheduling.concurrent.ThreadPoolTaskExecutor - Initializing ExecutorService
2026-01-14 21:05:28.883 [main] INFO  o.s.scheduling.concurrent.ThreadPoolTaskExecutor - Initializing ExecutorService 'asyncExecutor'
2026-01-14 21:05:28.957 [main] INFO  o.s.scheduling.concurrent.ThreadPoolTaskScheduler - Initializing ExecutorService
2026-01-14 21:05:28.960 [main] INFO  o.s.scheduling.concurrent.ThreadPoolTaskScheduler - Initializing ExecutorService 'taskScheduler'
2026-01-14 21:05:29.296 [main] INFO  s.d.s.w.PropertySourcedRequestMappingHandlerMapping - Mapped URL path [/v2/api-docs] onto method [springfox.documentation.swagger2.web.Swagger2Controller#getDocumentation(String, HttpServletRequest)]
2026-01-14 21:05:29.437 [main] INFO  o.s.security.web.DefaultSecurityFilterChain - Creating filter chain: any request, [org.springframework.security.web.context.request.async.WebAsyncManagerIntegrationFilter@7db162f2, org.springframework.security.web.context.SecurityContextPersistenceFilter@44492c06, org.springframework.security.web.header.HeaderWriterFilter@254e9709, org.springframework.web.filter.CorsFilter@64f3991e, org.springframework.security.web.authentication.logout.LogoutFilter@794cb26b, com.qczy.filter.JwtAuthenticationTokenFilter@65ef48f2, org.springframework.security.web.savedrequest.RequestCacheAwareFilter@5c1c9881, org.springframework.security.web.servletapi.SecurityContextHolderAwareRequestFilter@4ffa7041, org.springframework.security.web.authentication.AnonymousAuthenticationFilter@39e3ea78, org.springframework.security.web.session.SessionManagementFilter@1c2096c6, org.springframework.security.web.access.ExceptionTranslationFilter@2673487b, org.springframework.security.web.access.intercept.FilterSecurityInterceptor@70543cae]
2026-01-14 21:05:29.929 [main] INFO  s.d.s.web.plugins.DocumentationPluginsBootstrapper - Context refreshed
2026-01-14 21:05:30.059 [main] INFO  s.d.s.web.plugins.DocumentationPluginsBootstrapper - Found 1 custom documentation plugin(s)
2026-01-14 21:05:30.205 [main] INFO  s.d.s.web.plugins.DocumentationPluginsBootstrapper - Skipping initializing disabled plugin bean swagger v2.0
2026-01-14 21:05:30.388 [main] INFO  org.apache.coyote.http11.Http11NioProtocol - Starting ProtocolHandler ["http-nio-8081"]
2026-01-14 21:05:30.568 [main] INFO  o.s.boot.web.embedded.tomcat.TomcatWebServer - Tomcat started on port(s): 8081 (http) with context path ''
2026-01-14 21:05:30.879 [taskScheduler-1] INFO  c.q.federated.service.FederatedCoordinatorService - Marked 1 nodes as inactive
2026-01-14 21:05:30.938 [main] INFO  com.qczy.MyApplication - Started MyApplication in 16.0 seconds (JVM running for 16.563)
2026-01-14 21:05:35.946 [taskScheduler-3] INFO  c.q.federated.service.FederatedCoordinatorService - Marked 1 nodes as inactive
2026-01-14 21:05:40.963 [taskScheduler-1] INFO  c.q.federated.service.FederatedCoordinatorService - Marked 1 nodes as inactive
2026-01-14 21:05:45.971 [taskScheduler-2] INFO  c.q.federated.service.FederatedCoordinatorService - Marked 1 nodes as inactive
2026-01-14 21:05:50.983 [taskScheduler-5] INFO  c.q.federated.service.FederatedCoordinatorService - Marked 1 nodes as inactive
2026-01-14 21:05:55.997 [taskScheduler-1] INFO  c.q.federated.service.FederatedCoordinatorService - Marked 1 nodes as inactive
2026-01-14 21:05:56.971 [http-nio-8081-exec-8] INFO  o.a.c.core.ContainerBase.[Tomcat].[localhost].[/] - Initializing Spring DispatcherServlet 'dispatcherServlet'
2026-01-14 21:05:56.972 [http-nio-8081-exec-8] INFO  org.springframework.web.servlet.DispatcherServlet - Initializing Servlet 'dispatcherServlet'
2026-01-14 21:05:56.994 [http-nio-8081-exec-8] INFO  org.springframework.web.servlet.DispatcherServlet - Completed initialization in 22 ms
2026-01-14 21:05:57.179 [http-nio-8081-exec-8] INFO  com.qczy.filter.JwtAuthenticationTokenFilter - checking username:admin
2026-01-14 21:05:57.179 [http-nio-8081-exec-1] INFO  com.qczy.filter.JwtAuthenticationTokenFilter - checking username:admin
2026-01-14 21:05:57.248 [http-nio-8081-exec-8] INFO  com.qczy.filter.JwtAuthenticationTokenFilter - authenticated user:admin
2026-01-14 21:05:57.248 [http-nio-8081-exec-1] INFO  com.qczy.filter.JwtAuthenticationTokenFilter - authenticated user:admin
2026-01-14 21:06:01.011 [taskScheduler-3] INFO  c.q.federated.service.FederatedCoordinatorService - Marked 1 nodes as inactive
2026-01-14 21:06:06.030 [taskScheduler-7] INFO  c.q.federated.service.FederatedCoordinatorService - Marked 1 nodes as inactive
2026-01-14 21:06:11.050 [taskScheduler-7] INFO  c.q.federated.service.FederatedCoordinatorService - Marked 1 nodes as inactive
2026-01-14 21:06:16.057 [taskScheduler-7] INFO  c.q.federated.service.FederatedCoordinatorService - Marked 1 nodes as inactive
2026-01-14 21:06:21.067 [taskScheduler-7] INFO  c.q.federated.service.FederatedCoordinatorService - Marked 1 nodes as inactive
2026-01-14 21:06:26.082 [taskScheduler-7] INFO  c.q.federated.service.FederatedCoordinatorService - Marked 1 nodes as inactive
2026-01-14 21:06:31.094 [taskScheduler-7] INFO  c.q.federated.service.FederatedCoordinatorService - Marked 1 nodes as inactive
2026-01-14 21:06:36.104 [taskScheduler-7] INFO  c.q.federated.service.FederatedCoordinatorService - Marked 1 nodes as inactive
2026-01-14 21:06:41.119 [taskScheduler-7] INFO  c.q.federated.service.FederatedCoordinatorService - Marked 1 nodes as inactive
2026-01-14 21:06:46.142 [taskScheduler-7] INFO  c.q.federated.service.FederatedCoordinatorService - Marked 1 nodes as inactive
2026-01-14 21:06:51.162 [taskScheduler-7] INFO  c.q.federated.service.FederatedCoordinatorService - Marked 1 nodes as inactive
2026-01-14 21:06:56.178 [taskScheduler-7] INFO  c.q.federated.service.FederatedCoordinatorService - Marked 1 nodes as inactive
2026-01-14 21:06:56.873 [http-nio-8081-exec-7] INFO  com.qczy.filter.JwtAuthenticationTokenFilter - checking username:admin
2026-01-14 21:06:56.873 [http-nio-8081-exec-4] INFO  com.qczy.filter.JwtAuthenticationTokenFilter - checking username:admin
2026-01-14 21:06:56.881 [http-nio-8081-exec-4] INFO  com.qczy.filter.JwtAuthenticationTokenFilter - authenticated user:admin
2026-01-14 21:06:56.881 [http-nio-8081-exec-7] INFO  com.qczy.filter.JwtAuthenticationTokenFilter - authenticated user:admin
2026-01-14 21:07:01.199 [taskScheduler-7] INFO  c.q.federated.service.FederatedCoordinatorService - Marked 1 nodes as inactive
2026-01-14 21:07:06.210 [taskScheduler-7] INFO  c.q.federated.service.FederatedCoordinatorService - Marked 1 nodes as inactive
2026-01-14 21:07:11.227 [taskScheduler-7] INFO  c.q.federated.service.FederatedCoordinatorService - Marked 1 nodes as inactive
2026-01-14 21:07:16.248 [taskScheduler-7] INFO  c.q.federated.service.FederatedCoordinatorService - Marked 1 nodes as inactive
2026-01-14 21:07:21.260 [taskScheduler-7] INFO  c.q.federated.service.FederatedCoordinatorService - Marked 1 nodes as inactive
2026-01-14 21:07:26.277 [taskScheduler-7] INFO  c.q.federated.service.FederatedCoordinatorService - Marked 1 nodes as inactive
2026-01-14 21:07:31.297 [taskScheduler-7] INFO  c.q.federated.service.FederatedCoordinatorService - Marked 1 nodes as inactive
2026-01-14 21:07:36.311 [taskScheduler-7] INFO  c.q.federated.service.FederatedCoordinatorService - Marked 1 nodes as inactive
2026-01-14 21:07:39.248 [http-nio-8081-exec-3] INFO  com.qczy.filter.JwtAuthenticationTokenFilter - checking username:admin
2026-01-14 21:07:39.254 [http-nio-8081-exec-3] INFO  com.qczy.filter.JwtAuthenticationTokenFilter - authenticated user:admin
2026-01-14 21:07:39.269 [http-nio-8081-exec-10] INFO  com.qczy.filter.JwtAuthenticationTokenFilter - checking username:admin
2026-01-14 21:07:39.281 [http-nio-8081-exec-10] INFO  com.qczy.filter.JwtAuthenticationTokenFilter - authenticated user:admin
2026-01-14 21:07:41.328 [taskScheduler-7] INFO  c.q.federated.service.FederatedCoordinatorService - Marked 1 nodes as inactive
2026-01-14 21:07:43.517 [http-nio-8081-exec-9] INFO  com.qczy.filter.JwtAuthenticationTokenFilter - checking username:admin
2026-01-14 21:07:43.519 [http-nio-8081-exec-6] INFO  com.qczy.filter.JwtAuthenticationTokenFilter - checking username:admin
2026-01-14 21:07:43.525 [http-nio-8081-exec-9] INFO  com.qczy.filter.JwtAuthenticationTokenFilter - authenticated user:admin
2026-01-14 21:07:43.527 [http-nio-8081-exec-6] INFO  com.qczy.filter.JwtAuthenticationTokenFilter - authenticated user:admin
2026-01-14 21:07:46.333 [taskScheduler-7] INFO  c.q.federated.service.FederatedCoordinatorService - Marked 1 nodes as inactive
2026-01-14 21:07:48.526 [http-nio-8081-exec-5] INFO  com.qczy.filter.JwtAuthenticationTokenFilter - checking username:admin
2026-01-14 21:07:48.530 [http-nio-8081-exec-5] INFO  com.qczy.filter.JwtAuthenticationTokenFilter - authenticated user:admin
2026-01-14 21:07:51.340 [taskScheduler-7] INFO  c.q.federated.service.FederatedCoordinatorService - Marked 1 nodes as inactive
2026-01-14 21:07:53.222 [http-nio-8081-exec-2] INFO  com.qczy.filter.JwtAuthenticationTokenFilter - checking username:admin
2026-01-14 21:07:53.230 [http-nio-8081-exec-2] INFO  com.qczy.filter.JwtAuthenticationTokenFilter - authenticated user:admin
2026-01-14 21:07:53.513 [http-nio-8081-exec-1] INFO  com.qczy.filter.JwtAuthenticationTokenFilter - checking username:admin
2026-01-14 21:07:53.514 [http-nio-8081-exec-8] INFO  com.qczy.filter.JwtAuthenticationTokenFilter - checking username:admin
2026-01-14 21:07:53.518 [http-nio-8081-exec-1] INFO  com.qczy.filter.JwtAuthenticationTokenFilter - authenticated user:admin
2026-01-14 21:07:53.520 [http-nio-8081-exec-8] INFO  com.qczy.filter.JwtAuthenticationTokenFilter - authenticated user:admin
2026-01-14 21:07:54.135 [http-nio-8081-exec-4] INFO  com.qczy.filter.JwtAuthenticationTokenFilter - checking username:admin
2026-01-14 21:07:54.139 [http-nio-8081-exec-4] INFO  com.qczy.filter.JwtAuthenticationTokenFilter - authenticated user:admin
2026-01-14 21:07:56.362 [taskScheduler-7] INFO  c.q.federated.service.FederatedCoordinatorService - Marked 1 nodes as inactive
2026-01-14 21:07:57.645 [http-nio-8081-exec-3] INFO  com.qczy.filter.JwtAuthenticationTokenFilter - checking username:admin
2026-01-14 21:07:57.651 [http-nio-8081-exec-3] INFO  com.qczy.filter.JwtAuthenticationTokenFilter - authenticated user:admin
2026-01-14 21:07:57.797 [http-nio-8081-exec-3] INFO  c.q.federated.service.FederatedCoordinatorService - Stopped training job: 79f7dba4-befe-4507-a2d9-b7d1b1914a4a
2026-01-14 21:07:57.816 [http-nio-8081-exec-10] INFO  com.qczy.filter.JwtAuthenticationTokenFilter - checking username:admin
2026-01-14 21:07:57.822 [http-nio-8081-exec-10] INFO  com.qczy.filter.JwtAuthenticationTokenFilter - authenticated user:admin
2026-01-14 21:07:58.513 [http-nio-8081-exec-9] INFO  com.qczy.filter.JwtAuthenticationTokenFilter - checking username:admin
2026-01-14 21:07:58.521 [http-nio-8081-exec-9] INFO  com.qczy.filter.JwtAuthenticationTokenFilter - authenticated user:admin
2026-01-14 21:07:59.954 [http-nio-8081-exec-6] INFO  com.qczy.filter.JwtAuthenticationTokenFilter - checking username:admin
2026-01-14 21:07:59.960 [http-nio-8081-exec-6] INFO  com.qczy.filter.JwtAuthenticationTokenFilter - authenticated user:admin
2026-01-14 21:08:01.372 [taskScheduler-7] INFO  c.q.federated.service.FederatedCoordinatorService - Marked 1 nodes as inactive
2026-01-14 21:08:03.516 [http-nio-8081-exec-5] INFO  com.qczy.filter.JwtAuthenticationTokenFilter - checking username:admin
2026-01-14 21:08:03.517 [http-nio-8081-exec-2] INFO  com.qczy.filter.JwtAuthenticationTokenFilter - checking username:admin
2026-01-14 21:08:03.524 [http-nio-8081-exec-5] INFO  com.qczy.filter.JwtAuthenticationTokenFilter - authenticated user:admin
2026-01-14 21:08:03.524 [http-nio-8081-exec-2] INFO  com.qczy.filter.JwtAuthenticationTokenFilter - authenticated user:admin
2026-01-14 21:08:06.378 [taskScheduler-7] INFO  c.q.federated.service.FederatedCoordinatorService - Marked 1 nodes as inactive
2026-01-14 21:08:08.512 [http-nio-8081-exec-1] INFO  com.qczy.filter.JwtAuthenticationTokenFilter - checking username:admin
2026-01-14 21:08:08.517 [http-nio-8081-exec-1] INFO  com.qczy.filter.JwtAuthenticationTokenFilter - authenticated user:admin
2026-01-14 21:08:08.740 [http-nio-8081-exec-8] INFO  com.qczy.filter.JwtAuthenticationTokenFilter - checking username:admin
2026-01-14 21:08:08.746 [http-nio-8081-exec-8] INFO  com.qczy.filter.JwtAuthenticationTokenFilter - authenticated user:admin
2026-01-14 21:08:08.810 [http-nio-8081-exec-8] INFO  c.q.federated.service.FederatedCoordinatorService - Created new training job: a1b9dc08-f695-4378-9513-b96a3dcd7491 with model type: RESNET
2026-01-14 21:08:08.846 [http-nio-8081-exec-4] INFO  com.qczy.filter.JwtAuthenticationTokenFilter - checking username:admin
2026-01-14 21:08:08.854 [http-nio-8081-exec-4] INFO  com.qczy.filter.JwtAuthenticationTokenFilter - authenticated user:admin
2026-01-14 21:08:11.397 [taskScheduler-7] INFO  c.q.federated.service.FederatedCoordinatorService - Marked 1 nodes as inactive
2026-01-14 21:08:13.526 [http-nio-8081-exec-7] INFO  com.qczy.filter.JwtAuthenticationTokenFilter - checking username:admin
2026-01-14 21:08:13.530 [http-nio-8081-exec-3] INFO  com.qczy.filter.JwtAuthenticationTokenFilter - checking username:admin
2026-01-14 21:08:13.534 [http-nio-8081-exec-7] INFO  com.qczy.filter.JwtAuthenticationTokenFilter - authenticated user:admin
2026-01-14 21:08:13.538 [http-nio-8081-exec-3] INFO  com.qczy.filter.JwtAuthenticationTokenFilter - authenticated user:admin
2026-01-14 21:08:16.409 [taskScheduler-7] INFO  c.q.federated.service.FederatedCoordinatorService - Marked 1 nodes as inactive
2026-01-14 21:08:18.526 [http-nio-8081-exec-10] INFO  com.qczy.filter.JwtAuthenticationTokenFilter - checking username:admin
2026-01-14 21:08:18.530 [http-nio-8081-exec-10] INFO  com.qczy.filter.JwtAuthenticationTokenFilter - authenticated user:admin
2026-01-14 21:08:18.735 [http-nio-8081-exec-6] INFO  com.qczy.filter.JwtAuthenticationTokenFilter - checking username:admin
2026-01-14 21:08:18.738 [http-nio-8081-exec-6] INFO  com.qczy.filter.JwtAuthenticationTokenFilter - authenticated user:admin
2026-01-14 21:08:18.813 [http-nio-8081-exec-6] INFO  com.qczy.federated.flower.FlowerServerManager - Remote Flower server started for job: a1b9dc08-f695-4378-9513-b96a3dcd7491 on port: 8094
2026-01-14 21:08:18.818 [http-nio-8081-exec-6] INFO  c.q.federated.service.FederatedCoordinatorService - Started training job: a1b9dc08-f695-4378-9513-b96a3dcd7491 on port: 8094
2026-01-14 21:08:18.846 [http-nio-8081-exec-5] INFO  com.qczy.filter.JwtAuthenticationTokenFilter - checking username:admin
2026-01-14 21:08:18.852 [http-nio-8081-exec-5] INFO  com.qczy.filter.JwtAuthenticationTokenFilter - authenticated user:admin
2026-01-14 21:08:21.426 [taskScheduler-7] INFO  c.q.federated.service.FederatedCoordinatorService - Marked 1 nodes as inactive
2026-01-14 21:08:23.883 [http-nio-8081-exec-2] INFO  com.qczy.filter.JwtAuthenticationTokenFilter - checking username:admin
2026-01-14 21:08:23.885 [http-nio-8081-exec-1] INFO  com.qczy.filter.JwtAuthenticationTokenFilter - checking username:admin
2026-01-14 21:08:23.889 [http-nio-8081-exec-2] INFO  com.qczy.filter.JwtAuthenticationTokenFilter - authenticated user:admin
2026-01-14 21:08:23.890 [http-nio-8081-exec-1] INFO  com.qczy.filter.JwtAuthenticationTokenFilter - authenticated user:admin
2026-01-14 21:08:26.442 [taskScheduler-7] INFO  c.q.federated.service.FederatedCoordinatorService - Marked 1 nodes as inactive
2026-01-14 21:08:28.873 [http-nio-8081-exec-8] INFO  com.qczy.filter.JwtAuthenticationTokenFilter - checking username:admin
2026-01-14 21:08:28.878 [http-nio-8081-exec-8] INFO  com.qczy.filter.JwtAuthenticationTokenFilter - authenticated user:admin
2026-01-14 21:08:31.448 [taskScheduler-7] INFO  c.q.federated.service.FederatedCoordinatorService - Marked 1 nodes as inactive
2026-01-14 21:08:33.883 [http-nio-8081-exec-4] INFO  com.qczy.filter.JwtAuthenticationTokenFilter - checking username:admin
2026-01-14 21:08:33.885 [http-nio-8081-exec-7] INFO  com.qczy.filter.JwtAuthenticationTokenFilter - checking username:admin
2026-01-14 21:08:33.887 [http-nio-8081-exec-4] INFO  com.qczy.filter.JwtAuthenticationTokenFilter - authenticated user:admin
2026-01-14 21:08:33.890 [http-nio-8081-exec-7] INFO  com.qczy.filter.JwtAuthenticationTokenFilter - authenticated user:admin
2026-01-14 21:08:36.458 [taskScheduler-7] INFO  c.q.federated.service.FederatedCoordinatorService - Marked 1 nodes as inactive
2026-01-14 21:08:38.525 [http-nio-8081-exec-3] INFO  com.qczy.filter.JwtAuthenticationTokenFilter - checking username:admin
2026-01-14 21:08:38.531 [http-nio-8081-exec-3] INFO  com.qczy.filter.JwtAuthenticationTokenFilter - authenticated user:admin
2026-01-14 21:08:41.469 [taskScheduler-7] INFO  c.q.federated.service.FederatedCoordinatorService - Marked 1 nodes as inactive
2026-01-14 21:08:43.869 [http-nio-8081-exec-10] INFO  com.qczy.filter.JwtAuthenticationTokenFilter - checking username:admin
2026-01-14 21:08:43.872 [http-nio-8081-exec-9] INFO  com.qczy.filter.JwtAuthenticationTokenFilter - checking username:admin
2026-01-14 21:08:43.876 [http-nio-8081-exec-10] INFO  com.qczy.filter.JwtAuthenticationTokenFilter - authenticated user:admin
2026-01-14 21:08:43.879 [http-nio-8081-exec-9] INFO  com.qczy.filter.JwtAuthenticationTokenFilter - authenticated user:admin
2026-01-14 21:08:46.481 [taskScheduler-7] INFO  c.q.federated.service.FederatedCoordinatorService - Marked 1 nodes as inactive
2026-01-14 21:08:48.876 [http-nio-8081-exec-6] INFO  com.qczy.filter.JwtAuthenticationTokenFilter - checking username:admin
2026-01-14 21:08:48.880 [http-nio-8081-exec-6] INFO  com.qczy.filter.JwtAuthenticationTokenFilter - authenticated user:admin
2026-01-14 21:08:51.493 [taskScheduler-7] INFO  c.q.federated.service.FederatedCoordinatorService - Marked 1 nodes as inactive
2026-01-14 21:08:53.882 [http-nio-8081-exec-5] INFO  com.qczy.filter.JwtAuthenticationTokenFilter - checking username:admin
2026-01-14 21:08:53.884 [http-nio-8081-exec-1] INFO  com.qczy.filter.JwtAuthenticationTokenFilter - checking username:admin
2026-01-14 21:08:53.886 [http-nio-8081-exec-5] INFO  com.qczy.filter.JwtAuthenticationTokenFilter - authenticated user:admin
2026-01-14 21:08:53.888 [http-nio-8081-exec-1] INFO  com.qczy.filter.JwtAuthenticationTokenFilter - authenticated user:admin
2026-01-14 21:08:56.500 [taskScheduler-7] INFO  c.q.federated.service.FederatedCoordinatorService - Marked 1 nodes as inactive
2026-01-14 21:08:58.880 [http-nio-8081-exec-2] INFO  com.qczy.filter.JwtAuthenticationTokenFilter - checking username:admin
2026-01-14 21:08:58.886 [http-nio-8081-exec-2] INFO  com.qczy.filter.JwtAuthenticationTokenFilter - authenticated user:admin
2026-01-14 21:09:01.512 [taskScheduler-7] INFO  c.q.federated.service.FederatedCoordinatorService - Marked 1 nodes as inactive
2026-01-14 21:09:03.872 [http-nio-8081-exec-8] INFO  com.qczy.filter.JwtAuthenticationTokenFilter - checking username:admin
2026-01-14 21:09:03.875 [http-nio-8081-exec-4] INFO  com.qczy.filter.JwtAuthenticationTokenFilter - checking username:admin
2026-01-14 21:09:03.875 [http-nio-8081-exec-8] INFO  com.qczy.filter.JwtAuthenticationTokenFilter - authenticated user:admin
2026-01-14 21:09:03.878 [http-nio-8081-exec-4] INFO  com.qczy.filter.JwtAuthenticationTokenFilter - authenticated user:admin
2026-01-14 21:09:06.531 [taskScheduler-7] INFO  c.q.federated.service.FederatedCoordinatorService - Marked 1 nodes as inactive
2026-01-14 21:09:08.877 [http-nio-8081-exec-7] INFO  com.qczy.filter.JwtAuthenticationTokenFilter - checking username:admin
2026-01-14 21:09:08.882 [http-nio-8081-exec-7] INFO  com.qczy.filter.JwtAuthenticationTokenFilter - authenticated user:admin
2026-01-14 21:09:11.541 [taskScheduler-7] INFO  c.q.federated.service.FederatedCoordinatorService - Marked 1 nodes as inactive
2026-01-14 21:09:13.884 [http-nio-8081-exec-3] INFO  com.qczy.filter.JwtAuthenticationTokenFilter - checking username:admin
2026-01-14 21:09:13.886 [http-nio-8081-exec-10] INFO  com.qczy.filter.JwtAuthenticationTokenFilter - checking username:admin
2026-01-14 21:09:13.889 [http-nio-8081-exec-3] INFO  com.qczy.filter.JwtAuthenticationTokenFilter - authenticated user:admin
2026-01-14 21:09:13.892 [http-nio-8081-exec-10] INFO  com.qczy.filter.JwtAuthenticationTokenFilter - authenticated user:admin
2026-01-14 21:09:16.558 [taskScheduler-7] INFO  c.q.federated.service.FederatedCoordinatorService - Marked 1 nodes as inactive
2026-01-14 21:09:18.883 [http-nio-8081-exec-9] INFO  com.qczy.filter.JwtAuthenticationTokenFilter - checking username:admin
2026-01-14 21:09:18.887 [http-nio-8081-exec-9] INFO  com.qczy.filter.JwtAuthenticationTokenFilter - authenticated user:admin
2026-01-14 21:09:21.574 [taskScheduler-7] INFO  c.q.federated.service.FederatedCoordinatorService - Marked 1 nodes as inactive
2026-01-14 21:09:23.871 [http-nio-8081-exec-6] INFO  com.qczy.filter.JwtAuthenticationTokenFilter - checking username:admin
2026-01-14 21:09:23.874 [http-nio-8081-exec-5] INFO  com.qczy.filter.JwtAuthenticationTokenFilter - checking username:admin
2026-01-14 21:09:23.877 [http-nio-8081-exec-6] INFO  com.qczy.filter.JwtAuthenticationTokenFilter - authenticated user:admin
2026-01-14 21:09:23.879 [http-nio-8081-exec-5] INFO  com.qczy.filter.JwtAuthenticationTokenFilter - authenticated user:admin
2026-01-14 21:09:26.591 [taskScheduler-7] INFO  c.q.federated.service.FederatedCoordinatorService - Marked 1 nodes as inactive
2026-01-14 21:09:28.874 [http-nio-8081-exec-1] INFO  com.qczy.filter.JwtAuthenticationTokenFilter - checking username:admin
2026-01-14 21:09:28.878 [http-nio-8081-exec-1] INFO  com.qczy.filter.JwtAuthenticationTokenFilter - authenticated user:admin
2026-01-14 21:09:31.602 [taskScheduler-7] INFO  c.q.federated.service.FederatedCoordinatorService - Marked 1 nodes as inactive
2026-01-14 21:09:33.874 [http-nio-8081-exec-2] INFO  com.qczy.filter.JwtAuthenticationTokenFilter - checking username:admin
2026-01-14 21:09:33.874 [http-nio-8081-exec-8] INFO  com.qczy.filter.JwtAuthenticationTokenFilter - checking username:admin
2026-01-14 21:09:33.897 [http-nio-8081-exec-2] INFO  com.qczy.filter.JwtAuthenticationTokenFilter - authenticated user:admin
2026-01-14 21:09:33.899 [http-nio-8081-exec-8] INFO  com.qczy.filter.JwtAuthenticationTokenFilter - authenticated user:admin
2026-01-14 21:09:36.610 [taskScheduler-7] INFO  c.q.federated.service.FederatedCoordinatorService - Marked 1 nodes as inactive
2026-01-14 21:09:38.882 [http-nio-8081-exec-4] INFO  com.qczy.filter.JwtAuthenticationTokenFilter - checking username:admin
2026-01-14 21:09:38.887 [http-nio-8081-exec-4] INFO  com.qczy.filter.JwtAuthenticationTokenFilter - authenticated user:admin
2026-01-14 21:09:41.625 [taskScheduler-7] INFO  c.q.federated.service.FederatedCoordinatorService - Marked 1 nodes as inactive
2026-01-14 21:09:46.639 [taskScheduler-7] INFO  c.q.federated.service.FederatedCoordinatorService - Marked 1 nodes as inactive
2026-01-14 21:09:51.647 [taskScheduler-7] INFO  c.q.federated.service.FederatedCoordinatorService - Marked 1 nodes as inactive
2026-01-14 21:09:56.657 [taskScheduler-7] INFO  c.q.federated.service.FederatedCoordinatorService - Marked 1 nodes as inactive
2026-01-14 21:09:56.876 [http-nio-8081-exec-7] INFO  com.qczy.filter.JwtAuthenticationTokenFilter - checking username:admin
2026-01-14 21:09:56.880 [http-nio-8081-exec-3] INFO  com.qczy.filter.JwtAuthenticationTokenFilter - checking username:admin
2026-01-14 21:09:56.881 [http-nio-8081-exec-7] INFO  com.qczy.filter.JwtAuthenticationTokenFilter - authenticated user:admin
2026-01-14 21:09:56.885 [http-nio-8081-exec-3] INFO  com.qczy.filter.JwtAuthenticationTokenFilter - authenticated user:admin
2026-01-14 21:10:01.673 [taskScheduler-7] INFO  c.q.federated.service.FederatedCoordinatorService - Marked 1 nodes as inactive
2026-01-14 21:10:06.691 [taskScheduler-7] INFO  c.q.federated.service.FederatedCoordinatorService - Marked 1 nodes as inactive
2026-01-14 21:10:11.700 [taskScheduler-7] INFO  c.q.federated.service.FederatedCoordinatorService - Marked 1 nodes as inactive
2026-01-14 21:10:16.722 [taskScheduler-7] INFO  c.q.federated.service.FederatedCoordinatorService - Marked 1 nodes as inactive
2026-01-14 21:10:21.740 [taskScheduler-7] INFO  c.q.federated.service.FederatedCoordinatorService - Marked 1 nodes as inactive
2026-01-14 21:10:26.752 [taskScheduler-7] INFO  c.q.federated.service.FederatedCoordinatorService - Marked 1 nodes as inactive
2026-01-14 21:10:31.766 [taskScheduler-7] INFO  c.q.federated.service.FederatedCoordinatorService - Marked 1 nodes as inactive
2026-01-14 21:10:36.776 [taskScheduler-7] INFO  c.q.federated.service.FederatedCoordinatorService - Marked 1 nodes as inactive
2026-01-14 21:10:41.795 [taskScheduler-7] INFO  c.q.federated.service.FederatedCoordinatorService - Marked 1 nodes as inactive
2026-01-14 21:10:46.806 [taskScheduler-7] INFO  c.q.federated.service.FederatedCoordinatorService - Marked 1 nodes as inactive
2026-01-14 21:10:51.819 [taskScheduler-7] INFO  c.q.federated.service.FederatedCoordinatorService - Marked 1 nodes as inactive
2026-01-14 21:10:56.841 [taskScheduler-7] INFO  c.q.federated.service.FederatedCoordinatorService - Marked 1 nodes as inactive
2026-01-14 21:10:56.877 [http-nio-8081-exec-9] INFO  com.qczy.filter.JwtAuthenticationTokenFilter - checking username:admin
2026-01-14 21:10:56.877 [http-nio-8081-exec-10] INFO  com.qczy.filter.JwtAuthenticationTokenFilter - checking username:admin
2026-01-14 21:10:56.880 [http-nio-8081-exec-9] INFO  com.qczy.filter.JwtAuthenticationTokenFilter - authenticated user:admin
2026-01-14 21:10:56.880 [http-nio-8081-exec-10] INFO  com.qczy.filter.JwtAuthenticationTokenFilter - authenticated user:admin
2026-01-14 21:11:01.859 [taskScheduler-7] INFO  c.q.federated.service.FederatedCoordinatorService - Marked 1 nodes as inactive
2026-01-14 21:11:06.868 [taskScheduler-7] INFO  c.q.federated.service.FederatedCoordinatorService - Marked 1 nodes as inactive
2026-01-14 21:11:11.890 [taskScheduler-7] INFO  c.q.federated.service.FederatedCoordinatorService - Marked 1 nodes as inactive
2026-01-14 21:11:16.912 [taskScheduler-7] INFO  c.q.federated.service.FederatedCoordinatorService - Marked 1 nodes as inactive
2026-01-14 21:11:21.921 [taskScheduler-7] INFO  c.q.federated.service.FederatedCoordinatorService - Marked 1 nodes as inactive
2026-01-14 21:11:26.935 [taskScheduler-7] INFO  c.q.federated.service.FederatedCoordinatorService - Marked 1 nodes as inactive
2026-01-14 21:11:31.952 [taskScheduler-7] INFO  c.q.federated.service.FederatedCoordinatorService - Marked 1 nodes as inactive
2026-01-14 21:11:36.960 [taskScheduler-7] INFO  c.q.federated.service.FederatedCoordinatorService - Marked 1 nodes as inactive
2026-01-14 21:11:41.972 [taskScheduler-7] INFO  c.q.federated.service.FederatedCoordinatorService - Marked 1 nodes as inactive
2026-01-14 21:11:46.988 [taskScheduler-7] INFO  c.q.federated.service.FederatedCoordinatorService - Marked 1 nodes as inactive
2026-01-14 21:11:52.001 [taskScheduler-7] INFO  c.q.federated.service.FederatedCoordinatorService - Marked 1 nodes as inactive
2026-01-14 21:11:56.879 [http-nio-8081-exec-6] INFO  com.qczy.filter.JwtAuthenticationTokenFilter - checking username:admin
2026-01-14 21:11:56.879 [http-nio-8081-exec-5] INFO  com.qczy.filter.JwtAuthenticationTokenFilter - checking username:admin
2026-01-14 21:11:56.882 [http-nio-8081-exec-5] INFO  com.qczy.filter.JwtAuthenticationTokenFilter - authenticated user:admin
2026-01-14 21:11:56.882 [http-nio-8081-exec-6] INFO  com.qczy.filter.JwtAuthenticationTokenFilter - authenticated user:admin
2026-01-14 21:11:57.013 [taskScheduler-7] INFO  c.q.federated.service.FederatedCoordinatorService - Marked 1 nodes as inactive
2026-01-14 21:12:02.026 [taskScheduler-7] INFO  c.q.federated.service.FederatedCoordinatorService - Marked 1 nodes as inactive
2026-01-14 21:12:07.033 [taskScheduler-7] INFO  c.q.federated.service.FederatedCoordinatorService - Marked 1 nodes as inactive
2026-01-14 21:12:12.051 [taskScheduler-7] INFO  c.q.federated.service.FederatedCoordinatorService - Marked 1 nodes as inactive
2026-01-14 21:12:17.064 [taskScheduler-7] INFO  c.q.federated.service.FederatedCoordinatorService - Marked 1 nodes as inactive
2026-01-14 21:12:19.826 [http-nio-8081-exec-1] INFO  com.qczy.filter.JwtAuthenticationTokenFilter - checking username:admin
2026-01-14 21:12:19.833 [http-nio-8081-exec-1] INFO  com.qczy.filter.JwtAuthenticationTokenFilter - authenticated user:admin
2026-01-14 21:12:19.846 [http-nio-8081-exec-2] INFO  com.qczy.filter.JwtAuthenticationTokenFilter - checking username:admin
2026-01-14 21:12:19.856 [http-nio-8081-exec-2] INFO  com.qczy.filter.JwtAuthenticationTokenFilter - authenticated user:admin
2026-01-14 21:12:22.070 [taskScheduler-7] INFO  c.q.federated.service.FederatedCoordinatorService - Marked 1 nodes as inactive
2026-01-14 21:12:23.522 [http-nio-8081-exec-8] INFO  com.qczy.filter.JwtAuthenticationTokenFilter - checking username:admin
2026-01-14 21:12:23.528 [http-nio-8081-exec-4] INFO  com.qczy.filter.JwtAuthenticationTokenFilter - checking username:admin
2026-01-14 21:12:23.531 [http-nio-8081-exec-8] INFO  com.qczy.filter.JwtAuthenticationTokenFilter - authenticated user:admin
2026-01-14 21:12:23.541 [http-nio-8081-exec-4] INFO  com.qczy.filter.JwtAuthenticationTokenFilter - authenticated user:admin
2026-01-14 21:12:24.379 [http-nio-8081-exec-7] INFO  com.qczy.filter.JwtAuthenticationTokenFilter - checking username:admin
2026-01-14 21:12:24.383 [http-nio-8081-exec-7] INFO  com.qczy.filter.JwtAuthenticationTokenFilter - authenticated user:admin
2026-01-14 21:12:24.388 [http-nio-8081-exec-7] INFO  c.q.federated.service.FederatedCoordinatorService - Created new training job: 9cb410ef-8e24-4982-87ad-c7a4215631ae with model type: RESNET
2026-01-14 21:12:24.418 [http-nio-8081-exec-3] INFO  com.qczy.filter.JwtAuthenticationTokenFilter - checking username:admin
2026-01-14 21:12:24.422 [http-nio-8081-exec-3] INFO  com.qczy.filter.JwtAuthenticationTokenFilter - authenticated user:admin
2026-01-14 21:12:27.088 [taskScheduler-7] INFO  c.q.federated.service.FederatedCoordinatorService - Marked 1 nodes as inactive
2026-01-14 21:12:28.515 [http-nio-8081-exec-10] INFO  com.qczy.filter.JwtAuthenticationTokenFilter - checking username:admin
2026-01-14 21:12:28.519 [http-nio-8081-exec-10] INFO  com.qczy.filter.JwtAuthenticationTokenFilter - authenticated user:admin
2026-01-14 21:12:30.720 [http-nio-8081-exec-5] INFO  com.qczy.filter.JwtAuthenticationTokenFilter - checking username:admin
2026-01-14 21:12:30.724 [http-nio-8081-exec-5] INFO  com.qczy.filter.JwtAuthenticationTokenFilter - authenticated user:admin
2026-01-14 21:12:30.870 [http-nio-8081-exec-5] INFO  com.qczy.federated.flower.FlowerServerManager - Remote Flower server started for job: 9cb410ef-8e24-4982-87ad-c7a4215631ae on port: 8095
2026-01-14 21:12:30.883 [http-nio-8081-exec-5] INFO  c.q.federated.service.FederatedCoordinatorService - Started training job: 9cb410ef-8e24-4982-87ad-c7a4215631ae on port: 8095
2026-01-14 21:12:30.904 [http-nio-8081-exec-6] INFO  com.qczy.filter.JwtAuthenticationTokenFilter - checking username:admin
2026-01-14 21:12:30.904 [http-nio-8081-exec-6] INFO  com.qczy.filter.JwtAuthenticationTokenFilter - authenticated user:admin
2026-01-14 21:12:32.100 [taskScheduler-7] INFO  c.q.federated.service.FederatedCoordinatorService - Marked 1 nodes as inactive
2026-01-14 21:12:33.885 [http-nio-8081-exec-1] INFO  com.qczy.filter.JwtAuthenticationTokenFilter - checking username:admin
2026-01-14 21:12:33.888 [http-nio-8081-exec-2] INFO  com.qczy.filter.JwtAuthenticationTokenFilter - checking username:admin
2026-01-14 21:12:33.888 [http-nio-8081-exec-1] INFO  com.qczy.filter.JwtAuthenticationTokenFilter - authenticated user:admin
2026-01-14 21:12:33.891 [http-nio-8081-exec-2] INFO  com.qczy.filter.JwtAuthenticationTokenFilter - authenticated user:admin
2026-01-14 21:12:37.120 [taskScheduler-7] INFO  c.q.federated.service.FederatedCoordinatorService - Marked 1 nodes as inactive
2026-01-14 21:12:38.886 [http-nio-8081-exec-8] INFO  com.qczy.filter.JwtAuthenticationTokenFilter - checking username:admin
2026-01-14 21:12:38.886 [http-nio-8081-exec-8] INFO  com.qczy.filter.JwtAuthenticationTokenFilter - authenticated user:admin
2026-01-14 21:12:42.134 [taskScheduler-7] INFO  c.q.federated.service.FederatedCoordinatorService - Marked 1 nodes as inactive
2026-01-14 21:12:43.886 [http-nio-8081-exec-4] INFO  com.qczy.filter.JwtAuthenticationTokenFilter - checking username:admin
2026-01-14 21:12:43.891 [http-nio-8081-exec-4] INFO  com.qczy.filter.JwtAuthenticationTokenFilter - authenticated user:admin
2026-01-14 21:12:43.891 [http-nio-8081-exec-7] INFO  com.qczy.filter.JwtAuthenticationTokenFilter - checking username:admin
2026-01-14 21:12:43.896 [http-nio-8081-exec-7] INFO  com.qczy.filter.JwtAuthenticationTokenFilter - authenticated user:admin
2026-01-14 21:12:47.149 [taskScheduler-7] INFO  c.q.federated.service.FederatedCoordinatorService - Marked 1 nodes as inactive
2026-01-14 21:12:48.887 [http-nio-8081-exec-3] INFO  com.qczy.filter.JwtAuthenticationTokenFilter - checking username:admin
2026-01-14 21:12:48.891 [http-nio-8081-exec-3] INFO  com.qczy.filter.JwtAuthenticationTokenFilter - authenticated user:admin
2026-01-14 21:12:52.166 [taskScheduler-7] INFO  c.q.federated.service.FederatedCoordinatorService - Marked 1 nodes as inactive
2026-01-14 21:12:53.883 [http-nio-8081-exec-10] INFO  com.qczy.filter.JwtAuthenticationTokenFilter - checking username:admin
2026-01-14 21:12:53.885 [http-nio-8081-exec-9] INFO  com.qczy.filter.JwtAuthenticationTokenFilter - checking username:admin
2026-01-14 21:12:53.887 [http-nio-8081-exec-10] INFO  com.qczy.filter.JwtAuthenticationTokenFilter - authenticated user:admin
2026-01-14 21:12:53.888 [http-nio-8081-exec-9] INFO  com.qczy.filter.JwtAuthenticationTokenFilter - authenticated user:admin
2026-01-14 21:12:57.184 [taskScheduler-7] INFO  c.q.federated.service.FederatedCoordinatorService - Marked 1 nodes as inactive
2026-01-14 21:12:58.886 [http-nio-8081-exec-5] INFO  com.qczy.filter.JwtAuthenticationTokenFilter - checking username:admin
2026-01-14 21:12:58.890 [http-nio-8081-exec-5] INFO  com.qczy.filter.JwtAuthenticationTokenFilter - authenticated user:admin
2026-01-14 21:13:02.204 [taskScheduler-7] INFO  c.q.federated.service.FederatedCoordinatorService - Marked 1 nodes as inactive
2026-01-14 21:13:03.876 [http-nio-8081-exec-6] INFO  com.qczy.filter.JwtAuthenticationTokenFilter - checking username:admin
2026-01-14 21:13:03.878 [http-nio-8081-exec-1] INFO  com.qczy.filter.JwtAuthenticationTokenFilter - checking username:admin
2026-01-14 21:13:03.880 [http-nio-8081-exec-6] INFO  com.qczy.filter.JwtAuthenticationTokenFilter - authenticated user:admin
2026-01-14 21:13:03.882 [http-nio-8081-exec-1] INFO  com.qczy.filter.JwtAuthenticationTokenFilter - authenticated user:admin
2026-01-14 21:13:07.216 [taskScheduler-7] INFO  c.q.federated.service.FederatedCoordinatorService - Marked 1 nodes as inactive
2026-01-14 21:13:08.875 [http-nio-8081-exec-2] INFO  com.qczy.filter.JwtAuthenticationTokenFilter - checking username:admin
2026-01-14 21:13:08.878 [http-nio-8081-exec-2] INFO  com.qczy.filter.JwtAuthenticationTokenFilter - authenticated user:admin
2026-01-14 21:13:12.234 [taskScheduler-7] INFO  c.q.federated.service.FederatedCoordinatorService - Marked 1 nodes as inactive
2026-01-14 21:13:13.882 [http-nio-8081-exec-8] INFO  com.qczy.filter.JwtAuthenticationTokenFilter - checking username:admin
2026-01-14 21:13:13.886 [http-nio-8081-exec-4] INFO  com.qczy.filter.JwtAuthenticationTokenFilter - checking username:admin
2026-01-14 21:13:13.887 [http-nio-8081-exec-8] INFO  com.qczy.filter.JwtAuthenticationTokenFilter - authenticated user:admin
2026-01-14 21:13:13.892 [http-nio-8081-exec-4] INFO  com.qczy.filter.JwtAuthenticationTokenFilter - authenticated user:admin
2026-01-14 21:13:17.254 [taskScheduler-7] INFO  c.q.federated.service.FederatedCoordinatorService - Marked 1 nodes as inactive
2026-01-14 21:13:18.879 [http-nio-8081-exec-7] INFO  com.qczy.filter.JwtAuthenticationTokenFilter - checking username:admin
2026-01-14 21:13:18.881 [http-nio-8081-exec-7] INFO  com.qczy.filter.JwtAuthenticationTokenFilter - authenticated user:admin
2026-01-14 21:13:22.267 [taskScheduler-7] INFO  c.q.federated.service.FederatedCoordinatorService - Marked 1 nodes as inactive
2026-01-14 21:13:23.877 [http-nio-8081-exec-3] INFO  com.qczy.filter.JwtAuthenticationTokenFilter - checking username:admin
2026-01-14 21:13:23.879 [http-nio-8081-exec-10] INFO  com.qczy.filter.JwtAuthenticationTokenFilter - checking username:admin
2026-01-14 21:13:23.880 [http-nio-8081-exec-3] INFO  com.qczy.filter.JwtAuthenticationTokenFilter - authenticated user:admin
2026-01-14 21:13:23.885 [http-nio-8081-exec-10] INFO  com.qczy.filter.JwtAuthenticationTokenFilter - authenticated user:admin
2026-01-14 21:13:27.275 [taskScheduler-7] INFO  c.q.federated.service.FederatedCoordinatorService - Marked 1 nodes as inactive
2026-01-14 21:13:28.882 [http-nio-8081-exec-9] INFO  com.qczy.filter.JwtAuthenticationTokenFilter - checking username:admin
2026-01-14 21:13:28.888 [http-nio-8081-exec-9] INFO  com.qczy.filter.JwtAuthenticationTokenFilter - authenticated user:admin
2026-01-14 21:13:32.284 [taskScheduler-7] INFO  c.q.federated.service.FederatedCoordinatorService - Marked 1 nodes as inactive
2026-01-14 21:13:37.299 [taskScheduler-7] INFO  c.q.federated.service.FederatedCoordinatorService - Marked 1 nodes as inactive
2026-01-14 21:13:42.311 [taskScheduler-7] INFO  c.q.federated.service.FederatedCoordinatorService - Marked 1 nodes as inactive
2026-01-14 21:13:47.324 [taskScheduler-7] INFO  c.q.federated.service.FederatedCoordinatorService - Marked 1 nodes as inactive
2026-01-14 21:13:52.341 [taskScheduler-7] INFO  c.q.federated.service.FederatedCoordinatorService - Marked 1 nodes as inactive
2026-01-14 21:13:56.874 [http-nio-8081-exec-5] INFO  com.qczy.filter.JwtAuthenticationTokenFilter - checking username:admin
2026-01-14 21:13:56.878 [http-nio-8081-exec-6] INFO  com.qczy.filter.JwtAuthenticationTokenFilter - checking username:admin
2026-01-14 21:13:56.879 [http-nio-8081-exec-5] INFO  com.qczy.filter.JwtAuthenticationTokenFilter - authenticated user:admin
2026-01-14 21:13:56.883 [http-nio-8081-exec-6] INFO  com.qczy.filter.JwtAuthenticationTokenFilter - authenticated user:admin
2026-01-14 21:13:57.347 [taskScheduler-7] INFO  c.q.federated.service.FederatedCoordinatorService - Marked 1 nodes as inactive
2026-01-14 21:14:02.358 [taskScheduler-7] INFO  c.q.federated.service.FederatedCoordinatorService - Marked 1 nodes as inactive
2026-01-14 21:14:07.373 [taskScheduler-7] INFO  c.q.federated.service.FederatedCoordinatorService - Marked 1 nodes as inactive
2026-01-14 21:14:12.382 [taskScheduler-7] INFO  c.q.federated.service.FederatedCoordinatorService - Marked 1 nodes as inactive
2026-01-14 21:14:17.389 [taskScheduler-7] INFO  c.q.federated.service.FederatedCoordinatorService - Marked 1 nodes as inactive
2026-01-14 21:14:22.394 [taskScheduler-7] INFO  c.q.federated.service.FederatedCoordinatorService - Marked 1 nodes as inactive
2026-01-14 21:14:27.404 [taskScheduler-7] INFO  c.q.federated.service.FederatedCoordinatorService - Marked 1 nodes as inactive
2026-01-14 21:14:32.413 [taskScheduler-7] INFO  c.q.federated.service.FederatedCoordinatorService - Marked 1 nodes as inactive
2026-01-14 21:14:37.429 [taskScheduler-7] INFO  c.q.federated.service.FederatedCoordinatorService - Marked 1 nodes as inactive
2026-01-14 21:14:42.442 [taskScheduler-7] INFO  c.q.federated.service.FederatedCoordinatorService - Marked 1 nodes as inactive
2026-01-14 21:14:47.459 [taskScheduler-7] INFO  c.q.federated.service.FederatedCoordinatorService - Marked 1 nodes as inactive
2026-01-14 21:14:52.480 [taskScheduler-7] INFO  c.q.federated.service.FederatedCoordinatorService - Marked 1 nodes as inactive
2026-01-14 21:14:56.883 [http-nio-8081-exec-1] INFO  com.qczy.filter.JwtAuthenticationTokenFilter - checking username:admin
2026-01-14 21:14:56.883 [http-nio-8081-exec-2] INFO  com.qczy.filter.JwtAuthenticationTokenFilter - checking username:admin
2026-01-14 21:14:56.887 [http-nio-8081-exec-1] INFO  com.qczy.filter.JwtAuthenticationTokenFilter - authenticated user:admin
2026-01-14 21:14:56.887 [http-nio-8081-exec-2] INFO  com.qczy.filter.JwtAuthenticationTokenFilter - authenticated user:admin
2026-01-14 21:14:57.487 [taskScheduler-7] INFO  c.q.federated.service.FederatedCoordinatorService - Marked 1 nodes as inactive
2026-01-14 21:15:02.506 [taskScheduler-7] INFO  c.q.federated.service.FederatedCoordinatorService - Marked 1 nodes as inactive
2026-01-14 21:15:07.516 [taskScheduler-7] INFO  c.q.federated.service.FederatedCoordinatorService - Marked 1 nodes as inactive
2026-01-14 21:15:12.531 [taskScheduler-7] INFO  c.q.federated.service.FederatedCoordinatorService - Marked 1 nodes as inactive
2026-01-14 21:15:17.537 [taskScheduler-7] INFO  c.q.federated.service.FederatedCoordinatorService - Marked 1 nodes as inactive
2026-01-14 21:15:22.544 [taskScheduler-7] INFO  c.q.federated.service.FederatedCoordinatorService - Marked 1 nodes as inactive
2026-01-14 21:15:27.562 [taskScheduler-7] INFO  c.q.federated.service.FederatedCoordinatorService - Marked 1 nodes as inactive
2026-01-14 21:15:32.576 [taskScheduler-7] INFO  c.q.federated.service.FederatedCoordinatorService - Marked 1 nodes as inactive
2026-01-14 21:15:37.595 [taskScheduler-7] INFO  c.q.federated.service.FederatedCoordinatorService - Marked 1 nodes as inactive
2026-01-14 21:15:42.614 [taskScheduler-7] INFO  c.q.federated.service.FederatedCoordinatorService - Marked 1 nodes as inactive
2026-01-14 21:15:47.630 [taskScheduler-7] INFO  c.q.federated.service.FederatedCoordinatorService - Marked 1 nodes as inactive
2026-01-14 21:15:52.645 [taskScheduler-7] INFO  c.q.federated.service.FederatedCoordinatorService - Marked 1 nodes as inactive
2026-01-14 21:15:56.887 [http-nio-8081-exec-4] INFO  com.qczy.filter.JwtAuthenticationTokenFilter - checking username:admin
2026-01-14 21:15:56.887 [http-nio-8081-exec-8] INFO  com.qczy.filter.JwtAuthenticationTokenFilter - checking username:admin
2026-01-14 21:15:56.890 [http-nio-8081-exec-4] INFO  com.qczy.filter.JwtAuthenticationTokenFilter - authenticated user:admin
2026-01-14 21:15:56.890 [http-nio-8081-exec-8] INFO  com.qczy.filter.JwtAuthenticationTokenFilter - authenticated user:admin
2026-01-14 21:15:57.663 [taskScheduler-7] INFO  c.q.federated.service.FederatedCoordinatorService - Marked 1 nodes as inactive
2026-01-14 21:16:02.680 [taskScheduler-7] INFO  c.q.federated.service.FederatedCoordinatorService - Marked 1 nodes as inactive
2026-01-14 21:16:07.694 [taskScheduler-7] INFO  c.q.federated.service.FederatedCoordinatorService - Marked 1 nodes as inactive
2026-01-14 21:16:12.708 [taskScheduler-7] INFO  c.q.federated.service.FederatedCoordinatorService - Marked 1 nodes as inactive
2026-01-14 21:16:17.727 [taskScheduler-7] INFO  c.q.federated.service.FederatedCoordinatorService - Marked 1 nodes as inactive
2026-01-14 21:16:22.738 [taskScheduler-7] INFO  c.q.federated.service.FederatedCoordinatorService - Marked 1 nodes as inactive
2026-01-14 21:16:27.755 [taskScheduler-7] INFO  c.q.federated.service.FederatedCoordinatorService - Marked 1 nodes as inactive
2026-01-14 21:16:32.768 [taskScheduler-7] INFO  c.q.federated.service.FederatedCoordinatorService - Marked 1 nodes as inactive
2026-01-14 21:16:37.779 [taskScheduler-7] INFO  c.q.federated.service.FederatedCoordinatorService - Marked 1 nodes as inactive
2026-01-14 21:16:42.791 [taskScheduler-7] INFO  c.q.federated.service.FederatedCoordinatorService - Marked 1 nodes as inactive
2026-01-14 21:16:47.810 [taskScheduler-7] INFO  c.q.federated.service.FederatedCoordinatorService - Marked 1 nodes as inactive
2026-01-14 21:16:52.831 [taskScheduler-7] INFO  c.q.federated.service.FederatedCoordinatorService - Marked 1 nodes as inactive
2026-01-14 21:16:56.882 [http-nio-8081-exec-3] INFO  com.qczy.filter.JwtAuthenticationTokenFilter - checking username:admin
2026-01-14 21:16:56.882 [http-nio-8081-exec-7] INFO  com.qczy.filter.JwtAuthenticationTokenFilter - checking username:admin
2026-01-14 21:16:56.886 [http-nio-8081-exec-7] INFO  com.qczy.filter.JwtAuthenticationTokenFilter - authenticated user:admin
2026-01-14 21:16:56.886 [http-nio-8081-exec-3] INFO  com.qczy.filter.JwtAuthenticationTokenFilter - authenticated user:admin
2026-01-14 21:16:57.845 [taskScheduler-7] INFO  c.q.federated.service.FederatedCoordinatorService - Marked 1 nodes as inactive
2026-01-14 21:17:02.851 [taskScheduler-7] INFO  c.q.federated.service.FederatedCoordinatorService - Marked 1 nodes as inactive
2026-01-14 21:17:07.859 [taskScheduler-7] INFO  c.q.federated.service.FederatedCoordinatorService - Marked 1 nodes as inactive
2026-01-14 21:17:12.877 [taskScheduler-7] INFO  c.q.federated.service.FederatedCoordinatorService - Marked 1 nodes as inactive
2026-01-14 21:17:17.890 [taskScheduler-7] INFO  c.q.federated.service.FederatedCoordinatorService - Marked 1 nodes as inactive
2026-01-14 21:17:22.910 [taskScheduler-7] INFO  c.q.federated.service.FederatedCoordinatorService - Marked 1 nodes as inactive
2026-01-14 21:17:27.923 [taskScheduler-7] INFO  c.q.federated.service.FederatedCoordinatorService - Marked 1 nodes as inactive
2026-01-14 21:17:32.943 [taskScheduler-7] INFO  c.q.federated.service.FederatedCoordinatorService - Marked 1 nodes as inactive
2026-01-14 21:17:37.955 [taskScheduler-7] INFO  c.q.federated.service.FederatedCoordinatorService - Marked 1 nodes as inactive
2026-01-14 21:17:42.970 [taskScheduler-7] INFO  c.q.federated.service.FederatedCoordinatorService - Marked 1 nodes as inactive
2026-01-14 21:17:47.990 [taskScheduler-7] INFO  c.q.federated.service.FederatedCoordinatorService - Marked 1 nodes as inactive
2026-01-14 21:17:53.009 [taskScheduler-7] INFO  c.q.federated.service.FederatedCoordinatorService - Marked 1 nodes as inactive
2026-01-14 21:17:56.879 [http-nio-8081-exec-9] INFO  com.qczy.filter.JwtAuthenticationTokenFilter - checking username:admin
2026-01-14 21:17:56.879 [http-nio-8081-exec-10] INFO  com.qczy.filter.JwtAuthenticationTokenFilter - checking username:admin
2026-01-14 21:17:56.883 [http-nio-8081-exec-9] INFO  com.qczy.filter.JwtAuthenticationTokenFilter - authenticated user:admin
2026-01-14 21:17:56.883 [http-nio-8081-exec-10] INFO  com.qczy.filter.JwtAuthenticationTokenFilter - authenticated user:admin
2026-01-14 21:17:58.017 [taskScheduler-7] INFO  c.q.federated.service.FederatedCoordinatorService - Marked 1 nodes as inactive
2026-01-14 21:18:03.032 [taskScheduler-7] INFO  c.q.federated.service.FederatedCoordinatorService - Marked 1 nodes as inactive
2026-01-14 21:18:08.050 [taskScheduler-7] INFO  c.q.federated.service.FederatedCoordinatorService - Marked 1 nodes as inactive
2026-01-14 21:18:13.069 [taskScheduler-7] INFO  c.q.federated.service.FederatedCoordinatorService - Marked 1 nodes as inactive
2026-01-14 21:18:18.084 [taskScheduler-7] INFO  c.q.federated.service.FederatedCoordinatorService - Marked 1 nodes as inactive
2026-01-14 21:18:23.091 [taskScheduler-7] INFO  c.q.federated.service.FederatedCoordinatorService - Marked 1 nodes as inactive
2026-01-14 21:18:28.106 [taskScheduler-7] INFO  c.q.federated.service.FederatedCoordinatorService - Marked 1 nodes as inactive
2026-01-14 21:18:33.124 [taskScheduler-7] INFO  c.q.federated.service.FederatedCoordinatorService - Marked 1 nodes as inactive
2026-01-14 21:18:38.133 [taskScheduler-7] INFO  c.q.federated.service.FederatedCoordinatorService - Marked 1 nodes as inactive
2026-01-14 21:18:43.150 [taskScheduler-7] INFO  c.q.federated.service.FederatedCoordinatorService - Marked 1 nodes as inactive
2026-01-14 21:18:48.155 [taskScheduler-7] INFO  c.q.federated.service.FederatedCoordinatorService - Marked 1 nodes as inactive
2026-01-14 21:18:53.172 [taskScheduler-7] INFO  c.q.federated.service.FederatedCoordinatorService - Marked 1 nodes as inactive
2026-01-14 21:18:56.874 [http-nio-8081-exec-5] INFO  com.qczy.filter.JwtAuthenticationTokenFilter - checking username:admin
2026-01-14 21:18:56.874 [http-nio-8081-exec-6] INFO  com.qczy.filter.JwtAuthenticationTokenFilter - checking username:admin
2026-01-14 21:18:56.878 [http-nio-8081-exec-5] INFO  com.qczy.filter.JwtAuthenticationTokenFilter - authenticated user:admin
2026-01-14 21:18:56.878 [http-nio-8081-exec-6] INFO  com.qczy.filter.JwtAuthenticationTokenFilter - authenticated user:admin
2026-01-14 21:18:58.176 [taskScheduler-7] INFO  c.q.federated.service.FederatedCoordinatorService - Marked 1 nodes as inactive
2026-01-14 21:19:03.184 [taskScheduler-7] INFO  c.q.federated.service.FederatedCoordinatorService - Marked 1 nodes as inactive
2026-01-14 21:19:08.190 [taskScheduler-7] INFO  c.q.federated.service.FederatedCoordinatorService - Marked 1 nodes as inactive
2026-01-14 21:19:13.209 [taskScheduler-7] INFO  c.q.federated.service.FederatedCoordinatorService - Marked 1 nodes as inactive
2026-01-14 21:19:18.227 [taskScheduler-7] INFO  c.q.federated.service.FederatedCoordinatorService - Marked 1 nodes as inactive
2026-01-14 21:19:19.291 [http-nio-8081-exec-2] INFO  com.qczy.filter.JwtAuthenticationTokenFilter - checking username:admin
2026-01-14 21:19:19.296 [http-nio-8081-exec-2] INFO  com.qczy.filter.JwtAuthenticationTokenFilter - authenticated user:admin
2026-01-14 21:19:19.316 [http-nio-8081-exec-1] INFO  com.qczy.filter.JwtAuthenticationTokenFilter - checking username:admin
2026-01-14 21:19:19.326 [http-nio-8081-exec-1] INFO  com.qczy.filter.JwtAuthenticationTokenFilter - authenticated user:admin
2026-01-14 21:19:23.240 [taskScheduler-7] INFO  c.q.federated.service.FederatedCoordinatorService - Marked 1 nodes as inactive
2026-01-14 21:19:23.516 [http-nio-8081-exec-4] INFO  com.qczy.filter.JwtAuthenticationTokenFilter - checking username:admin
2026-01-14 21:19:23.520 [http-nio-8081-exec-4] INFO  com.qczy.filter.JwtAuthenticationTokenFilter - authenticated user:admin
2026-01-14 21:19:23.521 [http-nio-8081-exec-8] INFO  com.qczy.filter.JwtAuthenticationTokenFilter - checking username:admin
2026-01-14 21:19:23.526 [http-nio-8081-exec-8] INFO  com.qczy.filter.JwtAuthenticationTokenFilter - authenticated user:admin
2026-01-14 21:19:26.584 [http-nio-8081-exec-3] INFO  com.qczy.filter.JwtAuthenticationTokenFilter - checking username:admin
2026-01-14 21:19:26.587 [http-nio-8081-exec-3] INFO  com.qczy.filter.JwtAuthenticationTokenFilter - authenticated user:admin
2026-01-14 21:19:26.593 [http-nio-8081-exec-3] INFO  c.q.federated.service.FederatedCoordinatorService - Created new training job: d642fac2-54bc-42c3-b979-ec677b8f6651 with model type: RESNET
2026-01-14 21:19:26.628 [http-nio-8081-exec-7] INFO  com.qczy.filter.JwtAuthenticationTokenFilter - checking username:admin
2026-01-14 21:19:26.631 [http-nio-8081-exec-7] INFO  com.qczy.filter.JwtAuthenticationTokenFilter - authenticated user:admin
2026-01-14 21:19:28.256 [taskScheduler-7] INFO  c.q.federated.service.FederatedCoordinatorService - Marked 1 nodes as inactive
2026-01-14 21:19:28.518 [http-nio-8081-exec-9] INFO  com.qczy.filter.JwtAuthenticationTokenFilter - checking username:admin
2026-01-14 21:19:28.522 [http-nio-8081-exec-9] INFO  com.qczy.filter.JwtAuthenticationTokenFilter - authenticated user:admin
2026-01-14 21:19:33.274 [taskScheduler-7] INFO  c.q.federated.service.FederatedCoordinatorService - Marked 1 nodes as inactive
2026-01-14 21:19:33.512 [http-nio-8081-exec-10] INFO  com.qczy.filter.JwtAuthenticationTokenFilter - checking username:admin
2026-01-14 21:19:33.515 [http-nio-8081-exec-5] INFO  com.qczy.filter.JwtAuthenticationTokenFilter - checking username:admin
2026-01-14 21:19:33.516 [http-nio-8081-exec-10] INFO  com.qczy.filter.JwtAuthenticationTokenFilter - authenticated user:admin
2026-01-14 21:19:33.518 [http-nio-8081-exec-5] INFO  com.qczy.filter.JwtAuthenticationTokenFilter - authenticated user:admin
2026-01-14 21:19:33.727 [http-nio-8081-exec-2] INFO  com.qczy.filter.JwtAuthenticationTokenFilter - checking username:admin
2026-01-14 21:19:33.730 [http-nio-8081-exec-2] INFO  com.qczy.filter.JwtAuthenticationTokenFilter - authenticated user:admin
2026-01-14 21:19:33.872 [http-nio-8081-exec-2] INFO  com.qczy.federated.flower.FlowerServerManager - Remote Flower server started for job: d642fac2-54bc-42c3-b979-ec677b8f6651 on port: 8096
2026-01-14 21:19:33.872 [http-nio-8081-exec-2] INFO  c.q.federated.service.FederatedCoordinatorService - Started training job: d642fac2-54bc-42c3-b979-ec677b8f6651 on port: 8096
2026-01-14 21:19:33.917 [http-nio-8081-exec-1] INFO  com.qczy.filter.JwtAuthenticationTokenFilter - checking username:admin
2026-01-14 21:19:33.929 [http-nio-8081-exec-1] INFO  com.qczy.filter.JwtAuthenticationTokenFilter - authenticated user:admin
2026-01-14 21:19:38.290 [taskScheduler-7] INFO  c.q.federated.service.FederatedCoordinatorService - Marked 1 nodes as inactive
2026-01-14 21:19:38.875 [http-nio-8081-exec-4] INFO  com.qczy.filter.JwtAuthenticationTokenFilter - checking username:admin
2026-01-14 21:19:38.879 [http-nio-8081-exec-4] INFO  com.qczy.filter.JwtAuthenticationTokenFilter - authenticated user:admin
2026-01-14 21:19:43.299 [taskScheduler-7] INFO  c.q.federated.service.FederatedCoordinatorService - Marked 1 nodes as inactive
2026-01-14 21:19:43.875 [http-nio-8081-exec-8] INFO  com.qczy.filter.JwtAuthenticationTokenFilter - checking username:admin
2026-01-14 21:19:43.877 [http-nio-8081-exec-3] INFO  com.qczy.filter.JwtAuthenticationTokenFilter - checking username:admin
2026-01-14 21:19:43.879 [http-nio-8081-exec-8] INFO  com.qczy.filter.JwtAuthenticationTokenFilter - authenticated user:admin
2026-01-14 21:19:43.881 [http-nio-8081-exec-3] INFO  com.qczy.filter.JwtAuthenticationTokenFilter - authenticated user:admin
2026-01-14 21:19:48.311 [taskScheduler-7] INFO  c.q.federated.service.FederatedCoordinatorService - Marked 1 nodes as inactive
2026-01-14 21:19:48.879 [http-nio-8081-exec-7] INFO  com.qczy.filter.JwtAuthenticationTokenFilter - checking username:admin
2026-01-14 21:19:48.882 [http-nio-8081-exec-7] INFO  com.qczy.filter.JwtAuthenticationTokenFilter - authenticated user:admin
2026-01-14 21:19:53.323 [taskScheduler-7] INFO  c.q.federated.service.FederatedCoordinatorService - Marked 1 nodes as inactive
2026-01-14 21:19:53.873 [http-nio-8081-exec-9] INFO  com.qczy.filter.JwtAuthenticationTokenFilter - checking username:admin
2026-01-14 21:19:53.876 [http-nio-8081-exec-10] INFO  com.qczy.filter.JwtAuthenticationTokenFilter - checking username:admin
2026-01-14 21:19:53.877 [http-nio-8081-exec-9] INFO  com.qczy.filter.JwtAuthenticationTokenFilter - authenticated user:admin
2026-01-14 21:19:53.880 [http-nio-8081-exec-10] INFO  com.qczy.filter.JwtAuthenticationTokenFilter - authenticated user:admin
2026-01-14 21:19:58.338 [taskScheduler-7] INFO  c.q.federated.service.FederatedCoordinatorService - Marked 1 nodes as inactive
2026-01-14 21:19:58.873 [http-nio-8081-exec-5] INFO  com.qczy.filter.JwtAuthenticationTokenFilter - checking username:admin
2026-01-14 21:19:58.876 [http-nio-8081-exec-5] INFO  com.qczy.filter.JwtAuthenticationTokenFilter - authenticated user:admin
2026-01-14 21:20:03.346 [taskScheduler-7] INFO  c.q.federated.service.FederatedCoordinatorService - Marked 1 nodes as inactive
2026-01-14 21:20:03.884 [http-nio-8081-exec-6] INFO  com.qczy.filter.JwtAuthenticationTokenFilter - checking username:admin
2026-01-14 21:20:03.887 [http-nio-8081-exec-2] INFO  com.qczy.filter.JwtAuthenticationTokenFilter - checking username:admin
2026-01-14 21:20:03.888 [http-nio-8081-exec-6] INFO  com.qczy.filter.JwtAuthenticationTokenFilter - authenticated user:admin
2026-01-14 21:20:03.890 [http-nio-8081-exec-2] INFO  com.qczy.filter.JwtAuthenticationTokenFilter - authenticated user:admin
2026-01-14 21:20:08.359 [taskScheduler-7] INFO  c.q.federated.service.FederatedCoordinatorService - Marked 1 nodes as inactive
2026-01-14 21:20:08.874 [http-nio-8081-exec-1] INFO  com.qczy.filter.JwtAuthenticationTokenFilter - checking username:admin
2026-01-14 21:20:08.877 [http-nio-8081-exec-1] INFO  com.qczy.filter.JwtAuthenticationTokenFilter - authenticated user:admin
2026-01-14 21:20:13.372 [taskScheduler-7] INFO  c.q.federated.service.FederatedCoordinatorService - Marked 1 nodes as inactive
2026-01-14 21:20:13.873 [http-nio-8081-exec-4] INFO  com.qczy.filter.JwtAuthenticationTokenFilter - checking username:admin
2026-01-14 21:20:13.875 [http-nio-8081-exec-8] INFO  com.qczy.filter.JwtAuthenticationTokenFilter - checking username:admin
2026-01-14 21:20:13.876 [http-nio-8081-exec-4] INFO  com.qczy.filter.JwtAuthenticationTokenFilter - authenticated user:admin
2026-01-14 21:20:13.878 [http-nio-8081-exec-8] INFO  com.qczy.filter.JwtAuthenticationTokenFilter - authenticated user:admin
2026-01-14 21:20:18.388 [taskScheduler-7] INFO  c.q.federated.service.FederatedCoordinatorService - Marked 1 nodes as inactive
2026-01-14 21:20:18.523 [http-nio-8081-exec-3] INFO  com.qczy.filter.JwtAuthenticationTokenFilter - checking username:admin
2026-01-14 21:20:18.525 [http-nio-8081-exec-3] INFO  com.qczy.filter.JwtAuthenticationTokenFilter - authenticated user:admin
2026-01-14 21:20:23.402 [taskScheduler-7] INFO  c.q.federated.service.FederatedCoordinatorService - Marked 1 nodes as inactive
2026-01-14 21:20:23.871 [http-nio-8081-exec-7] INFO  com.qczy.filter.JwtAuthenticationTokenFilter - checking username:admin
2026-01-14 21:20:23.874 [http-nio-8081-exec-9] INFO  com.qczy.filter.JwtAuthenticationTokenFilter - checking username:admin
2026-01-14 21:20:23.875 [http-nio-8081-exec-7] INFO  com.qczy.filter.JwtAuthenticationTokenFilter - authenticated user:admin
2026-01-14 21:20:23.878 [http-nio-8081-exec-9] INFO  com.qczy.filter.JwtAuthenticationTokenFilter - authenticated user:admin
2026-01-14 21:20:28.413 [taskScheduler-7] INFO  c.q.federated.service.FederatedCoordinatorService - Marked 1 nodes as inactive
2026-01-14 21:20:28.873 [http-nio-8081-exec-10] INFO  com.qczy.filter.JwtAuthenticationTokenFilter - checking username:admin
2026-01-14 21:20:28.876 [http-nio-8081-exec-10] INFO  com.qczy.filter.JwtAuthenticationTokenFilter - authenticated user:admin
2026-01-14 21:20:33.433 [taskScheduler-7] INFO  c.q.federated.service.FederatedCoordinatorService - Marked 1 nodes as inactive
2026-01-14 21:20:33.874 [http-nio-8081-exec-5] INFO  com.qczy.filter.JwtAuthenticationTokenFilter - checking username:admin
2026-01-14 21:20:33.876 [http-nio-8081-exec-6] INFO  com.qczy.filter.JwtAuthenticationTokenFilter - checking username:admin
2026-01-14 21:20:33.877 [http-nio-8081-exec-5] INFO  com.qczy.filter.JwtAuthenticationTokenFilter - authenticated user:admin
2026-01-14 21:20:33.880 [http-nio-8081-exec-6] INFO  com.qczy.filter.JwtAuthenticationTokenFilter - authenticated user:admin
2026-01-14 21:20:38.455 [taskScheduler-7] INFO  c.q.federated.service.FederatedCoordinatorService - Marked 1 nodes as inactive
2026-01-14 21:20:38.884 [http-nio-8081-exec-2] INFO  com.qczy.filter.JwtAuthenticationTokenFilter - checking username:admin
2026-01-14 21:20:38.888 [http-nio-8081-exec-2] INFO  com.qczy.filter.JwtAuthenticationTokenFilter - authenticated user:admin
2026-01-14 21:20:43.463 [taskScheduler-7] INFO  c.q.federated.service.FederatedCoordinatorService - Marked 1 nodes as inactive
2026-01-14 21:20:43.874 [http-nio-8081-exec-1] INFO  com.qczy.filter.JwtAuthenticationTokenFilter - checking username:admin
2026-01-14 21:20:43.876 [http-nio-8081-exec-4] INFO  com.qczy.filter.JwtAuthenticationTokenFilter - checking username:admin
2026-01-14 21:20:43.877 [http-nio-8081-exec-1] INFO  com.qczy.filter.JwtAuthenticationTokenFilter - authenticated user:admin
2026-01-14 21:20:43.879 [http-nio-8081-exec-4] INFO  com.qczy.filter.JwtAuthenticationTokenFilter - authenticated user:admin
2026-01-14 21:20:48.478 [taskScheduler-7] INFO  c.q.federated.service.FederatedCoordinatorService - Marked 1 nodes as inactive
2026-01-14 21:20:48.874 [http-nio-8081-exec-8] INFO  com.qczy.filter.JwtAuthenticationTokenFilter - checking username:admin
2026-01-14 21:20:48.877 [http-nio-8081-exec-8] INFO  com.qczy.filter.JwtAuthenticationTokenFilter - authenticated user:admin
2026-01-14 21:20:53.486 [taskScheduler-7] INFO  c.q.federated.service.FederatedCoordinatorService - Marked 1 nodes as inactive
2026-01-14 21:20:53.878 [http-nio-8081-exec-3] INFO  com.qczy.filter.JwtAuthenticationTokenFilter - checking username:admin
2026-01-14 21:20:53.881 [http-nio-8081-exec-7] INFO  com.qczy.filter.JwtAuthenticationTokenFilter - checking username:admin
2026-01-14 21:20:53.882 [http-nio-8081-exec-3] INFO  com.qczy.filter.JwtAuthenticationTokenFilter - authenticated user:admin
2026-01-14 21:20:53.884 [http-nio-8081-exec-7] INFO  com.qczy.filter.JwtAuthenticationTokenFilter - authenticated user:admin
2026-01-14 21:20:58.497 [taskScheduler-7] INFO  c.q.federated.service.FederatedCoordinatorService - Marked 1 nodes as inactive
2026-01-14 21:20:58.882 [http-nio-8081-exec-9] INFO  com.qczy.filter.JwtAuthenticationTokenFilter - checking username:admin
2026-01-14 21:20:58.884 [http-nio-8081-exec-9] INFO  com.qczy.filter.JwtAuthenticationTokenFilter - authenticated user:admin
2026-01-14 21:21:03.506 [taskScheduler-7] INFO  c.q.federated.service.FederatedCoordinatorService - Marked 1 nodes as inactive
2026-01-14 21:21:03.873 [http-nio-8081-exec-10] INFO  com.qczy.filter.JwtAuthenticationTokenFilter - checking username:admin
2026-01-14 21:21:03.875 [http-nio-8081-exec-5] INFO  com.qczy.filter.JwtAuthenticationTokenFilter - checking username:admin
2026-01-14 21:21:03.876 [http-nio-8081-exec-10] INFO  com.qczy.filter.JwtAuthenticationTokenFilter - authenticated user:admin
2026-01-14 21:21:03.878 [http-nio-8081-exec-5] INFO  com.qczy.filter.JwtAuthenticationTokenFilter - authenticated user:admin
2026-01-14 21:21:08.523 [taskScheduler-7] INFO  c.q.federated.service.FederatedCoordinatorService - Marked 1 nodes as inactive
2026-01-14 21:21:08.876 [http-nio-8081-exec-6] INFO  com.qczy.filter.JwtAuthenticationTokenFilter - checking username:admin
2026-01-14 21:21:08.879 [http-nio-8081-exec-6] INFO  com.qczy.filter.JwtAuthenticationTokenFilter - authenticated user:admin
2026-01-14 21:21:13.541 [taskScheduler-7] INFO  c.q.federated.service.FederatedCoordinatorService - Marked 1 nodes as inactive
2026-01-14 21:21:13.878 [http-nio-8081-exec-2] INFO  com.qczy.filter.JwtAuthenticationTokenFilter - checking username:admin
2026-01-14 21:21:13.880 [http-nio-8081-exec-1] INFO  com.qczy.filter.JwtAuthenticationTokenFilter - checking username:admin
2026-01-14 21:21:13.881 [http-nio-8081-exec-2] INFO  com.qczy.filter.JwtAuthenticationTokenFilter - authenticated user:admin
2026-01-14 21:21:13.883 [http-nio-8081-exec-1] INFO  com.qczy.filter.JwtAuthenticationTokenFilter - authenticated user:admin
2026-01-14 21:21:18.553 [taskScheduler-7] INFO  c.q.federated.service.FederatedCoordinatorService - Marked 1 nodes as inactive
2026-01-14 21:21:18.875 [http-nio-8081-exec-4] INFO  com.qczy.filter.JwtAuthenticationTokenFilter - checking username:admin
2026-01-14 21:21:18.878 [http-nio-8081-exec-4] INFO  com.qczy.filter.JwtAuthenticationTokenFilter - authenticated user:admin
2026-01-14 21:21:23.569 [taskScheduler-7] INFO  c.q.federated.service.FederatedCoordinatorService - Marked 1 nodes as inactive
2026-01-14 21:21:28.580 [taskScheduler-7] INFO  c.q.federated.service.FederatedCoordinatorService - Marked 1 nodes as inactive
2026-01-14 21:21:33.593 [taskScheduler-7] INFO  c.q.federated.service.FederatedCoordinatorService - Marked 1 nodes as inactive
2026-01-14 21:21:38.600 [taskScheduler-7] INFO  c.q.federated.service.FederatedCoordinatorService - Marked 1 nodes as inactive
2026-01-14 21:21:43.619 [taskScheduler-7] INFO  c.q.federated.service.FederatedCoordinatorService - Marked 1 nodes as inactive
2026-01-14 21:21:48.633 [taskScheduler-7] INFO  c.q.federated.service.FederatedCoordinatorService - Marked 1 nodes as inactive
2026-01-14 21:21:53.639 [taskScheduler-7] INFO  c.q.federated.service.FederatedCoordinatorService - Marked 1 nodes as inactive
2026-01-14 21:21:56.872 [http-nio-8081-exec-8] INFO  com.qczy.filter.JwtAuthenticationTokenFilter - checking username:admin
2026-01-14 21:21:56.872 [http-nio-8081-exec-3] INFO  com.qczy.filter.JwtAuthenticationTokenFilter - checking username:admin
2026-01-14 21:21:56.872 [http-nio-8081-exec-8] INFO  com.qczy.filter.JwtAuthenticationTokenFilter - authenticated user:admin
2026-01-14 21:21:56.872 [http-nio-8081-exec-3] INFO  com.qczy.filter.JwtAuthenticationTokenFilter - authenticated user:admin
2026-01-14 21:21:58.654 [taskScheduler-7] INFO  c.q.federated.service.FederatedCoordinatorService - Marked 1 nodes as inactive
2026-01-14 21:22:03.664 [taskScheduler-7] INFO  c.q.federated.service.FederatedCoordinatorService - Marked 1 nodes as inactive
2026-01-14 21:22:08.681 [taskScheduler-7] INFO  c.q.federated.service.FederatedCoordinatorService - Marked 1 nodes as inactive
2026-01-14 21:22:13.696 [taskScheduler-7] INFO  c.q.federated.service.FederatedCoordinatorService - Marked 1 nodes as inactive
2026-01-14 21:22:18.708 [taskScheduler-7] INFO  c.q.federated.service.FederatedCoordinatorService - Marked 1 nodes as inactive
2026-01-14 21:22:23.728 [taskScheduler-7] INFO  c.q.federated.service.FederatedCoordinatorService - Marked 1 nodes as inactive
2026-01-14 21:22:28.735 [taskScheduler-7] INFO  c.q.federated.service.FederatedCoordinatorService - Marked 1 nodes as inactive
2026-01-14 21:22:33.742 [taskScheduler-7] INFO  c.q.federated.service.FederatedCoordinatorService - Marked 1 nodes as inactive
2026-01-14 21:22:38.751 [taskScheduler-7] INFO  c.q.federated.service.FederatedCoordinatorService - Marked 1 nodes as inactive
2026-01-14 21:22:43.758 [taskScheduler-7] INFO  c.q.federated.service.FederatedCoordinatorService - Marked 1 nodes as inactive
2026-01-14 21:22:48.769 [taskScheduler-7] INFO  c.q.federated.service.FederatedCoordinatorService - Marked 1 nodes as inactive
2026-01-14 21:22:53.789 [taskScheduler-7] INFO  c.q.federated.service.FederatedCoordinatorService - Marked 1 nodes as inactive
2026-01-14 21:22:56.880 [http-nio-8081-exec-7] INFO  com.qczy.filter.JwtAuthenticationTokenFilter - checking username:admin
2026-01-14 21:22:56.880 [http-nio-8081-exec-9] INFO  com.qczy.filter.JwtAuthenticationTokenFilter - checking username:admin
2026-01-14 21:22:56.884 [http-nio-8081-exec-7] INFO  com.qczy.filter.JwtAuthenticationTokenFilter - authenticated user:admin
2026-01-14 21:22:56.884 [http-nio-8081-exec-9] INFO  com.qczy.filter.JwtAuthenticationTokenFilter - authenticated user:admin
2026-01-14 21:22:58.807 [taskScheduler-7] INFO  c.q.federated.service.FederatedCoordinatorService - Marked 1 nodes as inactive
2026-01-14 21:23:03.819 [taskScheduler-7] INFO  c.q.federated.service.FederatedCoordinatorService - Marked 1 nodes as inactive
2026-01-14 21:23:08.836 [taskScheduler-7] INFO  c.q.federated.service.FederatedCoordinatorService - Marked 1 nodes as inactive
2026-01-14 21:23:13.850 [taskScheduler-7] INFO  c.q.federated.service.FederatedCoordinatorService - Marked 1 nodes as inactive
2026-01-14 21:23:18.868 [taskScheduler-7] INFO  c.q.federated.service.FederatedCoordinatorService - Marked 1 nodes as inactive
2026-01-14 21:23:23.886 [taskScheduler-7] INFO  c.q.federated.service.FederatedCoordinatorService - Marked 1 nodes as inactive
2026-01-14 21:23:28.899 [taskScheduler-7] INFO  c.q.federated.service.FederatedCoordinatorService - Marked 1 nodes as inactive
2026-01-14 21:23:33.919 [taskScheduler-7] INFO  c.q.federated.service.FederatedCoordinatorService - Marked 1 nodes as inactive
2026-01-14 21:23:38.933 [taskScheduler-7] INFO  c.q.federated.service.FederatedCoordinatorService - Marked 1 nodes as inactive
2026-01-14 21:23:43.940 [taskScheduler-7] INFO  c.q.federated.service.FederatedCoordinatorService - Marked 1 nodes as inactive
2026-01-14 21:23:48.949 [taskScheduler-7] INFO  c.q.federated.service.FederatedCoordinatorService - Marked 1 nodes as inactive
2026-01-14 21:23:53.967 [taskScheduler-7] INFO  c.q.federated.service.FederatedCoordinatorService - Marked 1 nodes as inactive
2026-01-14 21:23:56.887 [http-nio-8081-exec-10] INFO  com.qczy.filter.JwtAuthenticationTokenFilter - checking username:admin
2026-01-14 21:23:56.887 [http-nio-8081-exec-5] INFO  com.qczy.filter.JwtAuthenticationTokenFilter - checking username:admin
2026-01-14 21:23:56.890 [http-nio-8081-exec-10] INFO  com.qczy.filter.JwtAuthenticationTokenFilter - authenticated user:admin
2026-01-14 21:23:56.890 [http-nio-8081-exec-5] INFO  com.qczy.filter.JwtAuthenticationTokenFilter - authenticated user:admin
2026-01-14 21:23:58.974 [taskScheduler-7] INFO  c.q.federated.service.FederatedCoordinatorService - Marked 1 nodes as inactive
2026-01-14 21:24:03.985 [taskScheduler-7] INFO  c.q.federated.service.FederatedCoordinatorService - Marked 1 nodes as inactive
2026-01-14 21:24:08.993 [taskScheduler-7] INFO  c.q.federated.service.FederatedCoordinatorService - Marked 1 nodes as inactive
2026-01-14 21:24:14.000 [taskScheduler-7] INFO  c.q.federated.service.FederatedCoordinatorService - Marked 1 nodes as inactive
2026-01-14 21:24:19.008 [taskScheduler-7] INFO  c.q.federated.service.FederatedCoordinatorService - Marked 1 nodes as inactive
2026-01-14 21:24:24.022 [taskScheduler-7] INFO  c.q.federated.service.FederatedCoordinatorService - Marked 1 nodes as inactive
2026-01-14 21:24:29.032 [taskScheduler-7] INFO  c.q.federated.service.FederatedCoordinatorService - Marked 1 nodes as inactive
2026-01-14 21:24:34.048 [taskScheduler-7] INFO  c.q.federated.service.FederatedCoordinatorService - Marked 1 nodes as inactive
2026-01-14 21:24:39.066 [taskScheduler-7] INFO  c.q.federated.service.FederatedCoordinatorService - Marked 1 nodes as inactive
2026-01-14 21:24:44.085 [taskScheduler-7] INFO  c.q.federated.service.FederatedCoordinatorService - Marked 1 nodes as inactive
2026-01-14 21:24:49.100 [taskScheduler-7] INFO  c.q.federated.service.FederatedCoordinatorService - Marked 1 nodes as inactive
2026-01-14 21:24:54.117 [taskScheduler-7] INFO  c.q.federated.service.FederatedCoordinatorService - Marked 1 nodes as inactive
2026-01-14 21:24:56.889 [http-nio-8081-exec-2] INFO  com.qczy.filter.JwtAuthenticationTokenFilter - checking username:admin
2026-01-14 21:24:56.889 [http-nio-8081-exec-6] INFO  com.qczy.filter.JwtAuthenticationTokenFilter - checking username:admin
2026-01-14 21:24:56.893 [http-nio-8081-exec-2] INFO  com.qczy.filter.JwtAuthenticationTokenFilter - authenticated user:admin
2026-01-14 21:24:56.893 [http-nio-8081-exec-6] INFO  com.qczy.filter.JwtAuthenticationTokenFilter - authenticated user:admin
2026-01-14 21:24:59.123 [taskScheduler-7] INFO  c.q.federated.service.FederatedCoordinatorService - Marked 1 nodes as inactive
2026-01-14 21:25:04.148 [taskScheduler-7] INFO  c.q.federated.service.FederatedCoordinatorService - Marked 1 nodes as inactive
2026-01-14 21:25:09.163 [taskScheduler-7] INFO  c.q.federated.service.FederatedCoordinatorService - Marked 1 nodes as inactive
2026-01-14 21:25:14.170 [taskScheduler-7] INFO  c.q.federated.service.FederatedCoordinatorService - Marked 1 nodes as inactive
2026-01-14 21:25:19.180 [taskScheduler-7] INFO  c.q.federated.service.FederatedCoordinatorService - Marked 1 nodes as inactive
2026-01-14 21:25:24.196 [taskScheduler-7] INFO  c.q.federated.service.FederatedCoordinatorService - Marked 1 nodes as inactive
2026-01-14 21:25:29.205 [taskScheduler-7] INFO  c.q.federated.service.FederatedCoordinatorService - Marked 1 nodes as inactive
2026-01-14 21:25:34.215 [taskScheduler-7] INFO  c.q.federated.service.FederatedCoordinatorService - Marked 1 nodes as inactive
2026-01-14 21:25:39.226 [taskScheduler-7] INFO  c.q.federated.service.FederatedCoordinatorService - Marked 1 nodes as inactive
2026-01-14 21:25:44.244 [taskScheduler-7] INFO  c.q.federated.service.FederatedCoordinatorService - Marked 1 nodes as inactive
2026-01-14 21:25:49.258 [taskScheduler-7] INFO  c.q.federated.service.FederatedCoordinatorService - Marked 1 nodes as inactive
2026-01-14 21:25:54.280 [taskScheduler-7] INFO  c.q.federated.service.FederatedCoordinatorService - Marked 1 nodes as inactive
2026-01-14 21:25:56.872 [http-nio-8081-exec-4] INFO  com.qczy.filter.JwtAuthenticationTokenFilter - checking username:admin
2026-01-14 21:25:56.872 [http-nio-8081-exec-1] INFO  com.qczy.filter.JwtAuthenticationTokenFilter - checking username:admin
2026-01-14 21:25:56.875 [http-nio-8081-exec-4] INFO  com.qczy.filter.JwtAuthenticationTokenFilter - authenticated user:admin
2026-01-14 21:25:56.875 [http-nio-8081-exec-1] INFO  com.qczy.filter.JwtAuthenticationTokenFilter - authenticated user:admin
2026-01-14 21:25:59.295 [taskScheduler-7] INFO  c.q.federated.service.FederatedCoordinatorService - Marked 1 nodes as inactive
2026-01-14 21:26:04.313 [taskScheduler-7] INFO  c.q.federated.service.FederatedCoordinatorService - Marked 1 nodes as inactive
2026-01-14 21:26:09.320 [taskScheduler-7] INFO  c.q.federated.service.FederatedCoordinatorService - Marked 1 nodes as inactive
2026-01-14 21:26:14.328 [taskScheduler-7] INFO  c.q.federated.service.FederatedCoordinatorService - Marked 1 nodes as inactive
2026-01-14 21:26:19.346 [taskScheduler-7] INFO  c.q.federated.service.FederatedCoordinatorService - Marked 1 nodes as inactive
2026-01-14 21:26:24.356 [taskScheduler-7] INFO  c.q.federated.service.FederatedCoordinatorService - Marked 1 nodes as inactive
2026-01-14 21:26:29.373 [taskScheduler-7] INFO  c.q.federated.service.FederatedCoordinatorService - Marked 1 nodes as inactive
2026-01-14 21:26:34.379 [taskScheduler-7] INFO  c.q.federated.service.FederatedCoordinatorService - Marked 1 nodes as inactive
2026-01-14 21:26:39.386 [taskScheduler-7] INFO  c.q.federated.service.FederatedCoordinatorService - Marked 1 nodes as inactive
2026-01-14 21:26:44.400 [taskScheduler-7] INFO  c.q.federated.service.FederatedCoordinatorService - Marked 1 nodes as inactive
2026-01-14 21:26:49.417 [taskScheduler-7] INFO  c.q.federated.service.FederatedCoordinatorService - Marked 1 nodes as inactive
2026-01-14 21:26:54.424 [taskScheduler-7] INFO  c.q.federated.service.FederatedCoordinatorService - Marked 1 nodes as inactive
2026-01-14 21:26:56.877 [http-nio-8081-exec-8] INFO  com.qczy.filter.JwtAuthenticationTokenFilter - checking username:admin
2026-01-14 21:26:56.877 [http-nio-8081-exec-3] INFO  com.qczy.filter.JwtAuthenticationTokenFilter - checking username:admin
2026-01-14 21:26:56.880 [http-nio-8081-exec-3] INFO  com.qczy.filter.JwtAuthenticationTokenFilter - authenticated user:admin
2026-01-14 21:26:56.880 [http-nio-8081-exec-8] INFO  com.qczy.filter.JwtAuthenticationTokenFilter - authenticated user:admin
2026-01-14 21:26:59.435 [taskScheduler-7] INFO  c.q.federated.service.FederatedCoordinatorService - Marked 1 nodes as inactive
2026-01-14 21:27:04.445 [taskScheduler-7] INFO  c.q.federated.service.FederatedCoordinatorService - Marked 1 nodes as inactive
2026-01-14 21:27:09.461 [taskScheduler-7] INFO  c.q.federated.service.FederatedCoordinatorService - Marked 1 nodes as inactive
2026-01-14 21:27:14.472 [taskScheduler-7] INFO  c.q.federated.service.FederatedCoordinatorService - Marked 1 nodes as inactive
2026-01-14 21:27:19.493 [taskScheduler-7] INFO  c.q.federated.service.FederatedCoordinatorService - Marked 1 nodes as inactive
2026-01-14 21:27:24.511 [taskScheduler-7] INFO  c.q.federated.service.FederatedCoordinatorService - Marked 1 nodes as inactive
2026-01-14 21:27:29.527 [taskScheduler-7] INFO  c.q.federated.service.FederatedCoordinatorService - Marked 1 nodes as inactive
2026-01-14 21:27:34.542 [taskScheduler-7] INFO  c.q.federated.service.FederatedCoordinatorService - Marked 1 nodes as inactive
2026-01-14 21:27:39.560 [taskScheduler-7] INFO  c.q.federated.service.FederatedCoordinatorService - Marked 1 nodes as inactive
2026-01-14 21:27:44.576 [taskScheduler-7] INFO  c.q.federated.service.FederatedCoordinatorService - Marked 1 nodes as inactive
2026-01-14 21:27:49.591 [taskScheduler-7] INFO  c.q.federated.service.FederatedCoordinatorService - Marked 1 nodes as inactive
2026-01-14 21:27:54.599 [taskScheduler-7] INFO  c.q.federated.service.FederatedCoordinatorService - Marked 1 nodes as inactive
2026-01-14 21:27:56.879 [http-nio-8081-exec-7] INFO  com.qczy.filter.JwtAuthenticationTokenFilter - checking username:admin
2026-01-14 21:27:56.879 [http-nio-8081-exec-9] INFO  com.qczy.filter.JwtAuthenticationTokenFilter - checking username:admin
2026-01-14 21:27:56.882 [http-nio-8081-exec-9] INFO  com.qczy.filter.JwtAuthenticationTokenFilter - authenticated user:admin
2026-01-14 21:27:56.882 [http-nio-8081-exec-7] INFO  com.qczy.filter.JwtAuthenticationTokenFilter - authenticated user:admin
2026-01-14 21:27:59.609 [taskScheduler-7] INFO  c.q.federated.service.FederatedCoordinatorService - Marked 1 nodes as inactive
2026-01-14 21:28:04.624 [taskScheduler-7] INFO  c.q.federated.service.FederatedCoordinatorService - Marked 1 nodes as inactive
2026-01-14 21:28:09.641 [taskScheduler-7] INFO  c.q.federated.service.FederatedCoordinatorService - Marked 1 nodes as inactive
2026-01-14 21:28:14.654 [taskScheduler-7] INFO  c.q.federated.service.FederatedCoordinatorService - Marked 1 nodes as inactive
2026-01-14 21:28:19.665 [taskScheduler-7] INFO  c.q.federated.service.FederatedCoordinatorService - Marked 1 nodes as inactive
2026-01-14 21:28:24.687 [taskScheduler-7] INFO  c.q.federated.service.FederatedCoordinatorService - Marked 1 nodes as inactive
2026-01-14 21:28:29.708 [taskScheduler-7] INFO  c.q.federated.service.FederatedCoordinatorService - Marked 1 nodes as inactive
2026-01-14 21:28:34.727 [taskScheduler-7] INFO  c.q.federated.service.FederatedCoordinatorService - Marked 1 nodes as inactive
2026-01-14 21:28:39.744 [taskScheduler-7] INFO  c.q.federated.service.FederatedCoordinatorService - Marked 1 nodes as inactive
2026-01-14 21:28:41.536 [http-nio-8081-exec-10] INFO  com.qczy.filter.JwtAuthenticationTokenFilter - checking username:admin
2026-01-14 21:28:41.544 [http-nio-8081-exec-10] INFO  com.qczy.filter.JwtAuthenticationTokenFilter - authenticated user:admin
2026-01-14 21:28:41.570 [http-nio-8081-exec-5] INFO  com.qczy.filter.JwtAuthenticationTokenFilter - checking username:admin
2026-01-14 21:28:41.576 [http-nio-8081-exec-5] INFO  com.qczy.filter.JwtAuthenticationTokenFilter - authenticated user:admin
2026-01-14 21:28:43.512 [http-nio-8081-exec-6] INFO  com.qczy.filter.JwtAuthenticationTokenFilter - checking username:admin
2026-01-14 21:28:43.512 [http-nio-8081-exec-2] INFO  com.qczy.filter.JwtAuthenticationTokenFilter - checking username:admin
2026-01-14 21:28:43.512 [http-nio-8081-exec-6] INFO  com.qczy.filter.JwtAuthenticationTokenFilter - authenticated user:admin
2026-01-14 21:28:43.512 [http-nio-8081-exec-2] INFO  com.qczy.filter.JwtAuthenticationTokenFilter - authenticated user:admin
2026-01-14 21:28:44.760 [taskScheduler-7] INFO  c.q.federated.service.FederatedCoordinatorService - Marked 1 nodes as inactive
2026-01-14 21:28:45.498 [http-nio-8081-exec-4] INFO  com.qczy.filter.JwtAuthenticationTokenFilter - checking username:admin
2026-01-14 21:28:45.501 [http-nio-8081-exec-4] INFO  com.qczy.filter.JwtAuthenticationTokenFilter - authenticated user:admin
2026-01-14 21:28:45.565 [http-nio-8081-exec-1] INFO  com.qczy.filter.JwtAuthenticationTokenFilter - checking username:admin
2026-01-14 21:28:45.569 [http-nio-8081-exec-1] INFO  com.qczy.filter.JwtAuthenticationTokenFilter - authenticated user:admin
2026-01-14 21:28:46.647 [http-nio-8081-exec-8] INFO  com.qczy.filter.JwtAuthenticationTokenFilter - checking username:admin
2026-01-14 21:28:46.650 [http-nio-8081-exec-8] INFO  com.qczy.filter.JwtAuthenticationTokenFilter - authenticated user:admin
2026-01-14 21:28:46.656 [http-nio-8081-exec-8] INFO  com.qczy.controller.user.UserController - token->Bearer eyJhbGciOiJIUzUxMiJ9.eyJzdWIiOiJhZG1pbiIsImNyZWF0ZWQiOjE3NjgzODkwMTg2ODcsImV4cCI6MTc2ODk5MzgxOH0.iOgnYgx_fOkaaZuXzLNlFOxnkTo9gPZkNnJ2ma0UPZ5CP0oWUsf9B-X8VKeRELHhUJ_cHyp22xGfMfPtbvLjow
2026-01-14 21:28:46.693 [http-nio-8081-exec-3] INFO  com.qczy.filter.JwtAuthenticationTokenFilter - checking username:admin
2026-01-14 21:28:46.698 [http-nio-8081-exec-3] INFO  com.qczy.filter.JwtAuthenticationTokenFilter - authenticated user:admin
2026-01-14 21:28:46.699 [http-nio-8081-exec-3] INFO  com.qczy.controller.user.UserController - token->Bearer eyJhbGciOiJIUzUxMiJ9.eyJzdWIiOiJhZG1pbiIsImNyZWF0ZWQiOjE3NjgzODkwMTg2ODcsImV4cCI6MTc2ODk5MzgxOH0.iOgnYgx_fOkaaZuXzLNlFOxnkTo9gPZkNnJ2ma0UPZ5CP0oWUsf9B-X8VKeRELHhUJ_cHyp22xGfMfPtbvLjow
2026-01-14 21:28:46.703 [http-nio-8081-exec-3] INFO  com.qczy.controller.user.UserController - username->admin
2026-01-14 21:28:47.158 [http-nio-8081-exec-7] INFO  com.qczy.filter.JwtAuthenticationTokenFilter - checking username:admin
2026-01-14 21:28:47.158 [http-nio-8081-exec-9] INFO  com.qczy.filter.JwtAuthenticationTokenFilter - checking username:admin
2026-01-14 21:28:47.175 [http-nio-8081-exec-7] INFO  com.qczy.filter.JwtAuthenticationTokenFilter - authenticated user:admin
2026-01-14 21:28:47.175 [http-nio-8081-exec-9] INFO  com.qczy.filter.JwtAuthenticationTokenFilter - authenticated user:admin
2026-01-14 21:28:48.513 [http-nio-8081-exec-10] INFO  com.qczy.filter.JwtAuthenticationTokenFilter - checking username:admin
2026-01-14 21:28:48.517 [http-nio-8081-exec-10] INFO  com.qczy.filter.JwtAuthenticationTokenFilter - authenticated user:admin
2026-01-14 21:28:49.771 [taskScheduler-7] INFO  c.q.federated.service.FederatedCoordinatorService - Marked 1 nodes as inactive
2026-01-14 21:28:52.882 [http-nio-8081-exec-5] INFO  com.qczy.filter.JwtAuthenticationTokenFilter - checking username:admin
2026-01-14 21:28:52.884 [http-nio-8081-exec-5] INFO  com.qczy.filter.JwtAuthenticationTokenFilter - authenticated user:admin
2026-01-14 21:28:53.509 [http-nio-8081-exec-6] INFO  com.qczy.filter.JwtAuthenticationTokenFilter - checking username:admin
2026-01-14 21:28:53.514 [http-nio-8081-exec-6] INFO  com.qczy.filter.JwtAuthenticationTokenFilter - authenticated user:admin
2026-01-14 21:28:53.515 [http-nio-8081-exec-2] INFO  com.qczy.filter.JwtAuthenticationTokenFilter - checking username:admin
2026-01-14 21:28:53.519 [http-nio-8081-exec-2] INFO  com.qczy.filter.JwtAuthenticationTokenFilter - authenticated user:admin
2026-01-14 21:28:53.520 [http-nio-8081-exec-6] INFO  c.q.federated.service.FederatedCoordinatorService - Created new training job: 63505037-0761-4689-bb5f-3e537ee1b933 with model type: RESNET
2026-01-14 21:28:53.522 [http-nio-8081-exec-4] INFO  com.qczy.filter.JwtAuthenticationTokenFilter - checking username:admin
2026-01-14 21:28:53.528 [http-nio-8081-exec-4] INFO  com.qczy.filter.JwtAuthenticationTokenFilter - authenticated user:admin
2026-01-14 21:28:53.570 [http-nio-8081-exec-1] INFO  com.qczy.filter.JwtAuthenticationTokenFilter - checking username:admin
2026-01-14 21:28:53.577 [http-nio-8081-exec-1] INFO  com.qczy.filter.JwtAuthenticationTokenFilter - authenticated user:admin
2026-01-14 21:28:54.792 [taskScheduler-7] INFO  c.q.federated.service.FederatedCoordinatorService - Marked 1 nodes as inactive
2026-01-14 21:28:57.879 [http-nio-8081-exec-8] INFO  com.qczy.filter.JwtAuthenticationTokenFilter - checking username:admin
2026-01-14 21:28:57.879 [http-nio-8081-exec-3] INFO  com.qczy.filter.JwtAuthenticationTokenFilter - checking username:admin
2026-01-14 21:28:57.883 [http-nio-8081-exec-8] INFO  com.qczy.filter.JwtAuthenticationTokenFilter - authenticated user:admin
2026-01-14 21:28:57.883 [http-nio-8081-exec-3] INFO  com.qczy.filter.JwtAuthenticationTokenFilter - authenticated user:admin
2026-01-14 21:28:58.511 [http-nio-8081-exec-9] INFO  com.qczy.filter.JwtAuthenticationTokenFilter - checking username:admin
2026-01-14 21:28:58.514 [http-nio-8081-exec-9] INFO  com.qczy.filter.JwtAuthenticationTokenFilter - authenticated user:admin
2026-01-14 21:28:59.125 [http-nio-8081-exec-10] INFO  com.qczy.filter.JwtAuthenticationTokenFilter - checking username:admin
2026-01-14 21:28:59.129 [http-nio-8081-exec-10] INFO  com.qczy.filter.JwtAuthenticationTokenFilter - authenticated user:admin
2026-01-14 21:28:59.241 [http-nio-8081-exec-10] INFO  com.qczy.federated.flower.FlowerServerManager - Remote Flower server started for job: 63505037-0761-4689-bb5f-3e537ee1b933 on port: 8097
2026-01-14 21:28:59.245 [http-nio-8081-exec-10] INFO  c.q.federated.service.FederatedCoordinatorService - Started training job: 63505037-0761-4689-bb5f-3e537ee1b933 on port: 8097
2026-01-14 21:28:59.271 [http-nio-8081-exec-5] INFO  com.qczy.filter.JwtAuthenticationTokenFilter - checking username:admin
2026-01-14 21:28:59.275 [http-nio-8081-exec-5] INFO  com.qczy.filter.JwtAuthenticationTokenFilter - authenticated user:admin
2026-01-14 21:28:59.799 [taskScheduler-7] INFO  c.q.federated.service.FederatedCoordinatorService - Marked 1 nodes as inactive
2026-01-14 21:29:02.876 [http-nio-8081-exec-2] INFO  com.qczy.filter.JwtAuthenticationTokenFilter - checking username:admin
2026-01-14 21:29:02.878 [http-nio-8081-exec-2] INFO  com.qczy.filter.JwtAuthenticationTokenFilter - authenticated user:admin
2026-01-14 21:29:03.871 [http-nio-8081-exec-6] INFO  com.qczy.filter.JwtAuthenticationTokenFilter - checking username:admin
2026-01-14 21:29:03.875 [http-nio-8081-exec-6] INFO  com.qczy.filter.JwtAuthenticationTokenFilter - authenticated user:admin
2026-01-14 21:29:03.879 [http-nio-8081-exec-4] INFO  com.qczy.filter.JwtAuthenticationTokenFilter - checking username:admin
2026-01-14 21:29:03.882 [http-nio-8081-exec-4] INFO  com.qczy.filter.JwtAuthenticationTokenFilter - authenticated user:admin
2026-01-14 21:29:04.807 [taskScheduler-7] INFO  c.q.federated.service.FederatedCoordinatorService - Marked 1 nodes as inactive
2026-01-14 21:29:07.879 [http-nio-8081-exec-3] INFO  com.qczy.filter.JwtAuthenticationTokenFilter - checking username:admin
2026-01-14 21:29:07.879 [http-nio-8081-exec-1] INFO  com.qczy.filter.JwtAuthenticationTokenFilter - checking username:admin
2026-01-14 21:29:07.881 [http-nio-8081-exec-1] INFO  com.qczy.filter.JwtAuthenticationTokenFilter - authenticated user:admin
2026-01-14 21:29:07.881 [http-nio-8081-exec-3] INFO  com.qczy.filter.JwtAuthenticationTokenFilter - authenticated user:admin
2026-01-14 21:29:08.876 [http-nio-8081-exec-8] INFO  com.qczy.filter.JwtAuthenticationTokenFilter - checking username:admin
2026-01-14 21:29:08.879 [http-nio-8081-exec-8] INFO  com.qczy.filter.JwtAuthenticationTokenFilter - authenticated user:admin
2026-01-14 21:29:09.825 [taskScheduler-7] INFO  c.q.federated.service.FederatedCoordinatorService - Marked 1 nodes as inactive
2026-01-14 21:29:12.879 [http-nio-8081-exec-9] INFO  com.qczy.filter.JwtAuthenticationTokenFilter - checking username:admin
2026-01-14 21:29:12.883 [http-nio-8081-exec-9] INFO  com.qczy.filter.JwtAuthenticationTokenFilter - authenticated user:admin
2026-01-14 21:29:13.883 [http-nio-8081-exec-7] INFO  com.qczy.filter.JwtAuthenticationTokenFilter - checking username:admin
2026-01-14 21:29:13.885 [http-nio-8081-exec-10] INFO  com.qczy.filter.JwtAuthenticationTokenFilter - checking username:admin
2026-01-14 21:29:13.886 [http-nio-8081-exec-7] INFO  com.qczy.filter.JwtAuthenticationTokenFilter - authenticated user:admin
2026-01-14 21:29:13.888 [http-nio-8081-exec-10] INFO  com.qczy.filter.JwtAuthenticationTokenFilter - authenticated user:admin
2026-01-14 21:29:14.842 [taskScheduler-7] INFO  c.q.federated.service.FederatedCoordinatorService - Marked 1 nodes as inactive
2026-01-14 21:29:17.880 [http-nio-8081-exec-5] INFO  com.qczy.filter.JwtAuthenticationTokenFilter - checking username:admin
2026-01-14 21:29:17.880 [http-nio-8081-exec-2] INFO  com.qczy.filter.JwtAuthenticationTokenFilter - checking username:admin
2026-01-14 21:29:17.882 [http-nio-8081-exec-2] INFO  com.qczy.filter.JwtAuthenticationTokenFilter - authenticated user:admin
2026-01-14 21:29:17.882 [http-nio-8081-exec-5] INFO  com.qczy.filter.JwtAuthenticationTokenFilter - authenticated user:admin
2026-01-14 21:29:18.882 [http-nio-8081-exec-6] INFO  com.qczy.filter.JwtAuthenticationTokenFilter - checking username:admin
2026-01-14 21:29:18.885 [http-nio-8081-exec-6] INFO  com.qczy.filter.JwtAuthenticationTokenFilter - authenticated user:admin
2026-01-14 21:29:19.858 [taskScheduler-7] INFO  c.q.federated.service.FederatedCoordinatorService - Marked 1 nodes as inactive
2026-01-14 21:29:22.875 [http-nio-8081-exec-4] INFO  com.qczy.filter.JwtAuthenticationTokenFilter - checking username:admin
2026-01-14 21:29:22.878 [http-nio-8081-exec-4] INFO  com.qczy.filter.JwtAuthenticationTokenFilter - authenticated user:admin
2026-01-14 21:29:23.869 [http-nio-8081-exec-1] INFO  com.qczy.filter.JwtAuthenticationTokenFilter - checking username:admin
2026-01-14 21:29:23.872 [http-nio-8081-exec-3] INFO  com.qczy.filter.JwtAuthenticationTokenFilter - checking username:admin
2026-01-14 21:29:23.872 [http-nio-8081-exec-1] INFO  com.qczy.filter.JwtAuthenticationTokenFilter - authenticated user:admin
2026-01-14 21:29:23.874 [http-nio-8081-exec-3] INFO  com.qczy.filter.JwtAuthenticationTokenFilter - authenticated user:admin
2026-01-14 21:29:24.874 [taskScheduler-7] INFO  c.q.federated.service.FederatedCoordinatorService - Marked 1 nodes as inactive
2026-01-14 21:29:27.885 [http-nio-8081-exec-8] INFO  com.qczy.filter.JwtAuthenticationTokenFilter - checking username:admin
2026-01-14 21:29:27.886 [http-nio-8081-exec-9] INFO  com.qczy.filter.JwtAuthenticationTokenFilter - checking username:admin
2026-01-14 21:29:27.888 [http-nio-8081-exec-9] INFO  com.qczy.filter.JwtAuthenticationTokenFilter - authenticated user:admin
2026-01-14 21:29:27.888 [http-nio-8081-exec-8] INFO  com.qczy.filter.JwtAuthenticationTokenFilter - authenticated user:admin
2026-01-14 21:29:28.877 [http-nio-8081-exec-7] INFO  com.qczy.filter.JwtAuthenticationTokenFilter - checking username:admin
2026-01-14 21:29:28.880 [http-nio-8081-exec-7] INFO  com.qczy.filter.JwtAuthenticationTokenFilter - authenticated user:admin
2026-01-14 21:29:29.892 [taskScheduler-7] INFO  c.q.federated.service.FederatedCoordinatorService - Marked 1 nodes as inactive
2026-01-14 21:29:32.879 [http-nio-8081-exec-10] INFO  com.qczy.filter.JwtAuthenticationTokenFilter - checking username:admin
2026-01-14 21:29:32.881 [http-nio-8081-exec-10] INFO  com.qczy.filter.JwtAuthenticationTokenFilter - authenticated user:admin
2026-01-14 21:29:33.869 [http-nio-8081-exec-5] INFO  com.qczy.filter.JwtAuthenticationTokenFilter - checking username:admin
2026-01-14 21:29:33.872 [http-nio-8081-exec-2] INFO  com.qczy.filter.JwtAuthenticationTokenFilter - checking username:admin
2026-01-14 21:29:33.872 [http-nio-8081-exec-5] INFO  com.qczy.filter.JwtAuthenticationTokenFilter - authenticated user:admin
2026-01-14 21:29:33.874 [http-nio-8081-exec-2] INFO  com.qczy.filter.JwtAuthenticationTokenFilter - authenticated user:admin
2026-01-14 21:29:34.904 [taskScheduler-7] INFO  c.q.federated.service.FederatedCoordinatorService - Marked 1 nodes as inactive
2026-01-14 21:29:37.876 [http-nio-8081-exec-4] INFO  com.qczy.filter.JwtAuthenticationTokenFilter - checking username:admin
2026-01-14 21:29:37.876 [http-nio-8081-exec-6] INFO  com.qczy.filter.JwtAuthenticationTokenFilter - checking username:admin
2026-01-14 21:29:37.879 [http-nio-8081-exec-6] INFO  com.qczy.filter.JwtAuthenticationTokenFilter - authenticated user:admin
2026-01-14 21:29:37.879 [http-nio-8081-exec-4] INFO  com.qczy.filter.JwtAuthenticationTokenFilter - authenticated user:admin
2026-01-14 21:29:38.886 [http-nio-8081-exec-1] INFO  com.qczy.filter.JwtAuthenticationTokenFilter - checking username:admin
2026-01-14 21:29:38.888 [http-nio-8081-exec-1] INFO  com.qczy.filter.JwtAuthenticationTokenFilter - authenticated user:admin
2026-01-14 21:29:39.919 [taskScheduler-7] INFO  c.q.federated.service.FederatedCoordinatorService - Marked 1 nodes as inactive
2026-01-14 21:29:42.871 [http-nio-8081-exec-3] INFO  com.qczy.filter.JwtAuthenticationTokenFilter - checking username:admin
2026-01-14 21:29:42.874 [http-nio-8081-exec-3] INFO  com.qczy.filter.JwtAuthenticationTokenFilter - authenticated user:admin
2026-01-14 21:29:43.874 [http-nio-8081-exec-9] INFO  com.qczy.filter.JwtAuthenticationTokenFilter - checking username:admin
2026-01-14 21:29:43.875 [http-nio-8081-exec-8] INFO  com.qczy.filter.JwtAuthenticationTokenFilter - checking username:admin
2026-01-14 21:29:43.876 [http-nio-8081-exec-9] INFO  com.qczy.filter.JwtAuthenticationTokenFilter - authenticated user:admin
2026-01-14 21:29:43.878 [http-nio-8081-exec-8] INFO  com.qczy.filter.JwtAuthenticationTokenFilter - authenticated user:admin
2026-01-14 21:29:44.930 [taskScheduler-7] INFO  c.q.federated.service.FederatedCoordinatorService - Marked 1 nodes as inactive
2026-01-14 21:29:47.885 [http-nio-8081-exec-10] INFO  com.qczy.filter.JwtAuthenticationTokenFilter - checking username:admin
2026-01-14 21:29:47.885 [http-nio-8081-exec-7] INFO  com.qczy.filter.JwtAuthenticationTokenFilter - checking username:admin
2026-01-14 21:29:47.887 [http-nio-8081-exec-10] INFO  com.qczy.filter.JwtAuthenticationTokenFilter - authenticated user:admin
2026-01-14 21:29:47.887 [http-nio-8081-exec-7] INFO  com.qczy.filter.JwtAuthenticationTokenFilter - authenticated user:admin
2026-01-14 21:29:48.875 [http-nio-8081-exec-5] INFO  com.qczy.filter.JwtAuthenticationTokenFilter - checking username:admin
2026-01-14 21:29:48.878 [http-nio-8081-exec-5] INFO  com.qczy.filter.JwtAuthenticationTokenFilter - authenticated user:admin
2026-01-14 21:29:49.936 [taskScheduler-7] INFO  c.q.federated.service.FederatedCoordinatorService - Marked 1 nodes as inactive
2026-01-14 21:29:53.873 [http-nio-8081-exec-2] INFO  com.qczy.filter.JwtAuthenticationTokenFilter - checking username:admin
2026-01-14 21:29:53.873 [http-nio-8081-exec-4] INFO  com.qczy.filter.JwtAuthenticationTokenFilter - checking username:admin
2026-01-14 21:29:53.873 [http-nio-8081-exec-2] INFO  com.qczy.filter.JwtAuthenticationTokenFilter - authenticated user:admin
2026-01-14 21:29:53.878 [http-nio-8081-exec-4] INFO  com.qczy.filter.JwtAuthenticationTokenFilter - authenticated user:admin
2026-01-14 21:29:54.940 [taskScheduler-7] INFO  c.q.federated.service.FederatedCoordinatorService - Marked 1 nodes as inactive
2026-01-14 21:29:56.874 [http-nio-8081-exec-6] INFO  com.qczy.filter.JwtAuthenticationTokenFilter - checking username:admin
2026-01-14 21:29:56.876 [http-nio-8081-exec-6] INFO  com.qczy.filter.JwtAuthenticationTokenFilter - authenticated user:admin
2026-01-14 21:29:58.878 [http-nio-8081-exec-1] INFO  com.qczy.filter.JwtAuthenticationTokenFilter - checking username:admin
2026-01-14 21:29:58.881 [http-nio-8081-exec-1] INFO  com.qczy.filter.JwtAuthenticationTokenFilter - authenticated user:admin
2026-01-14 21:29:59.947 [taskScheduler-7] INFO  c.q.federated.service.FederatedCoordinatorService - Marked 1 nodes as inactive
2026-01-14 21:30:04.958 [taskScheduler-7] INFO  c.q.federated.service.FederatedCoordinatorService - Marked 1 nodes as inactive
2026-01-14 21:30:09.973 [taskScheduler-7] INFO  c.q.federated.service.FederatedCoordinatorService - Marked 1 nodes as inactive
2026-01-14 21:30:14.990 [taskScheduler-7] INFO  c.q.federated.service.FederatedCoordinatorService - Marked 1 nodes as inactive
2026-01-14 21:30:20.009 [taskScheduler-7] INFO  c.q.federated.service.FederatedCoordinatorService - Marked 1 nodes as inactive
2026-01-14 21:30:25.027 [taskScheduler-7] INFO  c.q.federated.service.FederatedCoordinatorService - Marked 1 nodes as inactive
2026-01-14 21:30:30.039 [taskScheduler-7] INFO  c.q.federated.service.FederatedCoordinatorService - Marked 1 nodes as inactive
2026-01-14 21:30:35.053 [taskScheduler-7] INFO  c.q.federated.service.FederatedCoordinatorService - Marked 1 nodes as inactive
2026-01-14 21:30:40.064 [taskScheduler-7] INFO  c.q.federated.service.FederatedCoordinatorService - Marked 1 nodes as inactive
2026-01-14 21:30:45.082 [taskScheduler-7] INFO  c.q.federated.service.FederatedCoordinatorService - Marked 1 nodes as inactive
2026-01-14 21:30:50.105 [taskScheduler-7] INFO  c.q.federated.service.FederatedCoordinatorService - Marked 1 nodes as inactive
2026-01-14 21:30:55.111 [taskScheduler-7] INFO  c.q.federated.service.FederatedCoordinatorService - Marked 1 nodes as inactive
2026-01-14 21:30:56.884 [http-nio-8081-exec-9] INFO  com.qczy.filter.JwtAuthenticationTokenFilter - checking username:admin
2026-01-14 21:30:56.887 [http-nio-8081-exec-9] INFO  com.qczy.filter.JwtAuthenticationTokenFilter - authenticated user:admin
2026-01-14 21:30:56.888 [http-nio-8081-exec-8] INFO  com.qczy.filter.JwtAuthenticationTokenFilter - checking username:admin
2026-01-14 21:30:56.890 [http-nio-8081-exec-8] INFO  com.qczy.filter.JwtAuthenticationTokenFilter - authenticated user:admin
2026-01-14 21:30:56.891 [http-nio-8081-exec-10] INFO  com.qczy.filter.JwtAuthenticationTokenFilter - checking username:admin
2026-01-14 21:30:56.894 [http-nio-8081-exec-7] INFO  com.qczy.filter.JwtAuthenticationTokenFilter - checking username:admin
2026-01-14 21:30:56.894 [http-nio-8081-exec-10] INFO  com.qczy.filter.JwtAuthenticationTokenFilter - authenticated user:admin
2026-01-14 21:30:56.899 [http-nio-8081-exec-7] INFO  com.qczy.filter.JwtAuthenticationTokenFilter - authenticated user:admin
2026-01-14 21:31:00.126 [taskScheduler-7] INFO  c.q.federated.service.FederatedCoordinatorService - Marked 1 nodes as inactive
2026-01-14 21:31:05.142 [taskScheduler-7] INFO  c.q.federated.service.FederatedCoordinatorService - Marked 1 nodes as inactive
2026-01-14 21:31:10.150 [taskScheduler-7] INFO  c.q.federated.service.FederatedCoordinatorService - Marked 1 nodes as inactive
2026-01-14 21:31:15.173 [taskScheduler-7] INFO  c.q.federated.service.FederatedCoordinatorService - Marked 1 nodes as inactive
2026-01-14 21:31:20.186 [taskScheduler-7] INFO  c.q.federated.service.FederatedCoordinatorService - Marked 1 nodes as inactive
2026-01-14 21:31:25.198 [taskScheduler-7] INFO  c.q.federated.service.FederatedCoordinatorService - Marked 1 nodes as inactive
2026-01-14 21:31:30.211 [taskScheduler-7] INFO  c.q.federated.service.FederatedCoordinatorService - Marked 1 nodes as inactive
2026-01-14 21:31:35.218 [taskScheduler-7] INFO  c.q.federated.service.FederatedCoordinatorService - Marked 1 nodes as inactive
2026-01-14 21:31:40.236 [taskScheduler-7] INFO  c.q.federated.service.FederatedCoordinatorService - Marked 1 nodes as inactive
2026-01-14 21:31:45.254 [taskScheduler-7] INFO  c.q.federated.service.FederatedCoordinatorService - Marked 1 nodes as inactive
2026-01-14 21:31:50.270 [taskScheduler-7] INFO  c.q.federated.service.FederatedCoordinatorService - Marked 1 nodes as inactive
2026-01-14 21:31:55.286 [taskScheduler-7] INFO  c.q.federated.service.FederatedCoordinatorService - Marked 1 nodes as inactive
2026-01-14 21:31:56.885 [http-nio-8081-exec-5] INFO  com.qczy.filter.JwtAuthenticationTokenFilter - checking username:admin
2026-01-14 21:31:56.893 [http-nio-8081-exec-5] INFO  com.qczy.filter.JwtAuthenticationTokenFilter - authenticated user:admin
2026-01-14 21:31:56.893 [http-nio-8081-exec-2] INFO  com.qczy.filter.JwtAuthenticationTokenFilter - checking username:admin
2026-01-14 21:31:56.896 [http-nio-8081-exec-2] INFO  com.qczy.filter.JwtAuthenticationTokenFilter - authenticated user:admin
2026-01-14 21:31:56.897 [http-nio-8081-exec-4] INFO  com.qczy.filter.JwtAuthenticationTokenFilter - checking username:admin
2026-01-14 21:31:56.900 [http-nio-8081-exec-6] INFO  com.qczy.filter.JwtAuthenticationTokenFilter - checking username:admin
2026-01-14 21:31:56.900 [http-nio-8081-exec-4] INFO  com.qczy.filter.JwtAuthenticationTokenFilter - authenticated user:admin
2026-01-14 21:31:56.904 [http-nio-8081-exec-6] INFO  com.qczy.filter.JwtAuthenticationTokenFilter - authenticated user:admin
2026-01-14 21:32:00.302 [taskScheduler-7] INFO  c.q.federated.service.FederatedCoordinatorService - Marked 1 nodes as inactive
2026-01-14 21:32:05.313 [taskScheduler-7] INFO  c.q.federated.service.FederatedCoordinatorService - Marked 1 nodes as inactive
2026-01-14 21:32:10.324 [taskScheduler-7] INFO  c.q.federated.service.FederatedCoordinatorService - Marked 1 nodes as inactive
2026-01-14 21:32:15.333 [taskScheduler-7] INFO  c.q.federated.service.FederatedCoordinatorService - Marked 1 nodes as inactive
2026-01-14 21:32:20.347 [taskScheduler-7] INFO  c.q.federated.service.FederatedCoordinatorService - Marked 1 nodes as inactive
2026-01-14 21:32:25.360 [taskScheduler-7] INFO  c.q.federated.service.FederatedCoordinatorService - Marked 1 nodes as inactive
2026-01-14 21:32:30.376 [taskScheduler-7] INFO  c.q.federated.service.FederatedCoordinatorService - Marked 1 nodes as inactive
2026-01-14 21:32:35.386 [taskScheduler-7] INFO  c.q.federated.service.FederatedCoordinatorService - Marked 1 nodes as inactive
2026-01-14 21:32:40.420 [taskScheduler-7] INFO  c.q.federated.service.FederatedCoordinatorService - Marked 1 nodes as inactive
2026-01-14 21:32:45.435 [taskScheduler-7] INFO  c.q.federated.service.FederatedCoordinatorService - Marked 1 nodes as inactive
2026-01-14 21:32:50.450 [taskScheduler-7] INFO  c.q.federated.service.FederatedCoordinatorService - Marked 1 nodes as inactive
2026-01-14 21:32:55.457 [taskScheduler-7] INFO  c.q.federated.service.FederatedCoordinatorService - Marked 1 nodes as inactive
2026-01-14 21:32:56.881 [http-nio-8081-exec-3] INFO  com.qczy.filter.JwtAuthenticationTokenFilter - checking username:admin
2026-01-14 21:32:56.885 [http-nio-8081-exec-3] INFO  com.qczy.filter.JwtAuthenticationTokenFilter - authenticated user:admin
2026-01-14 21:32:56.886 [http-nio-8081-exec-9] INFO  com.qczy.filter.JwtAuthenticationTokenFilter - checking username:admin
2026-01-14 21:32:56.891 [http-nio-8081-exec-8] INFO  com.qczy.filter.JwtAuthenticationTokenFilter - checking username:admin
2026-01-14 21:32:56.891 [http-nio-8081-exec-9] INFO  com.qczy.filter.JwtAuthenticationTokenFilter - authenticated user:admin
2026-01-14 21:32:56.897 [http-nio-8081-exec-8] INFO  com.qczy.filter.JwtAuthenticationTokenFilter - authenticated user:admin
2026-01-14 21:32:56.898 [http-nio-8081-exec-10] INFO  com.qczy.filter.JwtAuthenticationTokenFilter - checking username:admin
2026-01-14 21:32:56.903 [http-nio-8081-exec-10] INFO  com.qczy.filter.JwtAuthenticationTokenFilter - authenticated user:admin
2026-01-14 21:33:00.466 [taskScheduler-7] INFO  c.q.federated.service.FederatedCoordinatorService - Marked 1 nodes as inactive
2026-01-14 21:33:05.484 [taskScheduler-7] INFO  c.q.federated.service.FederatedCoordinatorService - Marked 1 nodes as inactive
2026-01-14 21:33:10.500 [taskScheduler-7] INFO  c.q.federated.service.FederatedCoordinatorService - Marked 1 nodes as inactive
2026-01-14 21:33:15.521 [taskScheduler-7] INFO  c.q.federated.service.FederatedCoordinatorService - Marked 1 nodes as inactive
2026-01-14 21:33:20.530 [taskScheduler-7] INFO  c.q.federated.service.FederatedCoordinatorService - Marked 1 nodes as inactive
2026-01-14 21:33:25.550 [taskScheduler-7] INFO  c.q.federated.service.FederatedCoordinatorService - Marked 1 nodes as inactive
2026-01-14 21:33:30.564 [taskScheduler-7] INFO  c.q.federated.service.FederatedCoordinatorService - Marked 1 nodes as inactive
2026-01-14 21:33:35.584 [taskScheduler-7] INFO  c.q.federated.service.FederatedCoordinatorService - Marked 1 nodes as inactive
2026-01-14 21:33:40.599 [taskScheduler-7] INFO  c.q.federated.service.FederatedCoordinatorService - Marked 1 nodes as inactive
2026-01-14 21:33:45.611 [taskScheduler-7] INFO  c.q.federated.service.FederatedCoordinatorService - Marked 1 nodes as inactive
2026-01-14 21:33:50.625 [taskScheduler-7] INFO  c.q.federated.service.FederatedCoordinatorService - Marked 1 nodes as inactive
2026-01-14 21:33:55.639 [taskScheduler-7] INFO  c.q.federated.service.FederatedCoordinatorService - Marked 1 nodes as inactive
2026-01-14 21:33:56.873 [http-nio-8081-exec-7] INFO  com.qczy.filter.JwtAuthenticationTokenFilter - checking username:admin
2026-01-14 21:33:56.878 [http-nio-8081-exec-7] INFO  com.qczy.filter.JwtAuthenticationTokenFilter - authenticated user:admin
2026-01-14 21:33:56.878 [http-nio-8081-exec-5] INFO  com.qczy.filter.JwtAuthenticationTokenFilter - checking username:admin
2026-01-14 21:33:56.881 [http-nio-8081-exec-5] INFO  com.qczy.filter.JwtAuthenticationTokenFilter - authenticated user:admin
2026-01-14 21:33:56.883 [http-nio-8081-exec-2] INFO  com.qczy.filter.JwtAuthenticationTokenFilter - checking username:admin
2026-01-14 21:33:56.891 [http-nio-8081-exec-4] INFO  com.qczy.filter.JwtAuthenticationTokenFilter - checking username:admin
2026-01-14 21:33:56.911 [http-nio-8081-exec-2] INFO  com.qczy.filter.JwtAuthenticationTokenFilter - authenticated user:admin
2026-01-14 21:33:56.914 [http-nio-8081-exec-4] INFO  com.qczy.filter.JwtAuthenticationTokenFilter - authenticated user:admin
2026-01-14 21:34:00.654 [taskScheduler-7] INFO  c.q.federated.service.FederatedCoordinatorService - Marked 1 nodes as inactive
2026-01-14 21:34:05.672 [taskScheduler-7] INFO  c.q.federated.service.FederatedCoordinatorService - Marked 1 nodes as inactive
2026-01-14 21:34:10.683 [taskScheduler-7] INFO  c.q.federated.service.FederatedCoordinatorService - Marked 1 nodes as inactive
2026-01-14 21:34:15.698 [taskScheduler-7] INFO  c.q.federated.service.FederatedCoordinatorService - Marked 1 nodes as inactive
2026-01-14 21:34:20.715 [taskScheduler-7] INFO  c.q.federated.service.FederatedCoordinatorService - Marked 1 nodes as inactive
2026-01-14 21:34:25.733 [taskScheduler-7] INFO  c.q.federated.service.FederatedCoordinatorService - Marked 1 nodes as inactive
2026-01-14 21:34:30.747 [taskScheduler-7] INFO  c.q.federated.service.FederatedCoordinatorService - Marked 1 nodes as inactive
2026-01-14 21:34:35.759 [taskScheduler-7] INFO  c.q.federated.service.FederatedCoordinatorService - Marked 1 nodes as inactive
2026-01-14 21:34:40.775 [taskScheduler-7] INFO  c.q.federated.service.FederatedCoordinatorService - Marked 1 nodes as inactive
2026-01-14 21:34:45.780 [taskScheduler-7] INFO  c.q.federated.service.FederatedCoordinatorService - Marked 1 nodes as inactive
2026-01-14 21:34:50.799 [taskScheduler-7] INFO  c.q.federated.service.FederatedCoordinatorService - Marked 1 nodes as inactive
2026-01-14 21:34:55.812 [taskScheduler-7] INFO  c.q.federated.service.FederatedCoordinatorService - Marked 1 nodes as inactive
2026-01-14 21:34:56.885 [http-nio-8081-exec-6] INFO  com.qczy.filter.JwtAuthenticationTokenFilter - checking username:admin
2026-01-14 21:34:56.888 [http-nio-8081-exec-6] INFO  com.qczy.filter.JwtAuthenticationTokenFilter - authenticated user:admin
2026-01-14 21:34:56.888 [http-nio-8081-exec-1] INFO  com.qczy.filter.JwtAuthenticationTokenFilter - checking username:admin
2026-01-14 21:34:56.892 [http-nio-8081-exec-3] INFO  com.qczy.filter.JwtAuthenticationTokenFilter - checking username:admin
2026-01-14 21:34:56.892 [http-nio-8081-exec-1] INFO  com.qczy.filter.JwtAuthenticationTokenFilter - authenticated user:admin
2026-01-14 21:34:56.896 [http-nio-8081-exec-9] INFO  com.qczy.filter.JwtAuthenticationTokenFilter - checking username:admin
2026-01-14 21:34:56.898 [http-nio-8081-exec-3] INFO  com.qczy.filter.JwtAuthenticationTokenFilter - authenticated user:admin
2026-01-14 21:34:56.900 [http-nio-8081-exec-9] INFO  com.qczy.filter.JwtAuthenticationTokenFilter - authenticated user:admin
2026-01-14 21:35:00.821 [taskScheduler-7] INFO  c.q.federated.service.FederatedCoordinatorService - Marked 1 nodes as inactive
2026-01-14 21:35:05.831 [taskScheduler-7] INFO  c.q.federated.service.FederatedCoordinatorService - Marked 1 nodes as inactive
2026-01-14 21:35:10.849 [taskScheduler-7] INFO  c.q.federated.service.FederatedCoordinatorService - Marked 1 nodes as inactive
2026-01-14 21:35:15.860 [taskScheduler-7] INFO  c.q.federated.service.FederatedCoordinatorService - Marked 1 nodes as inactive
2026-01-14 21:35:20.874 [taskScheduler-7] INFO  c.q.federated.service.FederatedCoordinatorService - Marked 1 nodes as inactive
2026-01-14 21:35:25.888 [taskScheduler-7] INFO  c.q.federated.service.FederatedCoordinatorService - Marked 1 nodes as inactive
2026-01-14 21:35:30.895 [taskScheduler-7] INFO  c.q.federated.service.FederatedCoordinatorService - Marked 1 nodes as inactive
2026-01-14 21:35:35.911 [taskScheduler-7] INFO  c.q.federated.service.FederatedCoordinatorService - Marked 1 nodes as inactive
2026-01-14 21:35:40.929 [taskScheduler-7] INFO  c.q.federated.service.FederatedCoordinatorService - Marked 1 nodes as inactive
2026-01-14 21:35:45.948 [taskScheduler-7] INFO  c.q.federated.service.FederatedCoordinatorService - Marked 1 nodes as inactive
2026-01-14 21:35:50.953 [taskScheduler-7] INFO  c.q.federated.service.FederatedCoordinatorService - Marked 1 nodes as inactive
2026-01-14 21:35:55.961 [taskScheduler-7] INFO  c.q.federated.service.FederatedCoordinatorService - Marked 1 nodes as inactive
2026-01-14 21:35:56.871 [http-nio-8081-exec-10] INFO  com.qczy.filter.JwtAuthenticationTokenFilter - checking username:admin
2026-01-14 21:35:56.874 [http-nio-8081-exec-7] INFO  com.qczy.filter.JwtAuthenticationTokenFilter - checking username:admin
2026-01-14 21:35:56.874 [http-nio-8081-exec-10] INFO  com.qczy.filter.JwtAuthenticationTokenFilter - authenticated user:admin
2026-01-14 21:35:56.877 [http-nio-8081-exec-7] INFO  com.qczy.filter.JwtAuthenticationTokenFilter - authenticated user:admin
2026-01-14 21:35:56.878 [http-nio-8081-exec-5] INFO  com.qczy.filter.JwtAuthenticationTokenFilter - checking username:admin
2026-01-14 21:35:56.881 [http-nio-8081-exec-2] INFO  com.qczy.filter.JwtAuthenticationTokenFilter - checking username:admin
2026-01-14 21:35:56.884 [http-nio-8081-exec-5] INFO  com.qczy.filter.JwtAuthenticationTokenFilter - authenticated user:admin
2026-01-14 21:35:56.886 [http-nio-8081-exec-2] INFO  com.qczy.filter.JwtAuthenticationTokenFilter - authenticated user:admin
2026-01-14 21:36:00.971 [taskScheduler-7] INFO  c.q.federated.service.FederatedCoordinatorService - Marked 1 nodes as inactive
2026-01-14 21:36:05.979 [taskScheduler-7] INFO  c.q.federated.service.FederatedCoordinatorService - Marked 1 nodes as inactive
2026-01-14 21:36:10.994 [taskScheduler-7] INFO  c.q.federated.service.FederatedCoordinatorService - Marked 1 nodes as inactive
2026-01-14 21:36:16.008 [taskScheduler-7] INFO  c.q.federated.service.FederatedCoordinatorService - Marked 1 nodes as inactive
2026-01-14 21:36:21.030 [taskScheduler-7] INFO  c.q.federated.service.FederatedCoordinatorService - Marked 1 nodes as inactive
2026-01-14 21:36:26.041 [taskScheduler-7] INFO  c.q.federated.service.FederatedCoordinatorService - Marked 1 nodes as inactive
2026-01-14 21:36:31.046 [taskScheduler-7] INFO  c.q.federated.service.FederatedCoordinatorService - Marked 1 nodes as inactive
2026-01-14 21:36:36.062 [taskScheduler-7] INFO  c.q.federated.service.FederatedCoordinatorService - Marked 1 nodes as inactive
2026-01-14 21:36:41.068 [taskScheduler-7] INFO  c.q.federated.service.FederatedCoordinatorService - Marked 1 nodes as inactive
2026-01-14 21:36:46.079 [taskScheduler-7] INFO  c.q.federated.service.FederatedCoordinatorService - Marked 1 nodes as inactive
2026-01-14 21:36:51.093 [taskScheduler-7] INFO  c.q.federated.service.FederatedCoordinatorService - Marked 1 nodes as inactive
2026-01-14 21:36:56.113 [taskScheduler-7] INFO  c.q.federated.service.FederatedCoordinatorService - Marked 1 nodes as inactive
2026-01-14 21:36:56.881 [http-nio-8081-exec-4] INFO  com.qczy.filter.JwtAuthenticationTokenFilter - checking username:admin
2026-01-14 21:36:56.885 [http-nio-8081-exec-4] INFO  com.qczy.filter.JwtAuthenticationTokenFilter - authenticated user:admin
2026-01-14 21:36:56.886 [http-nio-8081-exec-6] INFO  com.qczy.filter.JwtAuthenticationTokenFilter - checking username:admin
2026-01-14 21:36:56.889 [http-nio-8081-exec-6] INFO  com.qczy.filter.JwtAuthenticationTokenFilter - authenticated user:admin
2026-01-14 21:36:56.889 [http-nio-8081-exec-1] INFO  com.qczy.filter.JwtAuthenticationTokenFilter - checking username:admin
2026-01-14 21:36:56.893 [http-nio-8081-exec-1] INFO  com.qczy.filter.JwtAuthenticationTokenFilter - authenticated user:admin
2026-01-14 21:36:56.893 [http-nio-8081-exec-3] INFO  com.qczy.filter.JwtAuthenticationTokenFilter - checking username:admin
2026-01-14 21:36:56.900 [http-nio-8081-exec-3] INFO  com.qczy.filter.JwtAuthenticationTokenFilter - authenticated user:admin
2026-01-14 21:37:01.131 [taskScheduler-7] INFO  c.q.federated.service.FederatedCoordinatorService - Marked 1 nodes as inactive
2026-01-14 21:37:06.136 [taskScheduler-7] INFO  c.q.federated.service.FederatedCoordinatorService - Marked 1 nodes as inactive
2026-01-14 21:37:11.154 [taskScheduler-7] INFO  c.q.federated.service.FederatedCoordinatorService - Marked 1 nodes as inactive
2026-01-14 21:37:16.160 [taskScheduler-7] INFO  c.q.federated.service.FederatedCoordinatorService - Marked 1 nodes as inactive
2026-01-14 21:37:21.177 [taskScheduler-7] INFO  c.q.federated.service.FederatedCoordinatorService - Marked 1 nodes as inactive
2026-01-14 21:37:26.186 [taskScheduler-7] INFO  c.q.federated.service.FederatedCoordinatorService - Marked 1 nodes as inactive
2026-01-14 21:37:31.202 [taskScheduler-7] INFO  c.q.federated.service.FederatedCoordinatorService - Marked 1 nodes as inactive
2026-01-14 21:37:36.209 [taskScheduler-7] INFO  c.q.federated.service.FederatedCoordinatorService - Marked 1 nodes as inactive
2026-01-14 21:37:41.227 [taskScheduler-7] INFO  c.q.federated.service.FederatedCoordinatorService - Marked 1 nodes as inactive
2026-01-14 21:37:46.243 [taskScheduler-7] INFO  c.q.federated.service.FederatedCoordinatorService - Marked 1 nodes as inactive
2026-01-14 21:37:51.248 [taskScheduler-7] INFO  c.q.federated.service.FederatedCoordinatorService - Marked 1 nodes as inactive
2026-01-14 21:37:56.259 [taskScheduler-7] INFO  c.q.federated.service.FederatedCoordinatorService - Marked 1 nodes as inactive
2026-01-14 21:37:56.870 [http-nio-8081-exec-9] INFO  com.qczy.filter.JwtAuthenticationTokenFilter - checking username:admin
2026-01-14 21:37:56.873 [http-nio-8081-exec-9] INFO  com.qczy.filter.JwtAuthenticationTokenFilter - authenticated user:admin
2026-01-14 21:37:56.873 [http-nio-8081-exec-8] INFO  com.qczy.filter.JwtAuthenticationTokenFilter - checking username:admin
2026-01-14 21:37:56.876 [http-nio-8081-exec-8] INFO  com.qczy.filter.JwtAuthenticationTokenFilter - authenticated user:admin
2026-01-14 21:37:56.876 [http-nio-8081-exec-10] INFO  com.qczy.filter.JwtAuthenticationTokenFilter - checking username:admin
2026-01-14 21:37:56.879 [http-nio-8081-exec-10] INFO  com.qczy.filter.JwtAuthenticationTokenFilter - authenticated user:admin
2026-01-14 21:37:56.881 [http-nio-8081-exec-7] INFO  com.qczy.filter.JwtAuthenticationTokenFilter - checking username:admin
2026-01-14 21:37:56.886 [http-nio-8081-exec-7] INFO  com.qczy.filter.JwtAuthenticationTokenFilter - authenticated user:admin
2026-01-14 21:38:01.276 [taskScheduler-7] INFO  c.q.federated.service.FederatedCoordinatorService - Marked 1 nodes as inactive
2026-01-14 21:38:06.288 [taskScheduler-7] INFO  c.q.federated.service.FederatedCoordinatorService - Marked 1 nodes as inactive
2026-01-14 21:38:11.307 [taskScheduler-7] INFO  c.q.federated.service.FederatedCoordinatorService - Marked 1 nodes as inactive
2026-01-14 21:38:16.327 [taskScheduler-7] INFO  c.q.federated.service.FederatedCoordinatorService - Marked 1 nodes as inactive
2026-01-14 21:38:21.336 [taskScheduler-7] INFO  c.q.federated.service.FederatedCoordinatorService - Marked 1 nodes as inactive
2026-01-14 21:38:21.340 [http-nio-8081-exec-5] INFO  com.qczy.filter.JwtAuthenticationTokenFilter - checking username:admin
2026-01-14 21:38:21.350 [http-nio-8081-exec-5] INFO  com.qczy.filter.JwtAuthenticationTokenFilter - authenticated user:admin
2026-01-14 21:38:21.377 [http-nio-8081-exec-2] INFO  com.qczy.filter.JwtAuthenticationTokenFilter - checking username:admin
2026-01-14 21:38:21.386 [http-nio-8081-exec-2] INFO  com.qczy.filter.JwtAuthenticationTokenFilter - authenticated user:admin
2026-01-14 21:38:23.518 [http-nio-8081-exec-4] INFO  com.qczy.filter.JwtAuthenticationTokenFilter - checking username:admin
2026-01-14 21:38:23.520 [http-nio-8081-exec-6] INFO  com.qczy.filter.JwtAuthenticationTokenFilter - checking username:admin
2026-01-14 21:38:23.520 [http-nio-8081-exec-4] INFO  com.qczy.filter.JwtAuthenticationTokenFilter - authenticated user:admin
2026-01-14 21:38:23.522 [http-nio-8081-exec-6] INFO  com.qczy.filter.JwtAuthenticationTokenFilter - authenticated user:admin
2026-01-14 21:38:25.835 [http-nio-8081-exec-1] INFO  com.qczy.filter.JwtAuthenticationTokenFilter - checking username:admin
2026-01-14 21:38:25.836 [http-nio-8081-exec-1] INFO  com.qczy.filter.JwtAuthenticationTokenFilter - authenticated user:admin
2026-01-14 21:38:25.840 [http-nio-8081-exec-1] INFO  c.q.federated.service.FederatedCoordinatorService - Created new training job: f2288420-1a56-40b1-957f-e6df3c30d82e with model type: RESNET
2026-01-14 21:38:25.876 [http-nio-8081-exec-3] INFO  com.qczy.filter.JwtAuthenticationTokenFilter - checking username:admin
2026-01-14 21:38:25.879 [http-nio-8081-exec-3] INFO  com.qczy.filter.JwtAuthenticationTokenFilter - authenticated user:admin
2026-01-14 21:38:26.351 [taskScheduler-7] INFO  c.q.federated.service.FederatedCoordinatorService - Marked 1 nodes as inactive
2026-01-14 21:38:28.515 [http-nio-8081-exec-9] INFO  com.qczy.filter.JwtAuthenticationTokenFilter - checking username:admin
2026-01-14 21:38:28.517 [http-nio-8081-exec-9] INFO  com.qczy.filter.JwtAuthenticationTokenFilter - authenticated user:admin
2026-01-14 21:38:29.153 [http-nio-8081-exec-10] INFO  com.qczy.filter.JwtAuthenticationTokenFilter - checking username:admin
2026-01-14 21:38:29.155 [http-nio-8081-exec-10] INFO  com.qczy.filter.JwtAuthenticationTokenFilter - authenticated user:admin
2026-01-14 21:38:29.179 [http-nio-8081-exec-10] INFO  com.qczy.federated.flower.FlowerServerManager - Remote Flower server started for job: f2288420-1a56-40b1-957f-e6df3c30d82e on port: 8098
2026-01-14 21:38:29.182 [http-nio-8081-exec-10] INFO  c.q.federated.service.FederatedCoordinatorService - Started training job: f2288420-1a56-40b1-957f-e6df3c30d82e on port: 8098
2026-01-14 21:38:29.200 [http-nio-8081-exec-7] INFO  com.qczy.filter.JwtAuthenticationTokenFilter - checking username:admin
2026-01-14 21:38:29.200 [http-nio-8081-exec-7] INFO  com.qczy.filter.JwtAuthenticationTokenFilter - authenticated user:admin
2026-01-14 21:38:31.365 [taskScheduler-7] INFO  c.q.federated.service.FederatedCoordinatorService - Marked 1 nodes as inactive
2026-01-14 21:38:33.877 [http-nio-8081-exec-5] INFO  com.qczy.filter.JwtAuthenticationTokenFilter - checking username:admin
2026-01-14 21:38:33.878 [http-nio-8081-exec-2] INFO  com.qczy.filter.JwtAuthenticationTokenFilter - checking username:admin
2026-01-14 21:38:33.879 [http-nio-8081-exec-5] INFO  com.qczy.filter.JwtAuthenticationTokenFilter - authenticated user:admin
2026-01-14 21:38:33.881 [http-nio-8081-exec-2] INFO  com.qczy.filter.JwtAuthenticationTokenFilter - authenticated user:admin
2026-01-14 21:38:36.372 [taskScheduler-7] INFO  c.q.federated.service.FederatedCoordinatorService - Marked 1 nodes as inactive
2026-01-14 21:38:38.878 [http-nio-8081-exec-4] INFO  com.qczy.filter.JwtAuthenticationTokenFilter - checking username:admin
2026-01-14 21:38:38.882 [http-nio-8081-exec-4] INFO  com.qczy.filter.JwtAuthenticationTokenFilter - authenticated user:admin
2026-01-14 21:38:41.381 [taskScheduler-7] INFO  c.q.federated.service.FederatedCoordinatorService - Marked 1 nodes as inactive
2026-01-14 21:38:43.882 [http-nio-8081-exec-6] INFO  com.qczy.filter.JwtAuthenticationTokenFilter - checking username:admin
2026-01-14 21:38:43.885 [http-nio-8081-exec-1] INFO  com.qczy.filter.JwtAuthenticationTokenFilter - checking username:admin
2026-01-14 21:38:43.885 [http-nio-8081-exec-6] INFO  com.qczy.filter.JwtAuthenticationTokenFilter - authenticated user:admin
2026-01-14 21:38:43.886 [http-nio-8081-exec-1] INFO  com.qczy.filter.JwtAuthenticationTokenFilter - authenticated user:admin
2026-01-14 21:38:46.393 [taskScheduler-7] INFO  c.q.federated.service.FederatedCoordinatorService - Marked 1 nodes as inactive
2026-01-14 21:38:48.878 [http-nio-8081-exec-3] INFO  com.qczy.filter.JwtAuthenticationTokenFilter - checking username:admin
2026-01-14 21:38:48.880 [http-nio-8081-exec-3] INFO  com.qczy.filter.JwtAuthenticationTokenFilter - authenticated user:admin
2026-01-14 21:38:51.409 [taskScheduler-7] INFO  c.q.federated.service.FederatedCoordinatorService - Marked 1 nodes as inactive
2026-01-14 21:38:53.875 [http-nio-8081-exec-9] INFO  com.qczy.filter.JwtAuthenticationTokenFilter - checking username:admin
2026-01-14 21:38:53.878 [http-nio-8081-exec-8] INFO  com.qczy.filter.JwtAuthenticationTokenFilter - checking username:admin
2026-01-14 21:38:53.878 [http-nio-8081-exec-9] INFO  com.qczy.filter.JwtAuthenticationTokenFilter - authenticated user:admin
2026-01-14 21:38:53.881 [http-nio-8081-exec-8] INFO  com.qczy.filter.JwtAuthenticationTokenFilter - authenticated user:admin
2026-01-14 21:38:56.421 [taskScheduler-7] INFO  c.q.federated.service.FederatedCoordinatorService - Marked 1 nodes as inactive
2026-01-14 21:38:56.876 [http-nio-8081-exec-10] INFO  com.qczy.filter.JwtAuthenticationTokenFilter - checking username:admin
2026-01-14 21:38:56.879 [http-nio-8081-exec-10] INFO  com.qczy.filter.JwtAuthenticationTokenFilter - authenticated user:admin
2026-01-14 21:38:56.883 [http-nio-8081-exec-7] INFO  com.qczy.filter.JwtAuthenticationTokenFilter - checking username:admin
2026-01-14 21:38:56.886 [http-nio-8081-exec-7] INFO  com.qczy.filter.JwtAuthenticationTokenFilter - authenticated user:admin
2026-01-14 21:38:58.527 [http-nio-8081-exec-2] INFO  com.qczy.filter.JwtAuthenticationTokenFilter - checking username:admin
2026-01-14 21:38:58.529 [http-nio-8081-exec-2] INFO  com.qczy.filter.JwtAuthenticationTokenFilter - authenticated user:admin
2026-01-14 21:39:01.428 [taskScheduler-7] INFO  c.q.federated.service.FederatedCoordinatorService - Marked 1 nodes as inactive
2026-01-14 21:39:01.685 [http-nio-8081-exec-4] INFO  com.qczy.filter.JwtAuthenticationTokenFilter - checking username:admin
2026-01-14 21:39:01.687 [http-nio-8081-exec-4] INFO  com.qczy.filter.JwtAuthenticationTokenFilter - authenticated user:admin
2026-01-14 21:39:03.514 [http-nio-8081-exec-6] INFO  com.qczy.filter.JwtAuthenticationTokenFilter - checking username:admin
2026-01-14 21:39:03.517 [http-nio-8081-exec-1] INFO  com.qczy.filter.JwtAuthenticationTokenFilter - checking username:admin
2026-01-14 21:39:03.517 [http-nio-8081-exec-6] INFO  com.qczy.filter.JwtAuthenticationTokenFilter - authenticated user:admin
2026-01-14 21:39:03.519 [http-nio-8081-exec-1] INFO  com.qczy.filter.JwtAuthenticationTokenFilter - authenticated user:admin
2026-01-14 21:39:06.441 [taskScheduler-7] INFO  c.q.federated.service.FederatedCoordinatorService - Marked 1 nodes as inactive
2026-01-14 21:39:08.520 [http-nio-8081-exec-3] INFO  com.qczy.filter.JwtAuthenticationTokenFilter - checking username:admin
2026-01-14 21:39:08.522 [http-nio-8081-exec-3] INFO  com.qczy.filter.JwtAuthenticationTokenFilter - authenticated user:admin
2026-01-14 21:39:11.455 [taskScheduler-7] INFO  c.q.federated.service.FederatedCoordinatorService - Marked 1 nodes as inactive
2026-01-14 21:39:13.512 [http-nio-8081-exec-9] INFO  com.qczy.filter.JwtAuthenticationTokenFilter - checking username:admin
2026-01-14 21:39:13.514 [http-nio-8081-exec-8] INFO  com.qczy.filter.JwtAuthenticationTokenFilter - checking username:admin
2026-01-14 21:39:13.514 [http-nio-8081-exec-9] INFO  com.qczy.filter.JwtAuthenticationTokenFilter - authenticated user:admin
2026-01-14 21:39:13.516 [http-nio-8081-exec-8] INFO  com.qczy.filter.JwtAuthenticationTokenFilter - authenticated user:admin
2026-01-14 21:39:16.466 [taskScheduler-7] INFO  c.q.federated.service.FederatedCoordinatorService - Marked 1 nodes as inactive
2026-01-14 21:39:18.510 [http-nio-8081-exec-10] INFO  com.qczy.filter.JwtAuthenticationTokenFilter - checking username:admin
2026-01-14 21:39:18.512 [http-nio-8081-exec-10] INFO  com.qczy.filter.JwtAuthenticationTokenFilter - authenticated user:admin
2026-01-14 21:39:21.475 [taskScheduler-7] INFO  c.q.federated.service.FederatedCoordinatorService - Marked 1 nodes as inactive
2026-01-14 21:39:23.518 [http-nio-8081-exec-7] INFO  com.qczy.filter.JwtAuthenticationTokenFilter - checking username:admin
2026-01-14 21:39:23.520 [http-nio-8081-exec-7] INFO  com.qczy.filter.JwtAuthenticationTokenFilter - authenticated user:admin
2026-01-14 21:39:23.526 [http-nio-8081-exec-5] INFO  com.qczy.filter.JwtAuthenticationTokenFilter - checking username:admin
2026-01-14 21:39:23.528 [http-nio-8081-exec-5] INFO  com.qczy.filter.JwtAuthenticationTokenFilter - authenticated user:admin
2026-01-14 21:39:26.492 [taskScheduler-7] INFO  c.q.federated.service.FederatedCoordinatorService - Marked 1 nodes as inactive
2026-01-14 21:39:28.871 [http-nio-8081-exec-2] INFO  com.qczy.filter.JwtAuthenticationTokenFilter - checking username:admin
2026-01-14 21:39:28.873 [http-nio-8081-exec-2] INFO  com.qczy.filter.JwtAuthenticationTokenFilter - authenticated user:admin
2026-01-14 21:39:31.508 [taskScheduler-7] INFO  c.q.federated.service.FederatedCoordinatorService - Marked 1 nodes as inactive
2026-01-14 21:39:33.516 [http-nio-8081-exec-4] INFO  com.qczy.filter.JwtAuthenticationTokenFilter - checking username:admin
2026-01-14 21:39:33.518 [http-nio-8081-exec-6] INFO  com.qczy.filter.JwtAuthenticationTokenFilter - checking username:admin
2026-01-14 21:39:33.518 [http-nio-8081-exec-4] INFO  com.qczy.filter.JwtAuthenticationTokenFilter - authenticated user:admin
2026-01-14 21:39:33.520 [http-nio-8081-exec-6] INFO  com.qczy.filter.JwtAuthenticationTokenFilter - authenticated user:admin
2026-01-14 21:39:36.529 [taskScheduler-7] INFO  c.q.federated.service.FederatedCoordinatorService - Marked 1 nodes as inactive
2026-01-14 21:39:38.516 [http-nio-8081-exec-1] INFO  com.qczy.filter.JwtAuthenticationTokenFilter - checking username:admin
2026-01-14 21:39:38.518 [http-nio-8081-exec-1] INFO  com.qczy.filter.JwtAuthenticationTokenFilter - authenticated user:admin
2026-01-14 21:39:41.542 [taskScheduler-7] INFO  c.q.federated.service.FederatedCoordinatorService - Marked 1 nodes as inactive
2026-01-14 21:39:43.510 [http-nio-8081-exec-3] INFO  com.qczy.filter.JwtAuthenticationTokenFilter - checking username:admin
2026-01-14 21:39:43.513 [http-nio-8081-exec-3] INFO  com.qczy.filter.JwtAuthenticationTokenFilter - authenticated user:admin
2026-01-14 21:39:43.513 [http-nio-8081-exec-9] INFO  com.qczy.filter.JwtAuthenticationTokenFilter - checking username:admin
2026-01-14 21:39:43.516 [http-nio-8081-exec-9] INFO  com.qczy.filter.JwtAuthenticationTokenFilter - authenticated user:admin
2026-01-14 21:39:46.555 [taskScheduler-7] INFO  c.q.federated.service.FederatedCoordinatorService - Marked 1 nodes as inactive
2026-01-14 21:39:48.512 [http-nio-8081-exec-8] INFO  com.qczy.filter.JwtAuthenticationTokenFilter - checking username:admin
2026-01-14 21:39:48.515 [http-nio-8081-exec-8] INFO  com.qczy.filter.JwtAuthenticationTokenFilter - authenticated user:admin
2026-01-14 21:39:51.573 [taskScheduler-7] INFO  c.q.federated.service.FederatedCoordinatorService - Marked 1 nodes as inactive
2026-01-14 23:53:01.653 [main] INFO  com.qczy.MyApplication - Starting MyApplication on DESKTOP-MVT8OQB with PID 8892 (D:\PROJECT\ELEC_1126\back\datamark-admin\target\classes started by Administrator in D:\PROJECT\ELEC_1126\back\datamark-admin)
2026-01-14 23:53:01.681 [main] INFO  com.qczy.MyApplication - The following profiles are active: test
2026-01-14 23:53:05.066 [main] INFO  o.s.c.s.PostProcessorRegistrationDelegate$BeanPostProcessorChecker - Bean 'asyncConfig' of type [com.qczy.config.AsyncConfig$$EnhancerBySpringCGLIB$$ec8b7c6d] is not eligible for getting processed by all BeanPostProcessors (for example: not eligible for auto-proxying)
2026-01-14 23:53:05.228 [main] INFO  o.s.c.s.PostProcessorRegistrationDelegate$BeanPostProcessorChecker - Bean 'org.springframework.transaction.annotation.ProxyTransactionManagementConfiguration' of type [org.springframework.transaction.annotation.ProxyTransactionManagementConfiguration] is not eligible for getting processed by all BeanPostProcessors (for example: not eligible for auto-proxying)
2026-01-14 23:53:05.606 [main] INFO  o.s.c.s.PostProcessorRegistrationDelegate$BeanPostProcessorChecker - Bean 'org.springframework.security.config.annotation.configuration.ObjectPostProcessorConfiguration' of type [org.springframework.security.config.annotation.configuration.ObjectPostProcessorConfiguration] is not eligible for getting processed by all BeanPostProcessors (for example: not eligible for auto-proxying)
2026-01-14 23:53:05.616 [main] INFO  o.s.c.s.PostProcessorRegistrationDelegate$BeanPostProcessorChecker - Bean 'objectPostProcessor' of type [org.springframework.security.config.annotation.configuration.AutowireBeanFactoryObjectPostProcessor] is not eligible for getting processed by all BeanPostProcessors (for example: not eligible for auto-proxying)
2026-01-14 23:53:05.627 [main] INFO  o.s.c.s.PostProcessorRegistrationDelegate$BeanPostProcessorChecker - Bean 'org.springframework.security.access.expression.method.DefaultMethodSecurityExpressionHandler@60e9c3a5' of type [org.springframework.security.access.expression.method.DefaultMethodSecurityExpressionHandler] is not eligible for getting processed by all BeanPostProcessors (for example: not eligible for auto-proxying)
2026-01-14 23:53:05.636 [main] INFO  o.s.c.s.PostProcessorRegistrationDelegate$BeanPostProcessorChecker - Bean 'org.springframework.security.config.annotation.method.configuration.GlobalMethodSecurityConfiguration' of type [org.springframework.security.config.annotation.method.configuration.GlobalMethodSecurityConfiguration] is not eligible for getting processed by all BeanPostProcessors (for example: not eligible for auto-proxying)
2026-01-14 23:53:05.659 [main] INFO  o.s.c.s.PostProcessorRegistrationDelegate$BeanPostProcessorChecker - Bean 'methodSecurityMetadataSource' of type [org.springframework.security.access.method.DelegatingMethodSecurityMetadataSource] is not eligible for getting processed by all BeanPostProcessors (for example: not eligible for auto-proxying)
2026-01-14 23:53:06.774 [main] INFO  o.s.boot.web.embedded.tomcat.TomcatWebServer - Tomcat initialized with port(s): 8081 (http)
2026-01-14 23:53:06.788 [main] INFO  org.apache.coyote.http11.Http11NioProtocol - Initializing ProtocolHandler ["http-nio-8081"]
2026-01-14 23:53:06.790 [main] INFO  org.apache.catalina.core.StandardService - Starting service [Tomcat]
2026-01-14 23:53:06.790 [main] INFO  org.apache.catalina.core.StandardEngine - Starting Servlet engine: [Apache Tomcat/9.0.27]
2026-01-14 23:53:06.889 [main] INFO  o.a.c.core.ContainerBase.[Tomcat].[localhost].[/] - Initializing Spring embedded WebApplicationContext
2026-01-14 23:53:06.890 [main] INFO  org.springframework.web.context.ContextLoader - Root WebApplicationContext: initialization completed in 5000 ms
2026-01-14 23:53:18.952 [main] INFO  com.zaxxer.hikari.HikariDataSource - HikariPool-1 - Starting...
2026-01-14 23:53:19.301 [main] INFO  com.zaxxer.hikari.HikariDataSource - HikariPool-1 - Start completed.
2026-01-14 23:53:19.682 [main] INFO  c.q.federated.service.FederatedCoordinatorService - Loaded 2 nodes from database
2026-01-14 23:53:19.819 [main] INFO  c.q.federated.service.FederatedCoordinatorService - Loaded 10 jobs from database
2026-01-14 23:53:21.116 [main] INFO  o.s.scheduling.concurrent.ThreadPoolTaskExecutor - Initializing ExecutorService
2026-01-14 23:53:21.129 [main] INFO  o.s.scheduling.concurrent.ThreadPoolTaskExecutor - Initializing ExecutorService 'asyncExecutor'
2026-01-14 23:53:21.372 [main] INFO  o.s.scheduling.concurrent.ThreadPoolTaskScheduler - Initializing ExecutorService
2026-01-14 23:53:21.404 [main] INFO  o.s.scheduling.concurrent.ThreadPoolTaskScheduler - Initializing ExecutorService 'taskScheduler'
2026-01-14 23:53:22.040 [main] INFO  s.d.s.w.PropertySourcedRequestMappingHandlerMapping - Mapped URL path [/v2/api-docs] onto method [springfox.documentation.swagger2.web.Swagger2Controller#getDocumentation(String, HttpServletRequest)]
2026-01-14 23:53:22.307 [main] INFO  o.s.security.web.DefaultSecurityFilterChain - Creating filter chain: any request, [org.springframework.security.web.context.request.async.WebAsyncManagerIntegrationFilter@1de30c31, org.springframework.security.web.context.SecurityContextPersistenceFilter@318e3942, org.springframework.security.web.header.HeaderWriterFilter@74bdfa0b, org.springframework.web.filter.CorsFilter@1cc93da4, org.springframework.security.web.authentication.logout.LogoutFilter@6c70b7c3, com.qczy.filter.JwtAuthenticationTokenFilter@5b202ff, org.springframework.security.web.savedrequest.RequestCacheAwareFilter@485c84d7, org.springframework.security.web.servletapi.SecurityContextHolderAwareRequestFilter@7440265c, org.springframework.security.web.authentication.AnonymousAuthenticationFilter@69d2fb0a, org.springframework.security.web.session.SessionManagementFilter@71fb8301, org.springframework.security.web.access.ExceptionTranslationFilter@147c00aa, org.springframework.security.web.access.intercept.FilterSecurityInterceptor@28b5662d]
2026-01-14 23:53:22.967 [main] INFO  s.d.s.web.plugins.DocumentationPluginsBootstrapper - Context refreshed
2026-01-14 23:53:23.022 [main] INFO  s.d.s.web.plugins.DocumentationPluginsBootstrapper - Found 1 custom documentation plugin(s)
2026-01-14 23:53:23.023 [main] INFO  s.d.s.web.plugins.DocumentationPluginsBootstrapper - Skipping initializing disabled plugin bean swagger v2.0
2026-01-14 23:53:23.054 [main] INFO  org.apache.coyote.http11.Http11NioProtocol - Starting ProtocolHandler ["http-nio-8081"]
2026-01-14 23:53:23.187 [taskScheduler-1] INFO  c.q.federated.service.FederatedCoordinatorService - Marked 1 nodes as inactive
2026-01-14 23:53:23.276 [main] INFO  o.s.boot.web.embedded.tomcat.TomcatWebServer - Tomcat started on port(s): 8081 (http) with context path ''
2026-01-14 23:53:23.327 [main] INFO  com.qczy.MyApplication - Started MyApplication in 23.414 seconds (JVM running for 23.876)
2026-01-14 23:53:28.220 [taskScheduler-3] INFO  c.q.federated.service.FederatedCoordinatorService - Marked 1 nodes as inactive
2026-01-14 23:53:33.233 [taskScheduler-1] INFO  c.q.federated.service.FederatedCoordinatorService - Marked 1 nodes as inactive
2026-01-14 23:53:36.711 [http-nio-8081-exec-3] INFO  o.a.c.core.ContainerBase.[Tomcat].[localhost].[/] - Initializing Spring DispatcherServlet 'dispatcherServlet'
2026-01-14 23:53:36.712 [http-nio-8081-exec-3] INFO  org.springframework.web.servlet.DispatcherServlet - Initializing Servlet 'dispatcherServlet'
2026-01-14 23:53:36.763 [http-nio-8081-exec-3] INFO  org.springframework.web.servlet.DispatcherServlet - Completed initialization in 39 ms
2026-01-14 23:53:37.279 [http-nio-8081-exec-8] INFO  com.qczy.filter.JwtAuthenticationTokenFilter - checking username:admin
2026-01-14 23:53:37.279 [http-nio-8081-exec-7] INFO  com.qczy.filter.JwtAuthenticationTokenFilter - checking username:admin
2026-01-14 23:53:37.425 [http-nio-8081-exec-7] INFO  com.qczy.filter.JwtAuthenticationTokenFilter - authenticated user:admin
2026-01-14 23:53:37.427 [http-nio-8081-exec-8] INFO  com.qczy.filter.JwtAuthenticationTokenFilter - authenticated user:admin
2026-01-14 23:53:38.138 [http-nio-8081-exec-1] INFO  com.qczy.filter.JwtAuthenticationTokenFilter - checking username:admin
2026-01-14 23:53:38.142 [http-nio-8081-exec-2] INFO  com.qczy.filter.JwtAuthenticationTokenFilter - checking username:admin
2026-01-14 23:53:38.158 [http-nio-8081-exec-2] INFO  com.qczy.filter.JwtAuthenticationTokenFilter - authenticated user:admin
2026-01-14 23:53:38.159 [http-nio-8081-exec-1] INFO  com.qczy.filter.JwtAuthenticationTokenFilter - authenticated user:admin
2026-01-14 23:53:38.272 [taskScheduler-2] INFO  c.q.federated.service.FederatedCoordinatorService - Marked 1 nodes as inactive
2026-01-14 23:53:39.013 [http-nio-8081-exec-6] INFO  com.qczy.filter.JwtAuthenticationTokenFilter - checking username:admin
2026-01-14 23:53:39.025 [http-nio-8081-exec-6] INFO  com.qczy.filter.JwtAuthenticationTokenFilter - authenticated user:admin
2026-01-14 23:53:39.048 [http-nio-8081-exec-6] INFO  com.qczy.controller.user.UserController - token->Bearer eyJhbGciOiJIUzUxMiJ9.eyJzdWIiOiJhZG1pbiIsImNyZWF0ZWQiOjE3NjgzODkwMTg2ODcsImV4cCI6MTc2ODk5MzgxOH0.iOgnYgx_fOkaaZuXzLNlFOxnkTo9gPZkNnJ2ma0UPZ5CP0oWUsf9B-X8VKeRELHhUJ_cHyp22xGfMfPtbvLjow
2026-01-14 23:53:39.121 [http-nio-8081-exec-10] INFO  com.qczy.filter.JwtAuthenticationTokenFilter - checking username:admin
2026-01-14 23:53:39.134 [http-nio-8081-exec-10] INFO  com.qczy.filter.JwtAuthenticationTokenFilter - authenticated user:admin
2026-01-14 23:53:39.137 [http-nio-8081-exec-10] INFO  com.qczy.controller.user.UserController - token->Bearer eyJhbGciOiJIUzUxMiJ9.eyJzdWIiOiJhZG1pbiIsImNyZWF0ZWQiOjE3NjgzODkwMTg2ODcsImV4cCI6MTc2ODk5MzgxOH0.iOgnYgx_fOkaaZuXzLNlFOxnkTo9gPZkNnJ2ma0UPZ5CP0oWUsf9B-X8VKeRELHhUJ_cHyp22xGfMfPtbvLjow
2026-01-14 23:53:39.156 [http-nio-8081-exec-10] INFO  com.qczy.controller.user.UserController - username->admin
2026-01-14 23:53:40.575 [http-nio-8081-exec-6] INFO  com.qczy.filter.JwtAuthenticationTokenFilter - checking username:admin
2026-01-14 23:53:40.575 [http-nio-8081-exec-7] INFO  com.qczy.filter.JwtAuthenticationTokenFilter - checking username:admin
2026-01-14 23:53:40.585 [http-nio-8081-exec-6] INFO  com.qczy.filter.JwtAuthenticationTokenFilter - authenticated user:admin
2026-01-14 23:53:40.587 [http-nio-8081-exec-7] INFO  com.qczy.filter.JwtAuthenticationTokenFilter - authenticated user:admin
2026-01-14 23:53:40.613 [http-nio-8081-exec-9] INFO  com.qczy.filter.JwtAuthenticationTokenFilter - checking username:admin
2026-01-14 23:53:40.624 [http-nio-8081-exec-9] INFO  com.qczy.filter.JwtAuthenticationTokenFilter - authenticated user:admin
2026-01-14 23:53:40.656 [http-nio-8081-exec-10] INFO  com.qczy.filter.JwtAuthenticationTokenFilter - checking username:admin
2026-01-14 23:53:40.667 [http-nio-8081-exec-10] INFO  com.qczy.filter.JwtAuthenticationTokenFilter - authenticated user:admin
2026-01-14 23:53:40.699 [http-nio-8081-exec-3] INFO  com.qczy.filter.JwtAuthenticationTokenFilter - checking username:admin
2026-01-14 23:53:40.711 [http-nio-8081-exec-3] INFO  com.qczy.filter.JwtAuthenticationTokenFilter - authenticated user:admin
2026-01-14 23:53:40.779 [http-nio-8081-exec-4] INFO  com.qczy.filter.JwtAuthenticationTokenFilter - checking username:admin
2026-01-14 23:53:40.801 [http-nio-8081-exec-4] INFO  com.qczy.filter.JwtAuthenticationTokenFilter - authenticated user:admin
2026-01-14 23:53:43.282 [taskScheduler-5] INFO  c.q.federated.service.FederatedCoordinatorService - Marked 1 nodes as inactive
2026-01-14 23:53:45.548 [http-nio-8081-exec-5] INFO  com.qczy.filter.JwtAuthenticationTokenFilter - checking username:admin
2026-01-14 23:53:45.548 [http-nio-8081-exec-5] INFO  com.qczy.filter.JwtAuthenticationTokenFilter - authenticated user:admin
2026-01-14 23:53:45.601 [http-nio-8081-exec-5] INFO  com.qczy.filter.JwtAuthenticationTokenFilter - checking username:admin
2026-01-14 23:53:45.610 [http-nio-8081-exec-5] INFO  com.qczy.filter.JwtAuthenticationTokenFilter - authenticated user:admin
2026-01-14 23:53:48.296 [taskScheduler-1] INFO  c.q.federated.service.FederatedCoordinatorService - Marked 1 nodes as inactive
2026-01-14 23:53:53.305 [taskScheduler-3] INFO  c.q.federated.service.FederatedCoordinatorService - Marked 1 nodes as inactive
2026-01-14 23:53:58.314 [taskScheduler-7] INFO  c.q.federated.service.FederatedCoordinatorService - Marked 1 nodes as inactive
2026-01-14 23:54:03.335 [taskScheduler-7] INFO  c.q.federated.service.FederatedCoordinatorService - Marked 1 nodes as inactive
2026-01-14 23:54:08.341 [taskScheduler-7] INFO  c.q.federated.service.FederatedCoordinatorService - Marked 1 nodes as inactive
2026-01-14 23:54:13.358 [taskScheduler-7] INFO  c.q.federated.service.FederatedCoordinatorService - Marked 1 nodes as inactive
2026-01-14 23:54:18.365 [taskScheduler-7] INFO  c.q.federated.service.FederatedCoordinatorService - Marked 1 nodes as inactive
2026-01-14 23:54:23.382 [taskScheduler-7] INFO  c.q.federated.service.FederatedCoordinatorService - Marked 1 nodes as inactive
2026-01-14 23:54:28.396 [taskScheduler-7] INFO  c.q.federated.service.FederatedCoordinatorService - Marked 1 nodes as inactive
2026-01-14 23:54:33.414 [taskScheduler-7] INFO  c.q.federated.service.FederatedCoordinatorService - Marked 1 nodes as inactive
2026-01-14 23:54:38.431 [taskScheduler-7] INFO  c.q.federated.service.FederatedCoordinatorService - Marked 1 nodes as inactive
2026-01-14 23:54:43.449 [taskScheduler-7] INFO  c.q.federated.service.FederatedCoordinatorService - Marked 1 nodes as inactive
2026-01-14 23:54:48.468 [taskScheduler-7] INFO  c.q.federated.service.FederatedCoordinatorService - Marked 1 nodes as inactive
2026-01-14 23:54:53.481 [taskScheduler-7] INFO  c.q.federated.service.FederatedCoordinatorService - Marked 1 nodes as inactive
2026-01-14 23:54:58.498 [taskScheduler-7] INFO  c.q.federated.service.FederatedCoordinatorService - Marked 1 nodes as inactive
2026-01-14 23:55:03.516 [taskScheduler-7] INFO  c.q.federated.service.FederatedCoordinatorService - Marked 1 nodes as inactive
2026-01-14 23:55:08.534 [taskScheduler-7] INFO  c.q.federated.service.FederatedCoordinatorService - Marked 1 nodes as inactive
2026-01-14 23:55:13.547 [taskScheduler-7] INFO  c.q.federated.service.FederatedCoordinatorService - Marked 1 nodes as inactive
2026-01-14 23:55:18.557 [taskScheduler-7] INFO  c.q.federated.service.FederatedCoordinatorService - Marked 1 nodes as inactive
2026-01-14 23:55:23.573 [taskScheduler-7] INFO  c.q.federated.service.FederatedCoordinatorService - Marked 1 nodes as inactive
2026-01-14 23:55:28.580 [taskScheduler-7] INFO  c.q.federated.service.FederatedCoordinatorService - Marked 1 nodes as inactive
2026-01-14 23:55:33.590 [taskScheduler-7] INFO  c.q.federated.service.FederatedCoordinatorService - Marked 1 nodes as inactive
2026-01-14 23:55:38.600 [taskScheduler-7] INFO  c.q.federated.service.FederatedCoordinatorService - Marked 1 nodes as inactive
2026-01-14 23:55:43.614 [taskScheduler-7] INFO  c.q.federated.service.FederatedCoordinatorService - Marked 1 nodes as inactive
2026-01-14 23:55:48.626 [taskScheduler-7] INFO  c.q.federated.service.FederatedCoordinatorService - Marked 1 nodes as inactive
2026-01-14 23:55:53.648 [taskScheduler-7] INFO  c.q.federated.service.FederatedCoordinatorService - Marked 1 nodes as inactive
2026-01-14 23:55:58.679 [taskScheduler-7] INFO  c.q.federated.service.FederatedCoordinatorService - Marked 1 nodes as inactive
2026-01-14 23:56:03.696 [taskScheduler-7] INFO  c.q.federated.service.FederatedCoordinatorService - Marked 1 nodes as inactive
2026-01-14 23:56:08.711 [taskScheduler-7] INFO  c.q.federated.service.FederatedCoordinatorService - Marked 1 nodes as inactive
2026-01-14 23:56:13.719 [taskScheduler-7] INFO  c.q.federated.service.FederatedCoordinatorService - Marked 1 nodes as inactive
2026-01-14 23:56:18.732 [taskScheduler-7] INFO  c.q.federated.service.FederatedCoordinatorService - Marked 1 nodes as inactive
2026-01-14 23:56:23.764 [taskScheduler-7] INFO  c.q.federated.service.FederatedCoordinatorService - Marked 1 nodes as inactive
2026-01-14 23:56:28.781 [taskScheduler-7] INFO  c.q.federated.service.FederatedCoordinatorService - Marked 1 nodes as inactive
2026-01-14 23:56:33.797 [taskScheduler-7] INFO  c.q.federated.service.FederatedCoordinatorService - Marked 1 nodes as inactive
2026-01-14 23:56:38.812 [taskScheduler-7] INFO  c.q.federated.service.FederatedCoordinatorService - Marked 1 nodes as inactive
2026-01-14 23:56:43.823 [taskScheduler-7] INFO  c.q.federated.service.FederatedCoordinatorService - Marked 1 nodes as inactive
2026-01-14 23:56:48.842 [taskScheduler-7] INFO  c.q.federated.service.FederatedCoordinatorService - Marked 1 nodes as inactive
2026-01-14 23:56:53.849 [taskScheduler-7] INFO  c.q.federated.service.FederatedCoordinatorService - Marked 1 nodes as inactive
